--
-- PostgreSQL database dump
--

\restrict edNnZqm7AeTpaeMoJozAch2VENIDog5EjJnWWNBFPYcRLsMhRRAsjwmYS6ClMWF

-- Dumped from database version 14.20 (Homebrew)
-- Dumped by pg_dump version 14.20 (Homebrew)

SET statement_timeout = 0;
SET lock_timeout = 0;
SET idle_in_transaction_session_timeout = 0;
SET client_encoding = 'UTF8';
SET standard_conforming_strings = on;
SELECT pg_catalog.set_config('search_path', '', false);
SET check_function_bodies = false;
SET xmloption = content;
SET client_min_messages = warning;
SET row_security = off;

SET default_tablespace = '';

SET default_table_access_method = heap;

--
-- Name: admin_permissions; Type: TABLE; Schema: public; Owner: autotuanlinh_user
--

CREATE TABLE public.admin_permissions (
    id integer NOT NULL,
    document_id character varying(255),
    action character varying(255),
    action_parameters jsonb,
    subject character varying(255),
    properties jsonb,
    conditions jsonb,
    created_at timestamp(6) without time zone,
    updated_at timestamp(6) without time zone,
    published_at timestamp(6) without time zone,
    created_by_id integer,
    updated_by_id integer,
    locale character varying(255)
);


ALTER TABLE public.admin_permissions OWNER TO autotuanlinh_user;

--
-- Name: admin_permissions_id_seq; Type: SEQUENCE; Schema: public; Owner: autotuanlinh_user
--

CREATE SEQUENCE public.admin_permissions_id_seq
    AS integer
    START WITH 1
    INCREMENT BY 1
    NO MINVALUE
    NO MAXVALUE
    CACHE 1;


ALTER TABLE public.admin_permissions_id_seq OWNER TO autotuanlinh_user;

--
-- Name: admin_permissions_id_seq; Type: SEQUENCE OWNED BY; Schema: public; Owner: autotuanlinh_user
--

ALTER SEQUENCE public.admin_permissions_id_seq OWNED BY public.admin_permissions.id;


--
-- Name: admin_permissions_role_lnk; Type: TABLE; Schema: public; Owner: autotuanlinh_user
--

CREATE TABLE public.admin_permissions_role_lnk (
    id integer NOT NULL,
    permission_id integer,
    role_id integer,
    permission_ord double precision
);


ALTER TABLE public.admin_permissions_role_lnk OWNER TO autotuanlinh_user;

--
-- Name: admin_permissions_role_lnk_id_seq; Type: SEQUENCE; Schema: public; Owner: autotuanlinh_user
--

CREATE SEQUENCE public.admin_permissions_role_lnk_id_seq
    AS integer
    START WITH 1
    INCREMENT BY 1
    NO MINVALUE
    NO MAXVALUE
    CACHE 1;


ALTER TABLE public.admin_permissions_role_lnk_id_seq OWNER TO autotuanlinh_user;

--
-- Name: admin_permissions_role_lnk_id_seq; Type: SEQUENCE OWNED BY; Schema: public; Owner: autotuanlinh_user
--

ALTER SEQUENCE public.admin_permissions_role_lnk_id_seq OWNED BY public.admin_permissions_role_lnk.id;


--
-- Name: admin_roles; Type: TABLE; Schema: public; Owner: autotuanlinh_user
--

CREATE TABLE public.admin_roles (
    id integer NOT NULL,
    document_id character varying(255),
    name character varying(255),
    code character varying(255),
    description character varying(255),
    created_at timestamp(6) without time zone,
    updated_at timestamp(6) without time zone,
    published_at timestamp(6) without time zone,
    created_by_id integer,
    updated_by_id integer,
    locale character varying(255)
);


ALTER TABLE public.admin_roles OWNER TO autotuanlinh_user;

--
-- Name: admin_roles_id_seq; Type: SEQUENCE; Schema: public; Owner: autotuanlinh_user
--

CREATE SEQUENCE public.admin_roles_id_seq
    AS integer
    START WITH 1
    INCREMENT BY 1
    NO MINVALUE
    NO MAXVALUE
    CACHE 1;


ALTER TABLE public.admin_roles_id_seq OWNER TO autotuanlinh_user;

--
-- Name: admin_roles_id_seq; Type: SEQUENCE OWNED BY; Schema: public; Owner: autotuanlinh_user
--

ALTER SEQUENCE public.admin_roles_id_seq OWNED BY public.admin_roles.id;


--
-- Name: admin_users; Type: TABLE; Schema: public; Owner: autotuanlinh_user
--

CREATE TABLE public.admin_users (
    id integer NOT NULL,
    document_id character varying(255),
    firstname character varying(255),
    lastname character varying(255),
    username character varying(255),
    email character varying(255),
    password character varying(255),
    reset_password_token character varying(255),
    registration_token character varying(255),
    is_active boolean,
    blocked boolean,
    prefered_language character varying(255),
    created_at timestamp(6) without time zone,
    updated_at timestamp(6) without time zone,
    published_at timestamp(6) without time zone,
    created_by_id integer,
    updated_by_id integer,
    locale character varying(255)
);


ALTER TABLE public.admin_users OWNER TO autotuanlinh_user;

--
-- Name: admin_users_id_seq; Type: SEQUENCE; Schema: public; Owner: autotuanlinh_user
--

CREATE SEQUENCE public.admin_users_id_seq
    AS integer
    START WITH 1
    INCREMENT BY 1
    NO MINVALUE
    NO MAXVALUE
    CACHE 1;


ALTER TABLE public.admin_users_id_seq OWNER TO autotuanlinh_user;

--
-- Name: admin_users_id_seq; Type: SEQUENCE OWNED BY; Schema: public; Owner: autotuanlinh_user
--

ALTER SEQUENCE public.admin_users_id_seq OWNED BY public.admin_users.id;


--
-- Name: admin_users_roles_lnk; Type: TABLE; Schema: public; Owner: autotuanlinh_user
--

CREATE TABLE public.admin_users_roles_lnk (
    id integer NOT NULL,
    user_id integer,
    role_id integer,
    role_ord double precision,
    user_ord double precision
);


ALTER TABLE public.admin_users_roles_lnk OWNER TO autotuanlinh_user;

--
-- Name: admin_users_roles_lnk_id_seq; Type: SEQUENCE; Schema: public; Owner: autotuanlinh_user
--

CREATE SEQUENCE public.admin_users_roles_lnk_id_seq
    AS integer
    START WITH 1
    INCREMENT BY 1
    NO MINVALUE
    NO MAXVALUE
    CACHE 1;


ALTER TABLE public.admin_users_roles_lnk_id_seq OWNER TO autotuanlinh_user;

--
-- Name: admin_users_roles_lnk_id_seq; Type: SEQUENCE OWNED BY; Schema: public; Owner: autotuanlinh_user
--

ALTER SEQUENCE public.admin_users_roles_lnk_id_seq OWNED BY public.admin_users_roles_lnk.id;


--
-- Name: blogs; Type: TABLE; Schema: public; Owner: autotuanlinh_user
--

CREATE TABLE public.blogs (
    id integer NOT NULL,
    document_id character varying(255),
    hashtag text,
    title character varying(255),
    slug character varying(255),
    mo_ta_ngan text,
    noi_dung text,
    created_at timestamp(6) without time zone,
    updated_at timestamp(6) without time zone,
    published_at timestamp(6) without time zone,
    created_by_id integer,
    updated_by_id integer,
    locale character varying(255)
);


ALTER TABLE public.blogs OWNER TO autotuanlinh_user;

--
-- Name: blogs_cmps; Type: TABLE; Schema: public; Owner: autotuanlinh_user
--

CREATE TABLE public.blogs_cmps (
    id integer NOT NULL,
    entity_id integer,
    cmp_id integer,
    component_type character varying(255),
    field character varying(255),
    "order" double precision
);


ALTER TABLE public.blogs_cmps OWNER TO autotuanlinh_user;

--
-- Name: blogs_cmps_id_seq; Type: SEQUENCE; Schema: public; Owner: autotuanlinh_user
--

CREATE SEQUENCE public.blogs_cmps_id_seq
    AS integer
    START WITH 1
    INCREMENT BY 1
    NO MINVALUE
    NO MAXVALUE
    CACHE 1;


ALTER TABLE public.blogs_cmps_id_seq OWNER TO autotuanlinh_user;

--
-- Name: blogs_cmps_id_seq; Type: SEQUENCE OWNED BY; Schema: public; Owner: autotuanlinh_user
--

ALTER SEQUENCE public.blogs_cmps_id_seq OWNED BY public.blogs_cmps.id;


--
-- Name: blogs_id_seq; Type: SEQUENCE; Schema: public; Owner: autotuanlinh_user
--

CREATE SEQUENCE public.blogs_id_seq
    AS integer
    START WITH 1
    INCREMENT BY 1
    NO MINVALUE
    NO MAXVALUE
    CACHE 1;


ALTER TABLE public.blogs_id_seq OWNER TO autotuanlinh_user;

--
-- Name: blogs_id_seq; Type: SEQUENCE OWNED BY; Schema: public; Owner: autotuanlinh_user
--

ALTER SEQUENCE public.blogs_id_seq OWNED BY public.blogs.id;


--
-- Name: blogs_topic_blog_lnk; Type: TABLE; Schema: public; Owner: autotuanlinh_user
--

CREATE TABLE public.blogs_topic_blog_lnk (
    id integer NOT NULL,
    blog_id integer,
    topic_blog_id integer
);


ALTER TABLE public.blogs_topic_blog_lnk OWNER TO autotuanlinh_user;

--
-- Name: blogs_topic_blog_lnk_id_seq; Type: SEQUENCE; Schema: public; Owner: autotuanlinh_user
--

CREATE SEQUENCE public.blogs_topic_blog_lnk_id_seq
    AS integer
    START WITH 1
    INCREMENT BY 1
    NO MINVALUE
    NO MAXVALUE
    CACHE 1;


ALTER TABLE public.blogs_topic_blog_lnk_id_seq OWNER TO autotuanlinh_user;

--
-- Name: blogs_topic_blog_lnk_id_seq; Type: SEQUENCE OWNED BY; Schema: public; Owner: autotuanlinh_user
--

ALTER SEQUENCE public.blogs_topic_blog_lnk_id_seq OWNED BY public.blogs_topic_blog_lnk.id;


--
-- Name: components_about_before_after_sections; Type: TABLE; Schema: public; Owner: autotuanlinh_user
--

CREATE TABLE public.components_about_before_after_sections (
    id integer NOT NULL,
    badge character varying(255),
    title character varying(255),
    title_highlight character varying(255),
    subtitle text
);


ALTER TABLE public.components_about_before_after_sections OWNER TO autotuanlinh_user;

--
-- Name: components_about_before_after_sections_cmps; Type: TABLE; Schema: public; Owner: autotuanlinh_user
--

CREATE TABLE public.components_about_before_after_sections_cmps (
    id integer NOT NULL,
    entity_id integer,
    cmp_id integer,
    component_type character varying(255),
    field character varying(255),
    "order" double precision
);


ALTER TABLE public.components_about_before_after_sections_cmps OWNER TO autotuanlinh_user;

--
-- Name: components_about_before_after_sections_cmps_id_seq; Type: SEQUENCE; Schema: public; Owner: autotuanlinh_user
--

CREATE SEQUENCE public.components_about_before_after_sections_cmps_id_seq
    AS integer
    START WITH 1
    INCREMENT BY 1
    NO MINVALUE
    NO MAXVALUE
    CACHE 1;


ALTER TABLE public.components_about_before_after_sections_cmps_id_seq OWNER TO autotuanlinh_user;

--
-- Name: components_about_before_after_sections_cmps_id_seq; Type: SEQUENCE OWNED BY; Schema: public; Owner: autotuanlinh_user
--

ALTER SEQUENCE public.components_about_before_after_sections_cmps_id_seq OWNED BY public.components_about_before_after_sections_cmps.id;


--
-- Name: components_about_before_after_sections_id_seq; Type: SEQUENCE; Schema: public; Owner: autotuanlinh_user
--

CREATE SEQUENCE public.components_about_before_after_sections_id_seq
    AS integer
    START WITH 1
    INCREMENT BY 1
    NO MINVALUE
    NO MAXVALUE
    CACHE 1;


ALTER TABLE public.components_about_before_after_sections_id_seq OWNER TO autotuanlinh_user;

--
-- Name: components_about_before_after_sections_id_seq; Type: SEQUENCE OWNED BY; Schema: public; Owner: autotuanlinh_user
--

ALTER SEQUENCE public.components_about_before_after_sections_id_seq OWNED BY public.components_about_before_after_sections.id;


--
-- Name: components_about_buttons; Type: TABLE; Schema: public; Owner: autotuanlinh_user
--

CREATE TABLE public.components_about_buttons (
    id integer NOT NULL,
    text character varying(255),
    url character varying(255),
    icon character varying(255)
);


ALTER TABLE public.components_about_buttons OWNER TO autotuanlinh_user;

--
-- Name: components_about_buttons_id_seq; Type: SEQUENCE; Schema: public; Owner: autotuanlinh_user
--

CREATE SEQUENCE public.components_about_buttons_id_seq
    AS integer
    START WITH 1
    INCREMENT BY 1
    NO MINVALUE
    NO MAXVALUE
    CACHE 1;


ALTER TABLE public.components_about_buttons_id_seq OWNER TO autotuanlinh_user;

--
-- Name: components_about_buttons_id_seq; Type: SEQUENCE OWNED BY; Schema: public; Owner: autotuanlinh_user
--

ALTER SEQUENCE public.components_about_buttons_id_seq OWNED BY public.components_about_buttons.id;


--
-- Name: components_about_certification_cards; Type: TABLE; Schema: public; Owner: autotuanlinh_user
--

CREATE TABLE public.components_about_certification_cards (
    id integer NOT NULL,
    title character varying(255),
    subtitle text
);


ALTER TABLE public.components_about_certification_cards OWNER TO autotuanlinh_user;

--
-- Name: components_about_certification_cards_id_seq; Type: SEQUENCE; Schema: public; Owner: autotuanlinh_user
--

CREATE SEQUENCE public.components_about_certification_cards_id_seq
    AS integer
    START WITH 1
    INCREMENT BY 1
    NO MINVALUE
    NO MAXVALUE
    CACHE 1;


ALTER TABLE public.components_about_certification_cards_id_seq OWNER TO autotuanlinh_user;

--
-- Name: components_about_certification_cards_id_seq; Type: SEQUENCE OWNED BY; Schema: public; Owner: autotuanlinh_user
--

ALTER SEQUENCE public.components_about_certification_cards_id_seq OWNED BY public.components_about_certification_cards.id;


--
-- Name: components_about_certifications_sections; Type: TABLE; Schema: public; Owner: autotuanlinh_user
--

CREATE TABLE public.components_about_certifications_sections (
    id integer NOT NULL,
    badge character varying(255),
    title character varying(255),
    title_highlight character varying(255),
    subtitle text
);


ALTER TABLE public.components_about_certifications_sections OWNER TO autotuanlinh_user;

--
-- Name: components_about_certifications_sections_cmps; Type: TABLE; Schema: public; Owner: autotuanlinh_user
--

CREATE TABLE public.components_about_certifications_sections_cmps (
    id integer NOT NULL,
    entity_id integer,
    cmp_id integer,
    component_type character varying(255),
    field character varying(255),
    "order" double precision
);


ALTER TABLE public.components_about_certifications_sections_cmps OWNER TO autotuanlinh_user;

--
-- Name: components_about_certifications_sections_cmps_id_seq; Type: SEQUENCE; Schema: public; Owner: autotuanlinh_user
--

CREATE SEQUENCE public.components_about_certifications_sections_cmps_id_seq
    AS integer
    START WITH 1
    INCREMENT BY 1
    NO MINVALUE
    NO MAXVALUE
    CACHE 1;


ALTER TABLE public.components_about_certifications_sections_cmps_id_seq OWNER TO autotuanlinh_user;

--
-- Name: components_about_certifications_sections_cmps_id_seq; Type: SEQUENCE OWNED BY; Schema: public; Owner: autotuanlinh_user
--

ALTER SEQUENCE public.components_about_certifications_sections_cmps_id_seq OWNED BY public.components_about_certifications_sections_cmps.id;


--
-- Name: components_about_certifications_sections_id_seq; Type: SEQUENCE; Schema: public; Owner: autotuanlinh_user
--

CREATE SEQUENCE public.components_about_certifications_sections_id_seq
    AS integer
    START WITH 1
    INCREMENT BY 1
    NO MINVALUE
    NO MAXVALUE
    CACHE 1;


ALTER TABLE public.components_about_certifications_sections_id_seq OWNER TO autotuanlinh_user;

--
-- Name: components_about_certifications_sections_id_seq; Type: SEQUENCE OWNED BY; Schema: public; Owner: autotuanlinh_user
--

ALTER SEQUENCE public.components_about_certifications_sections_id_seq OWNED BY public.components_about_certifications_sections.id;


--
-- Name: components_about_commitment_cards; Type: TABLE; Schema: public; Owner: autotuanlinh_user
--

CREATE TABLE public.components_about_commitment_cards (
    id integer NOT NULL,
    title character varying(255),
    description text
);


ALTER TABLE public.components_about_commitment_cards OWNER TO autotuanlinh_user;

--
-- Name: components_about_commitment_cards_id_seq; Type: SEQUENCE; Schema: public; Owner: autotuanlinh_user
--

CREATE SEQUENCE public.components_about_commitment_cards_id_seq
    AS integer
    START WITH 1
    INCREMENT BY 1
    NO MINVALUE
    NO MAXVALUE
    CACHE 1;


ALTER TABLE public.components_about_commitment_cards_id_seq OWNER TO autotuanlinh_user;

--
-- Name: components_about_commitment_cards_id_seq; Type: SEQUENCE OWNED BY; Schema: public; Owner: autotuanlinh_user
--

ALTER SEQUENCE public.components_about_commitment_cards_id_seq OWNED BY public.components_about_commitment_cards.id;


--
-- Name: components_about_commitments_sections; Type: TABLE; Schema: public; Owner: autotuanlinh_user
--

CREATE TABLE public.components_about_commitments_sections (
    id integer NOT NULL,
    badge character varying(255),
    title character varying(255),
    title_highlight character varying(255),
    subtitle text
);


ALTER TABLE public.components_about_commitments_sections OWNER TO autotuanlinh_user;

--
-- Name: components_about_commitments_sections_cmps; Type: TABLE; Schema: public; Owner: autotuanlinh_user
--

CREATE TABLE public.components_about_commitments_sections_cmps (
    id integer NOT NULL,
    entity_id integer,
    cmp_id integer,
    component_type character varying(255),
    field character varying(255),
    "order" double precision
);


ALTER TABLE public.components_about_commitments_sections_cmps OWNER TO autotuanlinh_user;

--
-- Name: components_about_commitments_sections_cmps_id_seq; Type: SEQUENCE; Schema: public; Owner: autotuanlinh_user
--

CREATE SEQUENCE public.components_about_commitments_sections_cmps_id_seq
    AS integer
    START WITH 1
    INCREMENT BY 1
    NO MINVALUE
    NO MAXVALUE
    CACHE 1;


ALTER TABLE public.components_about_commitments_sections_cmps_id_seq OWNER TO autotuanlinh_user;

--
-- Name: components_about_commitments_sections_cmps_id_seq; Type: SEQUENCE OWNED BY; Schema: public; Owner: autotuanlinh_user
--

ALTER SEQUENCE public.components_about_commitments_sections_cmps_id_seq OWNED BY public.components_about_commitments_sections_cmps.id;


--
-- Name: components_about_commitments_sections_id_seq; Type: SEQUENCE; Schema: public; Owner: autotuanlinh_user
--

CREATE SEQUENCE public.components_about_commitments_sections_id_seq
    AS integer
    START WITH 1
    INCREMENT BY 1
    NO MINVALUE
    NO MAXVALUE
    CACHE 1;


ALTER TABLE public.components_about_commitments_sections_id_seq OWNER TO autotuanlinh_user;

--
-- Name: components_about_commitments_sections_id_seq; Type: SEQUENCE OWNED BY; Schema: public; Owner: autotuanlinh_user
--

ALTER SEQUENCE public.components_about_commitments_sections_id_seq OWNED BY public.components_about_commitments_sections.id;


--
-- Name: components_about_core_values_sections; Type: TABLE; Schema: public; Owner: autotuanlinh_user
--

CREATE TABLE public.components_about_core_values_sections (
    id integer NOT NULL,
    badge character varying(255),
    title character varying(255),
    title_highlight character varying(255),
    subtitle text
);


ALTER TABLE public.components_about_core_values_sections OWNER TO autotuanlinh_user;

--
-- Name: components_about_core_values_sections_cmps; Type: TABLE; Schema: public; Owner: autotuanlinh_user
--

CREATE TABLE public.components_about_core_values_sections_cmps (
    id integer NOT NULL,
    entity_id integer,
    cmp_id integer,
    component_type character varying(255),
    field character varying(255),
    "order" double precision
);


ALTER TABLE public.components_about_core_values_sections_cmps OWNER TO autotuanlinh_user;

--
-- Name: components_about_core_values_sections_cmps_id_seq; Type: SEQUENCE; Schema: public; Owner: autotuanlinh_user
--

CREATE SEQUENCE public.components_about_core_values_sections_cmps_id_seq
    AS integer
    START WITH 1
    INCREMENT BY 1
    NO MINVALUE
    NO MAXVALUE
    CACHE 1;


ALTER TABLE public.components_about_core_values_sections_cmps_id_seq OWNER TO autotuanlinh_user;

--
-- Name: components_about_core_values_sections_cmps_id_seq; Type: SEQUENCE OWNED BY; Schema: public; Owner: autotuanlinh_user
--

ALTER SEQUENCE public.components_about_core_values_sections_cmps_id_seq OWNED BY public.components_about_core_values_sections_cmps.id;


--
-- Name: components_about_core_values_sections_id_seq; Type: SEQUENCE; Schema: public; Owner: autotuanlinh_user
--

CREATE SEQUENCE public.components_about_core_values_sections_id_seq
    AS integer
    START WITH 1
    INCREMENT BY 1
    NO MINVALUE
    NO MAXVALUE
    CACHE 1;


ALTER TABLE public.components_about_core_values_sections_id_seq OWNER TO autotuanlinh_user;

--
-- Name: components_about_core_values_sections_id_seq; Type: SEQUENCE OWNED BY; Schema: public; Owner: autotuanlinh_user
--

ALTER SEQUENCE public.components_about_core_values_sections_id_seq OWNED BY public.components_about_core_values_sections.id;


--
-- Name: components_about_cta_sections; Type: TABLE; Schema: public; Owner: autotuanlinh_user
--

CREATE TABLE public.components_about_cta_sections (
    id integer NOT NULL,
    badge character varying(255),
    title character varying(255),
    title_highlight character varying(255),
    description text
);


ALTER TABLE public.components_about_cta_sections OWNER TO autotuanlinh_user;

--
-- Name: components_about_cta_sections_cmps; Type: TABLE; Schema: public; Owner: autotuanlinh_user
--

CREATE TABLE public.components_about_cta_sections_cmps (
    id integer NOT NULL,
    entity_id integer,
    cmp_id integer,
    component_type character varying(255),
    field character varying(255),
    "order" double precision
);


ALTER TABLE public.components_about_cta_sections_cmps OWNER TO autotuanlinh_user;

--
-- Name: components_about_cta_sections_cmps_id_seq; Type: SEQUENCE; Schema: public; Owner: autotuanlinh_user
--

CREATE SEQUENCE public.components_about_cta_sections_cmps_id_seq
    AS integer
    START WITH 1
    INCREMENT BY 1
    NO MINVALUE
    NO MAXVALUE
    CACHE 1;


ALTER TABLE public.components_about_cta_sections_cmps_id_seq OWNER TO autotuanlinh_user;

--
-- Name: components_about_cta_sections_cmps_id_seq; Type: SEQUENCE OWNED BY; Schema: public; Owner: autotuanlinh_user
--

ALTER SEQUENCE public.components_about_cta_sections_cmps_id_seq OWNED BY public.components_about_cta_sections_cmps.id;


--
-- Name: components_about_cta_sections_id_seq; Type: SEQUENCE; Schema: public; Owner: autotuanlinh_user
--

CREATE SEQUENCE public.components_about_cta_sections_id_seq
    AS integer
    START WITH 1
    INCREMENT BY 1
    NO MINVALUE
    NO MAXVALUE
    CACHE 1;


ALTER TABLE public.components_about_cta_sections_id_seq OWNER TO autotuanlinh_user;

--
-- Name: components_about_cta_sections_id_seq; Type: SEQUENCE OWNED BY; Schema: public; Owner: autotuanlinh_user
--

ALTER SEQUENCE public.components_about_cta_sections_id_seq OWNED BY public.components_about_cta_sections.id;


--
-- Name: components_about_history_timeline_sections; Type: TABLE; Schema: public; Owner: autotuanlinh_user
--

CREATE TABLE public.components_about_history_timeline_sections (
    id integer NOT NULL,
    badge character varying(255),
    title character varying(255),
    title_highlight character varying(255),
    subtitle text
);


ALTER TABLE public.components_about_history_timeline_sections OWNER TO autotuanlinh_user;

--
-- Name: components_about_history_timeline_sections_cmps; Type: TABLE; Schema: public; Owner: autotuanlinh_user
--

CREATE TABLE public.components_about_history_timeline_sections_cmps (
    id integer NOT NULL,
    entity_id integer,
    cmp_id integer,
    component_type character varying(255),
    field character varying(255),
    "order" double precision
);


ALTER TABLE public.components_about_history_timeline_sections_cmps OWNER TO autotuanlinh_user;

--
-- Name: components_about_history_timeline_sections_cmps_id_seq; Type: SEQUENCE; Schema: public; Owner: autotuanlinh_user
--

CREATE SEQUENCE public.components_about_history_timeline_sections_cmps_id_seq
    AS integer
    START WITH 1
    INCREMENT BY 1
    NO MINVALUE
    NO MAXVALUE
    CACHE 1;


ALTER TABLE public.components_about_history_timeline_sections_cmps_id_seq OWNER TO autotuanlinh_user;

--
-- Name: components_about_history_timeline_sections_cmps_id_seq; Type: SEQUENCE OWNED BY; Schema: public; Owner: autotuanlinh_user
--

ALTER SEQUENCE public.components_about_history_timeline_sections_cmps_id_seq OWNED BY public.components_about_history_timeline_sections_cmps.id;


--
-- Name: components_about_history_timeline_sections_id_seq; Type: SEQUENCE; Schema: public; Owner: autotuanlinh_user
--

CREATE SEQUENCE public.components_about_history_timeline_sections_id_seq
    AS integer
    START WITH 1
    INCREMENT BY 1
    NO MINVALUE
    NO MAXVALUE
    CACHE 1;


ALTER TABLE public.components_about_history_timeline_sections_id_seq OWNER TO autotuanlinh_user;

--
-- Name: components_about_history_timeline_sections_id_seq; Type: SEQUENCE OWNED BY; Schema: public; Owner: autotuanlinh_user
--

ALTER SEQUENCE public.components_about_history_timeline_sections_id_seq OWNED BY public.components_about_history_timeline_sections.id;


--
-- Name: components_about_image_overlays; Type: TABLE; Schema: public; Owner: autotuanlinh_user
--

CREATE TABLE public.components_about_image_overlays (
    id integer NOT NULL,
    title character varying(255),
    subtitle text
);


ALTER TABLE public.components_about_image_overlays OWNER TO autotuanlinh_user;

--
-- Name: components_about_image_overlays_id_seq; Type: SEQUENCE; Schema: public; Owner: autotuanlinh_user
--

CREATE SEQUENCE public.components_about_image_overlays_id_seq
    AS integer
    START WITH 1
    INCREMENT BY 1
    NO MINVALUE
    NO MAXVALUE
    CACHE 1;


ALTER TABLE public.components_about_image_overlays_id_seq OWNER TO autotuanlinh_user;

--
-- Name: components_about_image_overlays_id_seq; Type: SEQUENCE OWNED BY; Schema: public; Owner: autotuanlinh_user
--

ALTER SEQUENCE public.components_about_image_overlays_id_seq OWNED BY public.components_about_image_overlays.id;


--
-- Name: components_about_introduction_sections; Type: TABLE; Schema: public; Owner: autotuanlinh_user
--

CREATE TABLE public.components_about_introduction_sections (
    id integer NOT NULL,
    badge character varying(255),
    title character varying(255),
    title_highlight character varying(255),
    paragraphs text
);


ALTER TABLE public.components_about_introduction_sections OWNER TO autotuanlinh_user;

--
-- Name: components_about_introduction_sections_cmps; Type: TABLE; Schema: public; Owner: autotuanlinh_user
--

CREATE TABLE public.components_about_introduction_sections_cmps (
    id integer NOT NULL,
    entity_id integer,
    cmp_id integer,
    component_type character varying(255),
    field character varying(255),
    "order" double precision
);


ALTER TABLE public.components_about_introduction_sections_cmps OWNER TO autotuanlinh_user;

--
-- Name: components_about_introduction_sections_cmps_id_seq; Type: SEQUENCE; Schema: public; Owner: autotuanlinh_user
--

CREATE SEQUENCE public.components_about_introduction_sections_cmps_id_seq
    AS integer
    START WITH 1
    INCREMENT BY 1
    NO MINVALUE
    NO MAXVALUE
    CACHE 1;


ALTER TABLE public.components_about_introduction_sections_cmps_id_seq OWNER TO autotuanlinh_user;

--
-- Name: components_about_introduction_sections_cmps_id_seq; Type: SEQUENCE OWNED BY; Schema: public; Owner: autotuanlinh_user
--

ALTER SEQUENCE public.components_about_introduction_sections_cmps_id_seq OWNED BY public.components_about_introduction_sections_cmps.id;


--
-- Name: components_about_introduction_sections_id_seq; Type: SEQUENCE; Schema: public; Owner: autotuanlinh_user
--

CREATE SEQUENCE public.components_about_introduction_sections_id_seq
    AS integer
    START WITH 1
    INCREMENT BY 1
    NO MINVALUE
    NO MAXVALUE
    CACHE 1;


ALTER TABLE public.components_about_introduction_sections_id_seq OWNER TO autotuanlinh_user;

--
-- Name: components_about_introduction_sections_id_seq; Type: SEQUENCE OWNED BY; Schema: public; Owner: autotuanlinh_user
--

ALTER SEQUENCE public.components_about_introduction_sections_id_seq OWNED BY public.components_about_introduction_sections.id;


--
-- Name: components_about_project_cards; Type: TABLE; Schema: public; Owner: autotuanlinh_user
--

CREATE TABLE public.components_about_project_cards (
    id integer NOT NULL,
    title character varying(255),
    description text
);


ALTER TABLE public.components_about_project_cards OWNER TO autotuanlinh_user;

--
-- Name: components_about_project_cards_id_seq; Type: SEQUENCE; Schema: public; Owner: autotuanlinh_user
--

CREATE SEQUENCE public.components_about_project_cards_id_seq
    AS integer
    START WITH 1
    INCREMENT BY 1
    NO MINVALUE
    NO MAXVALUE
    CACHE 1;


ALTER TABLE public.components_about_project_cards_id_seq OWNER TO autotuanlinh_user;

--
-- Name: components_about_project_cards_id_seq; Type: SEQUENCE OWNED BY; Schema: public; Owner: autotuanlinh_user
--

ALTER SEQUENCE public.components_about_project_cards_id_seq OWNED BY public.components_about_project_cards.id;


--
-- Name: components_about_showroom_cards; Type: TABLE; Schema: public; Owner: autotuanlinh_user
--

CREATE TABLE public.components_about_showroom_cards (
    id integer NOT NULL,
    title character varying(255),
    subtitle text
);


ALTER TABLE public.components_about_showroom_cards OWNER TO autotuanlinh_user;

--
-- Name: components_about_showroom_cards_id_seq; Type: SEQUENCE; Schema: public; Owner: autotuanlinh_user
--

CREATE SEQUENCE public.components_about_showroom_cards_id_seq
    AS integer
    START WITH 1
    INCREMENT BY 1
    NO MINVALUE
    NO MAXVALUE
    CACHE 1;


ALTER TABLE public.components_about_showroom_cards_id_seq OWNER TO autotuanlinh_user;

--
-- Name: components_about_showroom_cards_id_seq; Type: SEQUENCE OWNED BY; Schema: public; Owner: autotuanlinh_user
--

ALTER SEQUENCE public.components_about_showroom_cards_id_seq OWNED BY public.components_about_showroom_cards.id;


--
-- Name: components_about_showroom_sections; Type: TABLE; Schema: public; Owner: autotuanlinh_user
--

CREATE TABLE public.components_about_showroom_sections (
    id integer NOT NULL,
    badge character varying(255),
    title character varying(255),
    title_highlight character varying(255),
    subtitle text
);


ALTER TABLE public.components_about_showroom_sections OWNER TO autotuanlinh_user;

--
-- Name: components_about_showroom_sections_cmps; Type: TABLE; Schema: public; Owner: autotuanlinh_user
--

CREATE TABLE public.components_about_showroom_sections_cmps (
    id integer NOT NULL,
    entity_id integer,
    cmp_id integer,
    component_type character varying(255),
    field character varying(255),
    "order" double precision
);


ALTER TABLE public.components_about_showroom_sections_cmps OWNER TO autotuanlinh_user;

--
-- Name: components_about_showroom_sections_cmps_id_seq; Type: SEQUENCE; Schema: public; Owner: autotuanlinh_user
--

CREATE SEQUENCE public.components_about_showroom_sections_cmps_id_seq
    AS integer
    START WITH 1
    INCREMENT BY 1
    NO MINVALUE
    NO MAXVALUE
    CACHE 1;


ALTER TABLE public.components_about_showroom_sections_cmps_id_seq OWNER TO autotuanlinh_user;

--
-- Name: components_about_showroom_sections_cmps_id_seq; Type: SEQUENCE OWNED BY; Schema: public; Owner: autotuanlinh_user
--

ALTER SEQUENCE public.components_about_showroom_sections_cmps_id_seq OWNED BY public.components_about_showroom_sections_cmps.id;


--
-- Name: components_about_showroom_sections_id_seq; Type: SEQUENCE; Schema: public; Owner: autotuanlinh_user
--

CREATE SEQUENCE public.components_about_showroom_sections_id_seq
    AS integer
    START WITH 1
    INCREMENT BY 1
    NO MINVALUE
    NO MAXVALUE
    CACHE 1;


ALTER TABLE public.components_about_showroom_sections_id_seq OWNER TO autotuanlinh_user;

--
-- Name: components_about_showroom_sections_id_seq; Type: SEQUENCE OWNED BY; Schema: public; Owner: autotuanlinh_user
--

ALTER SEQUENCE public.components_about_showroom_sections_id_seq OWNED BY public.components_about_showroom_sections.id;


--
-- Name: components_about_store_locations; Type: TABLE; Schema: public; Owner: autotuanlinh_user
--

CREATE TABLE public.components_about_store_locations (
    id integer NOT NULL,
    name character varying(255),
    address character varying(255),
    phone character varying(255),
    operating_hours character varying(255),
    map_url character varying(255)
);


ALTER TABLE public.components_about_store_locations OWNER TO autotuanlinh_user;

--
-- Name: components_about_store_locations_id_seq; Type: SEQUENCE; Schema: public; Owner: autotuanlinh_user
--

CREATE SEQUENCE public.components_about_store_locations_id_seq
    AS integer
    START WITH 1
    INCREMENT BY 1
    NO MINVALUE
    NO MAXVALUE
    CACHE 1;


ALTER TABLE public.components_about_store_locations_id_seq OWNER TO autotuanlinh_user;

--
-- Name: components_about_store_locations_id_seq; Type: SEQUENCE OWNED BY; Schema: public; Owner: autotuanlinh_user
--

ALTER SEQUENCE public.components_about_store_locations_id_seq OWNED BY public.components_about_store_locations.id;


--
-- Name: components_about_store_locations_sections; Type: TABLE; Schema: public; Owner: autotuanlinh_user
--

CREATE TABLE public.components_about_store_locations_sections (
    id integer NOT NULL,
    badge character varying(255),
    title character varying(255),
    title_highlight character varying(255),
    subtitle text
);


ALTER TABLE public.components_about_store_locations_sections OWNER TO autotuanlinh_user;

--
-- Name: components_about_store_locations_sections_cmps; Type: TABLE; Schema: public; Owner: autotuanlinh_user
--

CREATE TABLE public.components_about_store_locations_sections_cmps (
    id integer NOT NULL,
    entity_id integer,
    cmp_id integer,
    component_type character varying(255),
    field character varying(255),
    "order" double precision
);


ALTER TABLE public.components_about_store_locations_sections_cmps OWNER TO autotuanlinh_user;

--
-- Name: components_about_store_locations_sections_cmps_id_seq; Type: SEQUENCE; Schema: public; Owner: autotuanlinh_user
--

CREATE SEQUENCE public.components_about_store_locations_sections_cmps_id_seq
    AS integer
    START WITH 1
    INCREMENT BY 1
    NO MINVALUE
    NO MAXVALUE
    CACHE 1;


ALTER TABLE public.components_about_store_locations_sections_cmps_id_seq OWNER TO autotuanlinh_user;

--
-- Name: components_about_store_locations_sections_cmps_id_seq; Type: SEQUENCE OWNED BY; Schema: public; Owner: autotuanlinh_user
--

ALTER SEQUENCE public.components_about_store_locations_sections_cmps_id_seq OWNED BY public.components_about_store_locations_sections_cmps.id;


--
-- Name: components_about_store_locations_sections_id_seq; Type: SEQUENCE; Schema: public; Owner: autotuanlinh_user
--

CREATE SEQUENCE public.components_about_store_locations_sections_id_seq
    AS integer
    START WITH 1
    INCREMENT BY 1
    NO MINVALUE
    NO MAXVALUE
    CACHE 1;


ALTER TABLE public.components_about_store_locations_sections_id_seq OWNER TO autotuanlinh_user;

--
-- Name: components_about_store_locations_sections_id_seq; Type: SEQUENCE OWNED BY; Schema: public; Owner: autotuanlinh_user
--

ALTER SEQUENCE public.components_about_store_locations_sections_id_seq OWNED BY public.components_about_store_locations_sections.id;


--
-- Name: components_about_team_members; Type: TABLE; Schema: public; Owner: autotuanlinh_user
--

CREATE TABLE public.components_about_team_members (
    id integer NOT NULL,
    name character varying(255),
    "position" character varying(255)
);


ALTER TABLE public.components_about_team_members OWNER TO autotuanlinh_user;

--
-- Name: components_about_team_members_id_seq; Type: SEQUENCE; Schema: public; Owner: autotuanlinh_user
--

CREATE SEQUENCE public.components_about_team_members_id_seq
    AS integer
    START WITH 1
    INCREMENT BY 1
    NO MINVALUE
    NO MAXVALUE
    CACHE 1;


ALTER TABLE public.components_about_team_members_id_seq OWNER TO autotuanlinh_user;

--
-- Name: components_about_team_members_id_seq; Type: SEQUENCE OWNED BY; Schema: public; Owner: autotuanlinh_user
--

ALTER SEQUENCE public.components_about_team_members_id_seq OWNED BY public.components_about_team_members.id;


--
-- Name: components_about_team_sections; Type: TABLE; Schema: public; Owner: autotuanlinh_user
--

CREATE TABLE public.components_about_team_sections (
    id integer NOT NULL,
    badge character varying(255),
    title character varying(255),
    title_highlight character varying(255),
    subtitle text
);


ALTER TABLE public.components_about_team_sections OWNER TO autotuanlinh_user;

--
-- Name: components_about_team_sections_cmps; Type: TABLE; Schema: public; Owner: autotuanlinh_user
--

CREATE TABLE public.components_about_team_sections_cmps (
    id integer NOT NULL,
    entity_id integer,
    cmp_id integer,
    component_type character varying(255),
    field character varying(255),
    "order" double precision
);


ALTER TABLE public.components_about_team_sections_cmps OWNER TO autotuanlinh_user;

--
-- Name: components_about_team_sections_cmps_id_seq; Type: SEQUENCE; Schema: public; Owner: autotuanlinh_user
--

CREATE SEQUENCE public.components_about_team_sections_cmps_id_seq
    AS integer
    START WITH 1
    INCREMENT BY 1
    NO MINVALUE
    NO MAXVALUE
    CACHE 1;


ALTER TABLE public.components_about_team_sections_cmps_id_seq OWNER TO autotuanlinh_user;

--
-- Name: components_about_team_sections_cmps_id_seq; Type: SEQUENCE OWNED BY; Schema: public; Owner: autotuanlinh_user
--

ALTER SEQUENCE public.components_about_team_sections_cmps_id_seq OWNED BY public.components_about_team_sections_cmps.id;


--
-- Name: components_about_team_sections_id_seq; Type: SEQUENCE; Schema: public; Owner: autotuanlinh_user
--

CREATE SEQUENCE public.components_about_team_sections_id_seq
    AS integer
    START WITH 1
    INCREMENT BY 1
    NO MINVALUE
    NO MAXVALUE
    CACHE 1;


ALTER TABLE public.components_about_team_sections_id_seq OWNER TO autotuanlinh_user;

--
-- Name: components_about_team_sections_id_seq; Type: SEQUENCE OWNED BY; Schema: public; Owner: autotuanlinh_user
--

ALTER SEQUENCE public.components_about_team_sections_id_seq OWNED BY public.components_about_team_sections.id;


--
-- Name: components_about_timeline_milestones; Type: TABLE; Schema: public; Owner: autotuanlinh_user
--

CREATE TABLE public.components_about_timeline_milestones (
    id integer NOT NULL,
    year character varying(255),
    title character varying(255),
    description text,
    "position" character varying(255)
);


ALTER TABLE public.components_about_timeline_milestones OWNER TO autotuanlinh_user;

--
-- Name: components_about_timeline_milestones_id_seq; Type: SEQUENCE; Schema: public; Owner: autotuanlinh_user
--

CREATE SEQUENCE public.components_about_timeline_milestones_id_seq
    AS integer
    START WITH 1
    INCREMENT BY 1
    NO MINVALUE
    NO MAXVALUE
    CACHE 1;


ALTER TABLE public.components_about_timeline_milestones_id_seq OWNER TO autotuanlinh_user;

--
-- Name: components_about_timeline_milestones_id_seq; Type: SEQUENCE OWNED BY; Schema: public; Owner: autotuanlinh_user
--

ALTER SEQUENCE public.components_about_timeline_milestones_id_seq OWNED BY public.components_about_timeline_milestones.id;


--
-- Name: components_about_value_cards; Type: TABLE; Schema: public; Owner: autotuanlinh_user
--

CREATE TABLE public.components_about_value_cards (
    id integer NOT NULL,
    title character varying(255),
    description text
);


ALTER TABLE public.components_about_value_cards OWNER TO autotuanlinh_user;

--
-- Name: components_about_value_cards_id_seq; Type: SEQUENCE; Schema: public; Owner: autotuanlinh_user
--

CREATE SEQUENCE public.components_about_value_cards_id_seq
    AS integer
    START WITH 1
    INCREMENT BY 1
    NO MINVALUE
    NO MAXVALUE
    CACHE 1;


ALTER TABLE public.components_about_value_cards_id_seq OWNER TO autotuanlinh_user;

--
-- Name: components_about_value_cards_id_seq; Type: SEQUENCE OWNED BY; Schema: public; Owner: autotuanlinh_user
--

ALTER SEQUENCE public.components_about_value_cards_id_seq OWNED BY public.components_about_value_cards.id;


--
-- Name: components_about_workshop_sections; Type: TABLE; Schema: public; Owner: autotuanlinh_user
--

CREATE TABLE public.components_about_workshop_sections (
    id integer NOT NULL,
    badge character varying(255),
    title character varying(255),
    title_highlight character varying(255),
    subtitle text
);


ALTER TABLE public.components_about_workshop_sections OWNER TO autotuanlinh_user;

--
-- Name: components_about_workshop_sections_cmps; Type: TABLE; Schema: public; Owner: autotuanlinh_user
--

CREATE TABLE public.components_about_workshop_sections_cmps (
    id integer NOT NULL,
    entity_id integer,
    cmp_id integer,
    component_type character varying(255),
    field character varying(255),
    "order" double precision
);


ALTER TABLE public.components_about_workshop_sections_cmps OWNER TO autotuanlinh_user;

--
-- Name: components_about_workshop_sections_cmps_id_seq; Type: SEQUENCE; Schema: public; Owner: autotuanlinh_user
--

CREATE SEQUENCE public.components_about_workshop_sections_cmps_id_seq
    AS integer
    START WITH 1
    INCREMENT BY 1
    NO MINVALUE
    NO MAXVALUE
    CACHE 1;


ALTER TABLE public.components_about_workshop_sections_cmps_id_seq OWNER TO autotuanlinh_user;

--
-- Name: components_about_workshop_sections_cmps_id_seq; Type: SEQUENCE OWNED BY; Schema: public; Owner: autotuanlinh_user
--

ALTER SEQUENCE public.components_about_workshop_sections_cmps_id_seq OWNED BY public.components_about_workshop_sections_cmps.id;


--
-- Name: components_about_workshop_sections_id_seq; Type: SEQUENCE; Schema: public; Owner: autotuanlinh_user
--

CREATE SEQUENCE public.components_about_workshop_sections_id_seq
    AS integer
    START WITH 1
    INCREMENT BY 1
    NO MINVALUE
    NO MAXVALUE
    CACHE 1;


ALTER TABLE public.components_about_workshop_sections_id_seq OWNER TO autotuanlinh_user;

--
-- Name: components_about_workshop_sections_id_seq; Type: SEQUENCE OWNED BY; Schema: public; Owner: autotuanlinh_user
--

ALTER SEQUENCE public.components_about_workshop_sections_id_seq OWNED BY public.components_about_workshop_sections.id;


--
-- Name: components_danhmuc_baiviet_danh_muc_01fc4_bai_viets_lnk; Type: TABLE; Schema: public; Owner: autotuanlinh_user
--

CREATE TABLE public.components_danhmuc_baiviet_danh_muc_01fc4_bai_viets_lnk (
    id integer NOT NULL,
    danh_muc_bai_viet_cap_3_id integer,
    blog_id integer,
    blog_ord double precision
);


ALTER TABLE public.components_danhmuc_baiviet_danh_muc_01fc4_bai_viets_lnk OWNER TO autotuanlinh_user;

--
-- Name: components_danhmuc_baiviet_danh_muc_01fc4_bai_viets_lnk_id_seq; Type: SEQUENCE; Schema: public; Owner: autotuanlinh_user
--

CREATE SEQUENCE public.components_danhmuc_baiviet_danh_muc_01fc4_bai_viets_lnk_id_seq
    AS integer
    START WITH 1
    INCREMENT BY 1
    NO MINVALUE
    NO MAXVALUE
    CACHE 1;


ALTER TABLE public.components_danhmuc_baiviet_danh_muc_01fc4_bai_viets_lnk_id_seq OWNER TO autotuanlinh_user;

--
-- Name: components_danhmuc_baiviet_danh_muc_01fc4_bai_viets_lnk_id_seq; Type: SEQUENCE OWNED BY; Schema: public; Owner: autotuanlinh_user
--

ALTER SEQUENCE public.components_danhmuc_baiviet_danh_muc_01fc4_bai_viets_lnk_id_seq OWNED BY public.components_danhmuc_baiviet_danh_muc_01fc4_bai_viets_lnk.id;


--
-- Name: components_danhmuc_baiviet_danh_muc_bai_viet_18708_cmps; Type: TABLE; Schema: public; Owner: autotuanlinh_user
--

CREATE TABLE public.components_danhmuc_baiviet_danh_muc_bai_viet_18708_cmps (
    id integer NOT NULL,
    entity_id integer,
    cmp_id integer,
    component_type character varying(255),
    field character varying(255),
    "order" double precision
);


ALTER TABLE public.components_danhmuc_baiviet_danh_muc_bai_viet_18708_cmps OWNER TO autotuanlinh_user;

--
-- Name: components_danhmuc_baiviet_danh_muc_bai_viet_18708_cmps_id_seq; Type: SEQUENCE; Schema: public; Owner: autotuanlinh_user
--

CREATE SEQUENCE public.components_danhmuc_baiviet_danh_muc_bai_viet_18708_cmps_id_seq
    AS integer
    START WITH 1
    INCREMENT BY 1
    NO MINVALUE
    NO MAXVALUE
    CACHE 1;


ALTER TABLE public.components_danhmuc_baiviet_danh_muc_bai_viet_18708_cmps_id_seq OWNER TO autotuanlinh_user;

--
-- Name: components_danhmuc_baiviet_danh_muc_bai_viet_18708_cmps_id_seq; Type: SEQUENCE OWNED BY; Schema: public; Owner: autotuanlinh_user
--

ALTER SEQUENCE public.components_danhmuc_baiviet_danh_muc_bai_viet_18708_cmps_id_seq OWNED BY public.components_danhmuc_baiviet_danh_muc_bai_viet_18708_cmps.id;


--
-- Name: components_danhmuc_baiviet_danh_muc_bai_viet_800e8_cmps; Type: TABLE; Schema: public; Owner: autotuanlinh_user
--

CREATE TABLE public.components_danhmuc_baiviet_danh_muc_bai_viet_800e8_cmps (
    id integer NOT NULL,
    entity_id integer,
    cmp_id integer,
    component_type character varying(255),
    field character varying(255),
    "order" double precision
);


ALTER TABLE public.components_danhmuc_baiviet_danh_muc_bai_viet_800e8_cmps OWNER TO autotuanlinh_user;

--
-- Name: components_danhmuc_baiviet_danh_muc_bai_viet_800e8_cmps_id_seq; Type: SEQUENCE; Schema: public; Owner: autotuanlinh_user
--

CREATE SEQUENCE public.components_danhmuc_baiviet_danh_muc_bai_viet_800e8_cmps_id_seq
    AS integer
    START WITH 1
    INCREMENT BY 1
    NO MINVALUE
    NO MAXVALUE
    CACHE 1;


ALTER TABLE public.components_danhmuc_baiviet_danh_muc_bai_viet_800e8_cmps_id_seq OWNER TO autotuanlinh_user;

--
-- Name: components_danhmuc_baiviet_danh_muc_bai_viet_800e8_cmps_id_seq; Type: SEQUENCE OWNED BY; Schema: public; Owner: autotuanlinh_user
--

ALTER SEQUENCE public.components_danhmuc_baiviet_danh_muc_bai_viet_800e8_cmps_id_seq OWNED BY public.components_danhmuc_baiviet_danh_muc_bai_viet_800e8_cmps.id;


--
-- Name: components_danhmuc_baiviet_danh_muc_bai_viet_cap_2s; Type: TABLE; Schema: public; Owner: autotuanlinh_user
--

CREATE TABLE public.components_danhmuc_baiviet_danh_muc_bai_viet_cap_2s (
    id integer NOT NULL,
    title text,
    slug text
);


ALTER TABLE public.components_danhmuc_baiviet_danh_muc_bai_viet_cap_2s OWNER TO autotuanlinh_user;

--
-- Name: components_danhmuc_baiviet_danh_muc_bai_viet_cap_2s_id_seq; Type: SEQUENCE; Schema: public; Owner: autotuanlinh_user
--

CREATE SEQUENCE public.components_danhmuc_baiviet_danh_muc_bai_viet_cap_2s_id_seq
    AS integer
    START WITH 1
    INCREMENT BY 1
    NO MINVALUE
    NO MAXVALUE
    CACHE 1;


ALTER TABLE public.components_danhmuc_baiviet_danh_muc_bai_viet_cap_2s_id_seq OWNER TO autotuanlinh_user;

--
-- Name: components_danhmuc_baiviet_danh_muc_bai_viet_cap_2s_id_seq; Type: SEQUENCE OWNED BY; Schema: public; Owner: autotuanlinh_user
--

ALTER SEQUENCE public.components_danhmuc_baiviet_danh_muc_bai_viet_cap_2s_id_seq OWNED BY public.components_danhmuc_baiviet_danh_muc_bai_viet_cap_2s.id;


--
-- Name: components_danhmuc_baiviet_danh_muc_bai_viet_cap_3s; Type: TABLE; Schema: public; Owner: autotuanlinh_user
--

CREATE TABLE public.components_danhmuc_baiviet_danh_muc_bai_viet_cap_3s (
    id integer NOT NULL,
    title text,
    slug text
);


ALTER TABLE public.components_danhmuc_baiviet_danh_muc_bai_viet_cap_3s OWNER TO autotuanlinh_user;

--
-- Name: components_danhmuc_baiviet_danh_muc_bai_viet_cap_3s_id_seq; Type: SEQUENCE; Schema: public; Owner: autotuanlinh_user
--

CREATE SEQUENCE public.components_danhmuc_baiviet_danh_muc_bai_viet_cap_3s_id_seq
    AS integer
    START WITH 1
    INCREMENT BY 1
    NO MINVALUE
    NO MAXVALUE
    CACHE 1;


ALTER TABLE public.components_danhmuc_baiviet_danh_muc_bai_viet_cap_3s_id_seq OWNER TO autotuanlinh_user;

--
-- Name: components_danhmuc_baiviet_danh_muc_bai_viet_cap_3s_id_seq; Type: SEQUENCE OWNED BY; Schema: public; Owner: autotuanlinh_user
--

ALTER SEQUENCE public.components_danhmuc_baiviet_danh_muc_bai_viet_cap_3s_id_seq OWNED BY public.components_danhmuc_baiviet_danh_muc_bai_viet_cap_3s.id;


--
-- Name: components_danhmuc_baiviet_danh_muc_e8c55_bai_viets_lnk; Type: TABLE; Schema: public; Owner: autotuanlinh_user
--

CREATE TABLE public.components_danhmuc_baiviet_danh_muc_e8c55_bai_viets_lnk (
    id integer NOT NULL,
    danh_muc_bai_viet_cap_2_id integer,
    blog_id integer,
    blog_ord double precision
);


ALTER TABLE public.components_danhmuc_baiviet_danh_muc_e8c55_bai_viets_lnk OWNER TO autotuanlinh_user;

--
-- Name: components_danhmuc_baiviet_danh_muc_e8c55_bai_viets_lnk_id_seq; Type: SEQUENCE; Schema: public; Owner: autotuanlinh_user
--

CREATE SEQUENCE public.components_danhmuc_baiviet_danh_muc_e8c55_bai_viets_lnk_id_seq
    AS integer
    START WITH 1
    INCREMENT BY 1
    NO MINVALUE
    NO MAXVALUE
    CACHE 1;


ALTER TABLE public.components_danhmuc_baiviet_danh_muc_e8c55_bai_viets_lnk_id_seq OWNER TO autotuanlinh_user;

--
-- Name: components_danhmuc_baiviet_danh_muc_e8c55_bai_viets_lnk_id_seq; Type: SEQUENCE OWNED BY; Schema: public; Owner: autotuanlinh_user
--

ALTER SEQUENCE public.components_danhmuc_baiviet_danh_muc_e8c55_bai_viets_lnk_id_seq OWNED BY public.components_danhmuc_baiviet_danh_muc_e8c55_bai_viets_lnk.id;


--
-- Name: components_danhmuc_danh_muc_cap_2s; Type: TABLE; Schema: public; Owner: autotuanlinh_user
--

CREATE TABLE public.components_danhmuc_danh_muc_cap_2s (
    id integer NOT NULL,
    title text,
    slug text
);


ALTER TABLE public.components_danhmuc_danh_muc_cap_2s OWNER TO autotuanlinh_user;

--
-- Name: components_danhmuc_danh_muc_cap_2s_cmps; Type: TABLE; Schema: public; Owner: autotuanlinh_user
--

CREATE TABLE public.components_danhmuc_danh_muc_cap_2s_cmps (
    id integer NOT NULL,
    entity_id integer,
    cmp_id integer,
    component_type character varying(255),
    field character varying(255),
    "order" double precision
);


ALTER TABLE public.components_danhmuc_danh_muc_cap_2s_cmps OWNER TO autotuanlinh_user;

--
-- Name: components_danhmuc_danh_muc_cap_2s_cmps_id_seq; Type: SEQUENCE; Schema: public; Owner: autotuanlinh_user
--

CREATE SEQUENCE public.components_danhmuc_danh_muc_cap_2s_cmps_id_seq
    AS integer
    START WITH 1
    INCREMENT BY 1
    NO MINVALUE
    NO MAXVALUE
    CACHE 1;


ALTER TABLE public.components_danhmuc_danh_muc_cap_2s_cmps_id_seq OWNER TO autotuanlinh_user;

--
-- Name: components_danhmuc_danh_muc_cap_2s_cmps_id_seq; Type: SEQUENCE OWNED BY; Schema: public; Owner: autotuanlinh_user
--

ALTER SEQUENCE public.components_danhmuc_danh_muc_cap_2s_cmps_id_seq OWNED BY public.components_danhmuc_danh_muc_cap_2s_cmps.id;


--
-- Name: components_danhmuc_danh_muc_cap_2s_id_seq; Type: SEQUENCE; Schema: public; Owner: autotuanlinh_user
--

CREATE SEQUENCE public.components_danhmuc_danh_muc_cap_2s_id_seq
    AS integer
    START WITH 1
    INCREMENT BY 1
    NO MINVALUE
    NO MAXVALUE
    CACHE 1;


ALTER TABLE public.components_danhmuc_danh_muc_cap_2s_id_seq OWNER TO autotuanlinh_user;

--
-- Name: components_danhmuc_danh_muc_cap_2s_id_seq; Type: SEQUENCE OWNED BY; Schema: public; Owner: autotuanlinh_user
--

ALTER SEQUENCE public.components_danhmuc_danh_muc_cap_2s_id_seq OWNED BY public.components_danhmuc_danh_muc_cap_2s.id;


--
-- Name: components_danhmuc_danh_muc_cap_3_s_san_phams_lnk; Type: TABLE; Schema: public; Owner: autotuanlinh_user
--

CREATE TABLE public.components_danhmuc_danh_muc_cap_3_s_san_phams_lnk (
    id integer NOT NULL,
    danh_muc_cap_3_id integer,
    san_pham_id integer,
    san_pham_ord double precision
);


ALTER TABLE public.components_danhmuc_danh_muc_cap_3_s_san_phams_lnk OWNER TO autotuanlinh_user;

--
-- Name: components_danhmuc_danh_muc_cap_3_s_san_phams_lnk_id_seq; Type: SEQUENCE; Schema: public; Owner: autotuanlinh_user
--

CREATE SEQUENCE public.components_danhmuc_danh_muc_cap_3_s_san_phams_lnk_id_seq
    AS integer
    START WITH 1
    INCREMENT BY 1
    NO MINVALUE
    NO MAXVALUE
    CACHE 1;


ALTER TABLE public.components_danhmuc_danh_muc_cap_3_s_san_phams_lnk_id_seq OWNER TO autotuanlinh_user;

--
-- Name: components_danhmuc_danh_muc_cap_3_s_san_phams_lnk_id_seq; Type: SEQUENCE OWNED BY; Schema: public; Owner: autotuanlinh_user
--

ALTER SEQUENCE public.components_danhmuc_danh_muc_cap_3_s_san_phams_lnk_id_seq OWNED BY public.components_danhmuc_danh_muc_cap_3_s_san_phams_lnk.id;


--
-- Name: components_danhmuc_danh_muc_cap_3s; Type: TABLE; Schema: public; Owner: autotuanlinh_user
--

CREATE TABLE public.components_danhmuc_danh_muc_cap_3s (
    id integer NOT NULL,
    title text,
    slug text
);


ALTER TABLE public.components_danhmuc_danh_muc_cap_3s OWNER TO autotuanlinh_user;

--
-- Name: components_danhmuc_danh_muc_cap_3s_cmps; Type: TABLE; Schema: public; Owner: autotuanlinh_user
--

CREATE TABLE public.components_danhmuc_danh_muc_cap_3s_cmps (
    id integer NOT NULL,
    entity_id integer,
    cmp_id integer,
    component_type character varying(255),
    field character varying(255),
    "order" double precision
);


ALTER TABLE public.components_danhmuc_danh_muc_cap_3s_cmps OWNER TO autotuanlinh_user;

--
-- Name: components_danhmuc_danh_muc_cap_3s_cmps_id_seq; Type: SEQUENCE; Schema: public; Owner: autotuanlinh_user
--

CREATE SEQUENCE public.components_danhmuc_danh_muc_cap_3s_cmps_id_seq
    AS integer
    START WITH 1
    INCREMENT BY 1
    NO MINVALUE
    NO MAXVALUE
    CACHE 1;


ALTER TABLE public.components_danhmuc_danh_muc_cap_3s_cmps_id_seq OWNER TO autotuanlinh_user;

--
-- Name: components_danhmuc_danh_muc_cap_3s_cmps_id_seq; Type: SEQUENCE OWNED BY; Schema: public; Owner: autotuanlinh_user
--

ALTER SEQUENCE public.components_danhmuc_danh_muc_cap_3s_cmps_id_seq OWNED BY public.components_danhmuc_danh_muc_cap_3s_cmps.id;


--
-- Name: components_danhmuc_danh_muc_cap_3s_id_seq; Type: SEQUENCE; Schema: public; Owner: autotuanlinh_user
--

CREATE SEQUENCE public.components_danhmuc_danh_muc_cap_3s_id_seq
    AS integer
    START WITH 1
    INCREMENT BY 1
    NO MINVALUE
    NO MAXVALUE
    CACHE 1;


ALTER TABLE public.components_danhmuc_danh_muc_cap_3s_id_seq OWNER TO autotuanlinh_user;

--
-- Name: components_danhmuc_danh_muc_cap_3s_id_seq; Type: SEQUENCE OWNED BY; Schema: public; Owner: autotuanlinh_user
--

ALTER SEQUENCE public.components_danhmuc_danh_muc_cap_3s_id_seq OWNED BY public.components_danhmuc_danh_muc_cap_3s.id;


--
-- Name: components_home_blog_cards; Type: TABLE; Schema: public; Owner: autotuanlinh_user
--

CREATE TABLE public.components_home_blog_cards (
    id integer NOT NULL,
    is_featured boolean,
    published_date date,
    reading_time character varying(255),
    title character varying(255),
    description text,
    link character varying(255)
);


ALTER TABLE public.components_home_blog_cards OWNER TO autotuanlinh_user;

--
-- Name: components_home_blog_cards_blog_lnk; Type: TABLE; Schema: public; Owner: autotuanlinh_user
--

CREATE TABLE public.components_home_blog_cards_blog_lnk (
    id integer NOT NULL,
    blog_card_id integer,
    blog_id integer
);


ALTER TABLE public.components_home_blog_cards_blog_lnk OWNER TO autotuanlinh_user;

--
-- Name: components_home_blog_cards_blog_lnk_id_seq; Type: SEQUENCE; Schema: public; Owner: autotuanlinh_user
--

CREATE SEQUENCE public.components_home_blog_cards_blog_lnk_id_seq
    AS integer
    START WITH 1
    INCREMENT BY 1
    NO MINVALUE
    NO MAXVALUE
    CACHE 1;


ALTER TABLE public.components_home_blog_cards_blog_lnk_id_seq OWNER TO autotuanlinh_user;

--
-- Name: components_home_blog_cards_blog_lnk_id_seq; Type: SEQUENCE OWNED BY; Schema: public; Owner: autotuanlinh_user
--

ALTER SEQUENCE public.components_home_blog_cards_blog_lnk_id_seq OWNED BY public.components_home_blog_cards_blog_lnk.id;


--
-- Name: components_home_blog_cards_id_seq; Type: SEQUENCE; Schema: public; Owner: autotuanlinh_user
--

CREATE SEQUENCE public.components_home_blog_cards_id_seq
    AS integer
    START WITH 1
    INCREMENT BY 1
    NO MINVALUE
    NO MAXVALUE
    CACHE 1;


ALTER TABLE public.components_home_blog_cards_id_seq OWNER TO autotuanlinh_user;

--
-- Name: components_home_blog_cards_id_seq; Type: SEQUENCE OWNED BY; Schema: public; Owner: autotuanlinh_user
--

ALTER SEQUENCE public.components_home_blog_cards_id_seq OWNED BY public.components_home_blog_cards.id;


--
-- Name: components_home_contact_info_cards; Type: TABLE; Schema: public; Owner: autotuanlinh_user
--

CREATE TABLE public.components_home_contact_info_cards (
    id integer NOT NULL,
    title character varying(255),
    details text,
    cta_text character varying(255),
    cta_url character varying(255)
);


ALTER TABLE public.components_home_contact_info_cards OWNER TO autotuanlinh_user;

--
-- Name: components_home_contact_info_cards_id_seq; Type: SEQUENCE; Schema: public; Owner: autotuanlinh_user
--

CREATE SEQUENCE public.components_home_contact_info_cards_id_seq
    AS integer
    START WITH 1
    INCREMENT BY 1
    NO MINVALUE
    NO MAXVALUE
    CACHE 1;


ALTER TABLE public.components_home_contact_info_cards_id_seq OWNER TO autotuanlinh_user;

--
-- Name: components_home_contact_info_cards_id_seq; Type: SEQUENCE OWNED BY; Schema: public; Owner: autotuanlinh_user
--

ALTER SEQUENCE public.components_home_contact_info_cards_id_seq OWNED BY public.components_home_contact_info_cards.id;


--
-- Name: components_home_contact_sections; Type: TABLE; Schema: public; Owner: autotuanlinh_user
--

CREATE TABLE public.components_home_contact_sections (
    id integer NOT NULL,
    title character varying(255),
    subtitle text
);


ALTER TABLE public.components_home_contact_sections OWNER TO autotuanlinh_user;

--
-- Name: components_home_contact_sections_cmps; Type: TABLE; Schema: public; Owner: autotuanlinh_user
--

CREATE TABLE public.components_home_contact_sections_cmps (
    id integer NOT NULL,
    entity_id integer,
    cmp_id integer,
    component_type character varying(255),
    field character varying(255),
    "order" double precision
);


ALTER TABLE public.components_home_contact_sections_cmps OWNER TO autotuanlinh_user;

--
-- Name: components_home_contact_sections_cmps_id_seq; Type: SEQUENCE; Schema: public; Owner: autotuanlinh_user
--

CREATE SEQUENCE public.components_home_contact_sections_cmps_id_seq
    AS integer
    START WITH 1
    INCREMENT BY 1
    NO MINVALUE
    NO MAXVALUE
    CACHE 1;


ALTER TABLE public.components_home_contact_sections_cmps_id_seq OWNER TO autotuanlinh_user;

--
-- Name: components_home_contact_sections_cmps_id_seq; Type: SEQUENCE OWNED BY; Schema: public; Owner: autotuanlinh_user
--

ALTER SEQUENCE public.components_home_contact_sections_cmps_id_seq OWNED BY public.components_home_contact_sections_cmps.id;


--
-- Name: components_home_contact_sections_id_seq; Type: SEQUENCE; Schema: public; Owner: autotuanlinh_user
--

CREATE SEQUENCE public.components_home_contact_sections_id_seq
    AS integer
    START WITH 1
    INCREMENT BY 1
    NO MINVALUE
    NO MAXVALUE
    CACHE 1;


ALTER TABLE public.components_home_contact_sections_id_seq OWNER TO autotuanlinh_user;

--
-- Name: components_home_contact_sections_id_seq; Type: SEQUENCE OWNED BY; Schema: public; Owner: autotuanlinh_user
--

ALTER SEQUENCE public.components_home_contact_sections_id_seq OWNED BY public.components_home_contact_sections.id;


--
-- Name: components_home_cta_sections; Type: TABLE; Schema: public; Owner: autotuanlinh_user
--

CREATE TABLE public.components_home_cta_sections (
    id integer NOT NULL,
    title character varying(255),
    subtitle text
);


ALTER TABLE public.components_home_cta_sections OWNER TO autotuanlinh_user;

--
-- Name: components_home_cta_sections_cmps; Type: TABLE; Schema: public; Owner: autotuanlinh_user
--

CREATE TABLE public.components_home_cta_sections_cmps (
    id integer NOT NULL,
    entity_id integer,
    cmp_id integer,
    component_type character varying(255),
    field character varying(255),
    "order" double precision
);


ALTER TABLE public.components_home_cta_sections_cmps OWNER TO autotuanlinh_user;

--
-- Name: components_home_cta_sections_cmps_id_seq; Type: SEQUENCE; Schema: public; Owner: autotuanlinh_user
--

CREATE SEQUENCE public.components_home_cta_sections_cmps_id_seq
    AS integer
    START WITH 1
    INCREMENT BY 1
    NO MINVALUE
    NO MAXVALUE
    CACHE 1;


ALTER TABLE public.components_home_cta_sections_cmps_id_seq OWNER TO autotuanlinh_user;

--
-- Name: components_home_cta_sections_cmps_id_seq; Type: SEQUENCE OWNED BY; Schema: public; Owner: autotuanlinh_user
--

ALTER SEQUENCE public.components_home_cta_sections_cmps_id_seq OWNED BY public.components_home_cta_sections_cmps.id;


--
-- Name: components_home_cta_sections_id_seq; Type: SEQUENCE; Schema: public; Owner: autotuanlinh_user
--

CREATE SEQUENCE public.components_home_cta_sections_id_seq
    AS integer
    START WITH 1
    INCREMENT BY 1
    NO MINVALUE
    NO MAXVALUE
    CACHE 1;


ALTER TABLE public.components_home_cta_sections_id_seq OWNER TO autotuanlinh_user;

--
-- Name: components_home_cta_sections_id_seq; Type: SEQUENCE OWNED BY; Schema: public; Owner: autotuanlinh_user
--

ALTER SEQUENCE public.components_home_cta_sections_id_seq OWNED BY public.components_home_cta_sections.id;


--
-- Name: components_home_faq_items; Type: TABLE; Schema: public; Owner: autotuanlinh_user
--

CREATE TABLE public.components_home_faq_items (
    id integer NOT NULL,
    question character varying(255),
    answer text
);


ALTER TABLE public.components_home_faq_items OWNER TO autotuanlinh_user;

--
-- Name: components_home_faq_items_id_seq; Type: SEQUENCE; Schema: public; Owner: autotuanlinh_user
--

CREATE SEQUENCE public.components_home_faq_items_id_seq
    AS integer
    START WITH 1
    INCREMENT BY 1
    NO MINVALUE
    NO MAXVALUE
    CACHE 1;


ALTER TABLE public.components_home_faq_items_id_seq OWNER TO autotuanlinh_user;

--
-- Name: components_home_faq_items_id_seq; Type: SEQUENCE OWNED BY; Schema: public; Owner: autotuanlinh_user
--

ALTER SEQUENCE public.components_home_faq_items_id_seq OWNED BY public.components_home_faq_items.id;


--
-- Name: components_home_faq_sections; Type: TABLE; Schema: public; Owner: autotuanlinh_user
--

CREATE TABLE public.components_home_faq_sections (
    id integer NOT NULL,
    title character varying(255),
    subtitle text
);


ALTER TABLE public.components_home_faq_sections OWNER TO autotuanlinh_user;

--
-- Name: components_home_faq_sections_cmps; Type: TABLE; Schema: public; Owner: autotuanlinh_user
--

CREATE TABLE public.components_home_faq_sections_cmps (
    id integer NOT NULL,
    entity_id integer,
    cmp_id integer,
    component_type character varying(255),
    field character varying(255),
    "order" double precision
);


ALTER TABLE public.components_home_faq_sections_cmps OWNER TO autotuanlinh_user;

--
-- Name: components_home_faq_sections_cmps_id_seq; Type: SEQUENCE; Schema: public; Owner: autotuanlinh_user
--

CREATE SEQUENCE public.components_home_faq_sections_cmps_id_seq
    AS integer
    START WITH 1
    INCREMENT BY 1
    NO MINVALUE
    NO MAXVALUE
    CACHE 1;


ALTER TABLE public.components_home_faq_sections_cmps_id_seq OWNER TO autotuanlinh_user;

--
-- Name: components_home_faq_sections_cmps_id_seq; Type: SEQUENCE OWNED BY; Schema: public; Owner: autotuanlinh_user
--

ALTER SEQUENCE public.components_home_faq_sections_cmps_id_seq OWNED BY public.components_home_faq_sections_cmps.id;


--
-- Name: components_home_faq_sections_id_seq; Type: SEQUENCE; Schema: public; Owner: autotuanlinh_user
--

CREATE SEQUENCE public.components_home_faq_sections_id_seq
    AS integer
    START WITH 1
    INCREMENT BY 1
    NO MINVALUE
    NO MAXVALUE
    CACHE 1;


ALTER TABLE public.components_home_faq_sections_id_seq OWNER TO autotuanlinh_user;

--
-- Name: components_home_faq_sections_id_seq; Type: SEQUENCE OWNED BY; Schema: public; Owner: autotuanlinh_user
--

ALTER SEQUENCE public.components_home_faq_sections_id_seq OWNED BY public.components_home_faq_sections.id;


--
-- Name: components_home_feature_cards; Type: TABLE; Schema: public; Owner: autotuanlinh_user
--

CREATE TABLE public.components_home_feature_cards (
    id integer NOT NULL,
    title character varying(255),
    description text
);


ALTER TABLE public.components_home_feature_cards OWNER TO autotuanlinh_user;

--
-- Name: components_home_feature_cards_id_seq; Type: SEQUENCE; Schema: public; Owner: autotuanlinh_user
--

CREATE SEQUENCE public.components_home_feature_cards_id_seq
    AS integer
    START WITH 1
    INCREMENT BY 1
    NO MINVALUE
    NO MAXVALUE
    CACHE 1;


ALTER TABLE public.components_home_feature_cards_id_seq OWNER TO autotuanlinh_user;

--
-- Name: components_home_feature_cards_id_seq; Type: SEQUENCE OWNED BY; Schema: public; Owner: autotuanlinh_user
--

ALTER SEQUENCE public.components_home_feature_cards_id_seq OWNED BY public.components_home_feature_cards.id;


--
-- Name: components_home_featured_product_cards; Type: TABLE; Schema: public; Owner: autotuanlinh_user
--

CREATE TABLE public.components_home_featured_product_cards (
    id integer NOT NULL,
    title character varying(255),
    rating numeric(10,2),
    review_count integer,
    price numeric(10,2),
    original_price numeric(10,2),
    button_text character varying(255)
);


ALTER TABLE public.components_home_featured_product_cards OWNER TO autotuanlinh_user;

--
-- Name: components_home_featured_product_cards_cmps; Type: TABLE; Schema: public; Owner: autotuanlinh_user
--

CREATE TABLE public.components_home_featured_product_cards_cmps (
    id integer NOT NULL,
    entity_id integer,
    cmp_id integer,
    component_type character varying(255),
    field character varying(255),
    "order" double precision
);


ALTER TABLE public.components_home_featured_product_cards_cmps OWNER TO autotuanlinh_user;

--
-- Name: components_home_featured_product_cards_cmps_id_seq; Type: SEQUENCE; Schema: public; Owner: autotuanlinh_user
--

CREATE SEQUENCE public.components_home_featured_product_cards_cmps_id_seq
    AS integer
    START WITH 1
    INCREMENT BY 1
    NO MINVALUE
    NO MAXVALUE
    CACHE 1;


ALTER TABLE public.components_home_featured_product_cards_cmps_id_seq OWNER TO autotuanlinh_user;

--
-- Name: components_home_featured_product_cards_cmps_id_seq; Type: SEQUENCE OWNED BY; Schema: public; Owner: autotuanlinh_user
--

ALTER SEQUENCE public.components_home_featured_product_cards_cmps_id_seq OWNED BY public.components_home_featured_product_cards_cmps.id;


--
-- Name: components_home_featured_product_cards_id_seq; Type: SEQUENCE; Schema: public; Owner: autotuanlinh_user
--

CREATE SEQUENCE public.components_home_featured_product_cards_id_seq
    AS integer
    START WITH 1
    INCREMENT BY 1
    NO MINVALUE
    NO MAXVALUE
    CACHE 1;


ALTER TABLE public.components_home_featured_product_cards_id_seq OWNER TO autotuanlinh_user;

--
-- Name: components_home_featured_product_cards_id_seq; Type: SEQUENCE OWNED BY; Schema: public; Owner: autotuanlinh_user
--

ALTER SEQUENCE public.components_home_featured_product_cards_id_seq OWNED BY public.components_home_featured_product_cards.id;


--
-- Name: components_home_featured_product_cards_san_pham_lnk; Type: TABLE; Schema: public; Owner: autotuanlinh_user
--

CREATE TABLE public.components_home_featured_product_cards_san_pham_lnk (
    id integer NOT NULL,
    featured_product_card_id integer,
    san_pham_id integer
);


ALTER TABLE public.components_home_featured_product_cards_san_pham_lnk OWNER TO autotuanlinh_user;

--
-- Name: components_home_featured_product_cards_san_pham_lnk_id_seq; Type: SEQUENCE; Schema: public; Owner: autotuanlinh_user
--

CREATE SEQUENCE public.components_home_featured_product_cards_san_pham_lnk_id_seq
    AS integer
    START WITH 1
    INCREMENT BY 1
    NO MINVALUE
    NO MAXVALUE
    CACHE 1;


ALTER TABLE public.components_home_featured_product_cards_san_pham_lnk_id_seq OWNER TO autotuanlinh_user;

--
-- Name: components_home_featured_product_cards_san_pham_lnk_id_seq; Type: SEQUENCE OWNED BY; Schema: public; Owner: autotuanlinh_user
--

ALTER SEQUENCE public.components_home_featured_product_cards_san_pham_lnk_id_seq OWNED BY public.components_home_featured_product_cards_san_pham_lnk.id;


--
-- Name: components_home_featured_products_sections; Type: TABLE; Schema: public; Owner: autotuanlinh_user
--

CREATE TABLE public.components_home_featured_products_sections (
    id integer NOT NULL,
    title character varying(255),
    subtitle text
);


ALTER TABLE public.components_home_featured_products_sections OWNER TO autotuanlinh_user;

--
-- Name: components_home_featured_products_sections_id_seq; Type: SEQUENCE; Schema: public; Owner: autotuanlinh_user
--

CREATE SEQUENCE public.components_home_featured_products_sections_id_seq
    AS integer
    START WITH 1
    INCREMENT BY 1
    NO MINVALUE
    NO MAXVALUE
    CACHE 1;


ALTER TABLE public.components_home_featured_products_sections_id_seq OWNER TO autotuanlinh_user;

--
-- Name: components_home_featured_products_sections_id_seq; Type: SEQUENCE OWNED BY; Schema: public; Owner: autotuanlinh_user
--

ALTER SEQUENCE public.components_home_featured_products_sections_id_seq OWNED BY public.components_home_featured_products_sections.id;


--
-- Name: components_home_featured_products_sections_products_lnk; Type: TABLE; Schema: public; Owner: autotuanlinh_user
--

CREATE TABLE public.components_home_featured_products_sections_products_lnk (
    id integer NOT NULL,
    featured_products_section_id integer,
    san_pham_id integer,
    san_pham_ord double precision
);


ALTER TABLE public.components_home_featured_products_sections_products_lnk OWNER TO autotuanlinh_user;

--
-- Name: components_home_featured_products_sections_products_lnk_id_seq; Type: SEQUENCE; Schema: public; Owner: autotuanlinh_user
--

CREATE SEQUENCE public.components_home_featured_products_sections_products_lnk_id_seq
    AS integer
    START WITH 1
    INCREMENT BY 1
    NO MINVALUE
    NO MAXVALUE
    CACHE 1;


ALTER TABLE public.components_home_featured_products_sections_products_lnk_id_seq OWNER TO autotuanlinh_user;

--
-- Name: components_home_featured_products_sections_products_lnk_id_seq; Type: SEQUENCE OWNED BY; Schema: public; Owner: autotuanlinh_user
--

ALTER SEQUENCE public.components_home_featured_products_sections_products_lnk_id_seq OWNED BY public.components_home_featured_products_sections_products_lnk.id;


--
-- Name: components_home_gallery_sections; Type: TABLE; Schema: public; Owner: autotuanlinh_user
--

CREATE TABLE public.components_home_gallery_sections (
    id integer NOT NULL,
    title character varying(255),
    subtitle text
);


ALTER TABLE public.components_home_gallery_sections OWNER TO autotuanlinh_user;

--
-- Name: components_home_gallery_sections_cmps; Type: TABLE; Schema: public; Owner: autotuanlinh_user
--

CREATE TABLE public.components_home_gallery_sections_cmps (
    id integer NOT NULL,
    entity_id integer,
    cmp_id integer,
    component_type character varying(255),
    field character varying(255),
    "order" double precision
);


ALTER TABLE public.components_home_gallery_sections_cmps OWNER TO autotuanlinh_user;

--
-- Name: components_home_gallery_sections_cmps_id_seq; Type: SEQUENCE; Schema: public; Owner: autotuanlinh_user
--

CREATE SEQUENCE public.components_home_gallery_sections_cmps_id_seq
    AS integer
    START WITH 1
    INCREMENT BY 1
    NO MINVALUE
    NO MAXVALUE
    CACHE 1;


ALTER TABLE public.components_home_gallery_sections_cmps_id_seq OWNER TO autotuanlinh_user;

--
-- Name: components_home_gallery_sections_cmps_id_seq; Type: SEQUENCE OWNED BY; Schema: public; Owner: autotuanlinh_user
--

ALTER SEQUENCE public.components_home_gallery_sections_cmps_id_seq OWNED BY public.components_home_gallery_sections_cmps.id;


--
-- Name: components_home_gallery_sections_id_seq; Type: SEQUENCE; Schema: public; Owner: autotuanlinh_user
--

CREATE SEQUENCE public.components_home_gallery_sections_id_seq
    AS integer
    START WITH 1
    INCREMENT BY 1
    NO MINVALUE
    NO MAXVALUE
    CACHE 1;


ALTER TABLE public.components_home_gallery_sections_id_seq OWNER TO autotuanlinh_user;

--
-- Name: components_home_gallery_sections_id_seq; Type: SEQUENCE OWNED BY; Schema: public; Owner: autotuanlinh_user
--

ALTER SEQUENCE public.components_home_gallery_sections_id_seq OWNED BY public.components_home_gallery_sections.id;


--
-- Name: components_home_hero_sliders; Type: TABLE; Schema: public; Owner: autotuanlinh_user
--

CREATE TABLE public.components_home_hero_sliders (
    id integer NOT NULL,
    title character varying(255),
    special_title character varying(255),
    subtitle character varying(255),
    description text,
    url character varying(255)
);


ALTER TABLE public.components_home_hero_sliders OWNER TO autotuanlinh_user;

--
-- Name: components_home_hero_sliders_id_seq; Type: SEQUENCE; Schema: public; Owner: autotuanlinh_user
--

CREATE SEQUENCE public.components_home_hero_sliders_id_seq
    AS integer
    START WITH 1
    INCREMENT BY 1
    NO MINVALUE
    NO MAXVALUE
    CACHE 1;


ALTER TABLE public.components_home_hero_sliders_id_seq OWNER TO autotuanlinh_user;

--
-- Name: components_home_hero_sliders_id_seq; Type: SEQUENCE OWNED BY; Schema: public; Owner: autotuanlinh_user
--

ALTER SEQUENCE public.components_home_hero_sliders_id_seq OWNED BY public.components_home_hero_sliders.id;


--
-- Name: components_home_latest_news_sections; Type: TABLE; Schema: public; Owner: autotuanlinh_user
--

CREATE TABLE public.components_home_latest_news_sections (
    id integer NOT NULL,
    title character varying(255),
    subtitle text
);


ALTER TABLE public.components_home_latest_news_sections OWNER TO autotuanlinh_user;

--
-- Name: components_home_latest_news_sections_blogs_lnk; Type: TABLE; Schema: public; Owner: autotuanlinh_user
--

CREATE TABLE public.components_home_latest_news_sections_blogs_lnk (
    id integer NOT NULL,
    latest_news_section_id integer,
    blog_id integer,
    blog_ord double precision
);


ALTER TABLE public.components_home_latest_news_sections_blogs_lnk OWNER TO autotuanlinh_user;

--
-- Name: components_home_latest_news_sections_blogs_lnk_id_seq; Type: SEQUENCE; Schema: public; Owner: autotuanlinh_user
--

CREATE SEQUENCE public.components_home_latest_news_sections_blogs_lnk_id_seq
    AS integer
    START WITH 1
    INCREMENT BY 1
    NO MINVALUE
    NO MAXVALUE
    CACHE 1;


ALTER TABLE public.components_home_latest_news_sections_blogs_lnk_id_seq OWNER TO autotuanlinh_user;

--
-- Name: components_home_latest_news_sections_blogs_lnk_id_seq; Type: SEQUENCE OWNED BY; Schema: public; Owner: autotuanlinh_user
--

ALTER SEQUENCE public.components_home_latest_news_sections_blogs_lnk_id_seq OWNED BY public.components_home_latest_news_sections_blogs_lnk.id;


--
-- Name: components_home_latest_news_sections_cmps; Type: TABLE; Schema: public; Owner: autotuanlinh_user
--

CREATE TABLE public.components_home_latest_news_sections_cmps (
    id integer NOT NULL,
    entity_id integer,
    cmp_id integer,
    component_type character varying(255),
    field character varying(255),
    "order" double precision
);


ALTER TABLE public.components_home_latest_news_sections_cmps OWNER TO autotuanlinh_user;

--
-- Name: components_home_latest_news_sections_cmps_id_seq; Type: SEQUENCE; Schema: public; Owner: autotuanlinh_user
--

CREATE SEQUENCE public.components_home_latest_news_sections_cmps_id_seq
    AS integer
    START WITH 1
    INCREMENT BY 1
    NO MINVALUE
    NO MAXVALUE
    CACHE 1;


ALTER TABLE public.components_home_latest_news_sections_cmps_id_seq OWNER TO autotuanlinh_user;

--
-- Name: components_home_latest_news_sections_cmps_id_seq; Type: SEQUENCE OWNED BY; Schema: public; Owner: autotuanlinh_user
--

ALTER SEQUENCE public.components_home_latest_news_sections_cmps_id_seq OWNED BY public.components_home_latest_news_sections_cmps.id;


--
-- Name: components_home_latest_news_sections_id_seq; Type: SEQUENCE; Schema: public; Owner: autotuanlinh_user
--

CREATE SEQUENCE public.components_home_latest_news_sections_id_seq
    AS integer
    START WITH 1
    INCREMENT BY 1
    NO MINVALUE
    NO MAXVALUE
    CACHE 1;


ALTER TABLE public.components_home_latest_news_sections_id_seq OWNER TO autotuanlinh_user;

--
-- Name: components_home_latest_news_sections_id_seq; Type: SEQUENCE OWNED BY; Schema: public; Owner: autotuanlinh_user
--

ALTER SEQUENCE public.components_home_latest_news_sections_id_seq OWNED BY public.components_home_latest_news_sections.id;


--
-- Name: components_home_newsletter_sections; Type: TABLE; Schema: public; Owner: autotuanlinh_user
--

CREATE TABLE public.components_home_newsletter_sections (
    id integer NOT NULL,
    title character varying(255),
    subtitle text,
    button_text character varying(255),
    privacy_text text
);


ALTER TABLE public.components_home_newsletter_sections OWNER TO autotuanlinh_user;

--
-- Name: components_home_newsletter_sections_id_seq; Type: SEQUENCE; Schema: public; Owner: autotuanlinh_user
--

CREATE SEQUENCE public.components_home_newsletter_sections_id_seq
    AS integer
    START WITH 1
    INCREMENT BY 1
    NO MINVALUE
    NO MAXVALUE
    CACHE 1;


ALTER TABLE public.components_home_newsletter_sections_id_seq OWNER TO autotuanlinh_user;

--
-- Name: components_home_newsletter_sections_id_seq; Type: SEQUENCE OWNED BY; Schema: public; Owner: autotuanlinh_user
--

ALTER SEQUENCE public.components_home_newsletter_sections_id_seq OWNED BY public.components_home_newsletter_sections.id;


--
-- Name: components_home_partner_brands; Type: TABLE; Schema: public; Owner: autotuanlinh_user
--

CREATE TABLE public.components_home_partner_brands (
    id integer NOT NULL,
    name character varying(255),
    url character varying(255)
);


ALTER TABLE public.components_home_partner_brands OWNER TO autotuanlinh_user;

--
-- Name: components_home_partner_brands_id_seq; Type: SEQUENCE; Schema: public; Owner: autotuanlinh_user
--

CREATE SEQUENCE public.components_home_partner_brands_id_seq
    AS integer
    START WITH 1
    INCREMENT BY 1
    NO MINVALUE
    NO MAXVALUE
    CACHE 1;


ALTER TABLE public.components_home_partner_brands_id_seq OWNER TO autotuanlinh_user;

--
-- Name: components_home_partner_brands_id_seq; Type: SEQUENCE OWNED BY; Schema: public; Owner: autotuanlinh_user
--

ALTER SEQUENCE public.components_home_partner_brands_id_seq OWNED BY public.components_home_partner_brands.id;


--
-- Name: components_home_partner_brands_sections; Type: TABLE; Schema: public; Owner: autotuanlinh_user
--

CREATE TABLE public.components_home_partner_brands_sections (
    id integer NOT NULL,
    title character varying(255),
    subtitle text
);


ALTER TABLE public.components_home_partner_brands_sections OWNER TO autotuanlinh_user;

--
-- Name: components_home_partner_brands_sections_cmps; Type: TABLE; Schema: public; Owner: autotuanlinh_user
--

CREATE TABLE public.components_home_partner_brands_sections_cmps (
    id integer NOT NULL,
    entity_id integer,
    cmp_id integer,
    component_type character varying(255),
    field character varying(255),
    "order" double precision
);


ALTER TABLE public.components_home_partner_brands_sections_cmps OWNER TO autotuanlinh_user;

--
-- Name: components_home_partner_brands_sections_cmps_id_seq; Type: SEQUENCE; Schema: public; Owner: autotuanlinh_user
--

CREATE SEQUENCE public.components_home_partner_brands_sections_cmps_id_seq
    AS integer
    START WITH 1
    INCREMENT BY 1
    NO MINVALUE
    NO MAXVALUE
    CACHE 1;


ALTER TABLE public.components_home_partner_brands_sections_cmps_id_seq OWNER TO autotuanlinh_user;

--
-- Name: components_home_partner_brands_sections_cmps_id_seq; Type: SEQUENCE OWNED BY; Schema: public; Owner: autotuanlinh_user
--

ALTER SEQUENCE public.components_home_partner_brands_sections_cmps_id_seq OWNED BY public.components_home_partner_brands_sections_cmps.id;


--
-- Name: components_home_partner_brands_sections_id_seq; Type: SEQUENCE; Schema: public; Owner: autotuanlinh_user
--

CREATE SEQUENCE public.components_home_partner_brands_sections_id_seq
    AS integer
    START WITH 1
    INCREMENT BY 1
    NO MINVALUE
    NO MAXVALUE
    CACHE 1;


ALTER TABLE public.components_home_partner_brands_sections_id_seq OWNER TO autotuanlinh_user;

--
-- Name: components_home_partner_brands_sections_id_seq; Type: SEQUENCE OWNED BY; Schema: public; Owner: autotuanlinh_user
--

ALTER SEQUENCE public.components_home_partner_brands_sections_id_seq OWNED BY public.components_home_partner_brands_sections.id;


--
-- Name: components_home_process_sections; Type: TABLE; Schema: public; Owner: autotuanlinh_user
--

CREATE TABLE public.components_home_process_sections (
    id integer NOT NULL,
    title character varying(255),
    subtitle text
);


ALTER TABLE public.components_home_process_sections OWNER TO autotuanlinh_user;

--
-- Name: components_home_process_sections_cmps; Type: TABLE; Schema: public; Owner: autotuanlinh_user
--

CREATE TABLE public.components_home_process_sections_cmps (
    id integer NOT NULL,
    entity_id integer,
    cmp_id integer,
    component_type character varying(255),
    field character varying(255),
    "order" double precision
);


ALTER TABLE public.components_home_process_sections_cmps OWNER TO autotuanlinh_user;

--
-- Name: components_home_process_sections_cmps_id_seq; Type: SEQUENCE; Schema: public; Owner: autotuanlinh_user
--

CREATE SEQUENCE public.components_home_process_sections_cmps_id_seq
    AS integer
    START WITH 1
    INCREMENT BY 1
    NO MINVALUE
    NO MAXVALUE
    CACHE 1;


ALTER TABLE public.components_home_process_sections_cmps_id_seq OWNER TO autotuanlinh_user;

--
-- Name: components_home_process_sections_cmps_id_seq; Type: SEQUENCE OWNED BY; Schema: public; Owner: autotuanlinh_user
--

ALTER SEQUENCE public.components_home_process_sections_cmps_id_seq OWNED BY public.components_home_process_sections_cmps.id;


--
-- Name: components_home_process_sections_id_seq; Type: SEQUENCE; Schema: public; Owner: autotuanlinh_user
--

CREATE SEQUENCE public.components_home_process_sections_id_seq
    AS integer
    START WITH 1
    INCREMENT BY 1
    NO MINVALUE
    NO MAXVALUE
    CACHE 1;


ALTER TABLE public.components_home_process_sections_id_seq OWNER TO autotuanlinh_user;

--
-- Name: components_home_process_sections_id_seq; Type: SEQUENCE OWNED BY; Schema: public; Owner: autotuanlinh_user
--

ALTER SEQUENCE public.components_home_process_sections_id_seq OWNED BY public.components_home_process_sections.id;


--
-- Name: components_home_process_steps; Type: TABLE; Schema: public; Owner: autotuanlinh_user
--

CREATE TABLE public.components_home_process_steps (
    id integer NOT NULL,
    step_number integer,
    title character varying(255),
    description text
);


ALTER TABLE public.components_home_process_steps OWNER TO autotuanlinh_user;

--
-- Name: components_home_process_steps_id_seq; Type: SEQUENCE; Schema: public; Owner: autotuanlinh_user
--

CREATE SEQUENCE public.components_home_process_steps_id_seq
    AS integer
    START WITH 1
    INCREMENT BY 1
    NO MINVALUE
    NO MAXVALUE
    CACHE 1;


ALTER TABLE public.components_home_process_steps_id_seq OWNER TO autotuanlinh_user;

--
-- Name: components_home_process_steps_id_seq; Type: SEQUENCE OWNED BY; Schema: public; Owner: autotuanlinh_user
--

ALTER SEQUENCE public.components_home_process_steps_id_seq OWNED BY public.components_home_process_steps.id;


--
-- Name: components_home_product_badges; Type: TABLE; Schema: public; Owner: autotuanlinh_user
--

CREATE TABLE public.components_home_product_badges (
    id integer NOT NULL,
    text character varying(255),
    type character varying(255)
);


ALTER TABLE public.components_home_product_badges OWNER TO autotuanlinh_user;

--
-- Name: components_home_product_badges_id_seq; Type: SEQUENCE; Schema: public; Owner: autotuanlinh_user
--

CREATE SEQUENCE public.components_home_product_badges_id_seq
    AS integer
    START WITH 1
    INCREMENT BY 1
    NO MINVALUE
    NO MAXVALUE
    CACHE 1;


ALTER TABLE public.components_home_product_badges_id_seq OWNER TO autotuanlinh_user;

--
-- Name: components_home_product_badges_id_seq; Type: SEQUENCE OWNED BY; Schema: public; Owner: autotuanlinh_user
--

ALTER SEQUENCE public.components_home_product_badges_id_seq OWNED BY public.components_home_product_badges.id;


--
-- Name: components_home_product_cat2dfe5_danh_muc_san_phams_lnk; Type: TABLE; Schema: public; Owner: autotuanlinh_user
--

CREATE TABLE public.components_home_product_cat2dfe5_danh_muc_san_phams_lnk (
    id integer NOT NULL,
    product_categories_section_id integer,
    danh_muc_san_pham_id integer,
    danh_muc_san_pham_ord double precision
);


ALTER TABLE public.components_home_product_cat2dfe5_danh_muc_san_phams_lnk OWNER TO autotuanlinh_user;

--
-- Name: components_home_product_cat2dfe5_danh_muc_san_phams_lnk_id_seq; Type: SEQUENCE; Schema: public; Owner: autotuanlinh_user
--

CREATE SEQUENCE public.components_home_product_cat2dfe5_danh_muc_san_phams_lnk_id_seq
    AS integer
    START WITH 1
    INCREMENT BY 1
    NO MINVALUE
    NO MAXVALUE
    CACHE 1;


ALTER TABLE public.components_home_product_cat2dfe5_danh_muc_san_phams_lnk_id_seq OWNER TO autotuanlinh_user;

--
-- Name: components_home_product_cat2dfe5_danh_muc_san_phams_lnk_id_seq; Type: SEQUENCE OWNED BY; Schema: public; Owner: autotuanlinh_user
--

ALTER SEQUENCE public.components_home_product_cat2dfe5_danh_muc_san_phams_lnk_id_seq OWNED BY public.components_home_product_cat2dfe5_danh_muc_san_phams_lnk.id;


--
-- Name: components_home_product_cate2013c_danh_muc_san_pham_lnk; Type: TABLE; Schema: public; Owner: autotuanlinh_user
--

CREATE TABLE public.components_home_product_cate2013c_danh_muc_san_pham_lnk (
    id integer NOT NULL,
    product_category_card_id integer,
    danh_muc_san_pham_id integer
);


ALTER TABLE public.components_home_product_cate2013c_danh_muc_san_pham_lnk OWNER TO autotuanlinh_user;

--
-- Name: components_home_product_cate2013c_danh_muc_san_pham_lnk_id_seq; Type: SEQUENCE; Schema: public; Owner: autotuanlinh_user
--

CREATE SEQUENCE public.components_home_product_cate2013c_danh_muc_san_pham_lnk_id_seq
    AS integer
    START WITH 1
    INCREMENT BY 1
    NO MINVALUE
    NO MAXVALUE
    CACHE 1;


ALTER TABLE public.components_home_product_cate2013c_danh_muc_san_pham_lnk_id_seq OWNER TO autotuanlinh_user;

--
-- Name: components_home_product_cate2013c_danh_muc_san_pham_lnk_id_seq; Type: SEQUENCE OWNED BY; Schema: public; Owner: autotuanlinh_user
--

ALTER SEQUENCE public.components_home_product_cate2013c_danh_muc_san_pham_lnk_id_seq OWNED BY public.components_home_product_cate2013c_danh_muc_san_pham_lnk.id;


--
-- Name: components_home_product_categories_sections; Type: TABLE; Schema: public; Owner: autotuanlinh_user
--

CREATE TABLE public.components_home_product_categories_sections (
    id integer NOT NULL,
    title character varying(255),
    subtitle text
);


ALTER TABLE public.components_home_product_categories_sections OWNER TO autotuanlinh_user;

--
-- Name: components_home_product_categories_sections_id_seq; Type: SEQUENCE; Schema: public; Owner: autotuanlinh_user
--

CREATE SEQUENCE public.components_home_product_categories_sections_id_seq
    AS integer
    START WITH 1
    INCREMENT BY 1
    NO MINVALUE
    NO MAXVALUE
    CACHE 1;


ALTER TABLE public.components_home_product_categories_sections_id_seq OWNER TO autotuanlinh_user;

--
-- Name: components_home_product_categories_sections_id_seq; Type: SEQUENCE OWNED BY; Schema: public; Owner: autotuanlinh_user
--

ALTER SEQUENCE public.components_home_product_categories_sections_id_seq OWNED BY public.components_home_product_categories_sections.id;


--
-- Name: components_home_product_category_cards; Type: TABLE; Schema: public; Owner: autotuanlinh_user
--

CREATE TABLE public.components_home_product_category_cards (
    id integer NOT NULL
);


ALTER TABLE public.components_home_product_category_cards OWNER TO autotuanlinh_user;

--
-- Name: components_home_product_category_cards_id_seq; Type: SEQUENCE; Schema: public; Owner: autotuanlinh_user
--

CREATE SEQUENCE public.components_home_product_category_cards_id_seq
    AS integer
    START WITH 1
    INCREMENT BY 1
    NO MINVALUE
    NO MAXVALUE
    CACHE 1;


ALTER TABLE public.components_home_product_category_cards_id_seq OWNER TO autotuanlinh_user;

--
-- Name: components_home_product_category_cards_id_seq; Type: SEQUENCE OWNED BY; Schema: public; Owner: autotuanlinh_user
--

ALTER SEQUENCE public.components_home_product_category_cards_id_seq OWNED BY public.components_home_product_category_cards.id;


--
-- Name: components_home_professional_services_sections; Type: TABLE; Schema: public; Owner: autotuanlinh_user
--

CREATE TABLE public.components_home_professional_services_sections (
    id integer NOT NULL,
    title character varying(255),
    subtitle text
);


ALTER TABLE public.components_home_professional_services_sections OWNER TO autotuanlinh_user;

--
-- Name: components_home_professional_services_sections_cmps; Type: TABLE; Schema: public; Owner: autotuanlinh_user
--

CREATE TABLE public.components_home_professional_services_sections_cmps (
    id integer NOT NULL,
    entity_id integer,
    cmp_id integer,
    component_type character varying(255),
    field character varying(255),
    "order" double precision
);


ALTER TABLE public.components_home_professional_services_sections_cmps OWNER TO autotuanlinh_user;

--
-- Name: components_home_professional_services_sections_cmps_id_seq; Type: SEQUENCE; Schema: public; Owner: autotuanlinh_user
--

CREATE SEQUENCE public.components_home_professional_services_sections_cmps_id_seq
    AS integer
    START WITH 1
    INCREMENT BY 1
    NO MINVALUE
    NO MAXVALUE
    CACHE 1;


ALTER TABLE public.components_home_professional_services_sections_cmps_id_seq OWNER TO autotuanlinh_user;

--
-- Name: components_home_professional_services_sections_cmps_id_seq; Type: SEQUENCE OWNED BY; Schema: public; Owner: autotuanlinh_user
--

ALTER SEQUENCE public.components_home_professional_services_sections_cmps_id_seq OWNED BY public.components_home_professional_services_sections_cmps.id;


--
-- Name: components_home_professional_services_sections_id_seq; Type: SEQUENCE; Schema: public; Owner: autotuanlinh_user
--

CREATE SEQUENCE public.components_home_professional_services_sections_id_seq
    AS integer
    START WITH 1
    INCREMENT BY 1
    NO MINVALUE
    NO MAXVALUE
    CACHE 1;


ALTER TABLE public.components_home_professional_services_sections_id_seq OWNER TO autotuanlinh_user;

--
-- Name: components_home_professional_services_sections_id_seq; Type: SEQUENCE OWNED BY; Schema: public; Owner: autotuanlinh_user
--

ALTER SEQUENCE public.components_home_professional_services_sections_id_seq OWNED BY public.components_home_professional_services_sections.id;


--
-- Name: components_home_promotion_cards; Type: TABLE; Schema: public; Owner: autotuanlinh_user
--

CREATE TABLE public.components_home_promotion_cards (
    id integer NOT NULL,
    badge character varying(255),
    discount character varying(255),
    is_free boolean,
    end_date date,
    title character varying(255),
    description text,
    link character varying(255),
    button_text character varying(255)
);


ALTER TABLE public.components_home_promotion_cards OWNER TO autotuanlinh_user;

--
-- Name: components_home_promotion_cards_id_seq; Type: SEQUENCE; Schema: public; Owner: autotuanlinh_user
--

CREATE SEQUENCE public.components_home_promotion_cards_id_seq
    AS integer
    START WITH 1
    INCREMENT BY 1
    NO MINVALUE
    NO MAXVALUE
    CACHE 1;


ALTER TABLE public.components_home_promotion_cards_id_seq OWNER TO autotuanlinh_user;

--
-- Name: components_home_promotion_cards_id_seq; Type: SEQUENCE OWNED BY; Schema: public; Owner: autotuanlinh_user
--

ALTER SEQUENCE public.components_home_promotion_cards_id_seq OWNED BY public.components_home_promotion_cards.id;


--
-- Name: components_home_service_cards; Type: TABLE; Schema: public; Owner: autotuanlinh_user
--

CREATE TABLE public.components_home_service_cards (
    id integer NOT NULL,
    title character varying(255),
    description text,
    link character varying(255)
);


ALTER TABLE public.components_home_service_cards OWNER TO autotuanlinh_user;

--
-- Name: components_home_service_cards_cmps; Type: TABLE; Schema: public; Owner: autotuanlinh_user
--

CREATE TABLE public.components_home_service_cards_cmps (
    id integer NOT NULL,
    entity_id integer,
    cmp_id integer,
    component_type character varying(255),
    field character varying(255),
    "order" double precision
);


ALTER TABLE public.components_home_service_cards_cmps OWNER TO autotuanlinh_user;

--
-- Name: components_home_service_cards_cmps_id_seq; Type: SEQUENCE; Schema: public; Owner: autotuanlinh_user
--

CREATE SEQUENCE public.components_home_service_cards_cmps_id_seq
    AS integer
    START WITH 1
    INCREMENT BY 1
    NO MINVALUE
    NO MAXVALUE
    CACHE 1;


ALTER TABLE public.components_home_service_cards_cmps_id_seq OWNER TO autotuanlinh_user;

--
-- Name: components_home_service_cards_cmps_id_seq; Type: SEQUENCE OWNED BY; Schema: public; Owner: autotuanlinh_user
--

ALTER SEQUENCE public.components_home_service_cards_cmps_id_seq OWNED BY public.components_home_service_cards_cmps.id;


--
-- Name: components_home_service_cards_id_seq; Type: SEQUENCE; Schema: public; Owner: autotuanlinh_user
--

CREATE SEQUENCE public.components_home_service_cards_id_seq
    AS integer
    START WITH 1
    INCREMENT BY 1
    NO MINVALUE
    NO MAXVALUE
    CACHE 1;


ALTER TABLE public.components_home_service_cards_id_seq OWNER TO autotuanlinh_user;

--
-- Name: components_home_service_cards_id_seq; Type: SEQUENCE OWNED BY; Schema: public; Owner: autotuanlinh_user
--

ALTER SEQUENCE public.components_home_service_cards_id_seq OWNED BY public.components_home_service_cards.id;


--
-- Name: components_home_service_features; Type: TABLE; Schema: public; Owner: autotuanlinh_user
--

CREATE TABLE public.components_home_service_features (
    id integer NOT NULL,
    text character varying(255)
);


ALTER TABLE public.components_home_service_features OWNER TO autotuanlinh_user;

--
-- Name: components_home_service_features_id_seq; Type: SEQUENCE; Schema: public; Owner: autotuanlinh_user
--

CREATE SEQUENCE public.components_home_service_features_id_seq
    AS integer
    START WITH 1
    INCREMENT BY 1
    NO MINVALUE
    NO MAXVALUE
    CACHE 1;


ALTER TABLE public.components_home_service_features_id_seq OWNER TO autotuanlinh_user;

--
-- Name: components_home_service_features_id_seq; Type: SEQUENCE OWNED BY; Schema: public; Owner: autotuanlinh_user
--

ALTER SEQUENCE public.components_home_service_features_id_seq OWNED BY public.components_home_service_features.id;


--
-- Name: components_home_special_promotions_sections; Type: TABLE; Schema: public; Owner: autotuanlinh_user
--

CREATE TABLE public.components_home_special_promotions_sections (
    id integer NOT NULL,
    title character varying(255),
    subtitle text
);


ALTER TABLE public.components_home_special_promotions_sections OWNER TO autotuanlinh_user;

--
-- Name: components_home_special_promotions_sections_cmps; Type: TABLE; Schema: public; Owner: autotuanlinh_user
--

CREATE TABLE public.components_home_special_promotions_sections_cmps (
    id integer NOT NULL,
    entity_id integer,
    cmp_id integer,
    component_type character varying(255),
    field character varying(255),
    "order" double precision
);


ALTER TABLE public.components_home_special_promotions_sections_cmps OWNER TO autotuanlinh_user;

--
-- Name: components_home_special_promotions_sections_cmps_id_seq; Type: SEQUENCE; Schema: public; Owner: autotuanlinh_user
--

CREATE SEQUENCE public.components_home_special_promotions_sections_cmps_id_seq
    AS integer
    START WITH 1
    INCREMENT BY 1
    NO MINVALUE
    NO MAXVALUE
    CACHE 1;


ALTER TABLE public.components_home_special_promotions_sections_cmps_id_seq OWNER TO autotuanlinh_user;

--
-- Name: components_home_special_promotions_sections_cmps_id_seq; Type: SEQUENCE OWNED BY; Schema: public; Owner: autotuanlinh_user
--

ALTER SEQUENCE public.components_home_special_promotions_sections_cmps_id_seq OWNED BY public.components_home_special_promotions_sections_cmps.id;


--
-- Name: components_home_special_promotions_sections_id_seq; Type: SEQUENCE; Schema: public; Owner: autotuanlinh_user
--

CREATE SEQUENCE public.components_home_special_promotions_sections_id_seq
    AS integer
    START WITH 1
    INCREMENT BY 1
    NO MINVALUE
    NO MAXVALUE
    CACHE 1;


ALTER TABLE public.components_home_special_promotions_sections_id_seq OWNER TO autotuanlinh_user;

--
-- Name: components_home_special_promotions_sections_id_seq; Type: SEQUENCE OWNED BY; Schema: public; Owner: autotuanlinh_user
--

ALTER SEQUENCE public.components_home_special_promotions_sections_id_seq OWNED BY public.components_home_special_promotions_sections.id;


--
-- Name: components_home_stat_cards; Type: TABLE; Schema: public; Owner: autotuanlinh_user
--

CREATE TABLE public.components_home_stat_cards (
    id integer NOT NULL,
    number character varying(255),
    text character varying(255)
);


ALTER TABLE public.components_home_stat_cards OWNER TO autotuanlinh_user;

--
-- Name: components_home_stat_cards_id_seq; Type: SEQUENCE; Schema: public; Owner: autotuanlinh_user
--

CREATE SEQUENCE public.components_home_stat_cards_id_seq
    AS integer
    START WITH 1
    INCREMENT BY 1
    NO MINVALUE
    NO MAXVALUE
    CACHE 1;


ALTER TABLE public.components_home_stat_cards_id_seq OWNER TO autotuanlinh_user;

--
-- Name: components_home_stat_cards_id_seq; Type: SEQUENCE OWNED BY; Schema: public; Owner: autotuanlinh_user
--

ALTER SEQUENCE public.components_home_stat_cards_id_seq OWNED BY public.components_home_stat_cards.id;


--
-- Name: components_home_stats_sections; Type: TABLE; Schema: public; Owner: autotuanlinh_user
--

CREATE TABLE public.components_home_stats_sections (
    id integer NOT NULL
);


ALTER TABLE public.components_home_stats_sections OWNER TO autotuanlinh_user;

--
-- Name: components_home_stats_sections_cmps; Type: TABLE; Schema: public; Owner: autotuanlinh_user
--

CREATE TABLE public.components_home_stats_sections_cmps (
    id integer NOT NULL,
    entity_id integer,
    cmp_id integer,
    component_type character varying(255),
    field character varying(255),
    "order" double precision
);


ALTER TABLE public.components_home_stats_sections_cmps OWNER TO autotuanlinh_user;

--
-- Name: components_home_stats_sections_cmps_id_seq; Type: SEQUENCE; Schema: public; Owner: autotuanlinh_user
--

CREATE SEQUENCE public.components_home_stats_sections_cmps_id_seq
    AS integer
    START WITH 1
    INCREMENT BY 1
    NO MINVALUE
    NO MAXVALUE
    CACHE 1;


ALTER TABLE public.components_home_stats_sections_cmps_id_seq OWNER TO autotuanlinh_user;

--
-- Name: components_home_stats_sections_cmps_id_seq; Type: SEQUENCE OWNED BY; Schema: public; Owner: autotuanlinh_user
--

ALTER SEQUENCE public.components_home_stats_sections_cmps_id_seq OWNED BY public.components_home_stats_sections_cmps.id;


--
-- Name: components_home_stats_sections_id_seq; Type: SEQUENCE; Schema: public; Owner: autotuanlinh_user
--

CREATE SEQUENCE public.components_home_stats_sections_id_seq
    AS integer
    START WITH 1
    INCREMENT BY 1
    NO MINVALUE
    NO MAXVALUE
    CACHE 1;


ALTER TABLE public.components_home_stats_sections_id_seq OWNER TO autotuanlinh_user;

--
-- Name: components_home_stats_sections_id_seq; Type: SEQUENCE OWNED BY; Schema: public; Owner: autotuanlinh_user
--

ALTER SEQUENCE public.components_home_stats_sections_id_seq OWNED BY public.components_home_stats_sections.id;


--
-- Name: components_home_testimonials; Type: TABLE; Schema: public; Owner: autotuanlinh_user
--

CREATE TABLE public.components_home_testimonials (
    id integer NOT NULL,
    rating integer,
    testimonial text,
    customer_name character varying(255)
);


ALTER TABLE public.components_home_testimonials OWNER TO autotuanlinh_user;

--
-- Name: components_home_testimonials_id_seq; Type: SEQUENCE; Schema: public; Owner: autotuanlinh_user
--

CREATE SEQUENCE public.components_home_testimonials_id_seq
    AS integer
    START WITH 1
    INCREMENT BY 1
    NO MINVALUE
    NO MAXVALUE
    CACHE 1;


ALTER TABLE public.components_home_testimonials_id_seq OWNER TO autotuanlinh_user;

--
-- Name: components_home_testimonials_id_seq; Type: SEQUENCE OWNED BY; Schema: public; Owner: autotuanlinh_user
--

ALTER SEQUENCE public.components_home_testimonials_id_seq OWNED BY public.components_home_testimonials.id;


--
-- Name: components_home_testimonials_sections; Type: TABLE; Schema: public; Owner: autotuanlinh_user
--

CREATE TABLE public.components_home_testimonials_sections (
    id integer NOT NULL,
    title character varying(255),
    subtitle text
);


ALTER TABLE public.components_home_testimonials_sections OWNER TO autotuanlinh_user;

--
-- Name: components_home_testimonials_sections_cmps; Type: TABLE; Schema: public; Owner: autotuanlinh_user
--

CREATE TABLE public.components_home_testimonials_sections_cmps (
    id integer NOT NULL,
    entity_id integer,
    cmp_id integer,
    component_type character varying(255),
    field character varying(255),
    "order" double precision
);


ALTER TABLE public.components_home_testimonials_sections_cmps OWNER TO autotuanlinh_user;

--
-- Name: components_home_testimonials_sections_cmps_id_seq; Type: SEQUENCE; Schema: public; Owner: autotuanlinh_user
--

CREATE SEQUENCE public.components_home_testimonials_sections_cmps_id_seq
    AS integer
    START WITH 1
    INCREMENT BY 1
    NO MINVALUE
    NO MAXVALUE
    CACHE 1;


ALTER TABLE public.components_home_testimonials_sections_cmps_id_seq OWNER TO autotuanlinh_user;

--
-- Name: components_home_testimonials_sections_cmps_id_seq; Type: SEQUENCE OWNED BY; Schema: public; Owner: autotuanlinh_user
--

ALTER SEQUENCE public.components_home_testimonials_sections_cmps_id_seq OWNED BY public.components_home_testimonials_sections_cmps.id;


--
-- Name: components_home_testimonials_sections_id_seq; Type: SEQUENCE; Schema: public; Owner: autotuanlinh_user
--

CREATE SEQUENCE public.components_home_testimonials_sections_id_seq
    AS integer
    START WITH 1
    INCREMENT BY 1
    NO MINVALUE
    NO MAXVALUE
    CACHE 1;


ALTER TABLE public.components_home_testimonials_sections_id_seq OWNER TO autotuanlinh_user;

--
-- Name: components_home_testimonials_sections_id_seq; Type: SEQUENCE OWNED BY; Schema: public; Owner: autotuanlinh_user
--

ALTER SEQUENCE public.components_home_testimonials_sections_id_seq OWNED BY public.components_home_testimonials_sections.id;


--
-- Name: components_home_why_choose_uss; Type: TABLE; Schema: public; Owner: autotuanlinh_user
--

CREATE TABLE public.components_home_why_choose_uss (
    id integer NOT NULL,
    title character varying(255),
    subtitle text
);


ALTER TABLE public.components_home_why_choose_uss OWNER TO autotuanlinh_user;

--
-- Name: components_home_why_choose_uss_cmps; Type: TABLE; Schema: public; Owner: autotuanlinh_user
--

CREATE TABLE public.components_home_why_choose_uss_cmps (
    id integer NOT NULL,
    entity_id integer,
    cmp_id integer,
    component_type character varying(255),
    field character varying(255),
    "order" double precision
);


ALTER TABLE public.components_home_why_choose_uss_cmps OWNER TO autotuanlinh_user;

--
-- Name: components_home_why_choose_uss_cmps_id_seq; Type: SEQUENCE; Schema: public; Owner: autotuanlinh_user
--

CREATE SEQUENCE public.components_home_why_choose_uss_cmps_id_seq
    AS integer
    START WITH 1
    INCREMENT BY 1
    NO MINVALUE
    NO MAXVALUE
    CACHE 1;


ALTER TABLE public.components_home_why_choose_uss_cmps_id_seq OWNER TO autotuanlinh_user;

--
-- Name: components_home_why_choose_uss_cmps_id_seq; Type: SEQUENCE OWNED BY; Schema: public; Owner: autotuanlinh_user
--

ALTER SEQUENCE public.components_home_why_choose_uss_cmps_id_seq OWNED BY public.components_home_why_choose_uss_cmps.id;


--
-- Name: components_home_why_choose_uss_id_seq; Type: SEQUENCE; Schema: public; Owner: autotuanlinh_user
--

CREATE SEQUENCE public.components_home_why_choose_uss_id_seq
    AS integer
    START WITH 1
    INCREMENT BY 1
    NO MINVALUE
    NO MAXVALUE
    CACHE 1;


ALTER TABLE public.components_home_why_choose_uss_id_seq OWNER TO autotuanlinh_user;

--
-- Name: components_home_why_choose_uss_id_seq; Type: SEQUENCE OWNED BY; Schema: public; Owner: autotuanlinh_user
--

ALTER SEQUENCE public.components_home_why_choose_uss_id_seq OWNED BY public.components_home_why_choose_uss.id;


--
-- Name: components_shared_contact_info_items; Type: TABLE; Schema: public; Owner: autotuanlinh_user
--

CREATE TABLE public.components_shared_contact_info_items (
    id integer NOT NULL,
    title character varying(255),
    value character varying(255),
    url character varying(255)
);


ALTER TABLE public.components_shared_contact_info_items OWNER TO autotuanlinh_user;

--
-- Name: components_shared_contact_info_items_id_seq; Type: SEQUENCE; Schema: public; Owner: autotuanlinh_user
--

CREATE SEQUENCE public.components_shared_contact_info_items_id_seq
    AS integer
    START WITH 1
    INCREMENT BY 1
    NO MINVALUE
    NO MAXVALUE
    CACHE 1;


ALTER TABLE public.components_shared_contact_info_items_id_seq OWNER TO autotuanlinh_user;

--
-- Name: components_shared_contact_info_items_id_seq; Type: SEQUENCE OWNED BY; Schema: public; Owner: autotuanlinh_user
--

ALTER SEQUENCE public.components_shared_contact_info_items_id_seq OWNED BY public.components_shared_contact_info_items.id;


--
-- Name: components_shared_cta_buttons; Type: TABLE; Schema: public; Owner: autotuanlinh_user
--

CREATE TABLE public.components_shared_cta_buttons (
    id integer NOT NULL,
    text character varying(255),
    url character varying(255),
    icon character varying(255),
    style character varying(255)
);


ALTER TABLE public.components_shared_cta_buttons OWNER TO autotuanlinh_user;

--
-- Name: components_shared_cta_buttons_id_seq; Type: SEQUENCE; Schema: public; Owner: autotuanlinh_user
--

CREATE SEQUENCE public.components_shared_cta_buttons_id_seq
    AS integer
    START WITH 1
    INCREMENT BY 1
    NO MINVALUE
    NO MAXVALUE
    CACHE 1;


ALTER TABLE public.components_shared_cta_buttons_id_seq OWNER TO autotuanlinh_user;

--
-- Name: components_shared_cta_buttons_id_seq; Type: SEQUENCE OWNED BY; Schema: public; Owner: autotuanlinh_user
--

ALTER SEQUENCE public.components_shared_cta_buttons_id_seq OWNED BY public.components_shared_cta_buttons.id;


--
-- Name: components_shared_customer_infos; Type: TABLE; Schema: public; Owner: autotuanlinh_user
--

CREATE TABLE public.components_shared_customer_infos (
    id integer NOT NULL,
    ho_va_ten character varying(255),
    so_dien_thoai character varying(255),
    email character varying(255),
    dia_chi character varying(255),
    tinh_thanh_pho character varying(255),
    quan_huyen character varying(255),
    phuong_xa character varying(255),
    ghi_chu text
);


ALTER TABLE public.components_shared_customer_infos OWNER TO autotuanlinh_user;

--
-- Name: components_shared_customer_infos_id_seq; Type: SEQUENCE; Schema: public; Owner: autotuanlinh_user
--

CREATE SEQUENCE public.components_shared_customer_infos_id_seq
    AS integer
    START WITH 1
    INCREMENT BY 1
    NO MINVALUE
    NO MAXVALUE
    CACHE 1;


ALTER TABLE public.components_shared_customer_infos_id_seq OWNER TO autotuanlinh_user;

--
-- Name: components_shared_customer_infos_id_seq; Type: SEQUENCE OWNED BY; Schema: public; Owner: autotuanlinh_user
--

ALTER SEQUENCE public.components_shared_customer_infos_id_seq OWNED BY public.components_shared_customer_infos.id;


--
-- Name: components_shared_footer_columns; Type: TABLE; Schema: public; Owner: autotuanlinh_user
--

CREATE TABLE public.components_shared_footer_columns (
    id integer NOT NULL,
    heading character varying(255)
);


ALTER TABLE public.components_shared_footer_columns OWNER TO autotuanlinh_user;

--
-- Name: components_shared_footer_columns_cmps; Type: TABLE; Schema: public; Owner: autotuanlinh_user
--

CREATE TABLE public.components_shared_footer_columns_cmps (
    id integer NOT NULL,
    entity_id integer,
    cmp_id integer,
    component_type character varying(255),
    field character varying(255),
    "order" double precision
);


ALTER TABLE public.components_shared_footer_columns_cmps OWNER TO autotuanlinh_user;

--
-- Name: components_shared_footer_columns_cmps_id_seq; Type: SEQUENCE; Schema: public; Owner: autotuanlinh_user
--

CREATE SEQUENCE public.components_shared_footer_columns_cmps_id_seq
    AS integer
    START WITH 1
    INCREMENT BY 1
    NO MINVALUE
    NO MAXVALUE
    CACHE 1;


ALTER TABLE public.components_shared_footer_columns_cmps_id_seq OWNER TO autotuanlinh_user;

--
-- Name: components_shared_footer_columns_cmps_id_seq; Type: SEQUENCE OWNED BY; Schema: public; Owner: autotuanlinh_user
--

ALTER SEQUENCE public.components_shared_footer_columns_cmps_id_seq OWNED BY public.components_shared_footer_columns_cmps.id;


--
-- Name: components_shared_footer_columns_id_seq; Type: SEQUENCE; Schema: public; Owner: autotuanlinh_user
--

CREATE SEQUENCE public.components_shared_footer_columns_id_seq
    AS integer
    START WITH 1
    INCREMENT BY 1
    NO MINVALUE
    NO MAXVALUE
    CACHE 1;


ALTER TABLE public.components_shared_footer_columns_id_seq OWNER TO autotuanlinh_user;

--
-- Name: components_shared_footer_columns_id_seq; Type: SEQUENCE OWNED BY; Schema: public; Owner: autotuanlinh_user
--

ALTER SEQUENCE public.components_shared_footer_columns_id_seq OWNED BY public.components_shared_footer_columns.id;


--
-- Name: components_shared_footer_links; Type: TABLE; Schema: public; Owner: autotuanlinh_user
--

CREATE TABLE public.components_shared_footer_links (
    id integer NOT NULL,
    text character varying(255),
    url character varying(255)
);


ALTER TABLE public.components_shared_footer_links OWNER TO autotuanlinh_user;

--
-- Name: components_shared_footer_links_id_seq; Type: SEQUENCE; Schema: public; Owner: autotuanlinh_user
--

CREATE SEQUENCE public.components_shared_footer_links_id_seq
    AS integer
    START WITH 1
    INCREMENT BY 1
    NO MINVALUE
    NO MAXVALUE
    CACHE 1;


ALTER TABLE public.components_shared_footer_links_id_seq OWNER TO autotuanlinh_user;

--
-- Name: components_shared_footer_links_id_seq; Type: SEQUENCE OWNED BY; Schema: public; Owner: autotuanlinh_user
--

ALTER SEQUENCE public.components_shared_footer_links_id_seq OWNED BY public.components_shared_footer_links.id;


--
-- Name: components_shared_image_with_alts; Type: TABLE; Schema: public; Owner: autotuanlinh_user
--

CREATE TABLE public.components_shared_image_with_alts (
    id integer NOT NULL,
    alt character varying(255)
);


ALTER TABLE public.components_shared_image_with_alts OWNER TO autotuanlinh_user;

--
-- Name: components_shared_image_with_alts_id_seq; Type: SEQUENCE; Schema: public; Owner: autotuanlinh_user
--

CREATE SEQUENCE public.components_shared_image_with_alts_id_seq
    AS integer
    START WITH 1
    INCREMENT BY 1
    NO MINVALUE
    NO MAXVALUE
    CACHE 1;


ALTER TABLE public.components_shared_image_with_alts_id_seq OWNER TO autotuanlinh_user;

--
-- Name: components_shared_image_with_alts_id_seq; Type: SEQUENCE OWNED BY; Schema: public; Owner: autotuanlinh_user
--

ALTER SEQUENCE public.components_shared_image_with_alts_id_seq OWNED BY public.components_shared_image_with_alts.id;


--
-- Name: components_shared_order_items; Type: TABLE; Schema: public; Owner: autotuanlinh_user
--

CREATE TABLE public.components_shared_order_items (
    id integer NOT NULL,
    so_luong integer,
    gia_ban numeric(10,2),
    thanh_tien numeric(10,2)
);


ALTER TABLE public.components_shared_order_items OWNER TO autotuanlinh_user;

--
-- Name: components_shared_order_items_id_seq; Type: SEQUENCE; Schema: public; Owner: autotuanlinh_user
--

CREATE SEQUENCE public.components_shared_order_items_id_seq
    AS integer
    START WITH 1
    INCREMENT BY 1
    NO MINVALUE
    NO MAXVALUE
    CACHE 1;


ALTER TABLE public.components_shared_order_items_id_seq OWNER TO autotuanlinh_user;

--
-- Name: components_shared_order_items_id_seq; Type: SEQUENCE OWNED BY; Schema: public; Owner: autotuanlinh_user
--

ALTER SEQUENCE public.components_shared_order_items_id_seq OWNED BY public.components_shared_order_items.id;


--
-- Name: components_shared_order_items_san_pham_lnk; Type: TABLE; Schema: public; Owner: autotuanlinh_user
--

CREATE TABLE public.components_shared_order_items_san_pham_lnk (
    id integer NOT NULL,
    order_item_id integer,
    san_pham_id integer
);


ALTER TABLE public.components_shared_order_items_san_pham_lnk OWNER TO autotuanlinh_user;

--
-- Name: components_shared_order_items_san_pham_lnk_id_seq; Type: SEQUENCE; Schema: public; Owner: autotuanlinh_user
--

CREATE SEQUENCE public.components_shared_order_items_san_pham_lnk_id_seq
    AS integer
    START WITH 1
    INCREMENT BY 1
    NO MINVALUE
    NO MAXVALUE
    CACHE 1;


ALTER TABLE public.components_shared_order_items_san_pham_lnk_id_seq OWNER TO autotuanlinh_user;

--
-- Name: components_shared_order_items_san_pham_lnk_id_seq; Type: SEQUENCE OWNED BY; Schema: public; Owner: autotuanlinh_user
--

ALTER SEQUENCE public.components_shared_order_items_san_pham_lnk_id_seq OWNED BY public.components_shared_order_items_san_pham_lnk.id;


--
-- Name: components_shared_payment_methods; Type: TABLE; Schema: public; Owner: autotuanlinh_user
--

CREATE TABLE public.components_shared_payment_methods (
    id integer NOT NULL,
    loai character varying(255),
    ten character varying(255),
    mo_ta text
);


ALTER TABLE public.components_shared_payment_methods OWNER TO autotuanlinh_user;

--
-- Name: components_shared_payment_methods_id_seq; Type: SEQUENCE; Schema: public; Owner: autotuanlinh_user
--

CREATE SEQUENCE public.components_shared_payment_methods_id_seq
    AS integer
    START WITH 1
    INCREMENT BY 1
    NO MINVALUE
    NO MAXVALUE
    CACHE 1;


ALTER TABLE public.components_shared_payment_methods_id_seq OWNER TO autotuanlinh_user;

--
-- Name: components_shared_payment_methods_id_seq; Type: SEQUENCE OWNED BY; Schema: public; Owner: autotuanlinh_user
--

ALTER SEQUENCE public.components_shared_payment_methods_id_seq OWNED BY public.components_shared_payment_methods.id;


--
-- Name: components_shared_product_reviews; Type: TABLE; Schema: public; Owner: autotuanlinh_user
--

CREATE TABLE public.components_shared_product_reviews (
    id integer NOT NULL,
    customer_name character varying(255),
    email character varying(255),
    rating integer,
    content text,
    is_approved boolean
);


ALTER TABLE public.components_shared_product_reviews OWNER TO autotuanlinh_user;

--
-- Name: components_shared_product_reviews_id_seq; Type: SEQUENCE; Schema: public; Owner: autotuanlinh_user
--

CREATE SEQUENCE public.components_shared_product_reviews_id_seq
    AS integer
    START WITH 1
    INCREMENT BY 1
    NO MINVALUE
    NO MAXVALUE
    CACHE 1;


ALTER TABLE public.components_shared_product_reviews_id_seq OWNER TO autotuanlinh_user;

--
-- Name: components_shared_product_reviews_id_seq; Type: SEQUENCE OWNED BY; Schema: public; Owner: autotuanlinh_user
--

ALTER SEQUENCE public.components_shared_product_reviews_id_seq OWNED BY public.components_shared_product_reviews.id;


--
-- Name: components_shared_seos; Type: TABLE; Schema: public; Owner: autotuanlinh_user
--

CREATE TABLE public.components_shared_seos (
    id integer NOT NULL,
    meta_title character varying(255),
    meta_description text,
    meta_keywords character varying(255),
    canonical_url character varying(255),
    og_title character varying(255),
    og_description text,
    og_type character varying(255),
    og_url character varying(255),
    og_site_name character varying(255),
    twitter_card character varying(255),
    twitter_title character varying(255),
    twitter_description text,
    twitter_site character varying(255),
    twitter_creator character varying(255),
    robots character varying(255),
    structured_data jsonb
);


ALTER TABLE public.components_shared_seos OWNER TO autotuanlinh_user;

--
-- Name: components_shared_seos_id_seq; Type: SEQUENCE; Schema: public; Owner: autotuanlinh_user
--

CREATE SEQUENCE public.components_shared_seos_id_seq
    AS integer
    START WITH 1
    INCREMENT BY 1
    NO MINVALUE
    NO MAXVALUE
    CACHE 1;


ALTER TABLE public.components_shared_seos_id_seq OWNER TO autotuanlinh_user;

--
-- Name: components_shared_seos_id_seq; Type: SEQUENCE OWNED BY; Schema: public; Owner: autotuanlinh_user
--

ALTER SEQUENCE public.components_shared_seos_id_seq OWNED BY public.components_shared_seos.id;


--
-- Name: components_shared_social_medias; Type: TABLE; Schema: public; Owner: autotuanlinh_user
--

CREATE TABLE public.components_shared_social_medias (
    id integer NOT NULL,
    url character varying(255)
);


ALTER TABLE public.components_shared_social_medias OWNER TO autotuanlinh_user;

--
-- Name: components_shared_social_medias_id_seq; Type: SEQUENCE; Schema: public; Owner: autotuanlinh_user
--

CREATE SEQUENCE public.components_shared_social_medias_id_seq
    AS integer
    START WITH 1
    INCREMENT BY 1
    NO MINVALUE
    NO MAXVALUE
    CACHE 1;


ALTER TABLE public.components_shared_social_medias_id_seq OWNER TO autotuanlinh_user;

--
-- Name: components_shared_social_medias_id_seq; Type: SEQUENCE OWNED BY; Schema: public; Owner: autotuanlinh_user
--

ALTER SEQUENCE public.components_shared_social_medias_id_seq OWNED BY public.components_shared_social_medias.id;


--
-- Name: components_shared_specifications; Type: TABLE; Schema: public; Owner: autotuanlinh_user
--

CREATE TABLE public.components_shared_specifications (
    id integer NOT NULL,
    label character varying(255),
    value character varying(255)
);


ALTER TABLE public.components_shared_specifications OWNER TO autotuanlinh_user;

--
-- Name: components_shared_specifications_id_seq; Type: SEQUENCE; Schema: public; Owner: autotuanlinh_user
--

CREATE SEQUENCE public.components_shared_specifications_id_seq
    AS integer
    START WITH 1
    INCREMENT BY 1
    NO MINVALUE
    NO MAXVALUE
    CACHE 1;


ALTER TABLE public.components_shared_specifications_id_seq OWNER TO autotuanlinh_user;

--
-- Name: components_shared_specifications_id_seq; Type: SEQUENCE OWNED BY; Schema: public; Owner: autotuanlinh_user
--

ALTER SEQUENCE public.components_shared_specifications_id_seq OWNED BY public.components_shared_specifications.id;


--
-- Name: danh_muc_bai_viet_dich_vus; Type: TABLE; Schema: public; Owner: autotuanlinh_user
--

CREATE TABLE public.danh_muc_bai_viet_dich_vus (
    id integer NOT NULL,
    document_id character varying(255),
    title character varying(255),
    slug character varying(255),
    mo_ta text,
    created_at timestamp(6) without time zone,
    updated_at timestamp(6) without time zone,
    published_at timestamp(6) without time zone,
    created_by_id integer,
    updated_by_id integer,
    locale character varying(255)
);


ALTER TABLE public.danh_muc_bai_viet_dich_vus OWNER TO autotuanlinh_user;

--
-- Name: danh_muc_bai_viet_dich_vus_cmps; Type: TABLE; Schema: public; Owner: autotuanlinh_user
--

CREATE TABLE public.danh_muc_bai_viet_dich_vus_cmps (
    id integer NOT NULL,
    entity_id integer,
    cmp_id integer,
    component_type character varying(255),
    field character varying(255),
    "order" double precision
);


ALTER TABLE public.danh_muc_bai_viet_dich_vus_cmps OWNER TO autotuanlinh_user;

--
-- Name: danh_muc_bai_viet_dich_vus_cmps_id_seq; Type: SEQUENCE; Schema: public; Owner: autotuanlinh_user
--

CREATE SEQUENCE public.danh_muc_bai_viet_dich_vus_cmps_id_seq
    AS integer
    START WITH 1
    INCREMENT BY 1
    NO MINVALUE
    NO MAXVALUE
    CACHE 1;


ALTER TABLE public.danh_muc_bai_viet_dich_vus_cmps_id_seq OWNER TO autotuanlinh_user;

--
-- Name: danh_muc_bai_viet_dich_vus_cmps_id_seq; Type: SEQUENCE OWNED BY; Schema: public; Owner: autotuanlinh_user
--

ALTER SEQUENCE public.danh_muc_bai_viet_dich_vus_cmps_id_seq OWNED BY public.danh_muc_bai_viet_dich_vus_cmps.id;


--
-- Name: danh_muc_bai_viet_dich_vus_id_seq; Type: SEQUENCE; Schema: public; Owner: autotuanlinh_user
--

CREATE SEQUENCE public.danh_muc_bai_viet_dich_vus_id_seq
    AS integer
    START WITH 1
    INCREMENT BY 1
    NO MINVALUE
    NO MAXVALUE
    CACHE 1;


ALTER TABLE public.danh_muc_bai_viet_dich_vus_id_seq OWNER TO autotuanlinh_user;

--
-- Name: danh_muc_bai_viet_dich_vus_id_seq; Type: SEQUENCE OWNED BY; Schema: public; Owner: autotuanlinh_user
--

ALTER SEQUENCE public.danh_muc_bai_viet_dich_vus_id_seq OWNED BY public.danh_muc_bai_viet_dich_vus.id;


--
-- Name: danh_muc_bai_viets; Type: TABLE; Schema: public; Owner: autotuanlinh_user
--

CREATE TABLE public.danh_muc_bai_viets (
    id integer NOT NULL,
    document_id character varying(255),
    slug character varying(255),
    mo_ta text,
    created_at timestamp(6) without time zone,
    updated_at timestamp(6) without time zone,
    published_at timestamp(6) without time zone,
    created_by_id integer,
    updated_by_id integer,
    locale character varying(255),
    title character varying(255)
);


ALTER TABLE public.danh_muc_bai_viets OWNER TO autotuanlinh_user;

--
-- Name: danh_muc_bai_viets_cmps; Type: TABLE; Schema: public; Owner: autotuanlinh_user
--

CREATE TABLE public.danh_muc_bai_viets_cmps (
    id integer NOT NULL,
    entity_id integer,
    cmp_id integer,
    component_type character varying(255),
    field character varying(255),
    "order" double precision
);


ALTER TABLE public.danh_muc_bai_viets_cmps OWNER TO autotuanlinh_user;

--
-- Name: danh_muc_bai_viets_cmps_id_seq; Type: SEQUENCE; Schema: public; Owner: autotuanlinh_user
--

CREATE SEQUENCE public.danh_muc_bai_viets_cmps_id_seq
    AS integer
    START WITH 1
    INCREMENT BY 1
    NO MINVALUE
    NO MAXVALUE
    CACHE 1;


ALTER TABLE public.danh_muc_bai_viets_cmps_id_seq OWNER TO autotuanlinh_user;

--
-- Name: danh_muc_bai_viets_cmps_id_seq; Type: SEQUENCE OWNED BY; Schema: public; Owner: autotuanlinh_user
--

ALTER SEQUENCE public.danh_muc_bai_viets_cmps_id_seq OWNED BY public.danh_muc_bai_viets_cmps.id;


--
-- Name: danh_muc_bai_viets_id_seq; Type: SEQUENCE; Schema: public; Owner: autotuanlinh_user
--

CREATE SEQUENCE public.danh_muc_bai_viets_id_seq
    AS integer
    START WITH 1
    INCREMENT BY 1
    NO MINVALUE
    NO MAXVALUE
    CACHE 1;


ALTER TABLE public.danh_muc_bai_viets_id_seq OWNER TO autotuanlinh_user;

--
-- Name: danh_muc_bai_viets_id_seq; Type: SEQUENCE OWNED BY; Schema: public; Owner: autotuanlinh_user
--

ALTER SEQUENCE public.danh_muc_bai_viets_id_seq OWNED BY public.danh_muc_bai_viets.id;


--
-- Name: danh_muc_san_phams; Type: TABLE; Schema: public; Owner: autotuanlinh_user
--

CREATE TABLE public.danh_muc_san_phams (
    id integer NOT NULL,
    document_id character varying(255),
    slug character varying(255),
    mo_ta text,
    created_at timestamp(6) without time zone,
    updated_at timestamp(6) without time zone,
    published_at timestamp(6) without time zone,
    created_by_id integer,
    updated_by_id integer,
    locale character varying(255),
    title character varying(255)
);


ALTER TABLE public.danh_muc_san_phams OWNER TO autotuanlinh_user;

--
-- Name: danh_muc_san_phams_cmps; Type: TABLE; Schema: public; Owner: autotuanlinh_user
--

CREATE TABLE public.danh_muc_san_phams_cmps (
    id integer NOT NULL,
    entity_id integer,
    cmp_id integer,
    component_type character varying(255),
    field character varying(255),
    "order" double precision
);


ALTER TABLE public.danh_muc_san_phams_cmps OWNER TO autotuanlinh_user;

--
-- Name: danh_muc_san_phams_cmps_id_seq; Type: SEQUENCE; Schema: public; Owner: autotuanlinh_user
--

CREATE SEQUENCE public.danh_muc_san_phams_cmps_id_seq
    AS integer
    START WITH 1
    INCREMENT BY 1
    NO MINVALUE
    NO MAXVALUE
    CACHE 1;


ALTER TABLE public.danh_muc_san_phams_cmps_id_seq OWNER TO autotuanlinh_user;

--
-- Name: danh_muc_san_phams_cmps_id_seq; Type: SEQUENCE OWNED BY; Schema: public; Owner: autotuanlinh_user
--

ALTER SEQUENCE public.danh_muc_san_phams_cmps_id_seq OWNED BY public.danh_muc_san_phams_cmps.id;


--
-- Name: danh_muc_san_phams_id_seq; Type: SEQUENCE; Schema: public; Owner: autotuanlinh_user
--

CREATE SEQUENCE public.danh_muc_san_phams_id_seq
    AS integer
    START WITH 1
    INCREMENT BY 1
    NO MINVALUE
    NO MAXVALUE
    CACHE 1;


ALTER TABLE public.danh_muc_san_phams_id_seq OWNER TO autotuanlinh_user;

--
-- Name: danh_muc_san_phams_id_seq; Type: SEQUENCE OWNED BY; Schema: public; Owner: autotuanlinh_user
--

ALTER SEQUENCE public.danh_muc_san_phams_id_seq OWNED BY public.danh_muc_san_phams.id;


--
-- Name: don_hangs; Type: TABLE; Schema: public; Owner: autotuanlinh_user
--

CREATE TABLE public.don_hangs (
    id integer NOT NULL,
    document_id character varying(255),
    ma_don_hang character varying(255),
    tam_tinh numeric(10,2),
    phi_van_chuyen numeric(10,2),
    tong_cong numeric(10,2),
    trang_thai character varying(255),
    ghi_chu_admin text,
    created_at timestamp(6) without time zone,
    updated_at timestamp(6) without time zone,
    published_at timestamp(6) without time zone,
    created_by_id integer,
    updated_by_id integer,
    locale character varying(255)
);


ALTER TABLE public.don_hangs OWNER TO autotuanlinh_user;

--
-- Name: don_hangs_cmps; Type: TABLE; Schema: public; Owner: autotuanlinh_user
--

CREATE TABLE public.don_hangs_cmps (
    id integer NOT NULL,
    entity_id integer,
    cmp_id integer,
    component_type character varying(255),
    field character varying(255),
    "order" double precision
);


ALTER TABLE public.don_hangs_cmps OWNER TO autotuanlinh_user;

--
-- Name: don_hangs_cmps_id_seq; Type: SEQUENCE; Schema: public; Owner: autotuanlinh_user
--

CREATE SEQUENCE public.don_hangs_cmps_id_seq
    AS integer
    START WITH 1
    INCREMENT BY 1
    NO MINVALUE
    NO MAXVALUE
    CACHE 1;


ALTER TABLE public.don_hangs_cmps_id_seq OWNER TO autotuanlinh_user;

--
-- Name: don_hangs_cmps_id_seq; Type: SEQUENCE OWNED BY; Schema: public; Owner: autotuanlinh_user
--

ALTER SEQUENCE public.don_hangs_cmps_id_seq OWNED BY public.don_hangs_cmps.id;


--
-- Name: don_hangs_id_seq; Type: SEQUENCE; Schema: public; Owner: autotuanlinh_user
--

CREATE SEQUENCE public.don_hangs_id_seq
    AS integer
    START WITH 1
    INCREMENT BY 1
    NO MINVALUE
    NO MAXVALUE
    CACHE 1;


ALTER TABLE public.don_hangs_id_seq OWNER TO autotuanlinh_user;

--
-- Name: don_hangs_id_seq; Type: SEQUENCE OWNED BY; Schema: public; Owner: autotuanlinh_user
--

ALTER SEQUENCE public.don_hangs_id_seq OWNED BY public.don_hangs.id;


--
-- Name: files; Type: TABLE; Schema: public; Owner: autotuanlinh_user
--

CREATE TABLE public.files (
    id integer NOT NULL,
    document_id character varying(255),
    name character varying(255),
    alternative_text character varying(255),
    caption character varying(255),
    width integer,
    height integer,
    formats jsonb,
    hash character varying(255),
    ext character varying(255),
    mime character varying(255),
    size numeric(10,2),
    url character varying(255),
    preview_url character varying(255),
    provider character varying(255),
    provider_metadata jsonb,
    folder_path character varying(255),
    created_at timestamp(6) without time zone,
    updated_at timestamp(6) without time zone,
    published_at timestamp(6) without time zone,
    created_by_id integer,
    updated_by_id integer,
    locale character varying(255)
);


ALTER TABLE public.files OWNER TO autotuanlinh_user;

--
-- Name: files_folder_lnk; Type: TABLE; Schema: public; Owner: autotuanlinh_user
--

CREATE TABLE public.files_folder_lnk (
    id integer NOT NULL,
    file_id integer,
    folder_id integer,
    file_ord double precision
);


ALTER TABLE public.files_folder_lnk OWNER TO autotuanlinh_user;

--
-- Name: files_folder_lnk_id_seq; Type: SEQUENCE; Schema: public; Owner: autotuanlinh_user
--

CREATE SEQUENCE public.files_folder_lnk_id_seq
    AS integer
    START WITH 1
    INCREMENT BY 1
    NO MINVALUE
    NO MAXVALUE
    CACHE 1;


ALTER TABLE public.files_folder_lnk_id_seq OWNER TO autotuanlinh_user;

--
-- Name: files_folder_lnk_id_seq; Type: SEQUENCE OWNED BY; Schema: public; Owner: autotuanlinh_user
--

ALTER SEQUENCE public.files_folder_lnk_id_seq OWNED BY public.files_folder_lnk.id;


--
-- Name: files_id_seq; Type: SEQUENCE; Schema: public; Owner: autotuanlinh_user
--

CREATE SEQUENCE public.files_id_seq
    AS integer
    START WITH 1
    INCREMENT BY 1
    NO MINVALUE
    NO MAXVALUE
    CACHE 1;


ALTER TABLE public.files_id_seq OWNER TO autotuanlinh_user;

--
-- Name: files_id_seq; Type: SEQUENCE OWNED BY; Schema: public; Owner: autotuanlinh_user
--

ALTER SEQUENCE public.files_id_seq OWNED BY public.files.id;


--
-- Name: files_related_mph; Type: TABLE; Schema: public; Owner: autotuanlinh_user
--

CREATE TABLE public.files_related_mph (
    id integer NOT NULL,
    file_id integer,
    related_id integer,
    related_type character varying(255),
    field character varying(255),
    "order" double precision
);


ALTER TABLE public.files_related_mph OWNER TO autotuanlinh_user;

--
-- Name: files_related_mph_id_seq; Type: SEQUENCE; Schema: public; Owner: autotuanlinh_user
--

CREATE SEQUENCE public.files_related_mph_id_seq
    AS integer
    START WITH 1
    INCREMENT BY 1
    NO MINVALUE
    NO MAXVALUE
    CACHE 1;


ALTER TABLE public.files_related_mph_id_seq OWNER TO autotuanlinh_user;

--
-- Name: files_related_mph_id_seq; Type: SEQUENCE OWNED BY; Schema: public; Owner: autotuanlinh_user
--

ALTER SEQUENCE public.files_related_mph_id_seq OWNED BY public.files_related_mph.id;


--
-- Name: footer_contacts; Type: TABLE; Schema: public; Owner: autotuanlinh_user
--

CREATE TABLE public.footer_contacts (
    id integer NOT NULL,
    document_id character varying(255),
    created_at timestamp(6) without time zone,
    updated_at timestamp(6) without time zone,
    published_at timestamp(6) without time zone,
    created_by_id integer,
    updated_by_id integer,
    locale character varying(255)
);


ALTER TABLE public.footer_contacts OWNER TO autotuanlinh_user;

--
-- Name: footer_contacts_cmps; Type: TABLE; Schema: public; Owner: autotuanlinh_user
--

CREATE TABLE public.footer_contacts_cmps (
    id integer NOT NULL,
    entity_id integer,
    cmp_id integer,
    component_type character varying(255),
    field character varying(255),
    "order" double precision
);


ALTER TABLE public.footer_contacts_cmps OWNER TO autotuanlinh_user;

--
-- Name: footer_contacts_cmps_id_seq; Type: SEQUENCE; Schema: public; Owner: autotuanlinh_user
--

CREATE SEQUENCE public.footer_contacts_cmps_id_seq
    AS integer
    START WITH 1
    INCREMENT BY 1
    NO MINVALUE
    NO MAXVALUE
    CACHE 1;


ALTER TABLE public.footer_contacts_cmps_id_seq OWNER TO autotuanlinh_user;

--
-- Name: footer_contacts_cmps_id_seq; Type: SEQUENCE OWNED BY; Schema: public; Owner: autotuanlinh_user
--

ALTER SEQUENCE public.footer_contacts_cmps_id_seq OWNED BY public.footer_contacts_cmps.id;


--
-- Name: footer_contacts_id_seq; Type: SEQUENCE; Schema: public; Owner: autotuanlinh_user
--

CREATE SEQUENCE public.footer_contacts_id_seq
    AS integer
    START WITH 1
    INCREMENT BY 1
    NO MINVALUE
    NO MAXVALUE
    CACHE 1;


ALTER TABLE public.footer_contacts_id_seq OWNER TO autotuanlinh_user;

--
-- Name: footer_contacts_id_seq; Type: SEQUENCE OWNED BY; Schema: public; Owner: autotuanlinh_user
--

ALTER SEQUENCE public.footer_contacts_id_seq OWNED BY public.footer_contacts.id;


--
-- Name: footers; Type: TABLE; Schema: public; Owner: autotuanlinh_user
--

CREATE TABLE public.footers (
    id integer NOT NULL,
    document_id character varying(255),
    company_name character varying(255),
    company_description text,
    copyright character varying(255),
    privacy_policy_url character varying(255),
    terms_of_use_url character varying(255),
    created_at timestamp(6) without time zone,
    updated_at timestamp(6) without time zone,
    published_at timestamp(6) without time zone,
    created_by_id integer,
    updated_by_id integer,
    locale character varying(255)
);


ALTER TABLE public.footers OWNER TO autotuanlinh_user;

--
-- Name: footers_cmps; Type: TABLE; Schema: public; Owner: autotuanlinh_user
--

CREATE TABLE public.footers_cmps (
    id integer NOT NULL,
    entity_id integer,
    cmp_id integer,
    component_type character varying(255),
    field character varying(255),
    "order" double precision
);


ALTER TABLE public.footers_cmps OWNER TO autotuanlinh_user;

--
-- Name: footers_cmps_id_seq; Type: SEQUENCE; Schema: public; Owner: autotuanlinh_user
--

CREATE SEQUENCE public.footers_cmps_id_seq
    AS integer
    START WITH 1
    INCREMENT BY 1
    NO MINVALUE
    NO MAXVALUE
    CACHE 1;


ALTER TABLE public.footers_cmps_id_seq OWNER TO autotuanlinh_user;

--
-- Name: footers_cmps_id_seq; Type: SEQUENCE OWNED BY; Schema: public; Owner: autotuanlinh_user
--

ALTER SEQUENCE public.footers_cmps_id_seq OWNED BY public.footers_cmps.id;


--
-- Name: footers_id_seq; Type: SEQUENCE; Schema: public; Owner: autotuanlinh_user
--

CREATE SEQUENCE public.footers_id_seq
    AS integer
    START WITH 1
    INCREMENT BY 1
    NO MINVALUE
    NO MAXVALUE
    CACHE 1;


ALTER TABLE public.footers_id_seq OWNER TO autotuanlinh_user;

--
-- Name: footers_id_seq; Type: SEQUENCE OWNED BY; Schema: public; Owner: autotuanlinh_user
--

ALTER SEQUENCE public.footers_id_seq OWNED BY public.footers.id;


--
-- Name: homes; Type: TABLE; Schema: public; Owner: autotuanlinh_user
--

CREATE TABLE public.homes (
    id integer NOT NULL,
    document_id character varying(255),
    created_at timestamp(6) without time zone,
    updated_at timestamp(6) without time zone,
    published_at timestamp(6) without time zone,
    created_by_id integer,
    updated_by_id integer,
    locale character varying(255)
);


ALTER TABLE public.homes OWNER TO autotuanlinh_user;

--
-- Name: homes_cmps; Type: TABLE; Schema: public; Owner: autotuanlinh_user
--

CREATE TABLE public.homes_cmps (
    id integer NOT NULL,
    entity_id integer,
    cmp_id integer,
    component_type character varying(255),
    field character varying(255),
    "order" double precision
);


ALTER TABLE public.homes_cmps OWNER TO autotuanlinh_user;

--
-- Name: homes_cmps_id_seq; Type: SEQUENCE; Schema: public; Owner: autotuanlinh_user
--

CREATE SEQUENCE public.homes_cmps_id_seq
    AS integer
    START WITH 1
    INCREMENT BY 1
    NO MINVALUE
    NO MAXVALUE
    CACHE 1;


ALTER TABLE public.homes_cmps_id_seq OWNER TO autotuanlinh_user;

--
-- Name: homes_cmps_id_seq; Type: SEQUENCE OWNED BY; Schema: public; Owner: autotuanlinh_user
--

ALTER SEQUENCE public.homes_cmps_id_seq OWNED BY public.homes_cmps.id;


--
-- Name: homes_id_seq; Type: SEQUENCE; Schema: public; Owner: autotuanlinh_user
--

CREATE SEQUENCE public.homes_id_seq
    AS integer
    START WITH 1
    INCREMENT BY 1
    NO MINVALUE
    NO MAXVALUE
    CACHE 1;


ALTER TABLE public.homes_id_seq OWNER TO autotuanlinh_user;

--
-- Name: homes_id_seq; Type: SEQUENCE OWNED BY; Schema: public; Owner: autotuanlinh_user
--

ALTER SEQUENCE public.homes_id_seq OWNED BY public.homes.id;


--
-- Name: i18n_locale; Type: TABLE; Schema: public; Owner: autotuanlinh_user
--

CREATE TABLE public.i18n_locale (
    id integer NOT NULL,
    document_id character varying(255),
    name character varying(255),
    code character varying(255),
    created_at timestamp(6) without time zone,
    updated_at timestamp(6) without time zone,
    published_at timestamp(6) without time zone,
    created_by_id integer,
    updated_by_id integer,
    locale character varying(255)
);


ALTER TABLE public.i18n_locale OWNER TO autotuanlinh_user;

--
-- Name: i18n_locale_id_seq; Type: SEQUENCE; Schema: public; Owner: autotuanlinh_user
--

CREATE SEQUENCE public.i18n_locale_id_seq
    AS integer
    START WITH 1
    INCREMENT BY 1
    NO MINVALUE
    NO MAXVALUE
    CACHE 1;


ALTER TABLE public.i18n_locale_id_seq OWNER TO autotuanlinh_user;

--
-- Name: i18n_locale_id_seq; Type: SEQUENCE OWNED BY; Schema: public; Owner: autotuanlinh_user
--

ALTER SEQUENCE public.i18n_locale_id_seq OWNED BY public.i18n_locale.id;


--
-- Name: newsletter_subscriptions; Type: TABLE; Schema: public; Owner: autotuanlinh_user
--

CREATE TABLE public.newsletter_subscriptions (
    id integer NOT NULL,
    document_id character varying(255),
    email character varying(255),
    is_active boolean,
    subscribed_at timestamp(6) without time zone,
    unsubscribed_at timestamp(6) without time zone,
    created_at timestamp(6) without time zone,
    updated_at timestamp(6) without time zone,
    published_at timestamp(6) without time zone,
    created_by_id integer,
    updated_by_id integer,
    locale character varying(255)
);


ALTER TABLE public.newsletter_subscriptions OWNER TO autotuanlinh_user;

--
-- Name: newsletter_subscriptions_id_seq; Type: SEQUENCE; Schema: public; Owner: autotuanlinh_user
--

CREATE SEQUENCE public.newsletter_subscriptions_id_seq
    AS integer
    START WITH 1
    INCREMENT BY 1
    NO MINVALUE
    NO MAXVALUE
    CACHE 1;


ALTER TABLE public.newsletter_subscriptions_id_seq OWNER TO autotuanlinh_user;

--
-- Name: newsletter_subscriptions_id_seq; Type: SEQUENCE OWNED BY; Schema: public; Owner: autotuanlinh_user
--

ALTER SEQUENCE public.newsletter_subscriptions_id_seq OWNED BY public.newsletter_subscriptions.id;


--
-- Name: san_phams; Type: TABLE; Schema: public; Owner: autotuanlinh_user
--

CREATE TABLE public.san_phams (
    id integer NOT NULL,
    document_id character varying(255),
    mo_ta_ngan text,
    gia_goc numeric(10,2),
    gia_ban numeric(10,2),
    mo_ta_chi_tiet text,
    created_at timestamp(6) without time zone,
    updated_at timestamp(6) without time zone,
    published_at timestamp(6) without time zone,
    created_by_id integer,
    updated_by_id integer,
    locale character varying(255),
    slug character varying(255),
    title character varying(255),
    badges character varying(255),
    giam_gia integer,
    rating numeric(10,2),
    review_count integer
);


ALTER TABLE public.san_phams OWNER TO autotuanlinh_user;

--
-- Name: san_phams_cmps; Type: TABLE; Schema: public; Owner: autotuanlinh_user
--

CREATE TABLE public.san_phams_cmps (
    id integer NOT NULL,
    entity_id integer,
    cmp_id integer,
    component_type character varying(255),
    field character varying(255),
    "order" double precision
);


ALTER TABLE public.san_phams_cmps OWNER TO autotuanlinh_user;

--
-- Name: san_phams_cmps_id_seq; Type: SEQUENCE; Schema: public; Owner: autotuanlinh_user
--

CREATE SEQUENCE public.san_phams_cmps_id_seq
    AS integer
    START WITH 1
    INCREMENT BY 1
    NO MINVALUE
    NO MAXVALUE
    CACHE 1;


ALTER TABLE public.san_phams_cmps_id_seq OWNER TO autotuanlinh_user;

--
-- Name: san_phams_cmps_id_seq; Type: SEQUENCE OWNED BY; Schema: public; Owner: autotuanlinh_user
--

ALTER SEQUENCE public.san_phams_cmps_id_seq OWNED BY public.san_phams_cmps.id;


--
-- Name: san_phams_id_seq; Type: SEQUENCE; Schema: public; Owner: autotuanlinh_user
--

CREATE SEQUENCE public.san_phams_id_seq
    AS integer
    START WITH 1
    INCREMENT BY 1
    NO MINVALUE
    NO MAXVALUE
    CACHE 1;


ALTER TABLE public.san_phams_id_seq OWNER TO autotuanlinh_user;

--
-- Name: san_phams_id_seq; Type: SEQUENCE OWNED BY; Schema: public; Owner: autotuanlinh_user
--

ALTER SEQUENCE public.san_phams_id_seq OWNED BY public.san_phams.id;


--
-- Name: strapi_ai_localization_jobs; Type: TABLE; Schema: public; Owner: autotuanlinh_user
--

CREATE TABLE public.strapi_ai_localization_jobs (
    id integer NOT NULL,
    content_type character varying(255) NOT NULL,
    related_document_id character varying(255) NOT NULL,
    source_locale character varying(255) NOT NULL,
    target_locales jsonb NOT NULL,
    status character varying(255) NOT NULL,
    created_at timestamp(6) without time zone,
    updated_at timestamp(6) without time zone
);


ALTER TABLE public.strapi_ai_localization_jobs OWNER TO autotuanlinh_user;

--
-- Name: strapi_ai_localization_jobs_id_seq; Type: SEQUENCE; Schema: public; Owner: autotuanlinh_user
--

CREATE SEQUENCE public.strapi_ai_localization_jobs_id_seq
    AS integer
    START WITH 1
    INCREMENT BY 1
    NO MINVALUE
    NO MAXVALUE
    CACHE 1;


ALTER TABLE public.strapi_ai_localization_jobs_id_seq OWNER TO autotuanlinh_user;

--
-- Name: strapi_ai_localization_jobs_id_seq; Type: SEQUENCE OWNED BY; Schema: public; Owner: autotuanlinh_user
--

ALTER SEQUENCE public.strapi_ai_localization_jobs_id_seq OWNED BY public.strapi_ai_localization_jobs.id;


--
-- Name: strapi_api_token_permissions; Type: TABLE; Schema: public; Owner: autotuanlinh_user
--

CREATE TABLE public.strapi_api_token_permissions (
    id integer NOT NULL,
    document_id character varying(255),
    action character varying(255),
    created_at timestamp(6) without time zone,
    updated_at timestamp(6) without time zone,
    published_at timestamp(6) without time zone,
    created_by_id integer,
    updated_by_id integer,
    locale character varying(255)
);


ALTER TABLE public.strapi_api_token_permissions OWNER TO autotuanlinh_user;

--
-- Name: strapi_api_token_permissions_id_seq; Type: SEQUENCE; Schema: public; Owner: autotuanlinh_user
--

CREATE SEQUENCE public.strapi_api_token_permissions_id_seq
    AS integer
    START WITH 1
    INCREMENT BY 1
    NO MINVALUE
    NO MAXVALUE
    CACHE 1;


ALTER TABLE public.strapi_api_token_permissions_id_seq OWNER TO autotuanlinh_user;

--
-- Name: strapi_api_token_permissions_id_seq; Type: SEQUENCE OWNED BY; Schema: public; Owner: autotuanlinh_user
--

ALTER SEQUENCE public.strapi_api_token_permissions_id_seq OWNED BY public.strapi_api_token_permissions.id;


--
-- Name: strapi_api_token_permissions_token_lnk; Type: TABLE; Schema: public; Owner: autotuanlinh_user
--

CREATE TABLE public.strapi_api_token_permissions_token_lnk (
    id integer NOT NULL,
    api_token_permission_id integer,
    api_token_id integer,
    api_token_permission_ord double precision
);


ALTER TABLE public.strapi_api_token_permissions_token_lnk OWNER TO autotuanlinh_user;

--
-- Name: strapi_api_token_permissions_token_lnk_id_seq; Type: SEQUENCE; Schema: public; Owner: autotuanlinh_user
--

CREATE SEQUENCE public.strapi_api_token_permissions_token_lnk_id_seq
    AS integer
    START WITH 1
    INCREMENT BY 1
    NO MINVALUE
    NO MAXVALUE
    CACHE 1;


ALTER TABLE public.strapi_api_token_permissions_token_lnk_id_seq OWNER TO autotuanlinh_user;

--
-- Name: strapi_api_token_permissions_token_lnk_id_seq; Type: SEQUENCE OWNED BY; Schema: public; Owner: autotuanlinh_user
--

ALTER SEQUENCE public.strapi_api_token_permissions_token_lnk_id_seq OWNED BY public.strapi_api_token_permissions_token_lnk.id;


--
-- Name: strapi_api_tokens; Type: TABLE; Schema: public; Owner: autotuanlinh_user
--

CREATE TABLE public.strapi_api_tokens (
    id integer NOT NULL,
    document_id character varying(255),
    name character varying(255),
    description character varying(255),
    type character varying(255),
    access_key character varying(255),
    encrypted_key text,
    last_used_at timestamp(6) without time zone,
    expires_at timestamp(6) without time zone,
    lifespan bigint,
    created_at timestamp(6) without time zone,
    updated_at timestamp(6) without time zone,
    published_at timestamp(6) without time zone,
    created_by_id integer,
    updated_by_id integer,
    locale character varying(255)
);


ALTER TABLE public.strapi_api_tokens OWNER TO autotuanlinh_user;

--
-- Name: strapi_api_tokens_id_seq; Type: SEQUENCE; Schema: public; Owner: autotuanlinh_user
--

CREATE SEQUENCE public.strapi_api_tokens_id_seq
    AS integer
    START WITH 1
    INCREMENT BY 1
    NO MINVALUE
    NO MAXVALUE
    CACHE 1;


ALTER TABLE public.strapi_api_tokens_id_seq OWNER TO autotuanlinh_user;

--
-- Name: strapi_api_tokens_id_seq; Type: SEQUENCE OWNED BY; Schema: public; Owner: autotuanlinh_user
--

ALTER SEQUENCE public.strapi_api_tokens_id_seq OWNED BY public.strapi_api_tokens.id;


--
-- Name: strapi_core_store_settings; Type: TABLE; Schema: public; Owner: autotuanlinh_user
--

CREATE TABLE public.strapi_core_store_settings (
    id integer NOT NULL,
    key character varying(255),
    value text,
    type character varying(255),
    environment character varying(255),
    tag character varying(255)
);


ALTER TABLE public.strapi_core_store_settings OWNER TO autotuanlinh_user;

--
-- Name: strapi_core_store_settings_id_seq; Type: SEQUENCE; Schema: public; Owner: autotuanlinh_user
--

CREATE SEQUENCE public.strapi_core_store_settings_id_seq
    AS integer
    START WITH 1
    INCREMENT BY 1
    NO MINVALUE
    NO MAXVALUE
    CACHE 1;


ALTER TABLE public.strapi_core_store_settings_id_seq OWNER TO autotuanlinh_user;

--
-- Name: strapi_core_store_settings_id_seq; Type: SEQUENCE OWNED BY; Schema: public; Owner: autotuanlinh_user
--

ALTER SEQUENCE public.strapi_core_store_settings_id_seq OWNED BY public.strapi_core_store_settings.id;


--
-- Name: strapi_database_schema; Type: TABLE; Schema: public; Owner: autotuanlinh_user
--

CREATE TABLE public.strapi_database_schema (
    id integer NOT NULL,
    schema json,
    "time" timestamp without time zone,
    hash character varying(255)
);


ALTER TABLE public.strapi_database_schema OWNER TO autotuanlinh_user;

--
-- Name: strapi_database_schema_id_seq; Type: SEQUENCE; Schema: public; Owner: autotuanlinh_user
--

CREATE SEQUENCE public.strapi_database_schema_id_seq
    AS integer
    START WITH 1
    INCREMENT BY 1
    NO MINVALUE
    NO MAXVALUE
    CACHE 1;


ALTER TABLE public.strapi_database_schema_id_seq OWNER TO autotuanlinh_user;

--
-- Name: strapi_database_schema_id_seq; Type: SEQUENCE OWNED BY; Schema: public; Owner: autotuanlinh_user
--

ALTER SEQUENCE public.strapi_database_schema_id_seq OWNED BY public.strapi_database_schema.id;


--
-- Name: strapi_history_versions; Type: TABLE; Schema: public; Owner: autotuanlinh_user
--

CREATE TABLE public.strapi_history_versions (
    id integer NOT NULL,
    content_type character varying(255) NOT NULL,
    related_document_id character varying(255),
    locale character varying(255),
    status character varying(255),
    data jsonb,
    schema jsonb,
    created_at timestamp(6) without time zone,
    created_by_id integer
);


ALTER TABLE public.strapi_history_versions OWNER TO autotuanlinh_user;

--
-- Name: strapi_history_versions_id_seq; Type: SEQUENCE; Schema: public; Owner: autotuanlinh_user
--

CREATE SEQUENCE public.strapi_history_versions_id_seq
    AS integer
    START WITH 1
    INCREMENT BY 1
    NO MINVALUE
    NO MAXVALUE
    CACHE 1;


ALTER TABLE public.strapi_history_versions_id_seq OWNER TO autotuanlinh_user;

--
-- Name: strapi_history_versions_id_seq; Type: SEQUENCE OWNED BY; Schema: public; Owner: autotuanlinh_user
--

ALTER SEQUENCE public.strapi_history_versions_id_seq OWNED BY public.strapi_history_versions.id;


--
-- Name: strapi_migrations; Type: TABLE; Schema: public; Owner: autotuanlinh_user
--

CREATE TABLE public.strapi_migrations (
    id integer NOT NULL,
    name character varying(255),
    "time" timestamp without time zone
);


ALTER TABLE public.strapi_migrations OWNER TO autotuanlinh_user;

--
-- Name: strapi_migrations_id_seq; Type: SEQUENCE; Schema: public; Owner: autotuanlinh_user
--

CREATE SEQUENCE public.strapi_migrations_id_seq
    AS integer
    START WITH 1
    INCREMENT BY 1
    NO MINVALUE
    NO MAXVALUE
    CACHE 1;


ALTER TABLE public.strapi_migrations_id_seq OWNER TO autotuanlinh_user;

--
-- Name: strapi_migrations_id_seq; Type: SEQUENCE OWNED BY; Schema: public; Owner: autotuanlinh_user
--

ALTER SEQUENCE public.strapi_migrations_id_seq OWNED BY public.strapi_migrations.id;


--
-- Name: strapi_migrations_internal; Type: TABLE; Schema: public; Owner: autotuanlinh_user
--

CREATE TABLE public.strapi_migrations_internal (
    id integer NOT NULL,
    name character varying(255),
    "time" timestamp without time zone
);


ALTER TABLE public.strapi_migrations_internal OWNER TO autotuanlinh_user;

--
-- Name: strapi_migrations_internal_id_seq; Type: SEQUENCE; Schema: public; Owner: autotuanlinh_user
--

CREATE SEQUENCE public.strapi_migrations_internal_id_seq
    AS integer
    START WITH 1
    INCREMENT BY 1
    NO MINVALUE
    NO MAXVALUE
    CACHE 1;


ALTER TABLE public.strapi_migrations_internal_id_seq OWNER TO autotuanlinh_user;

--
-- Name: strapi_migrations_internal_id_seq; Type: SEQUENCE OWNED BY; Schema: public; Owner: autotuanlinh_user
--

ALTER SEQUENCE public.strapi_migrations_internal_id_seq OWNED BY public.strapi_migrations_internal.id;


--
-- Name: strapi_release_actions; Type: TABLE; Schema: public; Owner: autotuanlinh_user
--

CREATE TABLE public.strapi_release_actions (
    id integer NOT NULL,
    document_id character varying(255),
    type character varying(255),
    content_type character varying(255),
    entry_document_id character varying(255),
    locale character varying(255),
    is_entry_valid boolean,
    created_at timestamp(6) without time zone,
    updated_at timestamp(6) without time zone,
    published_at timestamp(6) without time zone,
    created_by_id integer,
    updated_by_id integer
);


ALTER TABLE public.strapi_release_actions OWNER TO autotuanlinh_user;

--
-- Name: strapi_release_actions_id_seq; Type: SEQUENCE; Schema: public; Owner: autotuanlinh_user
--

CREATE SEQUENCE public.strapi_release_actions_id_seq
    AS integer
    START WITH 1
    INCREMENT BY 1
    NO MINVALUE
    NO MAXVALUE
    CACHE 1;


ALTER TABLE public.strapi_release_actions_id_seq OWNER TO autotuanlinh_user;

--
-- Name: strapi_release_actions_id_seq; Type: SEQUENCE OWNED BY; Schema: public; Owner: autotuanlinh_user
--

ALTER SEQUENCE public.strapi_release_actions_id_seq OWNED BY public.strapi_release_actions.id;


--
-- Name: strapi_release_actions_release_lnk; Type: TABLE; Schema: public; Owner: autotuanlinh_user
--

CREATE TABLE public.strapi_release_actions_release_lnk (
    id integer NOT NULL,
    release_action_id integer,
    release_id integer,
    release_action_ord double precision
);


ALTER TABLE public.strapi_release_actions_release_lnk OWNER TO autotuanlinh_user;

--
-- Name: strapi_release_actions_release_lnk_id_seq; Type: SEQUENCE; Schema: public; Owner: autotuanlinh_user
--

CREATE SEQUENCE public.strapi_release_actions_release_lnk_id_seq
    AS integer
    START WITH 1
    INCREMENT BY 1
    NO MINVALUE
    NO MAXVALUE
    CACHE 1;


ALTER TABLE public.strapi_release_actions_release_lnk_id_seq OWNER TO autotuanlinh_user;

--
-- Name: strapi_release_actions_release_lnk_id_seq; Type: SEQUENCE OWNED BY; Schema: public; Owner: autotuanlinh_user
--

ALTER SEQUENCE public.strapi_release_actions_release_lnk_id_seq OWNED BY public.strapi_release_actions_release_lnk.id;


--
-- Name: strapi_releases; Type: TABLE; Schema: public; Owner: autotuanlinh_user
--

CREATE TABLE public.strapi_releases (
    id integer NOT NULL,
    document_id character varying(255),
    name character varying(255),
    released_at timestamp(6) without time zone,
    scheduled_at timestamp(6) without time zone,
    timezone character varying(255),
    status character varying(255),
    created_at timestamp(6) without time zone,
    updated_at timestamp(6) without time zone,
    published_at timestamp(6) without time zone,
    created_by_id integer,
    updated_by_id integer,
    locale character varying(255)
);


ALTER TABLE public.strapi_releases OWNER TO autotuanlinh_user;

--
-- Name: strapi_releases_id_seq; Type: SEQUENCE; Schema: public; Owner: autotuanlinh_user
--

CREATE SEQUENCE public.strapi_releases_id_seq
    AS integer
    START WITH 1
    INCREMENT BY 1
    NO MINVALUE
    NO MAXVALUE
    CACHE 1;


ALTER TABLE public.strapi_releases_id_seq OWNER TO autotuanlinh_user;

--
-- Name: strapi_releases_id_seq; Type: SEQUENCE OWNED BY; Schema: public; Owner: autotuanlinh_user
--

ALTER SEQUENCE public.strapi_releases_id_seq OWNED BY public.strapi_releases.id;


--
-- Name: strapi_sessions; Type: TABLE; Schema: public; Owner: autotuanlinh_user
--

CREATE TABLE public.strapi_sessions (
    id integer NOT NULL,
    document_id character varying(255),
    user_id character varying(255),
    session_id character varying(255),
    child_id character varying(255),
    device_id character varying(255),
    origin character varying(255),
    expires_at timestamp(6) without time zone,
    absolute_expires_at timestamp(6) without time zone,
    status character varying(255),
    type character varying(255),
    created_at timestamp(6) without time zone,
    updated_at timestamp(6) without time zone,
    published_at timestamp(6) without time zone,
    created_by_id integer,
    updated_by_id integer,
    locale character varying(255)
);


ALTER TABLE public.strapi_sessions OWNER TO autotuanlinh_user;

--
-- Name: strapi_sessions_id_seq; Type: SEQUENCE; Schema: public; Owner: autotuanlinh_user
--

CREATE SEQUENCE public.strapi_sessions_id_seq
    AS integer
    START WITH 1
    INCREMENT BY 1
    NO MINVALUE
    NO MAXVALUE
    CACHE 1;


ALTER TABLE public.strapi_sessions_id_seq OWNER TO autotuanlinh_user;

--
-- Name: strapi_sessions_id_seq; Type: SEQUENCE OWNED BY; Schema: public; Owner: autotuanlinh_user
--

ALTER SEQUENCE public.strapi_sessions_id_seq OWNED BY public.strapi_sessions.id;


--
-- Name: strapi_transfer_token_permissions; Type: TABLE; Schema: public; Owner: autotuanlinh_user
--

CREATE TABLE public.strapi_transfer_token_permissions (
    id integer NOT NULL,
    document_id character varying(255),
    action character varying(255),
    created_at timestamp(6) without time zone,
    updated_at timestamp(6) without time zone,
    published_at timestamp(6) without time zone,
    created_by_id integer,
    updated_by_id integer,
    locale character varying(255)
);


ALTER TABLE public.strapi_transfer_token_permissions OWNER TO autotuanlinh_user;

--
-- Name: strapi_transfer_token_permissions_id_seq; Type: SEQUENCE; Schema: public; Owner: autotuanlinh_user
--

CREATE SEQUENCE public.strapi_transfer_token_permissions_id_seq
    AS integer
    START WITH 1
    INCREMENT BY 1
    NO MINVALUE
    NO MAXVALUE
    CACHE 1;


ALTER TABLE public.strapi_transfer_token_permissions_id_seq OWNER TO autotuanlinh_user;

--
-- Name: strapi_transfer_token_permissions_id_seq; Type: SEQUENCE OWNED BY; Schema: public; Owner: autotuanlinh_user
--

ALTER SEQUENCE public.strapi_transfer_token_permissions_id_seq OWNED BY public.strapi_transfer_token_permissions.id;


--
-- Name: strapi_transfer_token_permissions_token_lnk; Type: TABLE; Schema: public; Owner: autotuanlinh_user
--

CREATE TABLE public.strapi_transfer_token_permissions_token_lnk (
    id integer NOT NULL,
    transfer_token_permission_id integer,
    transfer_token_id integer,
    transfer_token_permission_ord double precision
);


ALTER TABLE public.strapi_transfer_token_permissions_token_lnk OWNER TO autotuanlinh_user;

--
-- Name: strapi_transfer_token_permissions_token_lnk_id_seq; Type: SEQUENCE; Schema: public; Owner: autotuanlinh_user
--

CREATE SEQUENCE public.strapi_transfer_token_permissions_token_lnk_id_seq
    AS integer
    START WITH 1
    INCREMENT BY 1
    NO MINVALUE
    NO MAXVALUE
    CACHE 1;


ALTER TABLE public.strapi_transfer_token_permissions_token_lnk_id_seq OWNER TO autotuanlinh_user;

--
-- Name: strapi_transfer_token_permissions_token_lnk_id_seq; Type: SEQUENCE OWNED BY; Schema: public; Owner: autotuanlinh_user
--

ALTER SEQUENCE public.strapi_transfer_token_permissions_token_lnk_id_seq OWNED BY public.strapi_transfer_token_permissions_token_lnk.id;


--
-- Name: strapi_transfer_tokens; Type: TABLE; Schema: public; Owner: autotuanlinh_user
--

CREATE TABLE public.strapi_transfer_tokens (
    id integer NOT NULL,
    document_id character varying(255),
    name character varying(255),
    description character varying(255),
    access_key character varying(255),
    last_used_at timestamp(6) without time zone,
    expires_at timestamp(6) without time zone,
    lifespan bigint,
    created_at timestamp(6) without time zone,
    updated_at timestamp(6) without time zone,
    published_at timestamp(6) without time zone,
    created_by_id integer,
    updated_by_id integer,
    locale character varying(255)
);


ALTER TABLE public.strapi_transfer_tokens OWNER TO autotuanlinh_user;

--
-- Name: strapi_transfer_tokens_id_seq; Type: SEQUENCE; Schema: public; Owner: autotuanlinh_user
--

CREATE SEQUENCE public.strapi_transfer_tokens_id_seq
    AS integer
    START WITH 1
    INCREMENT BY 1
    NO MINVALUE
    NO MAXVALUE
    CACHE 1;


ALTER TABLE public.strapi_transfer_tokens_id_seq OWNER TO autotuanlinh_user;

--
-- Name: strapi_transfer_tokens_id_seq; Type: SEQUENCE OWNED BY; Schema: public; Owner: autotuanlinh_user
--

ALTER SEQUENCE public.strapi_transfer_tokens_id_seq OWNED BY public.strapi_transfer_tokens.id;


--
-- Name: strapi_webhooks; Type: TABLE; Schema: public; Owner: autotuanlinh_user
--

CREATE TABLE public.strapi_webhooks (
    id integer NOT NULL,
    name character varying(255),
    url text,
    headers jsonb,
    events jsonb,
    enabled boolean
);


ALTER TABLE public.strapi_webhooks OWNER TO autotuanlinh_user;

--
-- Name: strapi_webhooks_id_seq; Type: SEQUENCE; Schema: public; Owner: autotuanlinh_user
--

CREATE SEQUENCE public.strapi_webhooks_id_seq
    AS integer
    START WITH 1
    INCREMENT BY 1
    NO MINVALUE
    NO MAXVALUE
    CACHE 1;


ALTER TABLE public.strapi_webhooks_id_seq OWNER TO autotuanlinh_user;

--
-- Name: strapi_webhooks_id_seq; Type: SEQUENCE OWNED BY; Schema: public; Owner: autotuanlinh_user
--

ALTER SEQUENCE public.strapi_webhooks_id_seq OWNED BY public.strapi_webhooks.id;


--
-- Name: strapi_workflows; Type: TABLE; Schema: public; Owner: autotuanlinh_user
--

CREATE TABLE public.strapi_workflows (
    id integer NOT NULL,
    document_id character varying(255),
    name character varying(255),
    content_types jsonb,
    created_at timestamp(6) without time zone,
    updated_at timestamp(6) without time zone,
    published_at timestamp(6) without time zone,
    created_by_id integer,
    updated_by_id integer,
    locale character varying(255)
);


ALTER TABLE public.strapi_workflows OWNER TO autotuanlinh_user;

--
-- Name: strapi_workflows_id_seq; Type: SEQUENCE; Schema: public; Owner: autotuanlinh_user
--

CREATE SEQUENCE public.strapi_workflows_id_seq
    AS integer
    START WITH 1
    INCREMENT BY 1
    NO MINVALUE
    NO MAXVALUE
    CACHE 1;


ALTER TABLE public.strapi_workflows_id_seq OWNER TO autotuanlinh_user;

--
-- Name: strapi_workflows_id_seq; Type: SEQUENCE OWNED BY; Schema: public; Owner: autotuanlinh_user
--

ALTER SEQUENCE public.strapi_workflows_id_seq OWNED BY public.strapi_workflows.id;


--
-- Name: strapi_workflows_stage_required_to_publish_lnk; Type: TABLE; Schema: public; Owner: autotuanlinh_user
--

CREATE TABLE public.strapi_workflows_stage_required_to_publish_lnk (
    id integer NOT NULL,
    workflow_id integer,
    workflow_stage_id integer
);


ALTER TABLE public.strapi_workflows_stage_required_to_publish_lnk OWNER TO autotuanlinh_user;

--
-- Name: strapi_workflows_stage_required_to_publish_lnk_id_seq; Type: SEQUENCE; Schema: public; Owner: autotuanlinh_user
--

CREATE SEQUENCE public.strapi_workflows_stage_required_to_publish_lnk_id_seq
    AS integer
    START WITH 1
    INCREMENT BY 1
    NO MINVALUE
    NO MAXVALUE
    CACHE 1;


ALTER TABLE public.strapi_workflows_stage_required_to_publish_lnk_id_seq OWNER TO autotuanlinh_user;

--
-- Name: strapi_workflows_stage_required_to_publish_lnk_id_seq; Type: SEQUENCE OWNED BY; Schema: public; Owner: autotuanlinh_user
--

ALTER SEQUENCE public.strapi_workflows_stage_required_to_publish_lnk_id_seq OWNED BY public.strapi_workflows_stage_required_to_publish_lnk.id;


--
-- Name: strapi_workflows_stages; Type: TABLE; Schema: public; Owner: autotuanlinh_user
--

CREATE TABLE public.strapi_workflows_stages (
    id integer NOT NULL,
    document_id character varying(255),
    name character varying(255),
    color character varying(255),
    created_at timestamp(6) without time zone,
    updated_at timestamp(6) without time zone,
    published_at timestamp(6) without time zone,
    created_by_id integer,
    updated_by_id integer,
    locale character varying(255)
);


ALTER TABLE public.strapi_workflows_stages OWNER TO autotuanlinh_user;

--
-- Name: strapi_workflows_stages_id_seq; Type: SEQUENCE; Schema: public; Owner: autotuanlinh_user
--

CREATE SEQUENCE public.strapi_workflows_stages_id_seq
    AS integer
    START WITH 1
    INCREMENT BY 1
    NO MINVALUE
    NO MAXVALUE
    CACHE 1;


ALTER TABLE public.strapi_workflows_stages_id_seq OWNER TO autotuanlinh_user;

--
-- Name: strapi_workflows_stages_id_seq; Type: SEQUENCE OWNED BY; Schema: public; Owner: autotuanlinh_user
--

ALTER SEQUENCE public.strapi_workflows_stages_id_seq OWNED BY public.strapi_workflows_stages.id;


--
-- Name: strapi_workflows_stages_permissions_lnk; Type: TABLE; Schema: public; Owner: autotuanlinh_user
--

CREATE TABLE public.strapi_workflows_stages_permissions_lnk (
    id integer NOT NULL,
    workflow_stage_id integer,
    permission_id integer,
    permission_ord double precision
);


ALTER TABLE public.strapi_workflows_stages_permissions_lnk OWNER TO autotuanlinh_user;

--
-- Name: strapi_workflows_stages_permissions_lnk_id_seq; Type: SEQUENCE; Schema: public; Owner: autotuanlinh_user
--

CREATE SEQUENCE public.strapi_workflows_stages_permissions_lnk_id_seq
    AS integer
    START WITH 1
    INCREMENT BY 1
    NO MINVALUE
    NO MAXVALUE
    CACHE 1;


ALTER TABLE public.strapi_workflows_stages_permissions_lnk_id_seq OWNER TO autotuanlinh_user;

--
-- Name: strapi_workflows_stages_permissions_lnk_id_seq; Type: SEQUENCE OWNED BY; Schema: public; Owner: autotuanlinh_user
--

ALTER SEQUENCE public.strapi_workflows_stages_permissions_lnk_id_seq OWNED BY public.strapi_workflows_stages_permissions_lnk.id;


--
-- Name: strapi_workflows_stages_workflow_lnk; Type: TABLE; Schema: public; Owner: autotuanlinh_user
--

CREATE TABLE public.strapi_workflows_stages_workflow_lnk (
    id integer NOT NULL,
    workflow_stage_id integer,
    workflow_id integer,
    workflow_stage_ord double precision
);


ALTER TABLE public.strapi_workflows_stages_workflow_lnk OWNER TO autotuanlinh_user;

--
-- Name: strapi_workflows_stages_workflow_lnk_id_seq; Type: SEQUENCE; Schema: public; Owner: autotuanlinh_user
--

CREATE SEQUENCE public.strapi_workflows_stages_workflow_lnk_id_seq
    AS integer
    START WITH 1
    INCREMENT BY 1
    NO MINVALUE
    NO MAXVALUE
    CACHE 1;


ALTER TABLE public.strapi_workflows_stages_workflow_lnk_id_seq OWNER TO autotuanlinh_user;

--
-- Name: strapi_workflows_stages_workflow_lnk_id_seq; Type: SEQUENCE OWNED BY; Schema: public; Owner: autotuanlinh_user
--

ALTER SEQUENCE public.strapi_workflows_stages_workflow_lnk_id_seq OWNED BY public.strapi_workflows_stages_workflow_lnk.id;


--
-- Name: topic_blogs; Type: TABLE; Schema: public; Owner: autotuanlinh_user
--

CREATE TABLE public.topic_blogs (
    id integer NOT NULL,
    document_id character varying(255),
    created_at timestamp(6) without time zone,
    updated_at timestamp(6) without time zone,
    published_at timestamp(6) without time zone,
    created_by_id integer,
    updated_by_id integer,
    locale character varying(255),
    name character varying(255)
);


ALTER TABLE public.topic_blogs OWNER TO autotuanlinh_user;

--
-- Name: topic_blogs_id_seq; Type: SEQUENCE; Schema: public; Owner: autotuanlinh_user
--

CREATE SEQUENCE public.topic_blogs_id_seq
    AS integer
    START WITH 1
    INCREMENT BY 1
    NO MINVALUE
    NO MAXVALUE
    CACHE 1;


ALTER TABLE public.topic_blogs_id_seq OWNER TO autotuanlinh_user;

--
-- Name: topic_blogs_id_seq; Type: SEQUENCE OWNED BY; Schema: public; Owner: autotuanlinh_user
--

ALTER SEQUENCE public.topic_blogs_id_seq OWNED BY public.topic_blogs.id;


--
-- Name: up_permissions; Type: TABLE; Schema: public; Owner: autotuanlinh_user
--

CREATE TABLE public.up_permissions (
    id integer NOT NULL,
    document_id character varying(255),
    action character varying(255),
    created_at timestamp(6) without time zone,
    updated_at timestamp(6) without time zone,
    published_at timestamp(6) without time zone,
    created_by_id integer,
    updated_by_id integer,
    locale character varying(255)
);


ALTER TABLE public.up_permissions OWNER TO autotuanlinh_user;

--
-- Name: up_permissions_id_seq; Type: SEQUENCE; Schema: public; Owner: autotuanlinh_user
--

CREATE SEQUENCE public.up_permissions_id_seq
    AS integer
    START WITH 1
    INCREMENT BY 1
    NO MINVALUE
    NO MAXVALUE
    CACHE 1;


ALTER TABLE public.up_permissions_id_seq OWNER TO autotuanlinh_user;

--
-- Name: up_permissions_id_seq; Type: SEQUENCE OWNED BY; Schema: public; Owner: autotuanlinh_user
--

ALTER SEQUENCE public.up_permissions_id_seq OWNED BY public.up_permissions.id;


--
-- Name: up_permissions_role_lnk; Type: TABLE; Schema: public; Owner: autotuanlinh_user
--

CREATE TABLE public.up_permissions_role_lnk (
    id integer NOT NULL,
    permission_id integer,
    role_id integer,
    permission_ord double precision
);


ALTER TABLE public.up_permissions_role_lnk OWNER TO autotuanlinh_user;

--
-- Name: up_permissions_role_lnk_id_seq; Type: SEQUENCE; Schema: public; Owner: autotuanlinh_user
--

CREATE SEQUENCE public.up_permissions_role_lnk_id_seq
    AS integer
    START WITH 1
    INCREMENT BY 1
    NO MINVALUE
    NO MAXVALUE
    CACHE 1;


ALTER TABLE public.up_permissions_role_lnk_id_seq OWNER TO autotuanlinh_user;

--
-- Name: up_permissions_role_lnk_id_seq; Type: SEQUENCE OWNED BY; Schema: public; Owner: autotuanlinh_user
--

ALTER SEQUENCE public.up_permissions_role_lnk_id_seq OWNED BY public.up_permissions_role_lnk.id;


--
-- Name: up_roles; Type: TABLE; Schema: public; Owner: autotuanlinh_user
--

CREATE TABLE public.up_roles (
    id integer NOT NULL,
    document_id character varying(255),
    name character varying(255),
    description character varying(255),
    type character varying(255),
    created_at timestamp(6) without time zone,
    updated_at timestamp(6) without time zone,
    published_at timestamp(6) without time zone,
    created_by_id integer,
    updated_by_id integer,
    locale character varying(255)
);


ALTER TABLE public.up_roles OWNER TO autotuanlinh_user;

--
-- Name: up_roles_id_seq; Type: SEQUENCE; Schema: public; Owner: autotuanlinh_user
--

CREATE SEQUENCE public.up_roles_id_seq
    AS integer
    START WITH 1
    INCREMENT BY 1
    NO MINVALUE
    NO MAXVALUE
    CACHE 1;


ALTER TABLE public.up_roles_id_seq OWNER TO autotuanlinh_user;

--
-- Name: up_roles_id_seq; Type: SEQUENCE OWNED BY; Schema: public; Owner: autotuanlinh_user
--

ALTER SEQUENCE public.up_roles_id_seq OWNED BY public.up_roles.id;


--
-- Name: up_users; Type: TABLE; Schema: public; Owner: autotuanlinh_user
--

CREATE TABLE public.up_users (
    id integer NOT NULL,
    document_id character varying(255),
    username character varying(255),
    email character varying(255),
    provider character varying(255),
    password character varying(255),
    reset_password_token character varying(255),
    confirmation_token character varying(255),
    confirmed boolean,
    blocked boolean,
    created_at timestamp(6) without time zone,
    updated_at timestamp(6) without time zone,
    published_at timestamp(6) without time zone,
    created_by_id integer,
    updated_by_id integer,
    locale character varying(255)
);


ALTER TABLE public.up_users OWNER TO autotuanlinh_user;

--
-- Name: up_users_id_seq; Type: SEQUENCE; Schema: public; Owner: autotuanlinh_user
--

CREATE SEQUENCE public.up_users_id_seq
    AS integer
    START WITH 1
    INCREMENT BY 1
    NO MINVALUE
    NO MAXVALUE
    CACHE 1;


ALTER TABLE public.up_users_id_seq OWNER TO autotuanlinh_user;

--
-- Name: up_users_id_seq; Type: SEQUENCE OWNED BY; Schema: public; Owner: autotuanlinh_user
--

ALTER SEQUENCE public.up_users_id_seq OWNED BY public.up_users.id;


--
-- Name: up_users_role_lnk; Type: TABLE; Schema: public; Owner: autotuanlinh_user
--

CREATE TABLE public.up_users_role_lnk (
    id integer NOT NULL,
    user_id integer,
    role_id integer,
    user_ord double precision
);


ALTER TABLE public.up_users_role_lnk OWNER TO autotuanlinh_user;

--
-- Name: up_users_role_lnk_id_seq; Type: SEQUENCE; Schema: public; Owner: autotuanlinh_user
--

CREATE SEQUENCE public.up_users_role_lnk_id_seq
    AS integer
    START WITH 1
    INCREMENT BY 1
    NO MINVALUE
    NO MAXVALUE
    CACHE 1;


ALTER TABLE public.up_users_role_lnk_id_seq OWNER TO autotuanlinh_user;

--
-- Name: up_users_role_lnk_id_seq; Type: SEQUENCE OWNED BY; Schema: public; Owner: autotuanlinh_user
--

ALTER SEQUENCE public.up_users_role_lnk_id_seq OWNED BY public.up_users_role_lnk.id;


--
-- Name: upload_folders; Type: TABLE; Schema: public; Owner: autotuanlinh_user
--

CREATE TABLE public.upload_folders (
    id integer NOT NULL,
    document_id character varying(255),
    name character varying(255),
    path_id integer,
    path character varying(255),
    created_at timestamp(6) without time zone,
    updated_at timestamp(6) without time zone,
    published_at timestamp(6) without time zone,
    created_by_id integer,
    updated_by_id integer,
    locale character varying(255)
);


ALTER TABLE public.upload_folders OWNER TO autotuanlinh_user;

--
-- Name: upload_folders_id_seq; Type: SEQUENCE; Schema: public; Owner: autotuanlinh_user
--

CREATE SEQUENCE public.upload_folders_id_seq
    AS integer
    START WITH 1
    INCREMENT BY 1
    NO MINVALUE
    NO MAXVALUE
    CACHE 1;


ALTER TABLE public.upload_folders_id_seq OWNER TO autotuanlinh_user;

--
-- Name: upload_folders_id_seq; Type: SEQUENCE OWNED BY; Schema: public; Owner: autotuanlinh_user
--

ALTER SEQUENCE public.upload_folders_id_seq OWNED BY public.upload_folders.id;


--
-- Name: upload_folders_parent_lnk; Type: TABLE; Schema: public; Owner: autotuanlinh_user
--

CREATE TABLE public.upload_folders_parent_lnk (
    id integer NOT NULL,
    folder_id integer,
    inv_folder_id integer,
    folder_ord double precision
);


ALTER TABLE public.upload_folders_parent_lnk OWNER TO autotuanlinh_user;

--
-- Name: upload_folders_parent_lnk_id_seq; Type: SEQUENCE; Schema: public; Owner: autotuanlinh_user
--

CREATE SEQUENCE public.upload_folders_parent_lnk_id_seq
    AS integer
    START WITH 1
    INCREMENT BY 1
    NO MINVALUE
    NO MAXVALUE
    CACHE 1;


ALTER TABLE public.upload_folders_parent_lnk_id_seq OWNER TO autotuanlinh_user;

--
-- Name: upload_folders_parent_lnk_id_seq; Type: SEQUENCE OWNED BY; Schema: public; Owner: autotuanlinh_user
--

ALTER SEQUENCE public.upload_folders_parent_lnk_id_seq OWNED BY public.upload_folders_parent_lnk.id;


--
-- Name: ve_chung_tois; Type: TABLE; Schema: public; Owner: autotuanlinh_user
--

CREATE TABLE public.ve_chung_tois (
    id integer NOT NULL,
    document_id character varying(255),
    created_at timestamp(6) without time zone,
    updated_at timestamp(6) without time zone,
    published_at timestamp(6) without time zone,
    created_by_id integer,
    updated_by_id integer,
    locale character varying(255)
);


ALTER TABLE public.ve_chung_tois OWNER TO autotuanlinh_user;

--
-- Name: ve_chung_tois_cmps; Type: TABLE; Schema: public; Owner: autotuanlinh_user
--

CREATE TABLE public.ve_chung_tois_cmps (
    id integer NOT NULL,
    entity_id integer,
    cmp_id integer,
    component_type character varying(255),
    field character varying(255),
    "order" double precision
);


ALTER TABLE public.ve_chung_tois_cmps OWNER TO autotuanlinh_user;

--
-- Name: ve_chung_tois_cmps_id_seq; Type: SEQUENCE; Schema: public; Owner: autotuanlinh_user
--

CREATE SEQUENCE public.ve_chung_tois_cmps_id_seq
    AS integer
    START WITH 1
    INCREMENT BY 1
    NO MINVALUE
    NO MAXVALUE
    CACHE 1;


ALTER TABLE public.ve_chung_tois_cmps_id_seq OWNER TO autotuanlinh_user;

--
-- Name: ve_chung_tois_cmps_id_seq; Type: SEQUENCE OWNED BY; Schema: public; Owner: autotuanlinh_user
--

ALTER SEQUENCE public.ve_chung_tois_cmps_id_seq OWNED BY public.ve_chung_tois_cmps.id;


--
-- Name: ve_chung_tois_id_seq; Type: SEQUENCE; Schema: public; Owner: autotuanlinh_user
--

CREATE SEQUENCE public.ve_chung_tois_id_seq
    AS integer
    START WITH 1
    INCREMENT BY 1
    NO MINVALUE
    NO MAXVALUE
    CACHE 1;


ALTER TABLE public.ve_chung_tois_id_seq OWNER TO autotuanlinh_user;

--
-- Name: ve_chung_tois_id_seq; Type: SEQUENCE OWNED BY; Schema: public; Owner: autotuanlinh_user
--

ALTER SEQUENCE public.ve_chung_tois_id_seq OWNED BY public.ve_chung_tois.id;


--
-- Name: admin_permissions id; Type: DEFAULT; Schema: public; Owner: autotuanlinh_user
--

ALTER TABLE ONLY public.admin_permissions ALTER COLUMN id SET DEFAULT nextval('public.admin_permissions_id_seq'::regclass);


--
-- Name: admin_permissions_role_lnk id; Type: DEFAULT; Schema: public; Owner: autotuanlinh_user
--

ALTER TABLE ONLY public.admin_permissions_role_lnk ALTER COLUMN id SET DEFAULT nextval('public.admin_permissions_role_lnk_id_seq'::regclass);


--
-- Name: admin_roles id; Type: DEFAULT; Schema: public; Owner: autotuanlinh_user
--

ALTER TABLE ONLY public.admin_roles ALTER COLUMN id SET DEFAULT nextval('public.admin_roles_id_seq'::regclass);


--
-- Name: admin_users id; Type: DEFAULT; Schema: public; Owner: autotuanlinh_user
--

ALTER TABLE ONLY public.admin_users ALTER COLUMN id SET DEFAULT nextval('public.admin_users_id_seq'::regclass);


--
-- Name: admin_users_roles_lnk id; Type: DEFAULT; Schema: public; Owner: autotuanlinh_user
--

ALTER TABLE ONLY public.admin_users_roles_lnk ALTER COLUMN id SET DEFAULT nextval('public.admin_users_roles_lnk_id_seq'::regclass);


--
-- Name: blogs id; Type: DEFAULT; Schema: public; Owner: autotuanlinh_user
--

ALTER TABLE ONLY public.blogs ALTER COLUMN id SET DEFAULT nextval('public.blogs_id_seq'::regclass);


--
-- Name: blogs_cmps id; Type: DEFAULT; Schema: public; Owner: autotuanlinh_user
--

ALTER TABLE ONLY public.blogs_cmps ALTER COLUMN id SET DEFAULT nextval('public.blogs_cmps_id_seq'::regclass);


--
-- Name: blogs_topic_blog_lnk id; Type: DEFAULT; Schema: public; Owner: autotuanlinh_user
--

ALTER TABLE ONLY public.blogs_topic_blog_lnk ALTER COLUMN id SET DEFAULT nextval('public.blogs_topic_blog_lnk_id_seq'::regclass);


--
-- Name: components_about_before_after_sections id; Type: DEFAULT; Schema: public; Owner: autotuanlinh_user
--

ALTER TABLE ONLY public.components_about_before_after_sections ALTER COLUMN id SET DEFAULT nextval('public.components_about_before_after_sections_id_seq'::regclass);


--
-- Name: components_about_before_after_sections_cmps id; Type: DEFAULT; Schema: public; Owner: autotuanlinh_user
--

ALTER TABLE ONLY public.components_about_before_after_sections_cmps ALTER COLUMN id SET DEFAULT nextval('public.components_about_before_after_sections_cmps_id_seq'::regclass);


--
-- Name: components_about_buttons id; Type: DEFAULT; Schema: public; Owner: autotuanlinh_user
--

ALTER TABLE ONLY public.components_about_buttons ALTER COLUMN id SET DEFAULT nextval('public.components_about_buttons_id_seq'::regclass);


--
-- Name: components_about_certification_cards id; Type: DEFAULT; Schema: public; Owner: autotuanlinh_user
--

ALTER TABLE ONLY public.components_about_certification_cards ALTER COLUMN id SET DEFAULT nextval('public.components_about_certification_cards_id_seq'::regclass);


--
-- Name: components_about_certifications_sections id; Type: DEFAULT; Schema: public; Owner: autotuanlinh_user
--

ALTER TABLE ONLY public.components_about_certifications_sections ALTER COLUMN id SET DEFAULT nextval('public.components_about_certifications_sections_id_seq'::regclass);


--
-- Name: components_about_certifications_sections_cmps id; Type: DEFAULT; Schema: public; Owner: autotuanlinh_user
--

ALTER TABLE ONLY public.components_about_certifications_sections_cmps ALTER COLUMN id SET DEFAULT nextval('public.components_about_certifications_sections_cmps_id_seq'::regclass);


--
-- Name: components_about_commitment_cards id; Type: DEFAULT; Schema: public; Owner: autotuanlinh_user
--

ALTER TABLE ONLY public.components_about_commitment_cards ALTER COLUMN id SET DEFAULT nextval('public.components_about_commitment_cards_id_seq'::regclass);


--
-- Name: components_about_commitments_sections id; Type: DEFAULT; Schema: public; Owner: autotuanlinh_user
--

ALTER TABLE ONLY public.components_about_commitments_sections ALTER COLUMN id SET DEFAULT nextval('public.components_about_commitments_sections_id_seq'::regclass);


--
-- Name: components_about_commitments_sections_cmps id; Type: DEFAULT; Schema: public; Owner: autotuanlinh_user
--

ALTER TABLE ONLY public.components_about_commitments_sections_cmps ALTER COLUMN id SET DEFAULT nextval('public.components_about_commitments_sections_cmps_id_seq'::regclass);


--
-- Name: components_about_core_values_sections id; Type: DEFAULT; Schema: public; Owner: autotuanlinh_user
--

ALTER TABLE ONLY public.components_about_core_values_sections ALTER COLUMN id SET DEFAULT nextval('public.components_about_core_values_sections_id_seq'::regclass);


--
-- Name: components_about_core_values_sections_cmps id; Type: DEFAULT; Schema: public; Owner: autotuanlinh_user
--

ALTER TABLE ONLY public.components_about_core_values_sections_cmps ALTER COLUMN id SET DEFAULT nextval('public.components_about_core_values_sections_cmps_id_seq'::regclass);


--
-- Name: components_about_cta_sections id; Type: DEFAULT; Schema: public; Owner: autotuanlinh_user
--

ALTER TABLE ONLY public.components_about_cta_sections ALTER COLUMN id SET DEFAULT nextval('public.components_about_cta_sections_id_seq'::regclass);


--
-- Name: components_about_cta_sections_cmps id; Type: DEFAULT; Schema: public; Owner: autotuanlinh_user
--

ALTER TABLE ONLY public.components_about_cta_sections_cmps ALTER COLUMN id SET DEFAULT nextval('public.components_about_cta_sections_cmps_id_seq'::regclass);


--
-- Name: components_about_history_timeline_sections id; Type: DEFAULT; Schema: public; Owner: autotuanlinh_user
--

ALTER TABLE ONLY public.components_about_history_timeline_sections ALTER COLUMN id SET DEFAULT nextval('public.components_about_history_timeline_sections_id_seq'::regclass);


--
-- Name: components_about_history_timeline_sections_cmps id; Type: DEFAULT; Schema: public; Owner: autotuanlinh_user
--

ALTER TABLE ONLY public.components_about_history_timeline_sections_cmps ALTER COLUMN id SET DEFAULT nextval('public.components_about_history_timeline_sections_cmps_id_seq'::regclass);


--
-- Name: components_about_image_overlays id; Type: DEFAULT; Schema: public; Owner: autotuanlinh_user
--

ALTER TABLE ONLY public.components_about_image_overlays ALTER COLUMN id SET DEFAULT nextval('public.components_about_image_overlays_id_seq'::regclass);


--
-- Name: components_about_introduction_sections id; Type: DEFAULT; Schema: public; Owner: autotuanlinh_user
--

ALTER TABLE ONLY public.components_about_introduction_sections ALTER COLUMN id SET DEFAULT nextval('public.components_about_introduction_sections_id_seq'::regclass);


--
-- Name: components_about_introduction_sections_cmps id; Type: DEFAULT; Schema: public; Owner: autotuanlinh_user
--

ALTER TABLE ONLY public.components_about_introduction_sections_cmps ALTER COLUMN id SET DEFAULT nextval('public.components_about_introduction_sections_cmps_id_seq'::regclass);


--
-- Name: components_about_project_cards id; Type: DEFAULT; Schema: public; Owner: autotuanlinh_user
--

ALTER TABLE ONLY public.components_about_project_cards ALTER COLUMN id SET DEFAULT nextval('public.components_about_project_cards_id_seq'::regclass);


--
-- Name: components_about_showroom_cards id; Type: DEFAULT; Schema: public; Owner: autotuanlinh_user
--

ALTER TABLE ONLY public.components_about_showroom_cards ALTER COLUMN id SET DEFAULT nextval('public.components_about_showroom_cards_id_seq'::regclass);


--
-- Name: components_about_showroom_sections id; Type: DEFAULT; Schema: public; Owner: autotuanlinh_user
--

ALTER TABLE ONLY public.components_about_showroom_sections ALTER COLUMN id SET DEFAULT nextval('public.components_about_showroom_sections_id_seq'::regclass);


--
-- Name: components_about_showroom_sections_cmps id; Type: DEFAULT; Schema: public; Owner: autotuanlinh_user
--

ALTER TABLE ONLY public.components_about_showroom_sections_cmps ALTER COLUMN id SET DEFAULT nextval('public.components_about_showroom_sections_cmps_id_seq'::regclass);


--
-- Name: components_about_store_locations id; Type: DEFAULT; Schema: public; Owner: autotuanlinh_user
--

ALTER TABLE ONLY public.components_about_store_locations ALTER COLUMN id SET DEFAULT nextval('public.components_about_store_locations_id_seq'::regclass);


--
-- Name: components_about_store_locations_sections id; Type: DEFAULT; Schema: public; Owner: autotuanlinh_user
--

ALTER TABLE ONLY public.components_about_store_locations_sections ALTER COLUMN id SET DEFAULT nextval('public.components_about_store_locations_sections_id_seq'::regclass);


--
-- Name: components_about_store_locations_sections_cmps id; Type: DEFAULT; Schema: public; Owner: autotuanlinh_user
--

ALTER TABLE ONLY public.components_about_store_locations_sections_cmps ALTER COLUMN id SET DEFAULT nextval('public.components_about_store_locations_sections_cmps_id_seq'::regclass);


--
-- Name: components_about_team_members id; Type: DEFAULT; Schema: public; Owner: autotuanlinh_user
--

ALTER TABLE ONLY public.components_about_team_members ALTER COLUMN id SET DEFAULT nextval('public.components_about_team_members_id_seq'::regclass);


--
-- Name: components_about_team_sections id; Type: DEFAULT; Schema: public; Owner: autotuanlinh_user
--

ALTER TABLE ONLY public.components_about_team_sections ALTER COLUMN id SET DEFAULT nextval('public.components_about_team_sections_id_seq'::regclass);


--
-- Name: components_about_team_sections_cmps id; Type: DEFAULT; Schema: public; Owner: autotuanlinh_user
--

ALTER TABLE ONLY public.components_about_team_sections_cmps ALTER COLUMN id SET DEFAULT nextval('public.components_about_team_sections_cmps_id_seq'::regclass);


--
-- Name: components_about_timeline_milestones id; Type: DEFAULT; Schema: public; Owner: autotuanlinh_user
--

ALTER TABLE ONLY public.components_about_timeline_milestones ALTER COLUMN id SET DEFAULT nextval('public.components_about_timeline_milestones_id_seq'::regclass);


--
-- Name: components_about_value_cards id; Type: DEFAULT; Schema: public; Owner: autotuanlinh_user
--

ALTER TABLE ONLY public.components_about_value_cards ALTER COLUMN id SET DEFAULT nextval('public.components_about_value_cards_id_seq'::regclass);


--
-- Name: components_about_workshop_sections id; Type: DEFAULT; Schema: public; Owner: autotuanlinh_user
--

ALTER TABLE ONLY public.components_about_workshop_sections ALTER COLUMN id SET DEFAULT nextval('public.components_about_workshop_sections_id_seq'::regclass);


--
-- Name: components_about_workshop_sections_cmps id; Type: DEFAULT; Schema: public; Owner: autotuanlinh_user
--

ALTER TABLE ONLY public.components_about_workshop_sections_cmps ALTER COLUMN id SET DEFAULT nextval('public.components_about_workshop_sections_cmps_id_seq'::regclass);


--
-- Name: components_danhmuc_baiviet_danh_muc_01fc4_bai_viets_lnk id; Type: DEFAULT; Schema: public; Owner: autotuanlinh_user
--

ALTER TABLE ONLY public.components_danhmuc_baiviet_danh_muc_01fc4_bai_viets_lnk ALTER COLUMN id SET DEFAULT nextval('public.components_danhmuc_baiviet_danh_muc_01fc4_bai_viets_lnk_id_seq'::regclass);


--
-- Name: components_danhmuc_baiviet_danh_muc_bai_viet_18708_cmps id; Type: DEFAULT; Schema: public; Owner: autotuanlinh_user
--

ALTER TABLE ONLY public.components_danhmuc_baiviet_danh_muc_bai_viet_18708_cmps ALTER COLUMN id SET DEFAULT nextval('public.components_danhmuc_baiviet_danh_muc_bai_viet_18708_cmps_id_seq'::regclass);


--
-- Name: components_danhmuc_baiviet_danh_muc_bai_viet_800e8_cmps id; Type: DEFAULT; Schema: public; Owner: autotuanlinh_user
--

ALTER TABLE ONLY public.components_danhmuc_baiviet_danh_muc_bai_viet_800e8_cmps ALTER COLUMN id SET DEFAULT nextval('public.components_danhmuc_baiviet_danh_muc_bai_viet_800e8_cmps_id_seq'::regclass);


--
-- Name: components_danhmuc_baiviet_danh_muc_bai_viet_cap_2s id; Type: DEFAULT; Schema: public; Owner: autotuanlinh_user
--

ALTER TABLE ONLY public.components_danhmuc_baiviet_danh_muc_bai_viet_cap_2s ALTER COLUMN id SET DEFAULT nextval('public.components_danhmuc_baiviet_danh_muc_bai_viet_cap_2s_id_seq'::regclass);


--
-- Name: components_danhmuc_baiviet_danh_muc_bai_viet_cap_3s id; Type: DEFAULT; Schema: public; Owner: autotuanlinh_user
--

ALTER TABLE ONLY public.components_danhmuc_baiviet_danh_muc_bai_viet_cap_3s ALTER COLUMN id SET DEFAULT nextval('public.components_danhmuc_baiviet_danh_muc_bai_viet_cap_3s_id_seq'::regclass);


--
-- Name: components_danhmuc_baiviet_danh_muc_e8c55_bai_viets_lnk id; Type: DEFAULT; Schema: public; Owner: autotuanlinh_user
--

ALTER TABLE ONLY public.components_danhmuc_baiviet_danh_muc_e8c55_bai_viets_lnk ALTER COLUMN id SET DEFAULT nextval('public.components_danhmuc_baiviet_danh_muc_e8c55_bai_viets_lnk_id_seq'::regclass);


--
-- Name: components_danhmuc_danh_muc_cap_2s id; Type: DEFAULT; Schema: public; Owner: autotuanlinh_user
--

ALTER TABLE ONLY public.components_danhmuc_danh_muc_cap_2s ALTER COLUMN id SET DEFAULT nextval('public.components_danhmuc_danh_muc_cap_2s_id_seq'::regclass);


--
-- Name: components_danhmuc_danh_muc_cap_2s_cmps id; Type: DEFAULT; Schema: public; Owner: autotuanlinh_user
--

ALTER TABLE ONLY public.components_danhmuc_danh_muc_cap_2s_cmps ALTER COLUMN id SET DEFAULT nextval('public.components_danhmuc_danh_muc_cap_2s_cmps_id_seq'::regclass);


--
-- Name: components_danhmuc_danh_muc_cap_3_s_san_phams_lnk id; Type: DEFAULT; Schema: public; Owner: autotuanlinh_user
--

ALTER TABLE ONLY public.components_danhmuc_danh_muc_cap_3_s_san_phams_lnk ALTER COLUMN id SET DEFAULT nextval('public.components_danhmuc_danh_muc_cap_3_s_san_phams_lnk_id_seq'::regclass);


--
-- Name: components_danhmuc_danh_muc_cap_3s id; Type: DEFAULT; Schema: public; Owner: autotuanlinh_user
--

ALTER TABLE ONLY public.components_danhmuc_danh_muc_cap_3s ALTER COLUMN id SET DEFAULT nextval('public.components_danhmuc_danh_muc_cap_3s_id_seq'::regclass);


--
-- Name: components_danhmuc_danh_muc_cap_3s_cmps id; Type: DEFAULT; Schema: public; Owner: autotuanlinh_user
--

ALTER TABLE ONLY public.components_danhmuc_danh_muc_cap_3s_cmps ALTER COLUMN id SET DEFAULT nextval('public.components_danhmuc_danh_muc_cap_3s_cmps_id_seq'::regclass);


--
-- Name: components_home_blog_cards id; Type: DEFAULT; Schema: public; Owner: autotuanlinh_user
--

ALTER TABLE ONLY public.components_home_blog_cards ALTER COLUMN id SET DEFAULT nextval('public.components_home_blog_cards_id_seq'::regclass);


--
-- Name: components_home_blog_cards_blog_lnk id; Type: DEFAULT; Schema: public; Owner: autotuanlinh_user
--

ALTER TABLE ONLY public.components_home_blog_cards_blog_lnk ALTER COLUMN id SET DEFAULT nextval('public.components_home_blog_cards_blog_lnk_id_seq'::regclass);


--
-- Name: components_home_contact_info_cards id; Type: DEFAULT; Schema: public; Owner: autotuanlinh_user
--

ALTER TABLE ONLY public.components_home_contact_info_cards ALTER COLUMN id SET DEFAULT nextval('public.components_home_contact_info_cards_id_seq'::regclass);


--
-- Name: components_home_contact_sections id; Type: DEFAULT; Schema: public; Owner: autotuanlinh_user
--

ALTER TABLE ONLY public.components_home_contact_sections ALTER COLUMN id SET DEFAULT nextval('public.components_home_contact_sections_id_seq'::regclass);


--
-- Name: components_home_contact_sections_cmps id; Type: DEFAULT; Schema: public; Owner: autotuanlinh_user
--

ALTER TABLE ONLY public.components_home_contact_sections_cmps ALTER COLUMN id SET DEFAULT nextval('public.components_home_contact_sections_cmps_id_seq'::regclass);


--
-- Name: components_home_cta_sections id; Type: DEFAULT; Schema: public; Owner: autotuanlinh_user
--

ALTER TABLE ONLY public.components_home_cta_sections ALTER COLUMN id SET DEFAULT nextval('public.components_home_cta_sections_id_seq'::regclass);


--
-- Name: components_home_cta_sections_cmps id; Type: DEFAULT; Schema: public; Owner: autotuanlinh_user
--

ALTER TABLE ONLY public.components_home_cta_sections_cmps ALTER COLUMN id SET DEFAULT nextval('public.components_home_cta_sections_cmps_id_seq'::regclass);


--
-- Name: components_home_faq_items id; Type: DEFAULT; Schema: public; Owner: autotuanlinh_user
--

ALTER TABLE ONLY public.components_home_faq_items ALTER COLUMN id SET DEFAULT nextval('public.components_home_faq_items_id_seq'::regclass);


--
-- Name: components_home_faq_sections id; Type: DEFAULT; Schema: public; Owner: autotuanlinh_user
--

ALTER TABLE ONLY public.components_home_faq_sections ALTER COLUMN id SET DEFAULT nextval('public.components_home_faq_sections_id_seq'::regclass);


--
-- Name: components_home_faq_sections_cmps id; Type: DEFAULT; Schema: public; Owner: autotuanlinh_user
--

ALTER TABLE ONLY public.components_home_faq_sections_cmps ALTER COLUMN id SET DEFAULT nextval('public.components_home_faq_sections_cmps_id_seq'::regclass);


--
-- Name: components_home_feature_cards id; Type: DEFAULT; Schema: public; Owner: autotuanlinh_user
--

ALTER TABLE ONLY public.components_home_feature_cards ALTER COLUMN id SET DEFAULT nextval('public.components_home_feature_cards_id_seq'::regclass);


--
-- Name: components_home_featured_product_cards id; Type: DEFAULT; Schema: public; Owner: autotuanlinh_user
--

ALTER TABLE ONLY public.components_home_featured_product_cards ALTER COLUMN id SET DEFAULT nextval('public.components_home_featured_product_cards_id_seq'::regclass);


--
-- Name: components_home_featured_product_cards_cmps id; Type: DEFAULT; Schema: public; Owner: autotuanlinh_user
--

ALTER TABLE ONLY public.components_home_featured_product_cards_cmps ALTER COLUMN id SET DEFAULT nextval('public.components_home_featured_product_cards_cmps_id_seq'::regclass);


--
-- Name: components_home_featured_product_cards_san_pham_lnk id; Type: DEFAULT; Schema: public; Owner: autotuanlinh_user
--

ALTER TABLE ONLY public.components_home_featured_product_cards_san_pham_lnk ALTER COLUMN id SET DEFAULT nextval('public.components_home_featured_product_cards_san_pham_lnk_id_seq'::regclass);


--
-- Name: components_home_featured_products_sections id; Type: DEFAULT; Schema: public; Owner: autotuanlinh_user
--

ALTER TABLE ONLY public.components_home_featured_products_sections ALTER COLUMN id SET DEFAULT nextval('public.components_home_featured_products_sections_id_seq'::regclass);


--
-- Name: components_home_featured_products_sections_products_lnk id; Type: DEFAULT; Schema: public; Owner: autotuanlinh_user
--

ALTER TABLE ONLY public.components_home_featured_products_sections_products_lnk ALTER COLUMN id SET DEFAULT nextval('public.components_home_featured_products_sections_products_lnk_id_seq'::regclass);


--
-- Name: components_home_gallery_sections id; Type: DEFAULT; Schema: public; Owner: autotuanlinh_user
--

ALTER TABLE ONLY public.components_home_gallery_sections ALTER COLUMN id SET DEFAULT nextval('public.components_home_gallery_sections_id_seq'::regclass);


--
-- Name: components_home_gallery_sections_cmps id; Type: DEFAULT; Schema: public; Owner: autotuanlinh_user
--

ALTER TABLE ONLY public.components_home_gallery_sections_cmps ALTER COLUMN id SET DEFAULT nextval('public.components_home_gallery_sections_cmps_id_seq'::regclass);


--
-- Name: components_home_hero_sliders id; Type: DEFAULT; Schema: public; Owner: autotuanlinh_user
--

ALTER TABLE ONLY public.components_home_hero_sliders ALTER COLUMN id SET DEFAULT nextval('public.components_home_hero_sliders_id_seq'::regclass);


--
-- Name: components_home_latest_news_sections id; Type: DEFAULT; Schema: public; Owner: autotuanlinh_user
--

ALTER TABLE ONLY public.components_home_latest_news_sections ALTER COLUMN id SET DEFAULT nextval('public.components_home_latest_news_sections_id_seq'::regclass);


--
-- Name: components_home_latest_news_sections_blogs_lnk id; Type: DEFAULT; Schema: public; Owner: autotuanlinh_user
--

ALTER TABLE ONLY public.components_home_latest_news_sections_blogs_lnk ALTER COLUMN id SET DEFAULT nextval('public.components_home_latest_news_sections_blogs_lnk_id_seq'::regclass);


--
-- Name: components_home_latest_news_sections_cmps id; Type: DEFAULT; Schema: public; Owner: autotuanlinh_user
--

ALTER TABLE ONLY public.components_home_latest_news_sections_cmps ALTER COLUMN id SET DEFAULT nextval('public.components_home_latest_news_sections_cmps_id_seq'::regclass);


--
-- Name: components_home_newsletter_sections id; Type: DEFAULT; Schema: public; Owner: autotuanlinh_user
--

ALTER TABLE ONLY public.components_home_newsletter_sections ALTER COLUMN id SET DEFAULT nextval('public.components_home_newsletter_sections_id_seq'::regclass);


--
-- Name: components_home_partner_brands id; Type: DEFAULT; Schema: public; Owner: autotuanlinh_user
--

ALTER TABLE ONLY public.components_home_partner_brands ALTER COLUMN id SET DEFAULT nextval('public.components_home_partner_brands_id_seq'::regclass);


--
-- Name: components_home_partner_brands_sections id; Type: DEFAULT; Schema: public; Owner: autotuanlinh_user
--

ALTER TABLE ONLY public.components_home_partner_brands_sections ALTER COLUMN id SET DEFAULT nextval('public.components_home_partner_brands_sections_id_seq'::regclass);


--
-- Name: components_home_partner_brands_sections_cmps id; Type: DEFAULT; Schema: public; Owner: autotuanlinh_user
--

ALTER TABLE ONLY public.components_home_partner_brands_sections_cmps ALTER COLUMN id SET DEFAULT nextval('public.components_home_partner_brands_sections_cmps_id_seq'::regclass);


--
-- Name: components_home_process_sections id; Type: DEFAULT; Schema: public; Owner: autotuanlinh_user
--

ALTER TABLE ONLY public.components_home_process_sections ALTER COLUMN id SET DEFAULT nextval('public.components_home_process_sections_id_seq'::regclass);


--
-- Name: components_home_process_sections_cmps id; Type: DEFAULT; Schema: public; Owner: autotuanlinh_user
--

ALTER TABLE ONLY public.components_home_process_sections_cmps ALTER COLUMN id SET DEFAULT nextval('public.components_home_process_sections_cmps_id_seq'::regclass);


--
-- Name: components_home_process_steps id; Type: DEFAULT; Schema: public; Owner: autotuanlinh_user
--

ALTER TABLE ONLY public.components_home_process_steps ALTER COLUMN id SET DEFAULT nextval('public.components_home_process_steps_id_seq'::regclass);


--
-- Name: components_home_product_badges id; Type: DEFAULT; Schema: public; Owner: autotuanlinh_user
--

ALTER TABLE ONLY public.components_home_product_badges ALTER COLUMN id SET DEFAULT nextval('public.components_home_product_badges_id_seq'::regclass);


--
-- Name: components_home_product_cat2dfe5_danh_muc_san_phams_lnk id; Type: DEFAULT; Schema: public; Owner: autotuanlinh_user
--

ALTER TABLE ONLY public.components_home_product_cat2dfe5_danh_muc_san_phams_lnk ALTER COLUMN id SET DEFAULT nextval('public.components_home_product_cat2dfe5_danh_muc_san_phams_lnk_id_seq'::regclass);


--
-- Name: components_home_product_cate2013c_danh_muc_san_pham_lnk id; Type: DEFAULT; Schema: public; Owner: autotuanlinh_user
--

ALTER TABLE ONLY public.components_home_product_cate2013c_danh_muc_san_pham_lnk ALTER COLUMN id SET DEFAULT nextval('public.components_home_product_cate2013c_danh_muc_san_pham_lnk_id_seq'::regclass);


--
-- Name: components_home_product_categories_sections id; Type: DEFAULT; Schema: public; Owner: autotuanlinh_user
--

ALTER TABLE ONLY public.components_home_product_categories_sections ALTER COLUMN id SET DEFAULT nextval('public.components_home_product_categories_sections_id_seq'::regclass);


--
-- Name: components_home_product_category_cards id; Type: DEFAULT; Schema: public; Owner: autotuanlinh_user
--

ALTER TABLE ONLY public.components_home_product_category_cards ALTER COLUMN id SET DEFAULT nextval('public.components_home_product_category_cards_id_seq'::regclass);


--
-- Name: components_home_professional_services_sections id; Type: DEFAULT; Schema: public; Owner: autotuanlinh_user
--

ALTER TABLE ONLY public.components_home_professional_services_sections ALTER COLUMN id SET DEFAULT nextval('public.components_home_professional_services_sections_id_seq'::regclass);


--
-- Name: components_home_professional_services_sections_cmps id; Type: DEFAULT; Schema: public; Owner: autotuanlinh_user
--

ALTER TABLE ONLY public.components_home_professional_services_sections_cmps ALTER COLUMN id SET DEFAULT nextval('public.components_home_professional_services_sections_cmps_id_seq'::regclass);


--
-- Name: components_home_promotion_cards id; Type: DEFAULT; Schema: public; Owner: autotuanlinh_user
--

ALTER TABLE ONLY public.components_home_promotion_cards ALTER COLUMN id SET DEFAULT nextval('public.components_home_promotion_cards_id_seq'::regclass);


--
-- Name: components_home_service_cards id; Type: DEFAULT; Schema: public; Owner: autotuanlinh_user
--

ALTER TABLE ONLY public.components_home_service_cards ALTER COLUMN id SET DEFAULT nextval('public.components_home_service_cards_id_seq'::regclass);


--
-- Name: components_home_service_cards_cmps id; Type: DEFAULT; Schema: public; Owner: autotuanlinh_user
--

ALTER TABLE ONLY public.components_home_service_cards_cmps ALTER COLUMN id SET DEFAULT nextval('public.components_home_service_cards_cmps_id_seq'::regclass);


--
-- Name: components_home_service_features id; Type: DEFAULT; Schema: public; Owner: autotuanlinh_user
--

ALTER TABLE ONLY public.components_home_service_features ALTER COLUMN id SET DEFAULT nextval('public.components_home_service_features_id_seq'::regclass);


--
-- Name: components_home_special_promotions_sections id; Type: DEFAULT; Schema: public; Owner: autotuanlinh_user
--

ALTER TABLE ONLY public.components_home_special_promotions_sections ALTER COLUMN id SET DEFAULT nextval('public.components_home_special_promotions_sections_id_seq'::regclass);


--
-- Name: components_home_special_promotions_sections_cmps id; Type: DEFAULT; Schema: public; Owner: autotuanlinh_user
--

ALTER TABLE ONLY public.components_home_special_promotions_sections_cmps ALTER COLUMN id SET DEFAULT nextval('public.components_home_special_promotions_sections_cmps_id_seq'::regclass);


--
-- Name: components_home_stat_cards id; Type: DEFAULT; Schema: public; Owner: autotuanlinh_user
--

ALTER TABLE ONLY public.components_home_stat_cards ALTER COLUMN id SET DEFAULT nextval('public.components_home_stat_cards_id_seq'::regclass);


--
-- Name: components_home_stats_sections id; Type: DEFAULT; Schema: public; Owner: autotuanlinh_user
--

ALTER TABLE ONLY public.components_home_stats_sections ALTER COLUMN id SET DEFAULT nextval('public.components_home_stats_sections_id_seq'::regclass);


--
-- Name: components_home_stats_sections_cmps id; Type: DEFAULT; Schema: public; Owner: autotuanlinh_user
--

ALTER TABLE ONLY public.components_home_stats_sections_cmps ALTER COLUMN id SET DEFAULT nextval('public.components_home_stats_sections_cmps_id_seq'::regclass);


--
-- Name: components_home_testimonials id; Type: DEFAULT; Schema: public; Owner: autotuanlinh_user
--

ALTER TABLE ONLY public.components_home_testimonials ALTER COLUMN id SET DEFAULT nextval('public.components_home_testimonials_id_seq'::regclass);


--
-- Name: components_home_testimonials_sections id; Type: DEFAULT; Schema: public; Owner: autotuanlinh_user
--

ALTER TABLE ONLY public.components_home_testimonials_sections ALTER COLUMN id SET DEFAULT nextval('public.components_home_testimonials_sections_id_seq'::regclass);


--
-- Name: components_home_testimonials_sections_cmps id; Type: DEFAULT; Schema: public; Owner: autotuanlinh_user
--

ALTER TABLE ONLY public.components_home_testimonials_sections_cmps ALTER COLUMN id SET DEFAULT nextval('public.components_home_testimonials_sections_cmps_id_seq'::regclass);


--
-- Name: components_home_why_choose_uss id; Type: DEFAULT; Schema: public; Owner: autotuanlinh_user
--

ALTER TABLE ONLY public.components_home_why_choose_uss ALTER COLUMN id SET DEFAULT nextval('public.components_home_why_choose_uss_id_seq'::regclass);


--
-- Name: components_home_why_choose_uss_cmps id; Type: DEFAULT; Schema: public; Owner: autotuanlinh_user
--

ALTER TABLE ONLY public.components_home_why_choose_uss_cmps ALTER COLUMN id SET DEFAULT nextval('public.components_home_why_choose_uss_cmps_id_seq'::regclass);


--
-- Name: components_shared_contact_info_items id; Type: DEFAULT; Schema: public; Owner: autotuanlinh_user
--

ALTER TABLE ONLY public.components_shared_contact_info_items ALTER COLUMN id SET DEFAULT nextval('public.components_shared_contact_info_items_id_seq'::regclass);


--
-- Name: components_shared_cta_buttons id; Type: DEFAULT; Schema: public; Owner: autotuanlinh_user
--

ALTER TABLE ONLY public.components_shared_cta_buttons ALTER COLUMN id SET DEFAULT nextval('public.components_shared_cta_buttons_id_seq'::regclass);


--
-- Name: components_shared_customer_infos id; Type: DEFAULT; Schema: public; Owner: autotuanlinh_user
--

ALTER TABLE ONLY public.components_shared_customer_infos ALTER COLUMN id SET DEFAULT nextval('public.components_shared_customer_infos_id_seq'::regclass);


--
-- Name: components_shared_footer_columns id; Type: DEFAULT; Schema: public; Owner: autotuanlinh_user
--

ALTER TABLE ONLY public.components_shared_footer_columns ALTER COLUMN id SET DEFAULT nextval('public.components_shared_footer_columns_id_seq'::regclass);


--
-- Name: components_shared_footer_columns_cmps id; Type: DEFAULT; Schema: public; Owner: autotuanlinh_user
--

ALTER TABLE ONLY public.components_shared_footer_columns_cmps ALTER COLUMN id SET DEFAULT nextval('public.components_shared_footer_columns_cmps_id_seq'::regclass);


--
-- Name: components_shared_footer_links id; Type: DEFAULT; Schema: public; Owner: autotuanlinh_user
--

ALTER TABLE ONLY public.components_shared_footer_links ALTER COLUMN id SET DEFAULT nextval('public.components_shared_footer_links_id_seq'::regclass);


--
-- Name: components_shared_image_with_alts id; Type: DEFAULT; Schema: public; Owner: autotuanlinh_user
--

ALTER TABLE ONLY public.components_shared_image_with_alts ALTER COLUMN id SET DEFAULT nextval('public.components_shared_image_with_alts_id_seq'::regclass);


--
-- Name: components_shared_order_items id; Type: DEFAULT; Schema: public; Owner: autotuanlinh_user
--

ALTER TABLE ONLY public.components_shared_order_items ALTER COLUMN id SET DEFAULT nextval('public.components_shared_order_items_id_seq'::regclass);


--
-- Name: components_shared_order_items_san_pham_lnk id; Type: DEFAULT; Schema: public; Owner: autotuanlinh_user
--

ALTER TABLE ONLY public.components_shared_order_items_san_pham_lnk ALTER COLUMN id SET DEFAULT nextval('public.components_shared_order_items_san_pham_lnk_id_seq'::regclass);


--
-- Name: components_shared_payment_methods id; Type: DEFAULT; Schema: public; Owner: autotuanlinh_user
--

ALTER TABLE ONLY public.components_shared_payment_methods ALTER COLUMN id SET DEFAULT nextval('public.components_shared_payment_methods_id_seq'::regclass);


--
-- Name: components_shared_product_reviews id; Type: DEFAULT; Schema: public; Owner: autotuanlinh_user
--

ALTER TABLE ONLY public.components_shared_product_reviews ALTER COLUMN id SET DEFAULT nextval('public.components_shared_product_reviews_id_seq'::regclass);


--
-- Name: components_shared_seos id; Type: DEFAULT; Schema: public; Owner: autotuanlinh_user
--

ALTER TABLE ONLY public.components_shared_seos ALTER COLUMN id SET DEFAULT nextval('public.components_shared_seos_id_seq'::regclass);


--
-- Name: components_shared_social_medias id; Type: DEFAULT; Schema: public; Owner: autotuanlinh_user
--

ALTER TABLE ONLY public.components_shared_social_medias ALTER COLUMN id SET DEFAULT nextval('public.components_shared_social_medias_id_seq'::regclass);


--
-- Name: components_shared_specifications id; Type: DEFAULT; Schema: public; Owner: autotuanlinh_user
--

ALTER TABLE ONLY public.components_shared_specifications ALTER COLUMN id SET DEFAULT nextval('public.components_shared_specifications_id_seq'::regclass);


--
-- Name: danh_muc_bai_viet_dich_vus id; Type: DEFAULT; Schema: public; Owner: autotuanlinh_user
--

ALTER TABLE ONLY public.danh_muc_bai_viet_dich_vus ALTER COLUMN id SET DEFAULT nextval('public.danh_muc_bai_viet_dich_vus_id_seq'::regclass);


--
-- Name: danh_muc_bai_viet_dich_vus_cmps id; Type: DEFAULT; Schema: public; Owner: autotuanlinh_user
--

ALTER TABLE ONLY public.danh_muc_bai_viet_dich_vus_cmps ALTER COLUMN id SET DEFAULT nextval('public.danh_muc_bai_viet_dich_vus_cmps_id_seq'::regclass);


--
-- Name: danh_muc_bai_viets id; Type: DEFAULT; Schema: public; Owner: autotuanlinh_user
--

ALTER TABLE ONLY public.danh_muc_bai_viets ALTER COLUMN id SET DEFAULT nextval('public.danh_muc_bai_viets_id_seq'::regclass);


--
-- Name: danh_muc_bai_viets_cmps id; Type: DEFAULT; Schema: public; Owner: autotuanlinh_user
--

ALTER TABLE ONLY public.danh_muc_bai_viets_cmps ALTER COLUMN id SET DEFAULT nextval('public.danh_muc_bai_viets_cmps_id_seq'::regclass);


--
-- Name: danh_muc_san_phams id; Type: DEFAULT; Schema: public; Owner: autotuanlinh_user
--

ALTER TABLE ONLY public.danh_muc_san_phams ALTER COLUMN id SET DEFAULT nextval('public.danh_muc_san_phams_id_seq'::regclass);


--
-- Name: danh_muc_san_phams_cmps id; Type: DEFAULT; Schema: public; Owner: autotuanlinh_user
--

ALTER TABLE ONLY public.danh_muc_san_phams_cmps ALTER COLUMN id SET DEFAULT nextval('public.danh_muc_san_phams_cmps_id_seq'::regclass);


--
-- Name: don_hangs id; Type: DEFAULT; Schema: public; Owner: autotuanlinh_user
--

ALTER TABLE ONLY public.don_hangs ALTER COLUMN id SET DEFAULT nextval('public.don_hangs_id_seq'::regclass);


--
-- Name: don_hangs_cmps id; Type: DEFAULT; Schema: public; Owner: autotuanlinh_user
--

ALTER TABLE ONLY public.don_hangs_cmps ALTER COLUMN id SET DEFAULT nextval('public.don_hangs_cmps_id_seq'::regclass);


--
-- Name: files id; Type: DEFAULT; Schema: public; Owner: autotuanlinh_user
--

ALTER TABLE ONLY public.files ALTER COLUMN id SET DEFAULT nextval('public.files_id_seq'::regclass);


--
-- Name: files_folder_lnk id; Type: DEFAULT; Schema: public; Owner: autotuanlinh_user
--

ALTER TABLE ONLY public.files_folder_lnk ALTER COLUMN id SET DEFAULT nextval('public.files_folder_lnk_id_seq'::regclass);


--
-- Name: files_related_mph id; Type: DEFAULT; Schema: public; Owner: autotuanlinh_user
--

ALTER TABLE ONLY public.files_related_mph ALTER COLUMN id SET DEFAULT nextval('public.files_related_mph_id_seq'::regclass);


--
-- Name: footer_contacts id; Type: DEFAULT; Schema: public; Owner: autotuanlinh_user
--

ALTER TABLE ONLY public.footer_contacts ALTER COLUMN id SET DEFAULT nextval('public.footer_contacts_id_seq'::regclass);


--
-- Name: footer_contacts_cmps id; Type: DEFAULT; Schema: public; Owner: autotuanlinh_user
--

ALTER TABLE ONLY public.footer_contacts_cmps ALTER COLUMN id SET DEFAULT nextval('public.footer_contacts_cmps_id_seq'::regclass);


--
-- Name: footers id; Type: DEFAULT; Schema: public; Owner: autotuanlinh_user
--

ALTER TABLE ONLY public.footers ALTER COLUMN id SET DEFAULT nextval('public.footers_id_seq'::regclass);


--
-- Name: footers_cmps id; Type: DEFAULT; Schema: public; Owner: autotuanlinh_user
--

ALTER TABLE ONLY public.footers_cmps ALTER COLUMN id SET DEFAULT nextval('public.footers_cmps_id_seq'::regclass);


--
-- Name: homes id; Type: DEFAULT; Schema: public; Owner: autotuanlinh_user
--

ALTER TABLE ONLY public.homes ALTER COLUMN id SET DEFAULT nextval('public.homes_id_seq'::regclass);


--
-- Name: homes_cmps id; Type: DEFAULT; Schema: public; Owner: autotuanlinh_user
--

ALTER TABLE ONLY public.homes_cmps ALTER COLUMN id SET DEFAULT nextval('public.homes_cmps_id_seq'::regclass);


--
-- Name: i18n_locale id; Type: DEFAULT; Schema: public; Owner: autotuanlinh_user
--

ALTER TABLE ONLY public.i18n_locale ALTER COLUMN id SET DEFAULT nextval('public.i18n_locale_id_seq'::regclass);


--
-- Name: newsletter_subscriptions id; Type: DEFAULT; Schema: public; Owner: autotuanlinh_user
--

ALTER TABLE ONLY public.newsletter_subscriptions ALTER COLUMN id SET DEFAULT nextval('public.newsletter_subscriptions_id_seq'::regclass);


--
-- Name: san_phams id; Type: DEFAULT; Schema: public; Owner: autotuanlinh_user
--

ALTER TABLE ONLY public.san_phams ALTER COLUMN id SET DEFAULT nextval('public.san_phams_id_seq'::regclass);


--
-- Name: san_phams_cmps id; Type: DEFAULT; Schema: public; Owner: autotuanlinh_user
--

ALTER TABLE ONLY public.san_phams_cmps ALTER COLUMN id SET DEFAULT nextval('public.san_phams_cmps_id_seq'::regclass);


--
-- Name: strapi_ai_localization_jobs id; Type: DEFAULT; Schema: public; Owner: autotuanlinh_user
--

ALTER TABLE ONLY public.strapi_ai_localization_jobs ALTER COLUMN id SET DEFAULT nextval('public.strapi_ai_localization_jobs_id_seq'::regclass);


--
-- Name: strapi_api_token_permissions id; Type: DEFAULT; Schema: public; Owner: autotuanlinh_user
--

ALTER TABLE ONLY public.strapi_api_token_permissions ALTER COLUMN id SET DEFAULT nextval('public.strapi_api_token_permissions_id_seq'::regclass);


--
-- Name: strapi_api_token_permissions_token_lnk id; Type: DEFAULT; Schema: public; Owner: autotuanlinh_user
--

ALTER TABLE ONLY public.strapi_api_token_permissions_token_lnk ALTER COLUMN id SET DEFAULT nextval('public.strapi_api_token_permissions_token_lnk_id_seq'::regclass);


--
-- Name: strapi_api_tokens id; Type: DEFAULT; Schema: public; Owner: autotuanlinh_user
--

ALTER TABLE ONLY public.strapi_api_tokens ALTER COLUMN id SET DEFAULT nextval('public.strapi_api_tokens_id_seq'::regclass);


--
-- Name: strapi_core_store_settings id; Type: DEFAULT; Schema: public; Owner: autotuanlinh_user
--

ALTER TABLE ONLY public.strapi_core_store_settings ALTER COLUMN id SET DEFAULT nextval('public.strapi_core_store_settings_id_seq'::regclass);


--
-- Name: strapi_database_schema id; Type: DEFAULT; Schema: public; Owner: autotuanlinh_user
--

ALTER TABLE ONLY public.strapi_database_schema ALTER COLUMN id SET DEFAULT nextval('public.strapi_database_schema_id_seq'::regclass);


--
-- Name: strapi_history_versions id; Type: DEFAULT; Schema: public; Owner: autotuanlinh_user
--

ALTER TABLE ONLY public.strapi_history_versions ALTER COLUMN id SET DEFAULT nextval('public.strapi_history_versions_id_seq'::regclass);


--
-- Name: strapi_migrations id; Type: DEFAULT; Schema: public; Owner: autotuanlinh_user
--

ALTER TABLE ONLY public.strapi_migrations ALTER COLUMN id SET DEFAULT nextval('public.strapi_migrations_id_seq'::regclass);


--
-- Name: strapi_migrations_internal id; Type: DEFAULT; Schema: public; Owner: autotuanlinh_user
--

ALTER TABLE ONLY public.strapi_migrations_internal ALTER COLUMN id SET DEFAULT nextval('public.strapi_migrations_internal_id_seq'::regclass);


--
-- Name: strapi_release_actions id; Type: DEFAULT; Schema: public; Owner: autotuanlinh_user
--

ALTER TABLE ONLY public.strapi_release_actions ALTER COLUMN id SET DEFAULT nextval('public.strapi_release_actions_id_seq'::regclass);


--
-- Name: strapi_release_actions_release_lnk id; Type: DEFAULT; Schema: public; Owner: autotuanlinh_user
--

ALTER TABLE ONLY public.strapi_release_actions_release_lnk ALTER COLUMN id SET DEFAULT nextval('public.strapi_release_actions_release_lnk_id_seq'::regclass);


--
-- Name: strapi_releases id; Type: DEFAULT; Schema: public; Owner: autotuanlinh_user
--

ALTER TABLE ONLY public.strapi_releases ALTER COLUMN id SET DEFAULT nextval('public.strapi_releases_id_seq'::regclass);


--
-- Name: strapi_sessions id; Type: DEFAULT; Schema: public; Owner: autotuanlinh_user
--

ALTER TABLE ONLY public.strapi_sessions ALTER COLUMN id SET DEFAULT nextval('public.strapi_sessions_id_seq'::regclass);


--
-- Name: strapi_transfer_token_permissions id; Type: DEFAULT; Schema: public; Owner: autotuanlinh_user
--

ALTER TABLE ONLY public.strapi_transfer_token_permissions ALTER COLUMN id SET DEFAULT nextval('public.strapi_transfer_token_permissions_id_seq'::regclass);


--
-- Name: strapi_transfer_token_permissions_token_lnk id; Type: DEFAULT; Schema: public; Owner: autotuanlinh_user
--

ALTER TABLE ONLY public.strapi_transfer_token_permissions_token_lnk ALTER COLUMN id SET DEFAULT nextval('public.strapi_transfer_token_permissions_token_lnk_id_seq'::regclass);


--
-- Name: strapi_transfer_tokens id; Type: DEFAULT; Schema: public; Owner: autotuanlinh_user
--

ALTER TABLE ONLY public.strapi_transfer_tokens ALTER COLUMN id SET DEFAULT nextval('public.strapi_transfer_tokens_id_seq'::regclass);


--
-- Name: strapi_webhooks id; Type: DEFAULT; Schema: public; Owner: autotuanlinh_user
--

ALTER TABLE ONLY public.strapi_webhooks ALTER COLUMN id SET DEFAULT nextval('public.strapi_webhooks_id_seq'::regclass);


--
-- Name: strapi_workflows id; Type: DEFAULT; Schema: public; Owner: autotuanlinh_user
--

ALTER TABLE ONLY public.strapi_workflows ALTER COLUMN id SET DEFAULT nextval('public.strapi_workflows_id_seq'::regclass);


--
-- Name: strapi_workflows_stage_required_to_publish_lnk id; Type: DEFAULT; Schema: public; Owner: autotuanlinh_user
--

ALTER TABLE ONLY public.strapi_workflows_stage_required_to_publish_lnk ALTER COLUMN id SET DEFAULT nextval('public.strapi_workflows_stage_required_to_publish_lnk_id_seq'::regclass);


--
-- Name: strapi_workflows_stages id; Type: DEFAULT; Schema: public; Owner: autotuanlinh_user
--

ALTER TABLE ONLY public.strapi_workflows_stages ALTER COLUMN id SET DEFAULT nextval('public.strapi_workflows_stages_id_seq'::regclass);


--
-- Name: strapi_workflows_stages_permissions_lnk id; Type: DEFAULT; Schema: public; Owner: autotuanlinh_user
--

ALTER TABLE ONLY public.strapi_workflows_stages_permissions_lnk ALTER COLUMN id SET DEFAULT nextval('public.strapi_workflows_stages_permissions_lnk_id_seq'::regclass);


--
-- Name: strapi_workflows_stages_workflow_lnk id; Type: DEFAULT; Schema: public; Owner: autotuanlinh_user
--

ALTER TABLE ONLY public.strapi_workflows_stages_workflow_lnk ALTER COLUMN id SET DEFAULT nextval('public.strapi_workflows_stages_workflow_lnk_id_seq'::regclass);


--
-- Name: topic_blogs id; Type: DEFAULT; Schema: public; Owner: autotuanlinh_user
--

ALTER TABLE ONLY public.topic_blogs ALTER COLUMN id SET DEFAULT nextval('public.topic_blogs_id_seq'::regclass);


--
-- Name: up_permissions id; Type: DEFAULT; Schema: public; Owner: autotuanlinh_user
--

ALTER TABLE ONLY public.up_permissions ALTER COLUMN id SET DEFAULT nextval('public.up_permissions_id_seq'::regclass);


--
-- Name: up_permissions_role_lnk id; Type: DEFAULT; Schema: public; Owner: autotuanlinh_user
--

ALTER TABLE ONLY public.up_permissions_role_lnk ALTER COLUMN id SET DEFAULT nextval('public.up_permissions_role_lnk_id_seq'::regclass);


--
-- Name: up_roles id; Type: DEFAULT; Schema: public; Owner: autotuanlinh_user
--

ALTER TABLE ONLY public.up_roles ALTER COLUMN id SET DEFAULT nextval('public.up_roles_id_seq'::regclass);


--
-- Name: up_users id; Type: DEFAULT; Schema: public; Owner: autotuanlinh_user
--

ALTER TABLE ONLY public.up_users ALTER COLUMN id SET DEFAULT nextval('public.up_users_id_seq'::regclass);


--
-- Name: up_users_role_lnk id; Type: DEFAULT; Schema: public; Owner: autotuanlinh_user
--

ALTER TABLE ONLY public.up_users_role_lnk ALTER COLUMN id SET DEFAULT nextval('public.up_users_role_lnk_id_seq'::regclass);


--
-- Name: upload_folders id; Type: DEFAULT; Schema: public; Owner: autotuanlinh_user
--

ALTER TABLE ONLY public.upload_folders ALTER COLUMN id SET DEFAULT nextval('public.upload_folders_id_seq'::regclass);


--
-- Name: upload_folders_parent_lnk id; Type: DEFAULT; Schema: public; Owner: autotuanlinh_user
--

ALTER TABLE ONLY public.upload_folders_parent_lnk ALTER COLUMN id SET DEFAULT nextval('public.upload_folders_parent_lnk_id_seq'::regclass);


--
-- Name: ve_chung_tois id; Type: DEFAULT; Schema: public; Owner: autotuanlinh_user
--

ALTER TABLE ONLY public.ve_chung_tois ALTER COLUMN id SET DEFAULT nextval('public.ve_chung_tois_id_seq'::regclass);


--
-- Name: ve_chung_tois_cmps id; Type: DEFAULT; Schema: public; Owner: autotuanlinh_user
--

ALTER TABLE ONLY public.ve_chung_tois_cmps ALTER COLUMN id SET DEFAULT nextval('public.ve_chung_tois_cmps_id_seq'::regclass);


--
-- Data for Name: admin_permissions; Type: TABLE DATA; Schema: public; Owner: autotuanlinh_user
--

COPY public.admin_permissions (id, document_id, action, action_parameters, subject, properties, conditions, created_at, updated_at, published_at, created_by_id, updated_by_id, locale) FROM stdin;
1	o5cassk7fv825rs8qcfmqq0o	plugin::upload.read	{}	\N	{}	[]	2025-12-30 20:11:41.634	2025-12-30 20:11:41.634	2025-12-30 20:11:41.634	\N	\N	\N
2	jie32pnxnlrkc9ukktr97okf	plugin::upload.configure-view	{}	\N	{}	[]	2025-12-30 20:11:41.636	2025-12-30 20:11:41.636	2025-12-30 20:11:41.636	\N	\N	\N
3	ovmxsd9nxounrh3bye6tbxc1	plugin::upload.assets.create	{}	\N	{}	[]	2025-12-30 20:11:41.637	2025-12-30 20:11:41.637	2025-12-30 20:11:41.637	\N	\N	\N
4	b2zx6vt479vmer739xhx65zi	plugin::upload.assets.update	{}	\N	{}	[]	2025-12-30 20:11:41.638	2025-12-30 20:11:41.638	2025-12-30 20:11:41.638	\N	\N	\N
5	w4dgbo1kqzfbsili0sj0vz59	plugin::upload.assets.download	{}	\N	{}	[]	2025-12-30 20:11:41.639	2025-12-30 20:11:41.639	2025-12-30 20:11:41.639	\N	\N	\N
6	c5f2wt88swakbo2esbe0sf3n	plugin::upload.assets.copy-link	{}	\N	{}	[]	2025-12-30 20:11:41.64	2025-12-30 20:11:41.64	2025-12-30 20:11:41.64	\N	\N	\N
7	lsxpr6l8ezk33d80wvurp8x1	plugin::upload.read	{}	\N	{}	["admin::is-creator"]	2025-12-30 20:11:41.641	2025-12-30 20:11:41.641	2025-12-30 20:11:41.641	\N	\N	\N
8	b7nzoi47xxotnocprwcobqds	plugin::upload.configure-view	{}	\N	{}	[]	2025-12-30 20:11:41.642	2025-12-30 20:11:41.642	2025-12-30 20:11:41.642	\N	\N	\N
9	rfpz3m4opu6fdwg8w90ljrwf	plugin::upload.assets.create	{}	\N	{}	[]	2025-12-30 20:11:41.643	2025-12-30 20:11:41.643	2025-12-30 20:11:41.643	\N	\N	\N
10	j4x1cpbui6mfh83klkaxhx7g	plugin::upload.assets.update	{}	\N	{}	["admin::is-creator"]	2025-12-30 20:11:41.645	2025-12-30 20:11:41.645	2025-12-30 20:11:41.645	\N	\N	\N
11	nd796g5lrpvphgt6ygbffkw6	plugin::upload.assets.download	{}	\N	{}	[]	2025-12-30 20:11:41.646	2025-12-30 20:11:41.646	2025-12-30 20:11:41.646	\N	\N	\N
12	u29bg6iodsn80e586fc4hn7y	plugin::upload.assets.copy-link	{}	\N	{}	[]	2025-12-30 20:11:41.647	2025-12-30 20:11:41.647	2025-12-30 20:11:41.647	\N	\N	\N
13	vtoqj6mlup8wupaphua2hryd	plugin::content-manager.explorer.create	{}	plugin::users-permissions.user	{"fields": ["username", "email", "provider", "password", "resetPasswordToken", "confirmationToken", "confirmed", "blocked", "role"]}	[]	2025-12-30 20:11:41.652	2025-12-30 20:11:41.652	2025-12-30 20:11:41.653	\N	\N	\N
14	mag1gy6wl3er4lxlhqv4r8kh	plugin::content-manager.explorer.read	{}	plugin::users-permissions.user	{"fields": ["username", "email", "provider", "password", "resetPasswordToken", "confirmationToken", "confirmed", "blocked", "role"]}	[]	2025-12-30 20:11:41.654	2025-12-30 20:11:41.654	2025-12-30 20:11:41.654	\N	\N	\N
15	gz9jc7kfzhrw0x33vawe71s9	plugin::content-manager.explorer.update	{}	plugin::users-permissions.user	{"fields": ["username", "email", "provider", "password", "resetPasswordToken", "confirmationToken", "confirmed", "blocked", "role"]}	[]	2025-12-30 20:11:41.655	2025-12-30 20:11:41.655	2025-12-30 20:11:41.655	\N	\N	\N
16	a5bn1anvbpxfq5n5ndkumj8h	plugin::content-manager.explorer.delete	{}	plugin::users-permissions.user	{}	[]	2025-12-30 20:11:41.656	2025-12-30 20:11:41.656	2025-12-30 20:11:41.656	\N	\N	\N
17	est0bdkpphvu8ozhndvz8tv7	plugin::content-manager.explorer.publish	{}	plugin::users-permissions.user	{}	[]	2025-12-30 20:11:41.657	2025-12-30 20:11:41.657	2025-12-30 20:11:41.657	\N	\N	\N
18	kzt9a2wbtfjs5dphunki6726	plugin::content-manager.single-types.configure-view	{}	\N	{}	[]	2025-12-30 20:11:41.658	2025-12-30 20:11:41.658	2025-12-30 20:11:41.658	\N	\N	\N
19	o9vpgoq3qjwtp7kfn1u16mgj	plugin::content-manager.collection-types.configure-view	{}	\N	{}	[]	2025-12-30 20:11:41.659	2025-12-30 20:11:41.659	2025-12-30 20:11:41.659	\N	\N	\N
20	bccgssdca7uy3g1sdfqvnui4	plugin::content-manager.components.configure-layout	{}	\N	{}	[]	2025-12-30 20:11:41.66	2025-12-30 20:11:41.66	2025-12-30 20:11:41.66	\N	\N	\N
21	qobpy49ynrr63det0wmmkuh1	plugin::content-type-builder.read	{}	\N	{}	[]	2025-12-30 20:11:41.66	2025-12-30 20:11:41.66	2025-12-30 20:11:41.66	\N	\N	\N
22	wcfpj9hlgdma1p3vhwpxtaw1	plugin::email.settings.read	{}	\N	{}	[]	2025-12-30 20:11:41.661	2025-12-30 20:11:41.661	2025-12-30 20:11:41.661	\N	\N	\N
23	pxmasete40m8dtkfupcg0elu	plugin::upload.read	{}	\N	{}	[]	2025-12-30 20:11:41.662	2025-12-30 20:11:41.662	2025-12-30 20:11:41.662	\N	\N	\N
24	hojblss78gisfxv9wpqrjhgd	plugin::upload.assets.create	{}	\N	{}	[]	2025-12-30 20:11:41.663	2025-12-30 20:11:41.663	2025-12-30 20:11:41.663	\N	\N	\N
25	jii4lsm9mutxfvjzvsfgg0wx	plugin::upload.assets.update	{}	\N	{}	[]	2025-12-30 20:11:41.664	2025-12-30 20:11:41.664	2025-12-30 20:11:41.664	\N	\N	\N
26	iamw32js3exgcgbdxxnpto2o	plugin::upload.assets.download	{}	\N	{}	[]	2025-12-30 20:11:41.665	2025-12-30 20:11:41.665	2025-12-30 20:11:41.665	\N	\N	\N
27	c2zx0mx8fy7fwz8ai67mkeol	plugin::upload.assets.copy-link	{}	\N	{}	[]	2025-12-30 20:11:41.666	2025-12-30 20:11:41.666	2025-12-30 20:11:41.666	\N	\N	\N
28	gx5619tkr4yguhe7wyxure3r	plugin::upload.configure-view	{}	\N	{}	[]	2025-12-30 20:11:41.667	2025-12-30 20:11:41.667	2025-12-30 20:11:41.667	\N	\N	\N
29	rcktlr0kxib6w2cpr96o8sbr	plugin::upload.settings.read	{}	\N	{}	[]	2025-12-30 20:11:41.667	2025-12-30 20:11:41.667	2025-12-30 20:11:41.667	\N	\N	\N
30	soqi524654fxzlfns5s761yj	plugin::i18n.locale.create	{}	\N	{}	[]	2025-12-30 20:11:41.668	2025-12-30 20:11:41.668	2025-12-30 20:11:41.668	\N	\N	\N
31	kzqay2d2d9q7x0vejnbtb9r4	plugin::i18n.locale.read	{}	\N	{}	[]	2025-12-30 20:11:41.669	2025-12-30 20:11:41.669	2025-12-30 20:11:41.669	\N	\N	\N
32	m8byqyz29pnn9k6yxgybcvki	plugin::i18n.locale.update	{}	\N	{}	[]	2025-12-30 20:11:41.67	2025-12-30 20:11:41.67	2025-12-30 20:11:41.67	\N	\N	\N
33	eg862oho17uz4dudsxr3x2t7	plugin::i18n.locale.delete	{}	\N	{}	[]	2025-12-30 20:11:41.671	2025-12-30 20:11:41.671	2025-12-30 20:11:41.671	\N	\N	\N
34	m3plmfo0e4g1j1mj9r4k3nk9	plugin::users-permissions.roles.create	{}	\N	{}	[]	2025-12-30 20:11:41.671	2025-12-30 20:11:41.671	2025-12-30 20:11:41.671	\N	\N	\N
35	lk9duujytrmv7a23h3a2bgd3	plugin::users-permissions.roles.read	{}	\N	{}	[]	2025-12-30 20:11:41.672	2025-12-30 20:11:41.672	2025-12-30 20:11:41.672	\N	\N	\N
36	qg071kuh08rfra83zrk1zoxt	plugin::users-permissions.roles.update	{}	\N	{}	[]	2025-12-30 20:11:41.673	2025-12-30 20:11:41.673	2025-12-30 20:11:41.673	\N	\N	\N
37	y0mm22huggqjjgjqkyexry53	plugin::users-permissions.roles.delete	{}	\N	{}	[]	2025-12-30 20:11:41.674	2025-12-30 20:11:41.674	2025-12-30 20:11:41.674	\N	\N	\N
38	pvvgsmp4c0ttt5irkqw354o9	plugin::users-permissions.providers.read	{}	\N	{}	[]	2025-12-30 20:11:41.675	2025-12-30 20:11:41.675	2025-12-30 20:11:41.675	\N	\N	\N
39	mu4s1xp2s4g0rn1sf0tssxgy	plugin::users-permissions.providers.update	{}	\N	{}	[]	2025-12-30 20:11:41.676	2025-12-30 20:11:41.676	2025-12-30 20:11:41.676	\N	\N	\N
40	woehj0837afuwmsioc5b0438	plugin::users-permissions.email-templates.read	{}	\N	{}	[]	2025-12-30 20:11:41.677	2025-12-30 20:11:41.677	2025-12-30 20:11:41.677	\N	\N	\N
41	jdb32fsc9hqxbhqawyyjo0h4	plugin::users-permissions.email-templates.update	{}	\N	{}	[]	2025-12-30 20:11:41.677	2025-12-30 20:11:41.677	2025-12-30 20:11:41.677	\N	\N	\N
42	ohol2b6dimodyb80m6jk199f	plugin::users-permissions.advanced-settings.read	{}	\N	{}	[]	2025-12-30 20:11:41.678	2025-12-30 20:11:41.678	2025-12-30 20:11:41.678	\N	\N	\N
43	pouci6fhpe806mmi86dy0576	plugin::users-permissions.advanced-settings.update	{}	\N	{}	[]	2025-12-30 20:11:41.679	2025-12-30 20:11:41.679	2025-12-30 20:11:41.679	\N	\N	\N
44	e7z8iohu8uao8v3gsl8cazf3	admin::marketplace.read	{}	\N	{}	[]	2025-12-30 20:11:41.68	2025-12-30 20:11:41.68	2025-12-30 20:11:41.68	\N	\N	\N
45	qkwabx5xe7tzxb76yg9qqybp	admin::webhooks.create	{}	\N	{}	[]	2025-12-30 20:11:41.68	2025-12-30 20:11:41.68	2025-12-30 20:11:41.68	\N	\N	\N
46	b1e2255xgub8o0gtdnszv98q	admin::webhooks.read	{}	\N	{}	[]	2025-12-30 20:11:41.681	2025-12-30 20:11:41.681	2025-12-30 20:11:41.681	\N	\N	\N
47	ws46b5w9v8kxvroszx7nyev7	admin::webhooks.update	{}	\N	{}	[]	2025-12-30 20:11:41.682	2025-12-30 20:11:41.682	2025-12-30 20:11:41.682	\N	\N	\N
48	ahb1xq84ihe1sxwklymzl4wd	admin::webhooks.delete	{}	\N	{}	[]	2025-12-30 20:11:41.682	2025-12-30 20:11:41.682	2025-12-30 20:11:41.682	\N	\N	\N
49	t8plpe2ln3lsmto4ndotstvi	admin::users.create	{}	\N	{}	[]	2025-12-30 20:11:41.683	2025-12-30 20:11:41.683	2025-12-30 20:11:41.683	\N	\N	\N
50	qlgv31ljxp3x0isudet7frwa	admin::users.read	{}	\N	{}	[]	2025-12-30 20:11:41.684	2025-12-30 20:11:41.684	2025-12-30 20:11:41.684	\N	\N	\N
51	g78t91on2y2lwha7qos680qm	admin::users.update	{}	\N	{}	[]	2025-12-30 20:11:41.684	2025-12-30 20:11:41.684	2025-12-30 20:11:41.684	\N	\N	\N
52	pvnx37tlipbfy3mcxkua3lkv	admin::users.delete	{}	\N	{}	[]	2025-12-30 20:11:41.685	2025-12-30 20:11:41.685	2025-12-30 20:11:41.685	\N	\N	\N
53	oeq92nhpen7zdeybwr52edvr	admin::roles.create	{}	\N	{}	[]	2025-12-30 20:11:41.686	2025-12-30 20:11:41.686	2025-12-30 20:11:41.686	\N	\N	\N
54	rpk9glenj4a6p89kobur81b8	admin::roles.read	{}	\N	{}	[]	2025-12-30 20:11:41.687	2025-12-30 20:11:41.687	2025-12-30 20:11:41.687	\N	\N	\N
55	g8oibmmnh4fawx18sh7fbmdl	admin::roles.update	{}	\N	{}	[]	2025-12-30 20:11:41.687	2025-12-30 20:11:41.687	2025-12-30 20:11:41.687	\N	\N	\N
56	f49ju3x1khnocd7tag6044eo	admin::roles.delete	{}	\N	{}	[]	2025-12-30 20:11:41.688	2025-12-30 20:11:41.688	2025-12-30 20:11:41.688	\N	\N	\N
57	nkkral0sxu2haekksz7g4zzf	admin::api-tokens.access	{}	\N	{}	[]	2025-12-30 20:11:41.689	2025-12-30 20:11:41.689	2025-12-30 20:11:41.689	\N	\N	\N
58	f1ytgmlfkjy0jh7qiev1vo7k	admin::api-tokens.create	{}	\N	{}	[]	2025-12-30 20:11:41.69	2025-12-30 20:11:41.69	2025-12-30 20:11:41.69	\N	\N	\N
59	y59grw1wnvizduz8iuew5o7x	admin::api-tokens.read	{}	\N	{}	[]	2025-12-30 20:11:41.69	2025-12-30 20:11:41.69	2025-12-30 20:11:41.69	\N	\N	\N
60	vfdg42u3j60b0oivlad8m8n9	admin::api-tokens.update	{}	\N	{}	[]	2025-12-30 20:11:41.691	2025-12-30 20:11:41.691	2025-12-30 20:11:41.691	\N	\N	\N
61	ezjavrt5wo4c2pb8nm9fm85a	admin::api-tokens.regenerate	{}	\N	{}	[]	2025-12-30 20:11:41.692	2025-12-30 20:11:41.692	2025-12-30 20:11:41.692	\N	\N	\N
62	fq2zz04ypeiuh7r123fky97i	admin::api-tokens.delete	{}	\N	{}	[]	2025-12-30 20:11:41.707	2025-12-30 20:11:41.707	2025-12-30 20:11:41.707	\N	\N	\N
63	i222l04mn8vtwlteslofy412	admin::project-settings.update	{}	\N	{}	[]	2025-12-30 20:11:41.708	2025-12-30 20:11:41.708	2025-12-30 20:11:41.708	\N	\N	\N
64	nk6efkmvte0uegre50za5bsw	admin::project-settings.read	{}	\N	{}	[]	2025-12-30 20:11:41.709	2025-12-30 20:11:41.709	2025-12-30 20:11:41.709	\N	\N	\N
65	dhxg9x6fxn4q9i3onqflzz97	admin::transfer.tokens.access	{}	\N	{}	[]	2025-12-30 20:11:41.71	2025-12-30 20:11:41.71	2025-12-30 20:11:41.71	\N	\N	\N
66	tkes6r9b33zrkbzz3dbrfzb6	admin::transfer.tokens.create	{}	\N	{}	[]	2025-12-30 20:11:41.711	2025-12-30 20:11:41.711	2025-12-30 20:11:41.711	\N	\N	\N
67	avnsebihpyjf5g1utdbmmdsc	admin::transfer.tokens.read	{}	\N	{}	[]	2025-12-30 20:11:41.715	2025-12-30 20:11:41.715	2025-12-30 20:11:41.715	\N	\N	\N
68	ad2597twct2x8mofbd2ogodi	admin::transfer.tokens.update	{}	\N	{}	[]	2025-12-30 20:11:41.722	2025-12-30 20:11:41.722	2025-12-30 20:11:41.723	\N	\N	\N
69	b7nebvynju1q1v1yvmqjnt9f	admin::transfer.tokens.regenerate	{}	\N	{}	[]	2025-12-30 20:11:41.726	2025-12-30 20:11:41.726	2025-12-30 20:11:41.727	\N	\N	\N
70	aee3ri0fw44ircjvvh0ivrwy	admin::transfer.tokens.delete	{}	\N	{}	[]	2025-12-30 20:11:41.73	2025-12-30 20:11:41.73	2025-12-30 20:11:41.73	\N	\N	\N
74	yavdmfelj8lbxpy6in0k89z0	plugin::content-manager.explorer.delete	{}	api::san-pham.san-pham	{}	[]	2025-12-30 20:24:35.589	2025-12-30 20:24:35.589	2025-12-30 20:24:35.59	\N	\N	\N
75	ntp5elrhoeakjqlmg9tjazbh	plugin::content-manager.explorer.publish	{}	api::san-pham.san-pham	{}	[]	2025-12-30 20:24:35.591	2025-12-30 20:24:35.591	2025-12-30 20:24:35.591	\N	\N	\N
236	pcijh30e8beqvukalyurovkk	plugin::content-manager.explorer.delete	{}	api::danh-muc-bai-viet-dich-vu.danh-muc-bai-viet-dich-vu	{}	[]	2025-12-30 22:16:41.71	2025-12-30 22:16:41.71	2025-12-30 22:16:41.71	\N	\N	\N
237	damhc567fjagngjm4uux5u18	plugin::content-manager.explorer.publish	{}	api::danh-muc-bai-viet-dich-vu.danh-muc-bai-viet-dich-vu	{}	[]	2025-12-30 22:16:41.711	2025-12-30 22:16:41.711	2025-12-30 22:16:41.711	\N	\N	\N
93	h926xhjwhmnszao2ob9dxlfy	plugin::content-manager.explorer.delete	{}	api::danh-muc-san-pham.danh-muc-san-pham	{}	[]	2025-12-30 20:36:45.523	2025-12-30 20:36:45.523	2025-12-30 20:36:45.523	\N	\N	\N
94	xvzq4hyjqnp6yaspav9vjrwa	plugin::content-manager.explorer.publish	{}	api::danh-muc-san-pham.danh-muc-san-pham	{}	[]	2025-12-30 20:36:45.525	2025-12-30 20:36:45.525	2025-12-30 20:36:45.525	\N	\N	\N
241	yzgyble8p2xqyyhycpaaisno	plugin::content-manager.explorer.delete	{}	api::topic-blog.topic-blog	{}	[]	2025-12-30 22:19:27.049	2025-12-30 22:19:27.049	2025-12-30 22:19:27.049	\N	\N	\N
242	v2xx7c8bvuiw0vll5eybhqtp	plugin::content-manager.explorer.publish	{}	api::topic-blog.topic-blog	{}	[]	2025-12-30 22:19:27.051	2025-12-30 22:19:27.051	2025-12-30 22:19:27.051	\N	\N	\N
211	er0krl2ydv963gc9uqbj53hu	plugin::content-manager.explorer.delete	{}	api::blog.blog	{}	[]	2025-12-30 21:35:15.126	2025-12-30 21:35:15.126	2025-12-30 21:35:15.126	\N	\N	\N
212	h6ig3ssqsv18cxeen3g7y6w0	plugin::content-manager.explorer.publish	{}	api::blog.blog	{}	[]	2025-12-30 21:35:15.128	2025-12-30 21:35:15.128	2025-12-30 21:35:15.128	\N	\N	\N
216	g7fnbc0o0e9gdcqcd410wwr2	plugin::content-manager.explorer.delete	{}	api::danh-muc-bai-viet.danh-muc-bai-viet	{}	[]	2025-12-30 21:48:44.191	2025-12-30 21:48:44.191	2025-12-30 21:48:44.191	\N	\N	\N
217	hr2qqubm8ocw7qtp7yowrfj4	plugin::content-manager.explorer.publish	{}	api::danh-muc-bai-viet.danh-muc-bai-viet	{}	[]	2025-12-30 21:48:44.193	2025-12-30 21:48:44.193	2025-12-30 21:48:44.193	\N	\N	\N
305	k6yfy2rtn5z7rg7ri8i21il0	plugin::content-manager.explorer.create	{}	api::danh-muc-bai-viet.danh-muc-bai-viet	{"fields": ["seo.metaTitle", "seo.metaDescription", "seo.metaKeywords", "seo.canonicalUrl", "seo.ogTitle", "seo.ogDescription", "seo.ogImage", "seo.ogType", "seo.ogUrl", "seo.ogSiteName", "seo.twitterCard", "seo.twitterTitle", "seo.twitterDescription", "seo.twitterImage", "seo.twitterSite", "seo.twitterCreator", "seo.robots", "seo.structuredData", "title", "slug", "moTa", "anhDanhMuc", "danhMucCapHai.seo.metaTitle", "danhMucCapHai.seo.metaDescription", "danhMucCapHai.seo.metaKeywords", "danhMucCapHai.seo.canonicalUrl", "danhMucCapHai.seo.ogTitle", "danhMucCapHai.seo.ogDescription", "danhMucCapHai.seo.ogImage", "danhMucCapHai.seo.ogType", "danhMucCapHai.seo.ogUrl", "danhMucCapHai.seo.ogSiteName", "danhMucCapHai.seo.twitterCard", "danhMucCapHai.seo.twitterTitle", "danhMucCapHai.seo.twitterDescription", "danhMucCapHai.seo.twitterImage", "danhMucCapHai.seo.twitterSite", "danhMucCapHai.seo.twitterCreator", "danhMucCapHai.seo.robots", "danhMucCapHai.seo.structuredData", "danhMucCapHai.title", "danhMucCapHai.slug", "danhMucCapHai.baiViets"]}	[]	2026-01-04 20:58:17.929	2026-01-04 20:58:17.929	2026-01-04 20:58:17.929	\N	\N	\N
324	bh9s0uxgksasfomxxi4rr2w9	plugin::content-manager.explorer.delete	{}	api::home.home	{"locales": ["vi"]}	[]	2026-01-04 23:51:39.491	2026-01-04 23:51:39.491	2026-01-04 23:51:39.491	\N	\N	\N
325	eehhnbr9g2r62rev6thyoazu	plugin::content-manager.explorer.publish	{}	api::home.home	{"locales": ["vi"]}	[]	2026-01-04 23:51:39.492	2026-01-04 23:51:39.492	2026-01-04 23:51:39.493	\N	\N	\N
243	ng7inbi3taqp19r2oul9t5dl	plugin::content-manager.explorer.create	{}	api::blog.blog	{"fields": ["seo.metaTitle", "seo.metaDescription", "seo.metaKeywords", "seo.canonicalUrl", "seo.ogTitle", "seo.ogDescription", "seo.ogImage", "seo.ogType", "seo.ogUrl", "seo.ogSiteName", "seo.twitterCard", "seo.twitterTitle", "seo.twitterDescription", "seo.twitterImage", "seo.twitterSite", "seo.twitterCreator", "seo.robots", "seo.structuredData", "hashtag", "title", "slug", "avatar", "moTaNgan", "noiDung", "topicBlog"]}	[]	2025-12-30 22:19:37.159	2025-12-30 22:19:37.159	2025-12-30 22:19:37.159	\N	\N	\N
227	py8pqasdyv8dienc1lwm0j0x	plugin::content-manager.explorer.create	{}	api::danh-muc-san-pham.danh-muc-san-pham	{"fields": ["seo.metaTitle", "seo.metaDescription", "seo.metaKeywords", "seo.canonicalUrl", "seo.ogTitle", "seo.ogDescription", "seo.ogImage", "seo.ogType", "seo.ogUrl", "seo.ogSiteName", "seo.twitterCard", "seo.twitterTitle", "seo.twitterDescription", "seo.twitterImage", "seo.twitterSite", "seo.twitterCreator", "seo.robots", "seo.structuredData", "title", "slug", "moTa", "anhDanhMuc", "danhMucCapHai.seo.metaTitle", "danhMucCapHai.seo.metaDescription", "danhMucCapHai.seo.metaKeywords", "danhMucCapHai.seo.canonicalUrl", "danhMucCapHai.seo.ogTitle", "danhMucCapHai.seo.ogDescription", "danhMucCapHai.seo.ogImage", "danhMucCapHai.seo.ogType", "danhMucCapHai.seo.ogUrl", "danhMucCapHai.seo.ogSiteName", "danhMucCapHai.seo.twitterCard", "danhMucCapHai.seo.twitterTitle", "danhMucCapHai.seo.twitterDescription", "danhMucCapHai.seo.twitterImage", "danhMucCapHai.seo.twitterSite", "danhMucCapHai.seo.twitterCreator", "danhMucCapHai.seo.robots", "danhMucCapHai.seo.structuredData", "danhMucCapHai.title", "danhMucCapHai.slug", "danhMucCapHai.danhMucCapBa.seo.metaTitle", "danhMucCapHai.danhMucCapBa.seo.metaDescription", "danhMucCapHai.danhMucCapBa.seo.metaKeywords", "danhMucCapHai.danhMucCapBa.seo.canonicalUrl", "danhMucCapHai.danhMucCapBa.seo.ogTitle", "danhMucCapHai.danhMucCapBa.seo.ogDescription", "danhMucCapHai.danhMucCapBa.seo.ogImage", "danhMucCapHai.danhMucCapBa.seo.ogType", "danhMucCapHai.danhMucCapBa.seo.ogUrl", "danhMucCapHai.danhMucCapBa.seo.ogSiteName", "danhMucCapHai.danhMucCapBa.seo.twitterCard", "danhMucCapHai.danhMucCapBa.seo.twitterTitle", "danhMucCapHai.danhMucCapBa.seo.twitterDescription", "danhMucCapHai.danhMucCapBa.seo.twitterImage", "danhMucCapHai.danhMucCapBa.seo.twitterSite", "danhMucCapHai.danhMucCapBa.seo.twitterCreator", "danhMucCapHai.danhMucCapBa.seo.robots", "danhMucCapHai.danhMucCapBa.seo.structuredData", "danhMucCapHai.danhMucCapBa.title", "danhMucCapHai.danhMucCapBa.slug", "danhMucCapHai.danhMucCapBa.san_phams"]}	[]	2025-12-30 22:13:43.736	2025-12-30 22:13:43.736	2025-12-30 22:13:43.737	\N	\N	\N
228	jzste8mylg7bluhlsaa8vohb	plugin::content-manager.explorer.read	{}	api::danh-muc-san-pham.danh-muc-san-pham	{"fields": ["seo.metaTitle", "seo.metaDescription", "seo.metaKeywords", "seo.canonicalUrl", "seo.ogTitle", "seo.ogDescription", "seo.ogImage", "seo.ogType", "seo.ogUrl", "seo.ogSiteName", "seo.twitterCard", "seo.twitterTitle", "seo.twitterDescription", "seo.twitterImage", "seo.twitterSite", "seo.twitterCreator", "seo.robots", "seo.structuredData", "title", "slug", "moTa", "anhDanhMuc", "danhMucCapHai.seo.metaTitle", "danhMucCapHai.seo.metaDescription", "danhMucCapHai.seo.metaKeywords", "danhMucCapHai.seo.canonicalUrl", "danhMucCapHai.seo.ogTitle", "danhMucCapHai.seo.ogDescription", "danhMucCapHai.seo.ogImage", "danhMucCapHai.seo.ogType", "danhMucCapHai.seo.ogUrl", "danhMucCapHai.seo.ogSiteName", "danhMucCapHai.seo.twitterCard", "danhMucCapHai.seo.twitterTitle", "danhMucCapHai.seo.twitterDescription", "danhMucCapHai.seo.twitterImage", "danhMucCapHai.seo.twitterSite", "danhMucCapHai.seo.twitterCreator", "danhMucCapHai.seo.robots", "danhMucCapHai.seo.structuredData", "danhMucCapHai.title", "danhMucCapHai.slug", "danhMucCapHai.danhMucCapBa.seo.metaTitle", "danhMucCapHai.danhMucCapBa.seo.metaDescription", "danhMucCapHai.danhMucCapBa.seo.metaKeywords", "danhMucCapHai.danhMucCapBa.seo.canonicalUrl", "danhMucCapHai.danhMucCapBa.seo.ogTitle", "danhMucCapHai.danhMucCapBa.seo.ogDescription", "danhMucCapHai.danhMucCapBa.seo.ogImage", "danhMucCapHai.danhMucCapBa.seo.ogType", "danhMucCapHai.danhMucCapBa.seo.ogUrl", "danhMucCapHai.danhMucCapBa.seo.ogSiteName", "danhMucCapHai.danhMucCapBa.seo.twitterCard", "danhMucCapHai.danhMucCapBa.seo.twitterTitle", "danhMucCapHai.danhMucCapBa.seo.twitterDescription", "danhMucCapHai.danhMucCapBa.seo.twitterImage", "danhMucCapHai.danhMucCapBa.seo.twitterSite", "danhMucCapHai.danhMucCapBa.seo.twitterCreator", "danhMucCapHai.danhMucCapBa.seo.robots", "danhMucCapHai.danhMucCapBa.seo.structuredData", "danhMucCapHai.danhMucCapBa.title", "danhMucCapHai.danhMucCapBa.slug", "danhMucCapHai.danhMucCapBa.san_phams"]}	[]	2025-12-30 22:13:43.739	2025-12-30 22:13:43.739	2025-12-30 22:13:43.74	\N	\N	\N
229	mt12i607d7qtnm9jzzzi8uti	plugin::content-manager.explorer.update	{}	api::danh-muc-san-pham.danh-muc-san-pham	{"fields": ["seo.metaTitle", "seo.metaDescription", "seo.metaKeywords", "seo.canonicalUrl", "seo.ogTitle", "seo.ogDescription", "seo.ogImage", "seo.ogType", "seo.ogUrl", "seo.ogSiteName", "seo.twitterCard", "seo.twitterTitle", "seo.twitterDescription", "seo.twitterImage", "seo.twitterSite", "seo.twitterCreator", "seo.robots", "seo.structuredData", "title", "slug", "moTa", "anhDanhMuc", "danhMucCapHai.seo.metaTitle", "danhMucCapHai.seo.metaDescription", "danhMucCapHai.seo.metaKeywords", "danhMucCapHai.seo.canonicalUrl", "danhMucCapHai.seo.ogTitle", "danhMucCapHai.seo.ogDescription", "danhMucCapHai.seo.ogImage", "danhMucCapHai.seo.ogType", "danhMucCapHai.seo.ogUrl", "danhMucCapHai.seo.ogSiteName", "danhMucCapHai.seo.twitterCard", "danhMucCapHai.seo.twitterTitle", "danhMucCapHai.seo.twitterDescription", "danhMucCapHai.seo.twitterImage", "danhMucCapHai.seo.twitterSite", "danhMucCapHai.seo.twitterCreator", "danhMucCapHai.seo.robots", "danhMucCapHai.seo.structuredData", "danhMucCapHai.title", "danhMucCapHai.slug", "danhMucCapHai.danhMucCapBa.seo.metaTitle", "danhMucCapHai.danhMucCapBa.seo.metaDescription", "danhMucCapHai.danhMucCapBa.seo.metaKeywords", "danhMucCapHai.danhMucCapBa.seo.canonicalUrl", "danhMucCapHai.danhMucCapBa.seo.ogTitle", "danhMucCapHai.danhMucCapBa.seo.ogDescription", "danhMucCapHai.danhMucCapBa.seo.ogImage", "danhMucCapHai.danhMucCapBa.seo.ogType", "danhMucCapHai.danhMucCapBa.seo.ogUrl", "danhMucCapHai.danhMucCapBa.seo.ogSiteName", "danhMucCapHai.danhMucCapBa.seo.twitterCard", "danhMucCapHai.danhMucCapBa.seo.twitterTitle", "danhMucCapHai.danhMucCapBa.seo.twitterDescription", "danhMucCapHai.danhMucCapBa.seo.twitterImage", "danhMucCapHai.danhMucCapBa.seo.twitterSite", "danhMucCapHai.danhMucCapBa.seo.twitterCreator", "danhMucCapHai.danhMucCapBa.seo.robots", "danhMucCapHai.danhMucCapBa.seo.structuredData", "danhMucCapHai.danhMucCapBa.title", "danhMucCapHai.danhMucCapBa.slug", "danhMucCapHai.danhMucCapBa.san_phams"]}	[]	2025-12-30 22:13:43.741	2025-12-30 22:13:43.741	2025-12-30 22:13:43.741	\N	\N	\N
244	e01g13fv4wsxq11nr4scbey2	plugin::content-manager.explorer.read	{}	api::blog.blog	{"fields": ["seo.metaTitle", "seo.metaDescription", "seo.metaKeywords", "seo.canonicalUrl", "seo.ogTitle", "seo.ogDescription", "seo.ogImage", "seo.ogType", "seo.ogUrl", "seo.ogSiteName", "seo.twitterCard", "seo.twitterTitle", "seo.twitterDescription", "seo.twitterImage", "seo.twitterSite", "seo.twitterCreator", "seo.robots", "seo.structuredData", "hashtag", "title", "slug", "avatar", "moTaNgan", "noiDung", "topicBlog"]}	[]	2025-12-30 22:19:37.161	2025-12-30 22:19:37.161	2025-12-30 22:19:37.162	\N	\N	\N
245	unsvni5u1fbukeph9zjihdcz	plugin::content-manager.explorer.update	{}	api::blog.blog	{"fields": ["seo.metaTitle", "seo.metaDescription", "seo.metaKeywords", "seo.canonicalUrl", "seo.ogTitle", "seo.ogDescription", "seo.ogImage", "seo.ogType", "seo.ogUrl", "seo.ogSiteName", "seo.twitterCard", "seo.twitterTitle", "seo.twitterDescription", "seo.twitterImage", "seo.twitterSite", "seo.twitterCreator", "seo.robots", "seo.structuredData", "hashtag", "title", "slug", "avatar", "moTaNgan", "noiDung", "topicBlog"]}	[]	2025-12-30 22:19:37.163	2025-12-30 22:19:37.163	2025-12-30 22:19:37.164	\N	\N	\N
249	luqjyz2ziovre9wyzhws0re6	plugin::content-manager.explorer.create	{}	api::topic-blog.topic-blog	{"fields": ["name"]}	[]	2025-12-30 22:28:58.01	2025-12-30 22:28:58.01	2025-12-30 22:28:58.01	\N	\N	\N
250	fmkriqqnnurzgleqda9mskzr	plugin::content-manager.explorer.read	{}	api::topic-blog.topic-blog	{"fields": ["name"]}	[]	2025-12-30 22:28:58.014	2025-12-30 22:28:58.014	2025-12-30 22:28:58.014	\N	\N	\N
251	dziml5qiigzf38o4baew7fiu	plugin::content-manager.explorer.update	{}	api::topic-blog.topic-blog	{"fields": ["name"]}	[]	2025-12-30 22:28:58.016	2025-12-30 22:28:58.016	2025-12-30 22:28:58.016	\N	\N	\N
290	ahxo6zapzslyd82tcjcqn54t	plugin::content-manager.explorer.create	{}	api::footer.footer	{"fields": ["companyName", "companyDescription", "socialMedias.icon", "socialMedias.url", "columns.heading", "columns.links.text", "columns.links.url", "copyright", "privacyPolicyUrl", "termsOfUseUrl"]}	[]	2025-12-31 15:16:13.74	2025-12-31 15:16:13.74	2025-12-31 15:16:13.74	\N	\N	\N
291	dz3hzs3smn2r56n6jxu6l8yf	plugin::content-manager.explorer.read	{}	api::footer.footer	{"fields": ["companyName", "companyDescription", "socialMedias.icon", "socialMedias.url", "columns.heading", "columns.links.text", "columns.links.url", "copyright", "privacyPolicyUrl", "termsOfUseUrl"]}	[]	2025-12-31 15:16:13.744	2025-12-31 15:16:13.744	2025-12-31 15:16:13.744	\N	\N	\N
292	nhg316utynl78njfa6vsro23	plugin::content-manager.explorer.update	{}	api::footer.footer	{"fields": ["companyName", "companyDescription", "socialMedias.icon", "socialMedias.url", "columns.heading", "columns.links.text", "columns.links.url", "copyright", "privacyPolicyUrl", "termsOfUseUrl"]}	[]	2025-12-31 15:16:13.746	2025-12-31 15:16:13.746	2025-12-31 15:16:13.746	\N	\N	\N
293	uaqvoyc446eysrdw8qf6ljci	plugin::content-manager.explorer.delete	{}	api::footer.footer	{}	[]	2025-12-31 15:16:13.748	2025-12-31 15:16:13.748	2025-12-31 15:16:13.748	\N	\N	\N
294	vsbqmq7feale2gh36vmsxnpn	plugin::content-manager.explorer.publish	{}	api::footer.footer	{}	[]	2025-12-31 15:16:13.75	2025-12-31 15:16:13.75	2025-12-31 15:16:13.75	\N	\N	\N
300	ffb71n7hneeuxeil7q6483to	plugin::content-manager.explorer.create	{}	api::footer-contact.footer-contact	{"fields": ["contactInfoItems.icon", "contactInfoItems.title", "contactInfoItems.value", "contactInfoItems.url"]}	[]	2025-12-31 15:28:32.711	2025-12-31 15:28:32.711	2025-12-31 15:28:32.712	\N	\N	\N
301	tyalbbgnxqye3f95h0vlgdqn	plugin::content-manager.explorer.read	{}	api::footer-contact.footer-contact	{"fields": ["contactInfoItems.icon", "contactInfoItems.title", "contactInfoItems.value", "contactInfoItems.url"]}	[]	2025-12-31 15:28:32.716	2025-12-31 15:28:32.716	2025-12-31 15:28:32.716	\N	\N	\N
302	shvyb4wx7jd1k3cfpsweji8l	plugin::content-manager.explorer.update	{}	api::footer-contact.footer-contact	{"fields": ["contactInfoItems.icon", "contactInfoItems.title", "contactInfoItems.value", "contactInfoItems.url"]}	[]	2025-12-31 15:28:32.718	2025-12-31 15:28:32.718	2025-12-31 15:28:32.718	\N	\N	\N
303	zml1q6iktii7zmblb818inrg	plugin::content-manager.explorer.delete	{}	api::footer-contact.footer-contact	{}	[]	2025-12-31 15:28:32.72	2025-12-31 15:28:32.72	2025-12-31 15:28:32.72	\N	\N	\N
304	bm4mfi2m4nnirq7npbchf7mt	plugin::content-manager.explorer.publish	{}	api::footer-contact.footer-contact	{}	[]	2025-12-31 15:28:32.722	2025-12-31 15:28:32.722	2025-12-31 15:28:32.722	\N	\N	\N
311	wdsfievtactruv07dvv2pvti	plugin::content-manager.explorer.create	{}	api::don-hang.don-hang	{"fields": ["maDonHang", "thongTinKhachHang.hoVaTen", "thongTinKhachHang.soDienThoai", "thongTinKhachHang.email", "thongTinKhachHang.diaChi", "thongTinKhachHang.tinhThanhPho", "thongTinKhachHang.quanHuyen", "thongTinKhachHang.phuongXa", "thongTinKhachHang.ghiChu", "sanPhams.sanPham", "sanPhams.soLuong", "sanPhams.giaBan", "sanPhams.thanhTien", "tamTinh", "phiVanChuyen", "tongCong", "phuongThucThanhToan.loai", "phuongThucThanhToan.ten", "phuongThucThanhToan.moTa", "trangThai", "ghiChuAdmin"]}	[]	2026-01-04 21:02:58.196	2026-01-04 21:02:58.196	2026-01-04 21:02:58.196	\N	\N	\N
312	a7x4jn04wuo6nho2q7rx8u0b	plugin::content-manager.explorer.read	{}	api::don-hang.don-hang	{"fields": ["maDonHang", "thongTinKhachHang.hoVaTen", "thongTinKhachHang.soDienThoai", "thongTinKhachHang.email", "thongTinKhachHang.diaChi", "thongTinKhachHang.tinhThanhPho", "thongTinKhachHang.quanHuyen", "thongTinKhachHang.phuongXa", "thongTinKhachHang.ghiChu", "sanPhams.sanPham", "sanPhams.soLuong", "sanPhams.giaBan", "sanPhams.thanhTien", "tamTinh", "phiVanChuyen", "tongCong", "phuongThucThanhToan.loai", "phuongThucThanhToan.ten", "phuongThucThanhToan.moTa", "trangThai", "ghiChuAdmin"]}	[]	2026-01-04 21:02:58.2	2026-01-04 21:02:58.2	2026-01-04 21:02:58.2	\N	\N	\N
313	k6d3ezauargxe1jlu9exkule	plugin::content-manager.explorer.update	{}	api::don-hang.don-hang	{"fields": ["maDonHang", "thongTinKhachHang.hoVaTen", "thongTinKhachHang.soDienThoai", "thongTinKhachHang.email", "thongTinKhachHang.diaChi", "thongTinKhachHang.tinhThanhPho", "thongTinKhachHang.quanHuyen", "thongTinKhachHang.phuongXa", "thongTinKhachHang.ghiChu", "sanPhams.sanPham", "sanPhams.soLuong", "sanPhams.giaBan", "sanPhams.thanhTien", "tamTinh", "phiVanChuyen", "tongCong", "phuongThucThanhToan.loai", "phuongThucThanhToan.ten", "phuongThucThanhToan.moTa", "trangThai", "ghiChuAdmin"]}	[]	2026-01-04 21:02:58.203	2026-01-04 21:02:58.203	2026-01-04 21:02:58.203	\N	\N	\N
314	xffxrld8bq1dv0jupvqtezbu	plugin::content-manager.explorer.delete	{}	api::don-hang.don-hang	{}	[]	2026-01-04 21:02:58.204	2026-01-04 21:02:58.204	2026-01-04 21:02:58.204	\N	\N	\N
315	ococ05g2ha2iuo4xzqmnvqgl	plugin::content-manager.explorer.publish	{}	api::don-hang.don-hang	{}	[]	2026-01-04 21:02:58.206	2026-01-04 21:02:58.206	2026-01-04 21:02:58.206	\N	\N	\N
365	pyu28t27bucnaxg6h2f8socg	plugin::content-manager.explorer.create	{}	api::san-pham.san-pham	{"fields": ["seo.metaTitle", "seo.metaDescription", "seo.metaKeywords", "seo.canonicalUrl", "seo.ogTitle", "seo.ogDescription", "seo.ogImage", "seo.ogType", "seo.ogUrl", "seo.ogSiteName", "seo.twitterCard", "seo.twitterTitle", "seo.twitterDescription", "seo.twitterImage", "seo.twitterSite", "seo.twitterCreator", "seo.robots", "seo.structuredData", "title", "slug", "moTaNgan", "anhSanPham", "giaGoc", "giaBan", "moTaChiTiet", "thongSo.label", "thongSo.value", "badges", "giamGia", "reviews.customerName", "reviews.email", "reviews.rating", "reviews.content", "reviews.isApproved", "rating", "reviewCount"]}	[]	2026-01-07 21:29:33.66	2026-01-07 21:29:33.66	2026-01-07 21:29:33.661	\N	\N	\N
366	r8sq0jg7vfzp4fdxr2cd7den	plugin::content-manager.explorer.read	{}	api::san-pham.san-pham	{"fields": ["seo.metaTitle", "seo.metaDescription", "seo.metaKeywords", "seo.canonicalUrl", "seo.ogTitle", "seo.ogDescription", "seo.ogImage", "seo.ogType", "seo.ogUrl", "seo.ogSiteName", "seo.twitterCard", "seo.twitterTitle", "seo.twitterDescription", "seo.twitterImage", "seo.twitterSite", "seo.twitterCreator", "seo.robots", "seo.structuredData", "title", "slug", "moTaNgan", "anhSanPham", "giaGoc", "giaBan", "moTaChiTiet", "thongSo.label", "thongSo.value", "badges", "giamGia", "reviews.customerName", "reviews.email", "reviews.rating", "reviews.content", "reviews.isApproved", "rating", "reviewCount"]}	[]	2026-01-07 21:29:33.664	2026-01-07 21:29:33.664	2026-01-07 21:29:33.664	\N	\N	\N
367	el5rsju00zbizhqxxb1upnjl	plugin::content-manager.explorer.update	{}	api::san-pham.san-pham	{"fields": ["seo.metaTitle", "seo.metaDescription", "seo.metaKeywords", "seo.canonicalUrl", "seo.ogTitle", "seo.ogDescription", "seo.ogImage", "seo.ogType", "seo.ogUrl", "seo.ogSiteName", "seo.twitterCard", "seo.twitterTitle", "seo.twitterDescription", "seo.twitterImage", "seo.twitterSite", "seo.twitterCreator", "seo.robots", "seo.structuredData", "title", "slug", "moTaNgan", "anhSanPham", "giaGoc", "giaBan", "moTaChiTiet", "thongSo.label", "thongSo.value", "badges", "giamGia", "reviews.customerName", "reviews.email", "reviews.rating", "reviews.content", "reviews.isApproved", "rating", "reviewCount"]}	[]	2026-01-07 21:29:33.666	2026-01-07 21:29:33.666	2026-01-07 21:29:33.666	\N	\N	\N
394	ni11o086k5km2g7ck5gi3rk1	plugin::content-manager.explorer.create	{}	api::home.home	{"fields": ["seo.metaTitle", "seo.metaDescription", "seo.metaKeywords", "seo.canonicalUrl", "seo.ogTitle", "seo.ogDescription", "seo.ogImage", "seo.ogType", "seo.ogUrl", "seo.ogSiteName", "seo.twitterCard", "seo.twitterTitle", "seo.twitterDescription", "seo.twitterImage", "seo.twitterSite", "seo.twitterCreator", "seo.robots", "seo.structuredData", "heroSlider.title", "heroSlider.specialTitle", "heroSlider.subtitle", "heroSlider.description", "heroSlider.url", "heroSlider.image", "featureCards.icon", "featureCards.title", "featureCards.description", "whyChooseUs.title", "whyChooseUs.subtitle", "whyChooseUs.featureCards.icon", "whyChooseUs.featureCards.title", "whyChooseUs.featureCards.description", "statsSection.statCards.icon", "statsSection.statCards.number", "statsSection.statCards.text", "gallerySection.title", "gallerySection.subtitle", "gallerySection.images.image", "gallerySection.images.alt", "partnerBrandsSection.title", "partnerBrandsSection.subtitle", "partnerBrandsSection.partnerBrands.name", "partnerBrandsSection.partnerBrands.logo", "partnerBrandsSection.partnerBrands.url", "processSection.title", "processSection.subtitle", "processSection.steps.stepNumber", "processSection.steps.icon", "processSection.steps.title", "processSection.steps.description", "faqSection.icon", "faqSection.title", "faqSection.subtitle", "faqSection.faqItems.question", "faqSection.faqItems.answer", "testimonialsSection.title", "testimonialsSection.subtitle", "testimonialsSection.testimonials.rating", "testimonialsSection.testimonials.testimonial", "testimonialsSection.testimonials.customerName", "testimonialsSection.testimonials.avatar", "contactSection.title", "contactSection.subtitle", "contactSection.contactInfoCards.icon", "contactSection.contactInfoCards.title", "contactSection.contactInfoCards.details", "contactSection.contactInfoCards.ctaText", "contactSection.contactInfoCards.ctaUrl", "professionalServicesSection.title", "professionalServicesSection.subtitle", "professionalServicesSection.serviceCards.icon", "professionalServicesSection.serviceCards.image", "professionalServicesSection.serviceCards.title", "professionalServicesSection.serviceCards.description", "professionalServicesSection.serviceCards.features.text", "professionalServicesSection.serviceCards.link", "featuredProductsSection.title", "featuredProductsSection.subtitle", "featuredProductsSection.products", "specialPromotionsSection.title", "specialPromotionsSection.subtitle", "specialPromotionsSection.promotionCards.image", "specialPromotionsSection.promotionCards.badge", "specialPromotionsSection.promotionCards.discount", "specialPromotionsSection.promotionCards.isFree", "specialPromotionsSection.promotionCards.endDate", "specialPromotionsSection.promotionCards.title", "specialPromotionsSection.promotionCards.description", "specialPromotionsSection.promotionCards.link", "specialPromotionsSection.promotionCards.buttonText", "ctaSection.title", "ctaSection.subtitle", "ctaSection.primaryButton.text", "ctaSection.primaryButton.url", "ctaSection.primaryButton.icon", "ctaSection.primaryButton.style", "ctaSection.secondaryButton.text", "ctaSection.secondaryButton.url", "ctaSection.secondaryButton.icon", "ctaSection.secondaryButton.style", "latestNewsSection.title", "latestNewsSection.subtitle", "latestNewsSection.viewAllButton.text", "latestNewsSection.viewAllButton.url", "latestNewsSection.viewAllButton.icon", "latestNewsSection.viewAllButton.style", "latestNewsSection.blogs", "productCategoriesSection.title", "productCategoriesSection.subtitle", "productCategoriesSection.danhMucSanPhams", "newsletterSection.icon", "newsletterSection.title", "newsletterSection.subtitle", "newsletterSection.buttonText", "newsletterSection.privacyText"], "locales": ["vi"]}	[]	2026-01-07 21:55:59.593	2026-01-07 21:55:59.593	2026-01-07 21:55:59.593	\N	\N	\N
395	lhjhongh5dqy3wv599w9u1xk	plugin::content-manager.explorer.read	{}	api::home.home	{"fields": ["seo.metaTitle", "seo.metaDescription", "seo.metaKeywords", "seo.canonicalUrl", "seo.ogTitle", "seo.ogDescription", "seo.ogImage", "seo.ogType", "seo.ogUrl", "seo.ogSiteName", "seo.twitterCard", "seo.twitterTitle", "seo.twitterDescription", "seo.twitterImage", "seo.twitterSite", "seo.twitterCreator", "seo.robots", "seo.structuredData", "heroSlider.title", "heroSlider.specialTitle", "heroSlider.subtitle", "heroSlider.description", "heroSlider.url", "heroSlider.image", "featureCards.icon", "featureCards.title", "featureCards.description", "whyChooseUs.title", "whyChooseUs.subtitle", "whyChooseUs.featureCards.icon", "whyChooseUs.featureCards.title", "whyChooseUs.featureCards.description", "statsSection.statCards.icon", "statsSection.statCards.number", "statsSection.statCards.text", "gallerySection.title", "gallerySection.subtitle", "gallerySection.images.image", "gallerySection.images.alt", "partnerBrandsSection.title", "partnerBrandsSection.subtitle", "partnerBrandsSection.partnerBrands.name", "partnerBrandsSection.partnerBrands.logo", "partnerBrandsSection.partnerBrands.url", "processSection.title", "processSection.subtitle", "processSection.steps.stepNumber", "processSection.steps.icon", "processSection.steps.title", "processSection.steps.description", "faqSection.icon", "faqSection.title", "faqSection.subtitle", "faqSection.faqItems.question", "faqSection.faqItems.answer", "testimonialsSection.title", "testimonialsSection.subtitle", "testimonialsSection.testimonials.rating", "testimonialsSection.testimonials.testimonial", "testimonialsSection.testimonials.customerName", "testimonialsSection.testimonials.avatar", "contactSection.title", "contactSection.subtitle", "contactSection.contactInfoCards.icon", "contactSection.contactInfoCards.title", "contactSection.contactInfoCards.details", "contactSection.contactInfoCards.ctaText", "contactSection.contactInfoCards.ctaUrl", "professionalServicesSection.title", "professionalServicesSection.subtitle", "professionalServicesSection.serviceCards.icon", "professionalServicesSection.serviceCards.image", "professionalServicesSection.serviceCards.title", "professionalServicesSection.serviceCards.description", "professionalServicesSection.serviceCards.features.text", "professionalServicesSection.serviceCards.link", "featuredProductsSection.title", "featuredProductsSection.subtitle", "featuredProductsSection.products", "specialPromotionsSection.title", "specialPromotionsSection.subtitle", "specialPromotionsSection.promotionCards.image", "specialPromotionsSection.promotionCards.badge", "specialPromotionsSection.promotionCards.discount", "specialPromotionsSection.promotionCards.isFree", "specialPromotionsSection.promotionCards.endDate", "specialPromotionsSection.promotionCards.title", "specialPromotionsSection.promotionCards.description", "specialPromotionsSection.promotionCards.link", "specialPromotionsSection.promotionCards.buttonText", "ctaSection.title", "ctaSection.subtitle", "ctaSection.primaryButton.text", "ctaSection.primaryButton.url", "ctaSection.primaryButton.icon", "ctaSection.primaryButton.style", "ctaSection.secondaryButton.text", "ctaSection.secondaryButton.url", "ctaSection.secondaryButton.icon", "ctaSection.secondaryButton.style", "latestNewsSection.title", "latestNewsSection.subtitle", "latestNewsSection.viewAllButton.text", "latestNewsSection.viewAllButton.url", "latestNewsSection.viewAllButton.icon", "latestNewsSection.viewAllButton.style", "latestNewsSection.blogs", "productCategoriesSection.title", "productCategoriesSection.subtitle", "productCategoriesSection.danhMucSanPhams", "newsletterSection.icon", "newsletterSection.title", "newsletterSection.subtitle", "newsletterSection.buttonText", "newsletterSection.privacyText"], "locales": ["vi"]}	[]	2026-01-07 21:55:59.597	2026-01-07 21:55:59.597	2026-01-07 21:55:59.598	\N	\N	\N
396	fv0je7d34fktji53w5bv7ot7	plugin::content-manager.explorer.update	{}	api::home.home	{"fields": ["seo.metaTitle", "seo.metaDescription", "seo.metaKeywords", "seo.canonicalUrl", "seo.ogTitle", "seo.ogDescription", "seo.ogImage", "seo.ogType", "seo.ogUrl", "seo.ogSiteName", "seo.twitterCard", "seo.twitterTitle", "seo.twitterDescription", "seo.twitterImage", "seo.twitterSite", "seo.twitterCreator", "seo.robots", "seo.structuredData", "heroSlider.title", "heroSlider.specialTitle", "heroSlider.subtitle", "heroSlider.description", "heroSlider.url", "heroSlider.image", "featureCards.icon", "featureCards.title", "featureCards.description", "whyChooseUs.title", "whyChooseUs.subtitle", "whyChooseUs.featureCards.icon", "whyChooseUs.featureCards.title", "whyChooseUs.featureCards.description", "statsSection.statCards.icon", "statsSection.statCards.number", "statsSection.statCards.text", "gallerySection.title", "gallerySection.subtitle", "gallerySection.images.image", "gallerySection.images.alt", "partnerBrandsSection.title", "partnerBrandsSection.subtitle", "partnerBrandsSection.partnerBrands.name", "partnerBrandsSection.partnerBrands.logo", "partnerBrandsSection.partnerBrands.url", "processSection.title", "processSection.subtitle", "processSection.steps.stepNumber", "processSection.steps.icon", "processSection.steps.title", "processSection.steps.description", "faqSection.icon", "faqSection.title", "faqSection.subtitle", "faqSection.faqItems.question", "faqSection.faqItems.answer", "testimonialsSection.title", "testimonialsSection.subtitle", "testimonialsSection.testimonials.rating", "testimonialsSection.testimonials.testimonial", "testimonialsSection.testimonials.customerName", "testimonialsSection.testimonials.avatar", "contactSection.title", "contactSection.subtitle", "contactSection.contactInfoCards.icon", "contactSection.contactInfoCards.title", "contactSection.contactInfoCards.details", "contactSection.contactInfoCards.ctaText", "contactSection.contactInfoCards.ctaUrl", "professionalServicesSection.title", "professionalServicesSection.subtitle", "professionalServicesSection.serviceCards.icon", "professionalServicesSection.serviceCards.image", "professionalServicesSection.serviceCards.title", "professionalServicesSection.serviceCards.description", "professionalServicesSection.serviceCards.features.text", "professionalServicesSection.serviceCards.link", "featuredProductsSection.title", "featuredProductsSection.subtitle", "featuredProductsSection.products", "specialPromotionsSection.title", "specialPromotionsSection.subtitle", "specialPromotionsSection.promotionCards.image", "specialPromotionsSection.promotionCards.badge", "specialPromotionsSection.promotionCards.discount", "specialPromotionsSection.promotionCards.isFree", "specialPromotionsSection.promotionCards.endDate", "specialPromotionsSection.promotionCards.title", "specialPromotionsSection.promotionCards.description", "specialPromotionsSection.promotionCards.link", "specialPromotionsSection.promotionCards.buttonText", "ctaSection.title", "ctaSection.subtitle", "ctaSection.primaryButton.text", "ctaSection.primaryButton.url", "ctaSection.primaryButton.icon", "ctaSection.primaryButton.style", "ctaSection.secondaryButton.text", "ctaSection.secondaryButton.url", "ctaSection.secondaryButton.icon", "ctaSection.secondaryButton.style", "latestNewsSection.title", "latestNewsSection.subtitle", "latestNewsSection.viewAllButton.text", "latestNewsSection.viewAllButton.url", "latestNewsSection.viewAllButton.icon", "latestNewsSection.viewAllButton.style", "latestNewsSection.blogs", "productCategoriesSection.title", "productCategoriesSection.subtitle", "productCategoriesSection.danhMucSanPhams", "newsletterSection.icon", "newsletterSection.title", "newsletterSection.subtitle", "newsletterSection.buttonText", "newsletterSection.privacyText"], "locales": ["vi"]}	[]	2026-01-07 21:55:59.6	2026-01-07 21:55:59.6	2026-01-07 21:55:59.6	\N	\N	\N
306	gl5wvp7sj0acajqqwqkzbyk3	plugin::content-manager.explorer.create	{}	api::danh-muc-bai-viet-dich-vu.danh-muc-bai-viet-dich-vu	{"fields": ["seo.metaTitle", "seo.metaDescription", "seo.metaKeywords", "seo.canonicalUrl", "seo.ogTitle", "seo.ogDescription", "seo.ogImage", "seo.ogType", "seo.ogUrl", "seo.ogSiteName", "seo.twitterCard", "seo.twitterTitle", "seo.twitterDescription", "seo.twitterImage", "seo.twitterSite", "seo.twitterCreator", "seo.robots", "seo.structuredData", "title", "slug", "moTa", "anhDanhMuc", "danhMucCapHai.seo.metaTitle", "danhMucCapHai.seo.metaDescription", "danhMucCapHai.seo.metaKeywords", "danhMucCapHai.seo.canonicalUrl", "danhMucCapHai.seo.ogTitle", "danhMucCapHai.seo.ogDescription", "danhMucCapHai.seo.ogImage", "danhMucCapHai.seo.ogType", "danhMucCapHai.seo.ogUrl", "danhMucCapHai.seo.ogSiteName", "danhMucCapHai.seo.twitterCard", "danhMucCapHai.seo.twitterTitle", "danhMucCapHai.seo.twitterDescription", "danhMucCapHai.seo.twitterImage", "danhMucCapHai.seo.twitterSite", "danhMucCapHai.seo.twitterCreator", "danhMucCapHai.seo.robots", "danhMucCapHai.seo.structuredData", "danhMucCapHai.title", "danhMucCapHai.slug", "danhMucCapHai.baiViets"]}	[]	2026-01-04 20:58:17.933	2026-01-04 20:58:17.933	2026-01-04 20:58:17.933	\N	\N	\N
307	nvdd2wviq8nqt1xn7klba3sb	plugin::content-manager.explorer.read	{}	api::danh-muc-bai-viet.danh-muc-bai-viet	{"fields": ["seo.metaTitle", "seo.metaDescription", "seo.metaKeywords", "seo.canonicalUrl", "seo.ogTitle", "seo.ogDescription", "seo.ogImage", "seo.ogType", "seo.ogUrl", "seo.ogSiteName", "seo.twitterCard", "seo.twitterTitle", "seo.twitterDescription", "seo.twitterImage", "seo.twitterSite", "seo.twitterCreator", "seo.robots", "seo.structuredData", "title", "slug", "moTa", "anhDanhMuc", "danhMucCapHai.seo.metaTitle", "danhMucCapHai.seo.metaDescription", "danhMucCapHai.seo.metaKeywords", "danhMucCapHai.seo.canonicalUrl", "danhMucCapHai.seo.ogTitle", "danhMucCapHai.seo.ogDescription", "danhMucCapHai.seo.ogImage", "danhMucCapHai.seo.ogType", "danhMucCapHai.seo.ogUrl", "danhMucCapHai.seo.ogSiteName", "danhMucCapHai.seo.twitterCard", "danhMucCapHai.seo.twitterTitle", "danhMucCapHai.seo.twitterDescription", "danhMucCapHai.seo.twitterImage", "danhMucCapHai.seo.twitterSite", "danhMucCapHai.seo.twitterCreator", "danhMucCapHai.seo.robots", "danhMucCapHai.seo.structuredData", "danhMucCapHai.title", "danhMucCapHai.slug", "danhMucCapHai.baiViets"]}	[]	2026-01-04 20:58:17.934	2026-01-04 20:58:17.934	2026-01-04 20:58:17.934	\N	\N	\N
308	r7vb7dx940o7dtpd0p7wfkzw	plugin::content-manager.explorer.read	{}	api::danh-muc-bai-viet-dich-vu.danh-muc-bai-viet-dich-vu	{"fields": ["seo.metaTitle", "seo.metaDescription", "seo.metaKeywords", "seo.canonicalUrl", "seo.ogTitle", "seo.ogDescription", "seo.ogImage", "seo.ogType", "seo.ogUrl", "seo.ogSiteName", "seo.twitterCard", "seo.twitterTitle", "seo.twitterDescription", "seo.twitterImage", "seo.twitterSite", "seo.twitterCreator", "seo.robots", "seo.structuredData", "title", "slug", "moTa", "anhDanhMuc", "danhMucCapHai.seo.metaTitle", "danhMucCapHai.seo.metaDescription", "danhMucCapHai.seo.metaKeywords", "danhMucCapHai.seo.canonicalUrl", "danhMucCapHai.seo.ogTitle", "danhMucCapHai.seo.ogDescription", "danhMucCapHai.seo.ogImage", "danhMucCapHai.seo.ogType", "danhMucCapHai.seo.ogUrl", "danhMucCapHai.seo.ogSiteName", "danhMucCapHai.seo.twitterCard", "danhMucCapHai.seo.twitterTitle", "danhMucCapHai.seo.twitterDescription", "danhMucCapHai.seo.twitterImage", "danhMucCapHai.seo.twitterSite", "danhMucCapHai.seo.twitterCreator", "danhMucCapHai.seo.robots", "danhMucCapHai.seo.structuredData", "danhMucCapHai.title", "danhMucCapHai.slug", "danhMucCapHai.baiViets"]}	[]	2026-01-04 20:58:17.936	2026-01-04 20:58:17.936	2026-01-04 20:58:17.936	\N	\N	\N
309	x5fqhb35jt6nfo947v2uwykj	plugin::content-manager.explorer.update	{}	api::danh-muc-bai-viet.danh-muc-bai-viet	{"fields": ["seo.metaTitle", "seo.metaDescription", "seo.metaKeywords", "seo.canonicalUrl", "seo.ogTitle", "seo.ogDescription", "seo.ogImage", "seo.ogType", "seo.ogUrl", "seo.ogSiteName", "seo.twitterCard", "seo.twitterTitle", "seo.twitterDescription", "seo.twitterImage", "seo.twitterSite", "seo.twitterCreator", "seo.robots", "seo.structuredData", "title", "slug", "moTa", "anhDanhMuc", "danhMucCapHai.seo.metaTitle", "danhMucCapHai.seo.metaDescription", "danhMucCapHai.seo.metaKeywords", "danhMucCapHai.seo.canonicalUrl", "danhMucCapHai.seo.ogTitle", "danhMucCapHai.seo.ogDescription", "danhMucCapHai.seo.ogImage", "danhMucCapHai.seo.ogType", "danhMucCapHai.seo.ogUrl", "danhMucCapHai.seo.ogSiteName", "danhMucCapHai.seo.twitterCard", "danhMucCapHai.seo.twitterTitle", "danhMucCapHai.seo.twitterDescription", "danhMucCapHai.seo.twitterImage", "danhMucCapHai.seo.twitterSite", "danhMucCapHai.seo.twitterCreator", "danhMucCapHai.seo.robots", "danhMucCapHai.seo.structuredData", "danhMucCapHai.title", "danhMucCapHai.slug", "danhMucCapHai.baiViets"]}	[]	2026-01-04 20:58:17.937	2026-01-04 20:58:17.937	2026-01-04 20:58:17.937	\N	\N	\N
310	x1wjz9h6svcr2g3yri7vwuhb	plugin::content-manager.explorer.update	{}	api::danh-muc-bai-viet-dich-vu.danh-muc-bai-viet-dich-vu	{"fields": ["seo.metaTitle", "seo.metaDescription", "seo.metaKeywords", "seo.canonicalUrl", "seo.ogTitle", "seo.ogDescription", "seo.ogImage", "seo.ogType", "seo.ogUrl", "seo.ogSiteName", "seo.twitterCard", "seo.twitterTitle", "seo.twitterDescription", "seo.twitterImage", "seo.twitterSite", "seo.twitterCreator", "seo.robots", "seo.structuredData", "title", "slug", "moTa", "anhDanhMuc", "danhMucCapHai.seo.metaTitle", "danhMucCapHai.seo.metaDescription", "danhMucCapHai.seo.metaKeywords", "danhMucCapHai.seo.canonicalUrl", "danhMucCapHai.seo.ogTitle", "danhMucCapHai.seo.ogDescription", "danhMucCapHai.seo.ogImage", "danhMucCapHai.seo.ogType", "danhMucCapHai.seo.ogUrl", "danhMucCapHai.seo.ogSiteName", "danhMucCapHai.seo.twitterCard", "danhMucCapHai.seo.twitterTitle", "danhMucCapHai.seo.twitterDescription", "danhMucCapHai.seo.twitterImage", "danhMucCapHai.seo.twitterSite", "danhMucCapHai.seo.twitterCreator", "danhMucCapHai.seo.robots", "danhMucCapHai.seo.structuredData", "danhMucCapHai.title", "danhMucCapHai.slug", "danhMucCapHai.baiViets"]}	[]	2026-01-04 20:58:17.939	2026-01-04 20:58:17.939	2026-01-04 20:58:17.939	\N	\N	\N
316	sg7lxv39psr7bq59igl99bhe	plugin::content-manager.explorer.create	{}	api::ve-chung-toi.ve-chung-toi	{"fields": ["seo.metaTitle", "seo.metaDescription", "seo.metaKeywords", "seo.canonicalUrl", "seo.ogTitle", "seo.ogDescription", "seo.ogImage", "seo.ogType", "seo.ogUrl", "seo.ogSiteName", "seo.twitterCard", "seo.twitterTitle", "seo.twitterDescription", "seo.twitterImage", "seo.twitterSite", "seo.twitterCreator", "seo.robots", "seo.structuredData", "heroSection.title", "heroSection.specialTitle", "heroSection.subtitle", "heroSection.description", "heroSection.url", "heroSection.image", "introductionSection.badge", "introductionSection.badgeIcon", "introductionSection.title", "introductionSection.titleHighlight", "introductionSection.paragraphs", "introductionSection.image", "introductionSection.imageOverlay.title", "introductionSection.imageOverlay.subtitle", "achievementsSection.statCards.icon", "achievementsSection.statCards.number", "achievementsSection.statCards.text", "coreValuesSection.badge", "coreValuesSection.badgeIcon", "coreValuesSection.title", "coreValuesSection.titleHighlight", "coreValuesSection.subtitle", "coreValuesSection.valueCards.icon", "coreValuesSection.valueCards.title", "coreValuesSection.valueCards.description", "historyTimelineSection.badge", "historyTimelineSection.badgeIcon", "historyTimelineSection.title", "historyTimelineSection.titleHighlight", "historyTimelineSection.subtitle", "historyTimelineSection.milestones.year", "historyTimelineSection.milestones.title", "historyTimelineSection.milestones.description", "historyTimelineSection.milestones.position", "commitmentsSection.badge", "commitmentsSection.badgeIcon", "commitmentsSection.title", "commitmentsSection.titleHighlight", "commitmentsSection.subtitle", "commitmentsSection.commitmentCards.icon", "commitmentsSection.commitmentCards.title", "commitmentsSection.commitmentCards.description", "partnersSection.title", "partnersSection.subtitle", "partnersSection.partnerBrands.name", "partnersSection.partnerBrands.logo", "partnersSection.partnerBrands.url", "certificationsSection.badge", "certificationsSection.badgeIcon", "certificationsSection.title", "certificationsSection.titleHighlight", "certificationsSection.subtitle", "certificationsSection.certificationCards.icon", "certificationsSection.certificationCards.title", "certificationsSection.certificationCards.subtitle", "showroomSection.badge", "showroomSection.badgeIcon", "showroomSection.title", "showroomSection.titleHighlight", "showroomSection.subtitle", "showroomSection.showroomCards.image", "showroomSection.showroomCards.title", "showroomSection.showroomCards.subtitle", "workshopSection.badge", "workshopSection.badgeIcon", "workshopSection.title", "workshopSection.titleHighlight", "workshopSection.subtitle", "workshopSection.featuredImage.image", "workshopSection.featuredImage.alt", "workshopSection.galleryImages.image", "workshopSection.galleryImages.alt", "storeLocationsSection.badge", "storeLocationsSection.badgeIcon", "storeLocationsSection.title", "storeLocationsSection.titleHighlight", "storeLocationsSection.subtitle", "storeLocationsSection.stores.image", "storeLocationsSection.stores.name", "storeLocationsSection.stores.address", "storeLocationsSection.stores.phone", "storeLocationsSection.stores.operatingHours", "storeLocationsSection.stores.mapUrl", "processSection.title", "processSection.subtitle", "processSection.steps.stepNumber", "processSection.steps.icon", "processSection.steps.title", "processSection.steps.description", "beforeAfterSection.badge", "beforeAfterSection.badgeIcon", "beforeAfterSection.title", "beforeAfterSection.titleHighlight", "beforeAfterSection.subtitle", "beforeAfterSection.projects.image", "beforeAfterSection.projects.title", "beforeAfterSection.projects.description", "teamSection.badge", "teamSection.badgeIcon", "teamSection.title", "teamSection.titleHighlight", "teamSection.subtitle", "teamSection.members.avatar", "teamSection.members.name", "teamSection.members.position", "testimonialsSection.title", "testimonialsSection.subtitle", "testimonialsSection.testimonials.rating", "testimonialsSection.testimonials.testimonial", "testimonialsSection.testimonials.customerName", "testimonialsSection.testimonials.avatar", "ctaSection.badge", "ctaSection.badgeIcon", "ctaSection.title", "ctaSection.titleHighlight", "ctaSection.description", "ctaSection.primaryButton.text", "ctaSection.primaryButton.url", "ctaSection.primaryButton.icon", "ctaSection.secondaryButton.text", "ctaSection.secondaryButton.url", "ctaSection.secondaryButton.icon"]}	[]	2026-01-04 22:16:34.874	2026-01-04 22:16:34.874	2026-01-04 22:16:34.874	\N	\N	\N
317	iyify7v28nkammviouj25vtg	plugin::content-manager.explorer.read	{}	api::ve-chung-toi.ve-chung-toi	{"fields": ["seo.metaTitle", "seo.metaDescription", "seo.metaKeywords", "seo.canonicalUrl", "seo.ogTitle", "seo.ogDescription", "seo.ogImage", "seo.ogType", "seo.ogUrl", "seo.ogSiteName", "seo.twitterCard", "seo.twitterTitle", "seo.twitterDescription", "seo.twitterImage", "seo.twitterSite", "seo.twitterCreator", "seo.robots", "seo.structuredData", "heroSection.title", "heroSection.specialTitle", "heroSection.subtitle", "heroSection.description", "heroSection.url", "heroSection.image", "introductionSection.badge", "introductionSection.badgeIcon", "introductionSection.title", "introductionSection.titleHighlight", "introductionSection.paragraphs", "introductionSection.image", "introductionSection.imageOverlay.title", "introductionSection.imageOverlay.subtitle", "achievementsSection.statCards.icon", "achievementsSection.statCards.number", "achievementsSection.statCards.text", "coreValuesSection.badge", "coreValuesSection.badgeIcon", "coreValuesSection.title", "coreValuesSection.titleHighlight", "coreValuesSection.subtitle", "coreValuesSection.valueCards.icon", "coreValuesSection.valueCards.title", "coreValuesSection.valueCards.description", "historyTimelineSection.badge", "historyTimelineSection.badgeIcon", "historyTimelineSection.title", "historyTimelineSection.titleHighlight", "historyTimelineSection.subtitle", "historyTimelineSection.milestones.year", "historyTimelineSection.milestones.title", "historyTimelineSection.milestones.description", "historyTimelineSection.milestones.position", "commitmentsSection.badge", "commitmentsSection.badgeIcon", "commitmentsSection.title", "commitmentsSection.titleHighlight", "commitmentsSection.subtitle", "commitmentsSection.commitmentCards.icon", "commitmentsSection.commitmentCards.title", "commitmentsSection.commitmentCards.description", "partnersSection.title", "partnersSection.subtitle", "partnersSection.partnerBrands.name", "partnersSection.partnerBrands.logo", "partnersSection.partnerBrands.url", "certificationsSection.badge", "certificationsSection.badgeIcon", "certificationsSection.title", "certificationsSection.titleHighlight", "certificationsSection.subtitle", "certificationsSection.certificationCards.icon", "certificationsSection.certificationCards.title", "certificationsSection.certificationCards.subtitle", "showroomSection.badge", "showroomSection.badgeIcon", "showroomSection.title", "showroomSection.titleHighlight", "showroomSection.subtitle", "showroomSection.showroomCards.image", "showroomSection.showroomCards.title", "showroomSection.showroomCards.subtitle", "workshopSection.badge", "workshopSection.badgeIcon", "workshopSection.title", "workshopSection.titleHighlight", "workshopSection.subtitle", "workshopSection.featuredImage.image", "workshopSection.featuredImage.alt", "workshopSection.galleryImages.image", "workshopSection.galleryImages.alt", "storeLocationsSection.badge", "storeLocationsSection.badgeIcon", "storeLocationsSection.title", "storeLocationsSection.titleHighlight", "storeLocationsSection.subtitle", "storeLocationsSection.stores.image", "storeLocationsSection.stores.name", "storeLocationsSection.stores.address", "storeLocationsSection.stores.phone", "storeLocationsSection.stores.operatingHours", "storeLocationsSection.stores.mapUrl", "processSection.title", "processSection.subtitle", "processSection.steps.stepNumber", "processSection.steps.icon", "processSection.steps.title", "processSection.steps.description", "beforeAfterSection.badge", "beforeAfterSection.badgeIcon", "beforeAfterSection.title", "beforeAfterSection.titleHighlight", "beforeAfterSection.subtitle", "beforeAfterSection.projects.image", "beforeAfterSection.projects.title", "beforeAfterSection.projects.description", "teamSection.badge", "teamSection.badgeIcon", "teamSection.title", "teamSection.titleHighlight", "teamSection.subtitle", "teamSection.members.avatar", "teamSection.members.name", "teamSection.members.position", "testimonialsSection.title", "testimonialsSection.subtitle", "testimonialsSection.testimonials.rating", "testimonialsSection.testimonials.testimonial", "testimonialsSection.testimonials.customerName", "testimonialsSection.testimonials.avatar", "ctaSection.badge", "ctaSection.badgeIcon", "ctaSection.title", "ctaSection.titleHighlight", "ctaSection.description", "ctaSection.primaryButton.text", "ctaSection.primaryButton.url", "ctaSection.primaryButton.icon", "ctaSection.secondaryButton.text", "ctaSection.secondaryButton.url", "ctaSection.secondaryButton.icon"]}	[]	2026-01-04 22:16:34.878	2026-01-04 22:16:34.878	2026-01-04 22:16:34.878	\N	\N	\N
318	zlvs8gv3zyghskl6di0pi79u	plugin::content-manager.explorer.update	{}	api::ve-chung-toi.ve-chung-toi	{"fields": ["seo.metaTitle", "seo.metaDescription", "seo.metaKeywords", "seo.canonicalUrl", "seo.ogTitle", "seo.ogDescription", "seo.ogImage", "seo.ogType", "seo.ogUrl", "seo.ogSiteName", "seo.twitterCard", "seo.twitterTitle", "seo.twitterDescription", "seo.twitterImage", "seo.twitterSite", "seo.twitterCreator", "seo.robots", "seo.structuredData", "heroSection.title", "heroSection.specialTitle", "heroSection.subtitle", "heroSection.description", "heroSection.url", "heroSection.image", "introductionSection.badge", "introductionSection.badgeIcon", "introductionSection.title", "introductionSection.titleHighlight", "introductionSection.paragraphs", "introductionSection.image", "introductionSection.imageOverlay.title", "introductionSection.imageOverlay.subtitle", "achievementsSection.statCards.icon", "achievementsSection.statCards.number", "achievementsSection.statCards.text", "coreValuesSection.badge", "coreValuesSection.badgeIcon", "coreValuesSection.title", "coreValuesSection.titleHighlight", "coreValuesSection.subtitle", "coreValuesSection.valueCards.icon", "coreValuesSection.valueCards.title", "coreValuesSection.valueCards.description", "historyTimelineSection.badge", "historyTimelineSection.badgeIcon", "historyTimelineSection.title", "historyTimelineSection.titleHighlight", "historyTimelineSection.subtitle", "historyTimelineSection.milestones.year", "historyTimelineSection.milestones.title", "historyTimelineSection.milestones.description", "historyTimelineSection.milestones.position", "commitmentsSection.badge", "commitmentsSection.badgeIcon", "commitmentsSection.title", "commitmentsSection.titleHighlight", "commitmentsSection.subtitle", "commitmentsSection.commitmentCards.icon", "commitmentsSection.commitmentCards.title", "commitmentsSection.commitmentCards.description", "partnersSection.title", "partnersSection.subtitle", "partnersSection.partnerBrands.name", "partnersSection.partnerBrands.logo", "partnersSection.partnerBrands.url", "certificationsSection.badge", "certificationsSection.badgeIcon", "certificationsSection.title", "certificationsSection.titleHighlight", "certificationsSection.subtitle", "certificationsSection.certificationCards.icon", "certificationsSection.certificationCards.title", "certificationsSection.certificationCards.subtitle", "showroomSection.badge", "showroomSection.badgeIcon", "showroomSection.title", "showroomSection.titleHighlight", "showroomSection.subtitle", "showroomSection.showroomCards.image", "showroomSection.showroomCards.title", "showroomSection.showroomCards.subtitle", "workshopSection.badge", "workshopSection.badgeIcon", "workshopSection.title", "workshopSection.titleHighlight", "workshopSection.subtitle", "workshopSection.featuredImage.image", "workshopSection.featuredImage.alt", "workshopSection.galleryImages.image", "workshopSection.galleryImages.alt", "storeLocationsSection.badge", "storeLocationsSection.badgeIcon", "storeLocationsSection.title", "storeLocationsSection.titleHighlight", "storeLocationsSection.subtitle", "storeLocationsSection.stores.image", "storeLocationsSection.stores.name", "storeLocationsSection.stores.address", "storeLocationsSection.stores.phone", "storeLocationsSection.stores.operatingHours", "storeLocationsSection.stores.mapUrl", "processSection.title", "processSection.subtitle", "processSection.steps.stepNumber", "processSection.steps.icon", "processSection.steps.title", "processSection.steps.description", "beforeAfterSection.badge", "beforeAfterSection.badgeIcon", "beforeAfterSection.title", "beforeAfterSection.titleHighlight", "beforeAfterSection.subtitle", "beforeAfterSection.projects.image", "beforeAfterSection.projects.title", "beforeAfterSection.projects.description", "teamSection.badge", "teamSection.badgeIcon", "teamSection.title", "teamSection.titleHighlight", "teamSection.subtitle", "teamSection.members.avatar", "teamSection.members.name", "teamSection.members.position", "testimonialsSection.title", "testimonialsSection.subtitle", "testimonialsSection.testimonials.rating", "testimonialsSection.testimonials.testimonial", "testimonialsSection.testimonials.customerName", "testimonialsSection.testimonials.avatar", "ctaSection.badge", "ctaSection.badgeIcon", "ctaSection.title", "ctaSection.titleHighlight", "ctaSection.description", "ctaSection.primaryButton.text", "ctaSection.primaryButton.url", "ctaSection.primaryButton.icon", "ctaSection.secondaryButton.text", "ctaSection.secondaryButton.url", "ctaSection.secondaryButton.icon"]}	[]	2026-01-04 22:16:34.88	2026-01-04 22:16:34.88	2026-01-04 22:16:34.88	\N	\N	\N
319	deud3r3ggcnxrkduwicpnkze	plugin::content-manager.explorer.delete	{}	api::ve-chung-toi.ve-chung-toi	{}	[]	2026-01-04 22:16:34.882	2026-01-04 22:16:34.882	2026-01-04 22:16:34.882	\N	\N	\N
320	jyzu5ikx0zbiufd1w9a5mqnz	plugin::content-manager.explorer.publish	{}	api::ve-chung-toi.ve-chung-toi	{}	[]	2026-01-04 22:16:34.883	2026-01-04 22:16:34.883	2026-01-04 22:16:34.883	\N	\N	\N
389	nprwvp236ydu9z9gaj12fjf7	plugin::content-manager.explorer.create	{}	api::newsletter-subscription.newsletter-subscription	{"fields": ["email", "isActive", "subscribedAt", "unsubscribedAt"]}	[]	2026-01-07 21:55:54.459	2026-01-07 21:55:54.459	2026-01-07 21:55:54.459	\N	\N	\N
390	kbuykawxyb3p94wb973yttwt	plugin::content-manager.explorer.read	{}	api::newsletter-subscription.newsletter-subscription	{"fields": ["email", "isActive", "subscribedAt", "unsubscribedAt"]}	[]	2026-01-07 21:55:54.463	2026-01-07 21:55:54.463	2026-01-07 21:55:54.463	\N	\N	\N
391	j2q9u72a2wonxvwe5yit7vks	plugin::content-manager.explorer.update	{}	api::newsletter-subscription.newsletter-subscription	{"fields": ["email", "isActive", "subscribedAt", "unsubscribedAt"]}	[]	2026-01-07 21:55:54.465	2026-01-07 21:55:54.465	2026-01-07 21:55:54.466	\N	\N	\N
392	akv9zq5ios2v9foai90od7ut	plugin::content-manager.explorer.delete	{}	api::newsletter-subscription.newsletter-subscription	{}	[]	2026-01-07 21:55:54.467	2026-01-07 21:55:54.467	2026-01-07 21:55:54.468	\N	\N	\N
393	mbtti8pj3xp8dqltz1gk1sfc	plugin::content-manager.explorer.publish	{}	api::newsletter-subscription.newsletter-subscription	{}	[]	2026-01-07 21:55:54.469	2026-01-07 21:55:54.469	2026-01-07 21:55:54.469	\N	\N	\N
\.


--
-- Data for Name: admin_permissions_role_lnk; Type: TABLE DATA; Schema: public; Owner: autotuanlinh_user
--

COPY public.admin_permissions_role_lnk (id, permission_id, role_id, permission_ord) FROM stdin;
1	1	2	1
2	2	2	2
3	3	2	3
4	4	2	4
5	5	2	5
6	6	2	6
7	7	3	1
8	8	3	2
9	9	3	3
10	10	3	4
11	11	3	5
12	12	3	6
13	13	1	1
14	14	1	2
15	15	1	3
16	16	1	4
17	17	1	5
18	18	1	6
19	19	1	7
20	20	1	8
21	21	1	9
22	22	1	10
23	23	1	11
24	24	1	12
25	25	1	13
26	26	1	14
27	27	1	15
28	28	1	16
29	29	1	17
30	30	1	18
31	31	1	19
32	32	1	20
33	33	1	21
34	34	1	22
35	35	1	23
36	36	1	24
37	37	1	25
38	38	1	26
39	39	1	27
40	40	1	28
41	41	1	29
42	42	1	30
43	43	1	31
44	44	1	32
45	45	1	33
46	46	1	34
47	47	1	35
48	48	1	36
49	49	1	37
50	50	1	38
51	51	1	39
52	52	1	40
53	53	1	41
54	54	1	42
55	55	1	43
56	56	1	44
57	57	1	45
58	58	1	46
59	59	1	47
60	60	1	48
61	61	1	49
62	62	1	50
63	63	1	51
64	64	1	52
65	65	1	53
66	66	1	54
67	67	1	55
68	68	1	56
69	69	1	57
70	70	1	58
74	74	1	62
75	75	1	63
236	236	1	114
237	237	1	115
241	241	1	119
242	242	1	120
243	243	1	121
244	244	1	122
245	245	1	123
249	249	1	124
250	250	1	125
251	251	1	126
93	93	1	78
94	94	1	79
365	365	1	174
366	366	1	175
367	367	1	176
389	389	1	180
390	390	1	181
391	391	1	182
392	392	1	183
393	393	1	184
211	211	1	92
212	212	1	93
290	290	1	135
291	291	1	136
292	292	1	137
216	216	1	97
217	217	1	98
293	293	1	138
294	294	1	139
394	394	1	185
395	395	1	186
396	396	1	187
300	300	1	145
301	301	1	146
302	302	1	147
303	303	1	148
304	304	1	149
227	227	1	105
228	228	1	106
229	229	1	107
305	305	1	150
306	306	1	151
307	307	1	152
308	308	1	153
309	309	1	154
310	310	1	155
311	311	1	156
312	312	1	157
313	313	1	158
314	314	1	159
315	315	1	160
316	316	1	161
317	317	1	162
318	318	1	163
319	319	1	164
320	320	1	165
324	324	1	169
325	325	1	170
\.


--
-- Data for Name: admin_roles; Type: TABLE DATA; Schema: public; Owner: autotuanlinh_user
--

COPY public.admin_roles (id, document_id, name, code, description, created_at, updated_at, published_at, created_by_id, updated_by_id, locale) FROM stdin;
1	esxtuil2d9ncpsi2rqp714zm	Super Admin	strapi-super-admin	Super Admins can access and manage all features and settings.	2025-12-30 20:11:41.63	2025-12-30 20:11:41.63	2025-12-30 20:11:41.63	\N	\N	\N
2	xp5zusbx2iy5r5wrdddpzzhy	Editor	strapi-editor	Editors can manage and publish contents including those of other users.	2025-12-30 20:11:41.632	2025-12-30 20:11:41.632	2025-12-30 20:11:41.632	\N	\N	\N
3	pywfznilzq6fcgdqwqmbzmgy	Author	strapi-author	Authors can manage the content they have created.	2025-12-30 20:11:41.633	2025-12-30 20:11:41.633	2025-12-30 20:11:41.633	\N	\N	\N
\.


--
-- Data for Name: admin_users; Type: TABLE DATA; Schema: public; Owner: autotuanlinh_user
--

COPY public.admin_users (id, document_id, firstname, lastname, username, email, password, reset_password_token, registration_token, is_active, blocked, prefered_language, created_at, updated_at, published_at, created_by_id, updated_by_id, locale) FROM stdin;
1	yqqdoohxbnfm0yg4lqeu6clp	admin	admin	\N	autotuanlinh@gmail.com	$2a$10$bFazY121hcmVoNfJphAbH.I7s6Un9qU0EG.OZKKR7mZSoN37ubXgO	\N	\N	t	f	\N	2025-12-30 20:13:30.281	2025-12-30 20:13:30.281	2025-12-30 20:13:30.282	\N	\N	\N
\.


--
-- Data for Name: admin_users_roles_lnk; Type: TABLE DATA; Schema: public; Owner: autotuanlinh_user
--

COPY public.admin_users_roles_lnk (id, user_id, role_id, role_ord, user_ord) FROM stdin;
1	1	1	1	1
\.


--
-- Data for Name: blogs; Type: TABLE DATA; Schema: public; Owner: autotuanlinh_user
--

COPY public.blogs (id, document_id, hashtag, title, slug, mo_ta_ngan, noi_dung, created_at, updated_at, published_at, created_by_id, updated_by_id, locale) FROM stdin;
43	hn8x4enxgxxu4oqdf580t45g	#thamsan #review	nh gi thm sn 3D cao cp	djanh-gia-tham-san-3d-cao-cap	nh gi thm sn 3D cao cp. Hng dn y  v cch s dng v bo qun ph kin  t.	<p>Ni dung chi tit v nh gi thm sn 3d cao cp...</p><p>y l bi vit cung cp thng tin y  v hu ch cho khch hng.</p>	2026-01-04 21:31:09.396	2026-01-04 21:31:09.396	\N	\N	\N	\N
52	hn8x4enxgxxu4oqdf580t45g	#thamsan #review	nh gi thm sn 3D cao cp	djanh-gia-tham-san-3d-cao-cap	nh gi thm sn 3D cao cp. Hng dn y  v cch s dng v bo qun ph kin  t.	<p>Ni dung chi tit v nh gi thm sn 3d cao cp...</p><p>y l bi vit cung cp thng tin y  v hu ch cho khch hng.</p>	2026-01-04 21:31:09.396	2026-01-04 21:31:09.396	2026-01-04 21:31:09.464	\N	\N	\N
58	cplgcy6ocwne4fbnkyu9ft9a	#denpha #led	Review n pha LED cao cp cho  t	review-djen-pha-led-cao-cap-cho-o-to	Review n pha LED cao cp cho  t. Hng dn y  v cch s dng v bo qun ph kin  t.	<p>Ni dung chi tit v review n pha led cao cp cho  t...</p><p>y l bi vit cung cp thng tin y  v hu ch cho khch hng.</p>	2026-01-04 21:31:09.502	2026-01-04 21:31:09.502	\N	\N	\N	\N
70	cplgcy6ocwne4fbnkyu9ft9a	#denpha #led	Review n pha LED cao cp cho  t	review-djen-pha-led-cao-cap-cho-o-to	Review n pha LED cao cp cho  t. Hng dn y  v cch s dng v bo qun ph kin  t.	<p>Ni dung chi tit v review n pha led cao cp cho  t...</p><p>y l bi vit cung cp thng tin y  v hu ch cho khch hng.</p>	2026-01-04 21:31:09.502	2026-01-04 21:31:09.502	2026-01-04 21:31:09.524	\N	\N	\N
77	vtcsnacrx32zohbraljaflcf	#hud #congnghe	HUD hin th - Cng ngh tng lai cho  t	hud-hien-thi-cong-nghe-tuong-lai-cho-o-to	HUD hin th - Cng ngh tng lai cho  t. Hng dn y  v cch s dng v bo qun ph kin  t.	<p>Ni dung chi tit v hud hin th - cng ngh tng lai cho  t...</p><p>y l bi vit cung cp thng tin y  v hu ch cho khch hng.</p>	2026-01-04 21:31:09.552	2026-01-04 21:31:09.552	\N	\N	\N	\N
87	vtcsnacrx32zohbraljaflcf	#hud #congnghe	HUD hin th - Cng ngh tng lai cho  t	hud-hien-thi-cong-nghe-tuong-lai-cho-o-to	HUD hin th - Cng ngh tng lai cho  t. Hng dn y  v cch s dng v bo qun ph kin  t.	<p>Ni dung chi tit v hud hin th - cng ngh tng lai cho  t...</p><p>y l bi vit cung cp thng tin y  v hu ch cho khch hng.</p>	2026-01-04 21:31:09.552	2026-01-04 21:31:09.552	2026-01-04 21:31:09.57	\N	\N	\N
95	l3skboin97kthhglmlr172xj	#nangcapnoithat #huongdan	Hng dn nng cp ni tht  t	huong-dan-nang-cap-noi-that-o-to	Hng dn nng cp ni tht  t. Bi vit chi tit v sn phm v dch v ph kin  t chnh hng.	<p>Ni dung chi tit v hng dn nng cp ni tht  t...</p><p>y l bi vit cung cp thng tin y  v hu ch cho khch hng.</p>	2026-01-04 21:31:09.594	2026-01-04 21:31:09.594	\N	\N	\N	\N
103	l3skboin97kthhglmlr172xj	#nangcapnoithat #huongdan	Hng dn nng cp ni tht  t	huong-dan-nang-cap-noi-that-o-to	Hng dn nng cp ni tht  t. Bi vit chi tit v sn phm v dch v ph kin  t chnh hng.	<p>Ni dung chi tit v hng dn nng cp ni tht  t...</p><p>y l bi vit cung cp thng tin y  v hu ch cho khch hng.</p>	2026-01-04 21:31:09.594	2026-01-04 21:31:09.594	2026-01-04 21:31:09.612	\N	\N	\N
44	tl569adcfwcq2tfiy5ioh6hz	#thamsan #huongdan	Cch chn thm sn ph hp vi ni tht xe	cach-chon-tham-san-phu-hop-voi-noi-that-xe	Cch chn thm sn ph hp vi ni tht xe. nh gi khch quan v cht lng v hiu qu ca sn phm.	<p>Ni dung chi tit v cch chn thm sn ph hp vi ni tht xe...</p><p>y l bi vit cung cp thng tin y  v hu ch cho khch hng.</p>	2026-01-04 21:31:09.397	2026-01-04 21:31:09.397	\N	\N	\N	\N
59	tl569adcfwcq2tfiy5ioh6hz	#thamsan #huongdan	Cch chn thm sn ph hp vi ni tht xe	cach-chon-tham-san-phu-hop-voi-noi-that-xe	Cch chn thm sn ph hp vi ni tht xe. nh gi khch quan v cht lng v hiu qu ca sn phm.	<p>Ni dung chi tit v cch chn thm sn ph hp vi ni tht xe...</p><p>y l bi vit cung cp thng tin y  v hu ch cho khch hng.</p>	2026-01-04 21:31:09.397	2026-01-04 21:31:09.397	2026-01-04 21:31:09.489	\N	\N	\N
66	eqzyihk9zh67fd5nk588na6x	#chanbun #review	Chn bn no tt nht cho xe SUV	chan-bun-nao-tot-nhat-cho-xe-suv	Chn bn no tt nht cho xe SUV. Hng dn y  v cch s dng v bo qun ph kin  t.	<p>Ni dung chi tit v chn bn no tt nht cho xe suv...</p><p>y l bi vit cung cp thng tin y  v hu ch cho khch hng.</p>	2026-01-04 21:31:09.517	2026-01-04 21:31:09.517	\N	\N	\N	\N
82	eqzyihk9zh67fd5nk588na6x	#chanbun #review	Chn bn no tt nht cho xe SUV	chan-bun-nao-tot-nhat-cho-xe-suv	Chn bn no tt nht cho xe SUV. Hng dn y  v cch s dng v bo qun ph kin  t.	<p>Ni dung chi tit v chn bn no tt nht cho xe suv...</p><p>y l bi vit cung cp thng tin y  v hu ch cho khch hng.</p>	2026-01-04 21:31:09.517	2026-01-04 21:31:09.517	2026-01-04 21:31:09.544	\N	\N	\N
90	pa8l4jyani5vfoehvpkqdpnb	#phimcachnhiet #3m	Phim cch nhit 3M - u v nhc im	phim-cach-nhiet-3m-uu-va-nhuoc-djiem	Phim cch nhit 3M - u v nhc im. Hng dn y  v cch s dng v bo qun ph kin  t.	<p>Ni dung chi tit v phim cch nhit 3m - u v nhc im...</p><p>y l bi vit cung cp thng tin y  v hu ch cho khch hng.</p>	2026-01-04 21:31:09.58	2026-01-04 21:31:09.58	\N	\N	\N	\N
106	pa8l4jyani5vfoehvpkqdpnb	#phimcachnhiet #3m	Phim cch nhit 3M - u v nhc im	phim-cach-nhiet-3m-uu-va-nhuoc-djiem	Phim cch nhit 3M - u v nhc im. Hng dn y  v cch s dng v bo qun ph kin  t.	<p>Ni dung chi tit v phim cch nhit 3m - u v nhc im...</p><p>y l bi vit cung cp thng tin y  v hu ch cho khch hng.</p>	2026-01-04 21:31:09.58	2026-01-04 21:31:09.58	2026-01-04 21:31:09.614	\N	\N	\N
45	gwqvnfj5krg1hh4f8j08d9qm	#tuidungdo #review	Review ti ng  a nng cho  t	review-tui-djung-djo-dja-nang-cho-o-to	Review ti ng  a nng cho  t. So snh cc sn phm trn th trng  gip bn la chn tt nht.	<p>Ni dung chi tit v review ti ng  a nng cho  t...</p><p>y l bi vit cung cp thng tin y  v hu ch cho khch hng.</p>	2026-01-04 21:31:09.397	2026-01-04 21:31:09.397	\N	\N	\N	\N
55	gwqvnfj5krg1hh4f8j08d9qm	#tuidungdo #review	Review ti ng  a nng cho  t	review-tui-djung-djo-dja-nang-cho-o-to	Review ti ng  a nng cho  t. So snh cc sn phm trn th trng  gip bn la chn tt nht.	<p>Ni dung chi tit v review ti ng  a nng cho  t...</p><p>y l bi vit cung cp thng tin y  v hu ch cho khch hng.</p>	2026-01-04 21:31:09.397	2026-01-04 21:31:09.397	2026-01-04 21:31:09.479	\N	\N	\N
63	wbb8cbuk1z9q2bmcnohj17ky	#opvien #top5	Top 5 p vin p nht cho  t	top-5-op-vien-djep-nhat-cho-o-to	Top 5 p vin p nht cho  t. Nhng mo v kinh nghim hu ch khi mua ph kin  t.	<p>Ni dung chi tit v top 5 p vin p nht cho  t...</p><p>y l bi vit cung cp thng tin y  v hu ch cho khch hng.</p>	2026-01-04 21:31:09.513	2026-01-04 21:31:09.513	\N	\N	\N	\N
74	wbb8cbuk1z9q2bmcnohj17ky	#opvien #top5	Top 5 p vin p nht cho  t	top-5-op-vien-djep-nhat-cho-o-to	Top 5 p vin p nht cho  t. Nhng mo v kinh nghim hu ch khi mua ph kin  t.	<p>Ni dung chi tit v top 5 p vin p nht cho  t...</p><p>y l bi vit cung cp thng tin y  v hu ch cho khch hng.</p>	2026-01-04 21:31:09.513	2026-01-04 21:31:09.513	2026-01-04 21:31:09.535	\N	\N	\N
81	bcp8st1gelvajc9ccjw3529s	#loa #top5	Top 5 loa  t tt nht 2025	top-5-loa-o-to-tot-nhat-2025	Top 5 loa  t tt nht 2025. Nhng mo v kinh nghim hu ch khi mua ph kin  t.	<p>Ni dung chi tit v top 5 loa  t tt nht 2025...</p><p>y l bi vit cung cp thng tin y  v hu ch cho khch hng.</p>	2026-01-04 21:31:09.561	2026-01-04 21:31:09.561	\N	\N	\N	\N
93	bcp8st1gelvajc9ccjw3529s	#loa #top5	Top 5 loa  t tt nht 2025	top-5-loa-o-to-tot-nhat-2025	Top 5 loa  t tt nht 2025. Nhng mo v kinh nghim hu ch khi mua ph kin  t.	<p>Ni dung chi tit v top 5 loa  t tt nht 2025...</p><p>y l bi vit cung cp thng tin y  v hu ch cho khch hng.</p>	2026-01-04 21:31:09.561	2026-01-04 21:31:09.561	2026-01-04 21:31:09.58	\N	\N	\N
46	nc00icod05m2e8ya3cju08q5	#goituadau #review	Gi ta u no tt nht cho li xe ng di	goi-tua-djau-nao-tot-nhat-cho-lai-xe-djuong-dai	Gi ta u no tt nht cho li xe ng di. Nhng mo v kinh nghim hu ch khi mua ph kin  t.	<p>Ni dung chi tit v gi ta u no tt nht cho li xe ng di...</p><p>y l bi vit cung cp thng tin y  v hu ch cho khch hng.</p>	2026-01-04 21:31:09.397	2026-01-04 21:31:09.397	\N	\N	\N	\N
54	nc00icod05m2e8ya3cju08q5	#goituadau #review	Gi ta u no tt nht cho li xe ng di	goi-tua-djau-nao-tot-nhat-cho-lai-xe-djuong-dai	Gi ta u no tt nht cho li xe ng di. Nhng mo v kinh nghim hu ch khi mua ph kin  t.	<p>Ni dung chi tit v gi ta u no tt nht cho li xe ng di...</p><p>y l bi vit cung cp thng tin y  v hu ch cho khch hng.</p>	2026-01-04 21:31:09.397	2026-01-04 21:31:09.397	2026-01-04 21:31:09.477	\N	\N	\N
62	uh4y3h5x9skvmzxuhhd1d1in	#guong #huongdan	Cch lp t gng chiu hu t ng	cach-lap-djat-guong-chieu-hau-tu-djong	Cch lp t gng chiu hu t ng. So snh cc sn phm trn th trng  gip bn la chn tt nht.	<p>Ni dung chi tit v cch lp t gng chiu hu t ng...</p><p>y l bi vit cung cp thng tin y  v hu ch cho khch hng.</p>	2026-01-04 21:31:09.513	2026-01-04 21:31:09.513	\N	\N	\N	\N
73	uh4y3h5x9skvmzxuhhd1d1in	#guong #huongdan	Cch lp t gng chiu hu t ng	cach-lap-djat-guong-chieu-hau-tu-djong	Cch lp t gng chiu hu t ng. So snh cc sn phm trn th trng  gip bn la chn tt nht.	<p>Ni dung chi tit v cch lp t gng chiu hu t ng...</p><p>y l bi vit cung cp thng tin y  v hu ch cho khch hng.</p>	2026-01-04 21:31:09.513	2026-01-04 21:31:09.513	2026-01-04 21:31:09.535	\N	\N	\N
80	fr5k7vhazefeduulg5pe8eu3	#amthanh #huongdan	Hng dn nng cp h thng m thanh xe	huong-dan-nang-cap-he-thong-am-thanh-xe	Hng dn nng cp h thng m thanh xe. So snh cc sn phm trn th trng  gip bn la chn tt nht.	<p>Ni dung chi tit v hng dn nng cp h thng m thanh xe...</p><p>y l bi vit cung cp thng tin y  v hu ch cho khch hng.</p>	2026-01-04 21:31:09.56	2026-01-04 21:31:09.56	\N	\N	\N	\N
92	fr5k7vhazefeduulg5pe8eu3	#amthanh #huongdan	Hng dn nng cp h thng m thanh xe	huong-dan-nang-cap-he-thong-am-thanh-xe	Hng dn nng cp h thng m thanh xe. So snh cc sn phm trn th trng  gip bn la chn tt nht.	<p>Ni dung chi tit v hng dn nng cp h thng m thanh xe...</p><p>y l bi vit cung cp thng tin y  v hu ch cho khch hng.</p>	2026-01-04 21:31:09.56	2026-01-04 21:31:09.56	2026-01-04 21:31:09.579	\N	\N	\N
97	xtjtuf2tq7nvf76xsr9bf6lg	#nangcapdaudvd #review	Nng cp u DVD - C nn khng?	nang-cap-djau-dvd-co-nen-khong	Nng cp u DVD - C nn khng?. nh gi khch quan v cht lng v hiu qu ca sn phm.	<p>Ni dung chi tit v nng cp u dvd - c nn khng?...</p><p>y l bi vit cung cp thng tin y  v hu ch cho khch hng.</p>	2026-01-04 21:31:09.602	2026-01-04 21:31:09.602	\N	\N	\N	\N
105	xtjtuf2tq7nvf76xsr9bf6lg	#nangcapdaudvd #review	Nng cp u DVD - C nn khng?	nang-cap-djau-dvd-co-nen-khong	Nng cp u DVD - C nn khng?. nh gi khch quan v cht lng v hiu qu ca sn phm.	<p>Ni dung chi tit v nng cp u dvd - c nn khng?...</p><p>y l bi vit cung cp thng tin y  v hu ch cho khch hng.</p>	2026-01-04 21:31:09.602	2026-01-04 21:31:09.602	2026-01-04 21:31:09.621	\N	\N	\N
47	oy8o5es0nqs7srv1uv82k76z	#gheda #baoquan	Cch bo qun gh da  t ng cch	cach-bao-quan-ghe-da-o-to-djung-cach	Cch bo qun gh da  t ng cch. So snh cc sn phm trn th trng  gip bn la chn tt nht.	<p>Ni dung chi tit v cch bo qun gh da  t ng cch...</p><p>y l bi vit cung cp thng tin y  v hu ch cho khch hng.</p>	2026-01-04 21:31:09.397	2026-01-04 21:31:09.397	\N	\N	\N	\N
56	oy8o5es0nqs7srv1uv82k76z	#gheda #baoquan	Cch bo qun gh da  t ng cch	cach-bao-quan-ghe-da-o-to-djung-cach	Cch bo qun gh da  t ng cch. So snh cc sn phm trn th trng  gip bn la chn tt nht.	<p>Ni dung chi tit v cch bo qun gh da  t ng cch...</p><p>y l bi vit cung cp thng tin y  v hu ch cho khch hng.</p>	2026-01-04 21:31:09.397	2026-01-04 21:31:09.397	2026-01-04 21:31:09.48	\N	\N	\N
64	bvep7bx7ygxivrvm03eru9zd	#logonoi #phukien	Logo ni - Ph kin lm p xe c o	logo-noi-phu-kien-lam-djep-xe-djoc-djao	Logo ni - Ph kin lm p xe c o. Bi vit chi tit v sn phm v dch v ph kin  t chnh hng.	<p>Ni dung chi tit v logo ni - ph kin lm p xe c o...</p><p>y l bi vit cung cp thng tin y  v hu ch cho khch hng.</p>	2026-01-04 21:31:09.514	2026-01-04 21:31:09.514	\N	\N	\N	\N
75	bvep7bx7ygxivrvm03eru9zd	#logonoi #phukien	Logo ni - Ph kin lm p xe c o	logo-noi-phu-kien-lam-djep-xe-djoc-djao	Logo ni - Ph kin lm p xe c o. Bi vit chi tit v sn phm v dch v ph kin  t chnh hng.	<p>Ni dung chi tit v logo ni - ph kin lm p xe c o...</p><p>y l bi vit cung cp thng tin y  v hu ch cho khch hng.</p>	2026-01-04 21:31:09.514	2026-01-04 21:31:09.514	2026-01-04 21:31:09.535	\N	\N	\N
83	ctuyl6bshodx9xtkz03kco68	#sacusb #phukien	B sc USB a nng cho  t	bo-sac-usb-dja-nang-cho-o-to	B sc USB a nng cho  t. Bi vit chi tit v sn phm v dch v ph kin  t chnh hng.	<p>Ni dung chi tit v b sc usb a nng cho  t...</p><p>y l bi vit cung cp thng tin y  v hu ch cho khch hng.</p>	2026-01-04 21:31:09.562	2026-01-04 21:31:09.562	\N	\N	\N	\N
98	ctuyl6bshodx9xtkz03kco68	#sacusb #phukien	B sc USB a nng cho  t	bo-sac-usb-dja-nang-cho-o-to	B sc USB a nng cho  t. Bi vit chi tit v sn phm v dch v ph kin  t chnh hng.	<p>Ni dung chi tit v b sc usb a nng cho  t...</p><p>y l bi vit cung cp thng tin y  v hu ch cho khch hng.</p>	2026-01-04 21:31:09.562	2026-01-04 21:31:09.562	2026-01-04 21:31:09.598	\N	\N	\N
48	x964j04u7yho77v1c0rvzzi1	#bocgheda #sosanh	So snh cc loi bc gh da trn th trng	so-sanh-cac-loai-boc-ghe-da-tren-thi-truong	So snh cc loi bc gh da trn th trng. nh gi khch quan v cht lng v hiu qu ca sn phm.	<p>Ni dung chi tit v so snh cc loi bc gh da trn th trng...</p><p>y l bi vit cung cp thng tin y  v hu ch cho khch hng.</p>	2026-01-04 21:31:09.399	2026-01-04 21:31:09.399	\N	\N	\N	\N
61	x964j04u7yho77v1c0rvzzi1	#bocgheda #sosanh	So snh cc loi bc gh da trn th trng	so-sanh-cac-loai-boc-ghe-da-tren-thi-truong	So snh cc loi bc gh da trn th trng. nh gi khch quan v cht lng v hiu qu ca sn phm.	<p>Ni dung chi tit v so snh cc loi bc gh da trn th trng...</p><p>y l bi vit cung cp thng tin y  v hu ch cho khch hng.</p>	2026-01-04 21:31:09.399	2026-01-04 21:31:09.399	2026-01-04 21:31:09.498	\N	\N	\N
68	lt9y0kc38i02btv5sh04kjd0	#phukienngoaithat #huongdan	Hng dn chn ph kin ngoi tht	huong-dan-chon-phu-kien-ngoai-that	Hng dn chn ph kin ngoi tht. nh gi khch quan v cht lng v hiu qu ca sn phm.	<p>Ni dung chi tit v hng dn chn ph kin ngoi tht...</p><p>y l bi vit cung cp thng tin y  v hu ch cho khch hng.</p>	2026-01-04 21:31:09.526	2026-01-04 21:31:09.526	\N	\N	\N	\N
84	lt9y0kc38i02btv5sh04kjd0	#phukienngoaithat #huongdan	Hng dn chn ph kin ngoi tht	huong-dan-chon-phu-kien-ngoai-that	Hng dn chn ph kin ngoi tht. nh gi khch quan v cht lng v hiu qu ca sn phm.	<p>Ni dung chi tit v hng dn chn ph kin ngoi tht...</p><p>y l bi vit cung cp thng tin y  v hu ch cho khch hng.</p>	2026-01-04 21:31:09.526	2026-01-04 21:31:09.526	2026-01-04 21:31:09.559	\N	\N	\N
89	qzf8qdq65gp4wyhpc17kc37x	#phimcachnhiet #sosanh	So snh phim cch nhit 3M, Llumar, V-Kool	so-sanh-phim-cach-nhiet-3m-llumar-v-kool	So snh phim cch nhit 3M, Llumar, V-Kool. nh gi khch quan v cht lng v hiu qu ca sn phm.	<p>Ni dung chi tit v so snh phim cch nhit 3m, llumar, v-kool...</p><p>y l bi vit cung cp thng tin y  v hu ch cho khch hng.</p>	2026-01-04 21:31:09.58	2026-01-04 21:31:09.58	\N	\N	\N	\N
101	qzf8qdq65gp4wyhpc17kc37x	#phimcachnhiet #sosanh	So snh phim cch nhit 3M, Llumar, V-Kool	so-sanh-phim-cach-nhiet-3m-llumar-v-kool	So snh phim cch nhit 3M, Llumar, V-Kool. nh gi khch quan v cht lng v hiu qu ca sn phm.	<p>Ni dung chi tit v so snh phim cch nhit 3m, llumar, v-kool...</p><p>y l bi vit cung cp thng tin y  v hu ch cho khch hng.</p>	2026-01-04 21:31:09.58	2026-01-04 21:31:09.58	2026-01-04 21:31:09.608	\N	\N	\N
49	ijba70r765n7ed9rssc6stmm	#gheda #phukien	Hng dn chn gh da  t ph hp	huong-dan-chon-ghe-da-o-to-phu-hop	Hng dn chn gh da  t ph hp. Bi vit chi tit v sn phm v dch v ph kin  t chnh hng.	<p>Ni dung chi tit v hng dn chn gh da  t ph hp...</p><p>y l bi vit cung cp thng tin y  v hu ch cho khch hng.</p>	2026-01-04 21:31:09.399	2026-01-04 21:31:09.399	\N	\N	\N	\N
67	ijba70r765n7ed9rssc6stmm	#gheda #phukien	Hng dn chn gh da  t ph hp	huong-dan-chon-ghe-da-o-to-phu-hop	Hng dn chn gh da  t ph hp. Bi vit chi tit v sn phm v dch v ph kin  t chnh hng.	<p>Ni dung chi tit v hng dn chn gh da  t ph hp...</p><p>y l bi vit cung cp thng tin y  v hu ch cho khch hng.</p>	2026-01-04 21:31:09.399	2026-01-04 21:31:09.399	2026-01-04 21:31:09.502	\N	\N	\N
78	g6f8og8yh3udj85z290rapz1	#camerahanhtrinh #huongdan	Hng dn lp t camera hnh trnh	huong-dan-lap-djat-camera-hanh-trinh	Hng dn lp t camera hnh trnh. Nhng mo v kinh nghim hu ch khi mua ph kin  t.	<p>Ni dung chi tit v hng dn lp t camera hnh trnh...</p><p>y l bi vit cung cp thng tin y  v hu ch cho khch hng.</p>	2026-01-04 21:31:09.551	2026-01-04 21:31:09.551	\N	\N	\N	\N
99	g6f8og8yh3udj85z290rapz1	#camerahanhtrinh #huongdan	Hng dn lp t camera hnh trnh	huong-dan-lap-djat-camera-hanh-trinh	Hng dn lp t camera hnh trnh. Nhng mo v kinh nghim hu ch khi mua ph kin  t.	<p>Ni dung chi tit v hng dn lp t camera hnh trnh...</p><p>y l bi vit cung cp thng tin y  v hu ch cho khch hng.</p>	2026-01-04 21:31:09.551	2026-01-04 21:31:09.551	2026-01-04 21:31:09.592	\N	\N	\N
50	gcbdqz10gti3anzsdomjpvvm	#gheda #review	Review gh da cao cp cho  t	review-ghe-da-cao-cap-cho-o-to	Review gh da cao cp cho  t. Hng dn y  v cch s dng v bo qun ph kin  t.	<p>Ni dung chi tit v review gh da cao cp cho  t...</p><p>y l bi vit cung cp thng tin y  v hu ch cho khch hng.</p>	2026-01-04 21:31:09.4	2026-01-04 21:31:09.4	\N	\N	\N	\N
65	gcbdqz10gti3anzsdomjpvvm	#gheda #review	Review gh da cao cp cho  t	review-ghe-da-cao-cap-cho-o-to	Review gh da cao cp cho  t. Hng dn y  v cch s dng v bo qun ph kin  t.	<p>Ni dung chi tit v review gh da cao cp cho  t...</p><p>y l bi vit cung cp thng tin y  v hu ch cho khch hng.</p>	2026-01-04 21:31:09.4	2026-01-04 21:31:09.4	2026-01-04 21:31:09.499	\N	\N	\N
72	xnxuw2s3enl6njyly4r1rv0n	#camerahanhtrinh #review	Camera hnh trnh no tt nht 2025	camera-hanh-trinh-nao-tot-nhat-2025	Camera hnh trnh no tt nht 2025. So snh cc sn phm trn th trng  gip bn la chn tt nht.	<p>Ni dung chi tit v camera hnh trnh no tt nht 2025...</p><p>y l bi vit cung cp thng tin y  v hu ch cho khch hng.</p>	2026-01-04 21:31:09.537	2026-01-04 21:31:09.537	\N	\N	\N	\N
85	xnxuw2s3enl6njyly4r1rv0n	#camerahanhtrinh #review	Camera hnh trnh no tt nht 2025	camera-hanh-trinh-nao-tot-nhat-2025	Camera hnh trnh no tt nht 2025. So snh cc sn phm trn th trng  gip bn la chn tt nht.	<p>Ni dung chi tit v camera hnh trnh no tt nht 2025...</p><p>y l bi vit cung cp thng tin y  v hu ch cho khch hng.</p>	2026-01-04 21:31:09.537	2026-01-04 21:31:09.537	2026-01-04 21:31:09.565	\N	\N	\N
91	qudu57dobudrrjq9x7gcm57g	#baohanhphim #huongdan	Bo hnh phim cch nhit - Nhng iu cn bit	bao-hanh-phim-cach-nhiet-nhung-djieu-can-biet	Bo hnh phim cch nhit - Nhng iu cn bit. So snh cc sn phm trn th trng  gip bn la chn tt nht.	<p>Ni dung chi tit v bo hnh phim cch nhit - nhng iu cn bit...</p><p>y l bi vit cung cp thng tin y  v hu ch cho khch hng.</p>	2026-01-04 21:31:09.587	2026-01-07 21:49:44.181	\N	\N	1	\N
108	qudu57dobudrrjq9x7gcm57g	#baohanhphim #huongdan	Bo hnh phim cch nhit - Nhng iu cn bit	bao-hanh-phim-cach-nhiet-nhung-djieu-can-biet	Bo hnh phim cch nhit - Nhng iu cn bit. So snh cc sn phm trn th trng  gip bn la chn tt nht.	<p>Ni dung chi tit v bo hnh phim cch nhit - nhng iu cn bit...</p><p>y l bi vit cung cp thng tin y  v hu ch cho khch hng.</p>	2026-01-04 21:31:09.587	2026-01-07 21:49:44.181	2026-01-07 21:49:44.209	\N	1	\N
41	t51ra9lwnz7sini743fs3b5v	#volang #top5	Top 5 v lng da tt nht 2025	top-5-vo-lang-da-tot-nhat-2025	Top 5 v lng da tt nht 2025. Nhng mo v kinh nghim hu ch khi mua ph kin  t.	<p>Ni dung chi tit v top 5 v lng da tt nht 2025...</p><p>y l bi vit cung cp thng tin y  v hu ch cho khch hng.</p>	2026-01-04 21:31:09.396	2026-01-04 21:31:09.396	\N	\N	\N	\N
53	t51ra9lwnz7sini743fs3b5v	#volang #top5	Top 5 v lng da tt nht 2025	top-5-vo-lang-da-tot-nhat-2025	Top 5 v lng da tt nht 2025. Nhng mo v kinh nghim hu ch khi mua ph kin  t.	<p>Ni dung chi tit v top 5 v lng da tt nht 2025...</p><p>y l bi vit cung cp thng tin y  v hu ch cho khch hng.</p>	2026-01-04 21:31:09.396	2026-01-04 21:31:09.396	2026-01-04 21:31:09.465	\N	\N	\N
60	mmtr53jzzjszunayqoru8qwr	#denpha #sosanh	So snh n pha LED v n Halogen	so-sanh-djen-pha-led-va-djen-halogen	So snh n pha LED v n Halogen. nh gi khch quan v cht lng v hiu qu ca sn phm.	<p>Ni dung chi tit v so snh n pha led v n halogen...</p><p>y l bi vit cung cp thng tin y  v hu ch cho khch hng.</p>	2026-01-04 21:31:09.504	2026-01-04 21:31:09.504	\N	\N	\N	\N
71	mmtr53jzzjszunayqoru8qwr	#denpha #sosanh	So snh n pha LED v n Halogen	so-sanh-djen-pha-led-va-djen-halogen	So snh n pha LED v n Halogen. nh gi khch quan v cht lng v hiu qu ca sn phm.	<p>Ni dung chi tit v so snh n pha led v n halogen...</p><p>y l bi vit cung cp thng tin y  v hu ch cho khch hng.</p>	2026-01-04 21:31:09.504	2026-01-04 21:31:09.504	2026-01-04 21:31:09.526	\N	\N	\N
79	o1meu37flz0ciixbd8bj0kr0	#daudvd #android	Review u DVD Android tt nht	review-djau-dvd-android-tot-nhat	Review u DVD Android tt nht. nh gi khch quan v cht lng v hiu qu ca sn phm.	<p>Ni dung chi tit v review u dvd android tt nht...</p><p>y l bi vit cung cp thng tin y  v hu ch cho khch hng.</p>	2026-01-04 21:31:09.553	2026-01-04 21:31:09.553	\N	\N	\N	\N
88	o1meu37flz0ciixbd8bj0kr0	#daudvd #android	Review u DVD Android tt nht	review-djau-dvd-android-tot-nhat	Review u DVD Android tt nht. nh gi khch quan v cht lng v hiu qu ca sn phm.	<p>Ni dung chi tit v review u dvd android tt nht...</p><p>y l bi vit cung cp thng tin y  v hu ch cho khch hng.</p>	2026-01-04 21:31:09.553	2026-01-04 21:31:09.553	2026-01-04 21:31:09.571	\N	\N	\N
96	hujyx844h4k6phd16cxm9luv	#lapdatloa #huongdan	Lp t loa  t - Nhng lu  quan trng	lap-djat-loa-o-to-nhung-luu-y-quan-trong	Lp t loa  t - Nhng lu  quan trng. Hng dn y  v cch s dng v bo qun ph kin  t.	<p>Ni dung chi tit v lp t loa  t - nhng lu  quan trng...</p><p>y l bi vit cung cp thng tin y  v hu ch cho khch hng.</p>	2026-01-04 21:31:09.595	2026-01-04 21:31:09.595	\N	\N	\N	\N
104	hujyx844h4k6phd16cxm9luv	#lapdatloa #huongdan	Lp t loa  t - Nhng lu  quan trng	lap-djat-loa-o-to-nhung-luu-y-quan-trong	Lp t loa  t - Nhng lu  quan trng. Hng dn y  v cch s dng v bo qun ph kin  t.	<p>Ni dung chi tit v lp t loa  t - nhng lu  quan trng...</p><p>y l bi vit cung cp thng tin y  v hu ch cho khch hng.</p>	2026-01-04 21:31:09.595	2026-01-04 21:31:09.595	2026-01-04 21:31:09.613	\N	\N	\N
42	a6hmk5xg853xiw0g4mlnprhx	#volang #thethao	Hng dn chn v lng th thao cho xe	huong-dan-chon-vo-lang-the-thao-cho-xe	Hng dn chn v lng th thao cho xe. Bi vit chi tit v sn phm v dch v ph kin  t chnh hng.	<p>Ni dung chi tit v hng dn chn v lng th thao cho xe...</p><p>y l bi vit cung cp thng tin y  v hu ch cho khch hng.</p>	2026-01-04 21:31:09.396	2026-01-04 21:31:09.396	\N	\N	\N	\N
51	a6hmk5xg853xiw0g4mlnprhx	#volang #thethao	Hng dn chn v lng th thao cho xe	huong-dan-chon-vo-lang-the-thao-cho-xe	Hng dn chn v lng th thao cho xe. Bi vit chi tit v sn phm v dch v ph kin  t chnh hng.	<p>Ni dung chi tit v hng dn chn v lng th thao cho xe...</p><p>y l bi vit cung cp thng tin y  v hu ch cho khch hng.</p>	2026-01-04 21:31:09.396	2026-01-04 21:31:09.396	2026-01-04 21:31:09.463	\N	\N	\N
57	w6m71lnor01prv9hvyy36apq	#canxe #huongdan	Hng dn chn cn trc/sau ph hp	huong-dan-chon-can-truocsau-phu-hop	Hng dn chn cn trc/sau ph hp. Bi vit chi tit v sn phm v dch v ph kin  t chnh hng.	<p>Ni dung chi tit v hng dn chn cn trc/sau ph hp...</p><p>y l bi vit cung cp thng tin y  v hu ch cho khch hng.</p>	2026-01-04 21:31:09.502	2026-01-04 21:31:09.502	\N	\N	\N	\N
69	w6m71lnor01prv9hvyy36apq	#canxe #huongdan	Hng dn chn cn trc/sau ph hp	huong-dan-chon-can-truocsau-phu-hop	Hng dn chn cn trc/sau ph hp. Bi vit chi tit v sn phm v dch v ph kin  t chnh hng.	<p>Ni dung chi tit v hng dn chn cn trc/sau ph hp...</p><p>y l bi vit cung cp thng tin y  v hu ch cho khch hng.</p>	2026-01-04 21:31:09.502	2026-01-04 21:31:09.502	2026-01-04 21:31:09.524	\N	\N	\N
76	tdrvrpj2vfwfixydhi194izy	#cambienlui #antoan	Cm bin li - Ph kin an ton cn thit	cam-bien-lui-phu-kien-an-toan-can-thiet	Cm bin li - Ph kin an ton cn thit. Bi vit chi tit v sn phm v dch v ph kin  t chnh hng.	<p>Ni dung chi tit v cm bin li - ph kin an ton cn thit...</p><p>y l bi vit cung cp thng tin y  v hu ch cho khch hng.</p>	2026-01-04 21:31:09.551	2026-01-04 21:31:09.551	\N	\N	\N	\N
86	tdrvrpj2vfwfixydhi194izy	#cambienlui #antoan	Cm bin li - Ph kin an ton cn thit	cam-bien-lui-phu-kien-an-toan-can-thiet	Cm bin li - Ph kin an ton cn thit. Bi vit chi tit v sn phm v dch v ph kin  t chnh hng.	<p>Ni dung chi tit v cm bin li - ph kin an ton cn thit...</p><p>y l bi vit cung cp thng tin y  v hu ch cho khch hng.</p>	2026-01-04 21:31:09.551	2026-01-04 21:31:09.551	2026-01-04 21:31:09.57	\N	\N	\N
94	zapxcgv9dud9jgivw73n6ov4	#bocgheda #sosanh	Bc gh da tht vs da simili - Nn chn loi no	boc-ghe-da-that-vs-da-simili-nen-chon-loai-nao	Bc gh da tht vs da simili - Nn chn loi no. Nhng mo v kinh nghim hu ch khi mua ph kin  t.	<p>Ni dung chi tit v bc gh da tht vs da simili - nn chn loi no...</p><p>y l bi vit cung cp thng tin y  v hu ch cho khch hng.</p>	2026-01-04 21:31:09.593	2026-01-04 21:31:09.593	\N	\N	\N	\N
102	zapxcgv9dud9jgivw73n6ov4	#bocgheda #sosanh	Bc gh da tht vs da simili - Nn chn loi no	boc-ghe-da-that-vs-da-simili-nen-chon-loai-nao	Bc gh da tht vs da simili - Nn chn loi no. Nhng mo v kinh nghim hu ch khi mua ph kin  t.	<p>Ni dung chi tit v bc gh da tht vs da simili - nn chn loi no...</p><p>y l bi vit cung cp thng tin y  v hu ch cho khch hng.</p>	2026-01-04 21:31:09.593	2026-01-04 21:31:09.593	2026-01-04 21:31:09.612	\N	\N	\N
\.


--
-- Data for Name: blogs_cmps; Type: TABLE DATA; Schema: public; Owner: autotuanlinh_user
--

COPY public.blogs_cmps (id, entity_id, cmp_id, component_type, field, "order") FROM stdin;
43	43	1238	shared.seo	seo	\N
52	52	1247	shared.seo	seo	\N
58	58	1253	shared.seo	seo	\N
70	70	1266	shared.seo	seo	\N
77	77	1273	shared.seo	seo	\N
87	87	1282	shared.seo	seo	\N
95	95	1290	shared.seo	seo	\N
103	103	1298	shared.seo	seo	\N
46	44	1239	shared.seo	seo	\N
59	59	1255	shared.seo	seo	\N
66	66	1261	shared.seo	seo	\N
83	82	1275	shared.seo	seo	\N
90	90	1284	shared.seo	seo	\N
106	106	1300	shared.seo	seo	\N
45	45	1240	shared.seo	seo	\N
55	55	1250	shared.seo	seo	\N
63	63	1258	shared.seo	seo	\N
74	74	1270	shared.seo	seo	\N
81	81	1277	shared.seo	seo	\N
93	93	1288	shared.seo	seo	\N
44	46	1241	shared.seo	seo	\N
54	54	1249	shared.seo	seo	\N
62	62	1257	shared.seo	seo	\N
73	73	1269	shared.seo	seo	\N
80	80	1276	shared.seo	seo	\N
92	92	1287	shared.seo	seo	\N
97	97	1292	shared.seo	seo	\N
105	105	1301	shared.seo	seo	\N
47	47	1242	shared.seo	seo	\N
56	56	1251	shared.seo	seo	\N
64	64	1259	shared.seo	seo	\N
75	75	1271	shared.seo	seo	\N
82	83	1278	shared.seo	seo	\N
98	98	1294	shared.seo	seo	\N
48	50	1245	shared.seo	seo	\N
65	65	1260	shared.seo	seo	\N
72	72	1264	shared.seo	seo	\N
85	85	1280	shared.seo	seo	\N
91	91	1286	shared.seo	seo	\N
49	49	1244	shared.seo	seo	\N
67	67	1262	shared.seo	seo	\N
79	78	1268	shared.seo	seo	\N
99	99	1293	shared.seo	seo	\N
50	48	1243	shared.seo	seo	\N
61	61	1256	shared.seo	seo	\N
68	68	1263	shared.seo	seo	\N
84	84	1279	shared.seo	seo	\N
89	89	1283	shared.seo	seo	\N
101	101	1296	shared.seo	seo	\N
109	108	1629	shared.seo	seo	\N
41	41	1236	shared.seo	seo	\N
53	53	1248	shared.seo	seo	\N
60	60	1254	shared.seo	seo	\N
71	71	1267	shared.seo	seo	\N
78	79	1274	shared.seo	seo	\N
88	88	1285	shared.seo	seo	\N
96	96	1291	shared.seo	seo	\N
104	104	1299	shared.seo	seo	\N
42	42	1237	shared.seo	seo	\N
51	51	1246	shared.seo	seo	\N
57	57	1252	shared.seo	seo	\N
69	69	1265	shared.seo	seo	\N
76	76	1272	shared.seo	seo	\N
86	86	1281	shared.seo	seo	\N
94	94	1289	shared.seo	seo	\N
102	102	1297	shared.seo	seo	\N
\.


--
-- Data for Name: blogs_topic_blog_lnk; Type: TABLE DATA; Schema: public; Owner: autotuanlinh_user
--

COPY public.blogs_topic_blog_lnk (id, blog_id, topic_blog_id) FROM stdin;
41	41	64
42	42	64
43	43	64
44	44	64
45	45	64
48	49	64
49	47	64
46	46	64
47	50	64
50	48	64
51	51	64
52	52	64
53	53	64
54	54	64
55	55	64
56	56	64
57	57	65
58	58	65
59	59	64
60	60	65
61	61	64
62	62	65
63	63	65
64	64	65
65	65	64
66	66	65
67	67	64
68	68	65
69	69	65
70	70	65
71	71	65
72	72	64
73	73	65
74	74	65
75	75	65
76	76	64
77	77	64
78	79	64
79	78	64
80	80	64
81	81	64
82	83	64
83	82	65
84	84	65
85	85	64
86	86	64
87	87	64
88	88	64
89	89	65
90	90	65
91	91	65
92	92	64
93	93	64
94	94	65
95	95	65
96	96	65
97	97	65
98	98	64
99	99	64
101	101	65
102	102	65
103	103	65
104	104	65
105	105	65
106	106	65
107	108	65
\.


--
-- Data for Name: components_about_before_after_sections; Type: TABLE DATA; Schema: public; Owner: autotuanlinh_user
--

COPY public.components_about_before_after_sections (id, badge, title, title_highlight, subtitle) FROM stdin;
1	Kt qu	sdsad	dsadsad	dsadas
\.


--
-- Data for Name: components_about_before_after_sections_cmps; Type: TABLE DATA; Schema: public; Owner: autotuanlinh_user
--

COPY public.components_about_before_after_sections_cmps (id, entity_id, cmp_id, component_type, field, "order") FROM stdin;
1	1	1	about.project-card	projects	1
\.


--
-- Data for Name: components_about_buttons; Type: TABLE DATA; Schema: public; Owner: autotuanlinh_user
--

COPY public.components_about_buttons (id, text, url, icon) FROM stdin;
1	sadsad	sdsadsad	\N
2	sadsad	sadasdasd	\N
\.


--
-- Data for Name: components_about_certification_cards; Type: TABLE DATA; Schema: public; Owner: autotuanlinh_user
--

COPY public.components_about_certification_cards (id, title, subtitle) FROM stdin;
1	sadsad	sadsadasd
2	dsadsadsad	sadsadsa
\.


--
-- Data for Name: components_about_certifications_sections; Type: TABLE DATA; Schema: public; Owner: autotuanlinh_user
--

COPY public.components_about_certifications_sections (id, badge, title, title_highlight, subtitle) FROM stdin;
1	Chng nhn	sadsad	sdsadsa	sdsadsad
\.


--
-- Data for Name: components_about_certifications_sections_cmps; Type: TABLE DATA; Schema: public; Owner: autotuanlinh_user
--

COPY public.components_about_certifications_sections_cmps (id, entity_id, cmp_id, component_type, field, "order") FROM stdin;
1	1	1	about.certification-card	certificationCards	1
2	1	2	about.certification-card	certificationCards	2
\.


--
-- Data for Name: components_about_commitment_cards; Type: TABLE DATA; Schema: public; Owner: autotuanlinh_user
--

COPY public.components_about_commitment_cards (id, title, description) FROM stdin;
1	sdsadasdsa	dsadsadsada
\.


--
-- Data for Name: components_about_commitments_sections; Type: TABLE DATA; Schema: public; Owner: autotuanlinh_user
--

COPY public.components_about_commitments_sections (id, badge, title, title_highlight, subtitle) FROM stdin;
1	Cam kt	sdsad	dsadsa	sd
\.


--
-- Data for Name: components_about_commitments_sections_cmps; Type: TABLE DATA; Schema: public; Owner: autotuanlinh_user
--

COPY public.components_about_commitments_sections_cmps (id, entity_id, cmp_id, component_type, field, "order") FROM stdin;
1	1	1	about.commitment-card	commitmentCards	1
\.


--
-- Data for Name: components_about_core_values_sections; Type: TABLE DATA; Schema: public; Owner: autotuanlinh_user
--

COPY public.components_about_core_values_sections (id, badge, title, title_highlight, subtitle) FROM stdin;
1	Gi tr ct li	sadsad	dasdas	sd
\.


--
-- Data for Name: components_about_core_values_sections_cmps; Type: TABLE DATA; Schema: public; Owner: autotuanlinh_user
--

COPY public.components_about_core_values_sections_cmps (id, entity_id, cmp_id, component_type, field, "order") FROM stdin;
1	1	1	about.value-card	valueCards	1
2	1	2	about.value-card	valueCards	2
\.


--
-- Data for Name: components_about_cta_sections; Type: TABLE DATA; Schema: public; Owner: autotuanlinh_user
--

COPY public.components_about_cta_sections (id, badge, title, title_highlight, description) FROM stdin;
1	Lin h	sdsa	dsadsadsa	adsad
\.


--
-- Data for Name: components_about_cta_sections_cmps; Type: TABLE DATA; Schema: public; Owner: autotuanlinh_user
--

COPY public.components_about_cta_sections_cmps (id, entity_id, cmp_id, component_type, field, "order") FROM stdin;
1	1	1	about.button	primaryButton	\N
2	1	2	about.button	secondaryButton	\N
\.


--
-- Data for Name: components_about_history_timeline_sections; Type: TABLE DATA; Schema: public; Owner: autotuanlinh_user
--

COPY public.components_about_history_timeline_sections (id, badge, title, title_highlight, subtitle) FROM stdin;
1	Hnh trnh	sadsadsad	sadsad	sadasd
\.


--
-- Data for Name: components_about_history_timeline_sections_cmps; Type: TABLE DATA; Schema: public; Owner: autotuanlinh_user
--

COPY public.components_about_history_timeline_sections_cmps (id, entity_id, cmp_id, component_type, field, "order") FROM stdin;
1	1	1	about.timeline-milestone	milestones	1
2	1	2	about.timeline-milestone	milestones	2
\.


--
-- Data for Name: components_about_image_overlays; Type: TABLE DATA; Schema: public; Owner: autotuanlinh_user
--

COPY public.components_about_image_overlays (id, title, subtitle) FROM stdin;
1	sadsa	asadasd
\.


--
-- Data for Name: components_about_introduction_sections; Type: TABLE DATA; Schema: public; Owner: autotuanlinh_user
--

COPY public.components_about_introduction_sections (id, badge, title, title_highlight, paragraphs) FROM stdin;
1	Gii thiu	sadsa	asad	sadsadasd
\.


--
-- Data for Name: components_about_introduction_sections_cmps; Type: TABLE DATA; Schema: public; Owner: autotuanlinh_user
--

COPY public.components_about_introduction_sections_cmps (id, entity_id, cmp_id, component_type, field, "order") FROM stdin;
1	1	1	about.image-overlay	imageOverlay	\N
\.


--
-- Data for Name: components_about_project_cards; Type: TABLE DATA; Schema: public; Owner: autotuanlinh_user
--

COPY public.components_about_project_cards (id, title, description) FROM stdin;
1	dsadsad	sadasdasd
\.


--
-- Data for Name: components_about_showroom_cards; Type: TABLE DATA; Schema: public; Owner: autotuanlinh_user
--

COPY public.components_about_showroom_cards (id, title, subtitle) FROM stdin;
1	sadsads	dsadsad
2	sadsadsa	dsadsadsadsad
\.


--
-- Data for Name: components_about_showroom_sections; Type: TABLE DATA; Schema: public; Owner: autotuanlinh_user
--

COPY public.components_about_showroom_sections (id, badge, title, title_highlight, subtitle) FROM stdin;
1	Showroom	sadsadas	adsads	dsadasd
\.


--
-- Data for Name: components_about_showroom_sections_cmps; Type: TABLE DATA; Schema: public; Owner: autotuanlinh_user
--

COPY public.components_about_showroom_sections_cmps (id, entity_id, cmp_id, component_type, field, "order") FROM stdin;
1	1	1	about.showroom-card	showroomCards	1
2	1	2	about.showroom-card	showroomCards	2
\.


--
-- Data for Name: components_about_store_locations; Type: TABLE DATA; Schema: public; Owner: autotuanlinh_user
--

COPY public.components_about_store_locations (id, name, address, phone, operating_hours, map_url) FROM stdin;
1	sadsadsadsa	sdsadsa	023232323	dsadsad	sadsadasd
\.


--
-- Data for Name: components_about_store_locations_sections; Type: TABLE DATA; Schema: public; Owner: autotuanlinh_user
--

COPY public.components_about_store_locations_sections (id, badge, title, title_highlight, subtitle) FROM stdin;
1	a im	sdsadas	sadsadsa	dsadsadsa
\.


--
-- Data for Name: components_about_store_locations_sections_cmps; Type: TABLE DATA; Schema: public; Owner: autotuanlinh_user
--

COPY public.components_about_store_locations_sections_cmps (id, entity_id, cmp_id, component_type, field, "order") FROM stdin;
1	1	1	about.store-location	stores	1
\.


--
-- Data for Name: components_about_team_members; Type: TABLE DATA; Schema: public; Owner: autotuanlinh_user
--

COPY public.components_about_team_members (id, name, "position") FROM stdin;
1	sdsadsad	sadsadasd
\.


--
-- Data for Name: components_about_team_sections; Type: TABLE DATA; Schema: public; Owner: autotuanlinh_user
--

COPY public.components_about_team_sections (id, badge, title, title_highlight, subtitle) FROM stdin;
1	i ng	dsadsad	sadsadsa	sadasd
\.


--
-- Data for Name: components_about_team_sections_cmps; Type: TABLE DATA; Schema: public; Owner: autotuanlinh_user
--

COPY public.components_about_team_sections_cmps (id, entity_id, cmp_id, component_type, field, "order") FROM stdin;
1	1	1	about.team-member	members	1
\.


--
-- Data for Name: components_about_timeline_milestones; Type: TABLE DATA; Schema: public; Owner: autotuanlinh_user
--

COPY public.components_about_timeline_milestones (id, year, title, description, "position") FROM stdin;
1	2022	sdsadas	dsadasd	left
2	2024	sdasd	sdsad	right
\.


--
-- Data for Name: components_about_value_cards; Type: TABLE DATA; Schema: public; Owner: autotuanlinh_user
--

COPY public.components_about_value_cards (id, title, description) FROM stdin;
1	sdsadas	asad
2	sadsadas	dsadsadasd
\.


--
-- Data for Name: components_about_workshop_sections; Type: TABLE DATA; Schema: public; Owner: autotuanlinh_user
--

COPY public.components_about_workshop_sections (id, badge, title, title_highlight, subtitle) FROM stdin;
1	Xng sn xut	sdsasa	sadsads	dsadasd
\.


--
-- Data for Name: components_about_workshop_sections_cmps; Type: TABLE DATA; Schema: public; Owner: autotuanlinh_user
--

COPY public.components_about_workshop_sections_cmps (id, entity_id, cmp_id, component_type, field, "order") FROM stdin;
1	1	2	shared.image-with-alt	featuredImage	\N
2	1	3	shared.image-with-alt	galleryImages	1
3	1	4	shared.image-with-alt	galleryImages	2
4	1	5	shared.image-with-alt	galleryImages	3
\.


--
-- Data for Name: components_danhmuc_baiviet_danh_muc_01fc4_bai_viets_lnk; Type: TABLE DATA; Schema: public; Owner: autotuanlinh_user
--

COPY public.components_danhmuc_baiviet_danh_muc_01fc4_bai_viets_lnk (id, danh_muc_bai_viet_cap_3_id, blog_id, blog_ord) FROM stdin;
\.


--
-- Data for Name: components_danhmuc_baiviet_danh_muc_bai_viet_18708_cmps; Type: TABLE DATA; Schema: public; Owner: autotuanlinh_user
--

COPY public.components_danhmuc_baiviet_danh_muc_bai_viet_18708_cmps (id, entity_id, cmp_id, component_type, field, "order") FROM stdin;
185	185	1303	shared.seo	seo	\N
186	186	1304	shared.seo	seo	\N
187	187	1305	shared.seo	seo	\N
188	188	1306	shared.seo	seo	\N
189	189	1307	shared.seo	seo	\N
190	190	1308	shared.seo	seo	\N
197	197	1317	shared.seo	seo	\N
198	198	1318	shared.seo	seo	\N
199	199	1319	shared.seo	seo	\N
200	200	1320	shared.seo	seo	\N
201	201	1321	shared.seo	seo	\N
202	202	1322	shared.seo	seo	\N
209	209	1331	shared.seo	seo	\N
210	210	1332	shared.seo	seo	\N
211	211	1333	shared.seo	seo	\N
212	212	1334	shared.seo	seo	\N
213	213	1335	shared.seo	seo	\N
214	214	1336	shared.seo	seo	\N
221	221	1345	shared.seo	seo	\N
222	222	1346	shared.seo	seo	\N
223	223	1347	shared.seo	seo	\N
224	224	1348	shared.seo	seo	\N
225	225	1350	shared.seo	seo	\N
226	226	1351	shared.seo	seo	\N
227	227	1352	shared.seo	seo	\N
228	228	1353	shared.seo	seo	\N
229	229	1355	shared.seo	seo	\N
230	230	1356	shared.seo	seo	\N
231	231	1357	shared.seo	seo	\N
235	235	1363	shared.seo	seo	\N
236	236	1364	shared.seo	seo	\N
237	237	1365	shared.seo	seo	\N
238	238	1367	shared.seo	seo	\N
239	239	1368	shared.seo	seo	\N
240	240	1369	shared.seo	seo	\N
325	271	1631	shared.seo	seo	\N
326	272	1632	shared.seo	seo	\N
327	273	1633	shared.seo	seo	\N
328	274	1634	shared.seo	seo	\N
329	275	1635	shared.seo	seo	\N
330	276	1636	shared.seo	seo	\N
337	277	1638	shared.seo	seo	\N
338	278	1639	shared.seo	seo	\N
339	279	1640	shared.seo	seo	\N
340	280	1641	shared.seo	seo	\N
341	281	1642	shared.seo	seo	\N
342	282	1643	shared.seo	seo	\N
361	289	1652	shared.seo	seo	\N
362	290	1653	shared.seo	seo	\N
363	291	1654	shared.seo	seo	\N
364	292	1655	shared.seo	seo	\N
365	293	1656	shared.seo	seo	\N
366	294	1657	shared.seo	seo	\N
370	295	1659	shared.seo	seo	\N
371	296	1660	shared.seo	seo	\N
372	297	1661	shared.seo	seo	\N
\.


--
-- Data for Name: components_danhmuc_baiviet_danh_muc_bai_viet_800e8_cmps; Type: TABLE DATA; Schema: public; Owner: autotuanlinh_user
--

COPY public.components_danhmuc_baiviet_danh_muc_bai_viet_800e8_cmps (id, entity_id, cmp_id, component_type, field, "order") FROM stdin;
41	41	511	shared.seo	seo	\N
42	42	512	shared.seo	seo	\N
43	43	514	shared.seo	seo	\N
44	44	515	shared.seo	seo	\N
45	45	517	shared.seo	seo	\N
46	46	518	shared.seo	seo	\N
47	47	520	shared.seo	seo	\N
48	48	521	shared.seo	seo	\N
\.


--
-- Data for Name: components_danhmuc_baiviet_danh_muc_bai_viet_cap_2s; Type: TABLE DATA; Schema: public; Owner: autotuanlinh_user
--

COPY public.components_danhmuc_baiviet_danh_muc_bai_viet_cap_2s (id, title, slug) FROM stdin;
209	Camera hnh trnh	camera-hanh-trinh
210	Cm bin li	cam-bien-lui
211	HUD hin th	hud-hien-thi
212	u DVD Android	dau-dvd-android
213	Loa & Amply	loa-amply
214	B sc USB C	bo-sac-usb
289	Camera hnh trnh	camera-hanh-trinh
290	Cm bin li	cam-bien-lui
291	HUD hin th	hud-hien-thi
292	u DVD Android	dau-dvd-android
293	Loa & Amply	loa-amply
294	B sc USB C	bo-sac-usb
229	Bc gh da gi	boc-ghe-da-that
230	Bc gh da simili	boc-ghe-da-simili
231	Nng cp ni tht	nang-cap-noi-that
295	Bc gh da gi	boc-ghe-da-that
296	Bc gh da simili	boc-ghe-da-simili
297	Nng cp ni tht	nang-cap-noi-that
221	Phim cch nhit 3M	phim-cach-nhiet-3m
222	Phim cch nhit Llumar	phim-cach-nhiet-llumar
223	Phim cch nhit V-Kool	phim-cach-nhiet-v-kool
224	Bo hnh phim	bao-hanh-phim
225	Phim cch nhit 3M	phim-cach-nhiet-3m
226	Phim cch nhit Llumar	phim-cach-nhiet-llumar
227	Phim cch nhit V-Kool	phim-cach-nhiet-v-kool
228	Bo hnh phim	bao-hanh-phim
235	Lp t loa	lap-dat-loa
236	Lp t amply	lap-dat-amply
237	Nng cp u DVD	nang-cap-dau-dvd
238	Lp t loa	lap-dat-loa
239	Lp t amply	lap-dat-amply
240	Nng cp u DVD	nang-cap-dau-dvd
185	Gh da	ghe-da
186	V lng	vo-lang
187	Thm sn	tham-san
188	Ti ng 	tui-dung-do
189	Gi ta u	goi-tua-dau
190	Bc v lng	boc-vo-lang
271	Gh da	ghe-da
272	V lng	vo-lang
273	Thm sn	tham-san
274	Ti ng 	tui-dung-do
275	Gi ta u	goi-tua-dau
276	Bc v lng	boc-vo-lang
197	Cn trc/sau	can-truoc-sau
198	n pha	den-pha
199	Gng chiu hu	guong-chieu-hau
200	p vin	op-vien
201	Logo ni	logo-noi
202	Chn bn	chan-bun
277	Cn trc/sau	can-truoc-sau
278	n pha	den-pha
279	Gng chiu hu	guong-chieu-hau
280	p vin	op-vien
281	Logo ni	logo-noi
282	Chn bn	chan-bun
\.


--
-- Data for Name: components_danhmuc_baiviet_danh_muc_bai_viet_cap_3s; Type: TABLE DATA; Schema: public; Owner: autotuanlinh_user
--

COPY public.components_danhmuc_baiviet_danh_muc_bai_viet_cap_3s (id, title, slug) FROM stdin;
41	Hng dn chn ph kin  t	huong-dan-chon-phu-kien-o-to
42	Review ph kin ni tht	review-phu-kien-noi-that
43	Hng dn chn ph kin  t	huong-dan-chon-phu-kien-o-to
44	Review ph kin ni tht	review-phu-kien-noi-that
45	Cng ngh dn phim cch nhit	cong-nghe-dan-phim-cach-nhiet
46	Hng dn bo dng nh k	huong-dan-bao-duong-dinh-ky
47	Cng ngh dn phim cch nhit	cong-nghe-dan-phim-cach-nhiet
48	Hng dn bo dng nh k	huong-dan-bao-duong-dinh-ky
\.


--
-- Data for Name: components_danhmuc_baiviet_danh_muc_e8c55_bai_viets_lnk; Type: TABLE DATA; Schema: public; Owner: autotuanlinh_user
--

COPY public.components_danhmuc_baiviet_danh_muc_e8c55_bai_viets_lnk (id, danh_muc_bai_viet_cap_2_id, blog_id, blog_ord) FROM stdin;
\.


--
-- Data for Name: components_danhmuc_danh_muc_cap_2s; Type: TABLE DATA; Schema: public; Owner: autotuanlinh_user
--

COPY public.components_danhmuc_danh_muc_cap_2s (id, title, slug) FROM stdin;
166	Du nht xe  t	dau-nhot
167	Lc v ph tng	loc-va-phu-tung
176	Du nht xe  t	dau-nhot
177	Lc v ph tng	loc-va-phu-tung
160	Camera v an ninh	camera-va-an-ninh
161	m thanh	am-thanh
162	Tin ch	tien-ich
163	Camera v an ninh	camera-va-an-ninh
164	m thanh	am-thanh
165	Tin ch	tien-ich
148	Gh v ta	ghe-va-tua
149	V lng	vo-lang
150	Thm v trang tr	tham-va-trang-tri
170	Gh v ta	ghe-va-tua
171	V lng	vo-lang
172	Thm v trang tr	tham-va-trang-tri
154	Cn v p	can-va-op
155	n v chiu sng	den-va-chieu-sang
156	Gng v ph kin	guong-va-phu-kien
173	Cn v p	can-va-op
174	n v chiu sng	den-va-chieu-sang
175	Gng v ph kin	guong-va-phu-kien
\.


--
-- Data for Name: components_danhmuc_danh_muc_cap_2s_cmps; Type: TABLE DATA; Schema: public; Owner: autotuanlinh_user
--

COPY public.components_danhmuc_danh_muc_cap_2s_cmps (id, entity_id, cmp_id, component_type, field, "order") FROM stdin;
1086	176	1703	shared.seo	seo	\N
1087	177	1704	shared.seo	seo	\N
1088	176	825	danhmuc.danh-muc-cap-3	danhMucCapBa	1
1089	176	826	danhmuc.danh-muc-cap-3	danhMucCapBa	2
1090	176	827	danhmuc.danh-muc-cap-3	danhMucCapBa	3
1091	177	828	danhmuc.danh-muc-cap-3	danhMucCapBa	1
1092	177	829	danhmuc.danh-muc-cap-3	danhMucCapBa	2
1093	177	830	danhmuc.danh-muc-cap-3	danhMucCapBa	3
960	160	1451	shared.seo	seo	\N
961	161	1452	shared.seo	seo	\N
962	162	1453	shared.seo	seo	\N
963	160	761	danhmuc.danh-muc-cap-3	danhMucCapBa	1
964	160	762	danhmuc.danh-muc-cap-3	danhMucCapBa	2
965	160	763	danhmuc.danh-muc-cap-3	danhMucCapBa	3
966	160	764	danhmuc.danh-muc-cap-3	danhMucCapBa	4
967	161	765	danhmuc.danh-muc-cap-3	danhMucCapBa	1
968	161	766	danhmuc.danh-muc-cap-3	danhMucCapBa	2
969	161	767	danhmuc.danh-muc-cap-3	danhMucCapBa	3
970	162	768	danhmuc.danh-muc-cap-3	danhMucCapBa	1
971	162	769	danhmuc.danh-muc-cap-3	danhMucCapBa	2
972	162	770	danhmuc.danh-muc-cap-3	danhMucCapBa	3
973	163	1465	shared.seo	seo	\N
974	164	1466	shared.seo	seo	\N
975	165	1467	shared.seo	seo	\N
976	163	771	danhmuc.danh-muc-cap-3	danhMucCapBa	1
977	163	772	danhmuc.danh-muc-cap-3	danhMucCapBa	2
978	163	773	danhmuc.danh-muc-cap-3	danhMucCapBa	3
979	163	774	danhmuc.danh-muc-cap-3	danhMucCapBa	4
980	164	775	danhmuc.danh-muc-cap-3	danhMucCapBa	1
981	164	776	danhmuc.danh-muc-cap-3	danhMucCapBa	2
982	164	777	danhmuc.danh-muc-cap-3	danhMucCapBa	3
983	165	778	danhmuc.danh-muc-cap-3	danhMucCapBa	1
984	165	779	danhmuc.danh-muc-cap-3	danhMucCapBa	2
985	165	780	danhmuc.danh-muc-cap-3	danhMucCapBa	3
934	154	1423	shared.seo	seo	5
935	155	1424	shared.seo	seo	4
936	156	1425	shared.seo	seo	4
937	154	741	danhmuc.danh-muc-cap-3	danhMucCapBa	1
938	154	742	danhmuc.danh-muc-cap-3	danhMucCapBa	2
939	154	743	danhmuc.danh-muc-cap-3	danhMucCapBa	3
940	154	744	danhmuc.danh-muc-cap-3	danhMucCapBa	4
941	155	745	danhmuc.danh-muc-cap-3	danhMucCapBa	1
942	155	746	danhmuc.danh-muc-cap-3	danhMucCapBa	2
943	155	747	danhmuc.danh-muc-cap-3	danhMucCapBa	3
944	156	748	danhmuc.danh-muc-cap-3	danhMucCapBa	1
945	156	749	danhmuc.danh-muc-cap-3	danhMucCapBa	2
946	156	750	danhmuc.danh-muc-cap-3	danhMucCapBa	3
884	148	1371	shared.seo	seo	9
885	149	1372	shared.seo	seo	7
886	150	1373	shared.seo	seo	9
887	148	697	danhmuc.danh-muc-cap-3	danhMucCapBa	1
888	148	698	danhmuc.danh-muc-cap-3	danhMucCapBa	2
889	148	699	danhmuc.danh-muc-cap-3	danhMucCapBa	3
890	148	700	danhmuc.danh-muc-cap-3	danhMucCapBa	4
891	148	701	danhmuc.danh-muc-cap-3	danhMucCapBa	5
892	148	702	danhmuc.danh-muc-cap-3	danhMucCapBa	6
893	148	703	danhmuc.danh-muc-cap-3	danhMucCapBa	7
894	148	704	danhmuc.danh-muc-cap-3	danhMucCapBa	8
895	149	705	danhmuc.danh-muc-cap-3	danhMucCapBa	1
896	149	706	danhmuc.danh-muc-cap-3	danhMucCapBa	2
897	149	707	danhmuc.danh-muc-cap-3	danhMucCapBa	3
898	149	708	danhmuc.danh-muc-cap-3	danhMucCapBa	4
899	149	709	danhmuc.danh-muc-cap-3	danhMucCapBa	5
900	149	710	danhmuc.danh-muc-cap-3	danhMucCapBa	6
901	150	711	danhmuc.danh-muc-cap-3	danhMucCapBa	1
902	150	712	danhmuc.danh-muc-cap-3	danhMucCapBa	2
903	150	713	danhmuc.danh-muc-cap-3	danhMucCapBa	3
904	150	714	danhmuc.danh-muc-cap-3	danhMucCapBa	4
905	150	715	danhmuc.danh-muc-cap-3	danhMucCapBa	5
906	150	716	danhmuc.danh-muc-cap-3	danhMucCapBa	6
907	150	717	danhmuc.danh-muc-cap-3	danhMucCapBa	7
908	150	718	danhmuc.danh-muc-cap-3	danhMucCapBa	8
1027	170	1663	shared.seo	seo	\N
1028	171	1664	shared.seo	seo	\N
1029	172	1665	shared.seo	seo	\N
1030	170	793	danhmuc.danh-muc-cap-3	danhMucCapBa	1
1031	170	794	danhmuc.danh-muc-cap-3	danhMucCapBa	2
1032	170	795	danhmuc.danh-muc-cap-3	danhMucCapBa	3
1033	170	796	danhmuc.danh-muc-cap-3	danhMucCapBa	4
1034	170	797	danhmuc.danh-muc-cap-3	danhMucCapBa	5
1035	170	798	danhmuc.danh-muc-cap-3	danhMucCapBa	6
1036	170	799	danhmuc.danh-muc-cap-3	danhMucCapBa	7
1037	170	800	danhmuc.danh-muc-cap-3	danhMucCapBa	8
1038	171	801	danhmuc.danh-muc-cap-3	danhMucCapBa	1
1039	171	802	danhmuc.danh-muc-cap-3	danhMucCapBa	2
1040	171	803	danhmuc.danh-muc-cap-3	danhMucCapBa	3
1041	171	804	danhmuc.danh-muc-cap-3	danhMucCapBa	4
1042	171	805	danhmuc.danh-muc-cap-3	danhMucCapBa	5
1043	171	806	danhmuc.danh-muc-cap-3	danhMucCapBa	6
1044	172	807	danhmuc.danh-muc-cap-3	danhMucCapBa	1
1045	172	808	danhmuc.danh-muc-cap-3	danhMucCapBa	2
1046	172	809	danhmuc.danh-muc-cap-3	danhMucCapBa	3
1047	172	810	danhmuc.danh-muc-cap-3	danhMucCapBa	4
1048	172	811	danhmuc.danh-muc-cap-3	danhMucCapBa	5
1049	172	812	danhmuc.danh-muc-cap-3	danhMucCapBa	6
1050	172	813	danhmuc.danh-muc-cap-3	danhMucCapBa	7
1051	172	814	danhmuc.danh-muc-cap-3	danhMucCapBa	8
1065	173	1689	shared.seo	seo	\N
1066	174	1690	shared.seo	seo	\N
1067	175	1691	shared.seo	seo	\N
1068	173	815	danhmuc.danh-muc-cap-3	danhMucCapBa	1
1069	173	816	danhmuc.danh-muc-cap-3	danhMucCapBa	2
1070	173	817	danhmuc.danh-muc-cap-3	danhMucCapBa	3
1071	173	818	danhmuc.danh-muc-cap-3	danhMucCapBa	4
1072	174	819	danhmuc.danh-muc-cap-3	danhMucCapBa	1
1073	174	820	danhmuc.danh-muc-cap-3	danhMucCapBa	2
1074	174	821	danhmuc.danh-muc-cap-3	danhMucCapBa	3
1075	175	822	danhmuc.danh-muc-cap-3	danhMucCapBa	1
1076	175	823	danhmuc.danh-muc-cap-3	danhMucCapBa	2
986	166	1479	shared.seo	seo	4
987	167	1480	shared.seo	seo	4
988	166	781	danhmuc.danh-muc-cap-3	danhMucCapBa	1
989	166	782	danhmuc.danh-muc-cap-3	danhMucCapBa	2
990	166	783	danhmuc.danh-muc-cap-3	danhMucCapBa	3
991	167	784	danhmuc.danh-muc-cap-3	danhMucCapBa	1
992	167	785	danhmuc.danh-muc-cap-3	danhMucCapBa	2
993	167	786	danhmuc.danh-muc-cap-3	danhMucCapBa	3
1077	175	824	danhmuc.danh-muc-cap-3	danhMucCapBa	3
\.


--
-- Data for Name: components_danhmuc_danh_muc_cap_3_s_san_phams_lnk; Type: TABLE DATA; Schema: public; Owner: autotuanlinh_user
--

COPY public.components_danhmuc_danh_muc_cap_3_s_san_phams_lnk (id, danh_muc_cap_3_id, san_pham_id, san_pham_ord) FROM stdin;
\.


--
-- Data for Name: components_danhmuc_danh_muc_cap_3s; Type: TABLE DATA; Schema: public; Owner: autotuanlinh_user
--

COPY public.components_danhmuc_danh_muc_cap_3s (id, title, slug) FROM stdin;
761	Camera hnh trnh	camera-hanh-trinh
762	Camera li	camera-lui
763	Cm bin li	cam-bien-lui
764	H thng bo ng	he-thong-bao-dong
765	u DVD Android	dau-dvd-android
766	Loa & Amply	loa-amply
767	Loa siu trm	loa-sieu-tram
768	HUD hin th	hud-hien-thi
769	B sc USB	bo-sac-usb
770	Sc khng dy	sac-khong-day
771	Camera hnh trnh	camera-hanh-trinh
772	Camera li	camera-lui
773	Cm bin li	cam-bien-lui
774	H thng bo ng	he-thong-bao-dong
775	u DVD Android	dau-dvd-android
776	Loa & Amply	loa-amply
777	Loa siu trm	loa-sieu-tram
778	HUD hin th	hud-hien-thi
779	B sc USB	bo-sac-usb
780	Sc khng dy	sac-khong-day
697	Gh da cao cp	ghe-da-cao-cap
698	Bc gh da	boc-ghe-da
699	Gi ta u	goi-tua-dau
700	Ta lng	tua-lung
701	Gh th thao	ghe-the-thao
702	Bc gh n	boc-ghe-ni
703	Gi c	goi-co
704	m gh	dem-ghe
705	V lng da	vo-lang-da
706	Bc v lng	boc-vo-lang
707	V lng th thao	vo-lang-the-thao
708	V lng carbon	vo-lang-carbon
709	Bc v lng da ln	boc-vo-lang-da-lon
710	V lng g	vo-lang-go
711	Thm sn cao cp	tham-san-cao-cap
712	Thm lt sn	tham-lot-san
713	Ti ng 	tui-dung-do
714	 trang tr ni tht	do-trang-tri-noi-that
715	Thm sn 3D	tham-san-3d
716	Thm lt khoang hnh l	tham-lot-khoang-hanh-ly
717	Ti ng  a nng	tui-dung-do-da-nang
718	Hp ng khn giy	hop-dung-khan-giay
793	Gh da cao cp	ghe-da-cao-cap
794	Bc gh da	boc-ghe-da
795	Gi ta u	goi-tua-dau
796	Ta lng	tua-lung
797	Gh th thao	ghe-the-thao
798	Bc gh n	boc-ghe-ni
741	Cn trc	can-truoc
742	Cn sau	can-sau
743	p vin	op-vien
744	Chn bn	chan-bun
745	n pha LED	den-pha-led
746	n gm	den-gam
747	n hu	den-hau
748	Gng chiu hu	guong-chieu-hau
749	Logo ni	logo-noi
750	Vin gng	vien-guong
781	Du nht ng c	dau-nhot-dong-co
782	Du hp s	dau-hop-so
783	Ph gia	phu-gia
784	Lc gi	loc-gio
785	Lc nht	loc-nhot
786	Ph tng thay th	phu-tung-thay-the
799	Gi c	goi-co
800	m gh	dem-ghe
801	V lng da	vo-lang-da
802	Bc v lng	boc-vo-lang
803	V lng th thao	vo-lang-the-thao
804	V lng carbon	vo-lang-carbon
805	Bc v lng da ln	boc-vo-lang-da-lon
806	V lng g	vo-lang-go
807	Thm sn cao cp	tham-san-cao-cap
808	Thm lt sn	tham-lot-san
809	Ti ng 	tui-dung-do
810	 trang tr ni tht	do-trang-tri-noi-that
811	Thm sn 3D	tham-san-3d
812	Thm lt khoang hnh l	tham-lot-khoang-hanh-ly
813	Ti ng  a nng	tui-dung-do-da-nang
814	Hp ng khn giy	hop-dung-khan-giay
815	Cn trc	can-truoc
816	Cn sau	can-sau
817	p vin	op-vien
818	Chn bn	chan-bun
819	n pha LED	den-pha-led
820	n gm	den-gam
821	n hu	den-hau
822	Gng chiu hu	guong-chieu-hau
823	Logo ni	logo-noi
824	Vin gng	vien-guong
825	Du nht ng c	dau-nhot-dong-co
826	Du hp s	dau-hop-so
827	Ph gia	phu-gia
828	Lc gi	loc-gio
829	Lc nht	loc-nhot
830	Ph tng thay th	phu-tung-thay-the
\.


--
-- Data for Name: components_danhmuc_danh_muc_cap_3s_cmps; Type: TABLE DATA; Schema: public; Owner: autotuanlinh_user
--

COPY public.components_danhmuc_danh_muc_cap_3s_cmps (id, entity_id, cmp_id, component_type, field, "order") FROM stdin;
728	697	1374	shared.seo	seo	\N
729	698	1375	shared.seo	seo	\N
730	699	1376	shared.seo	seo	\N
731	700	1377	shared.seo	seo	\N
732	701	1378	shared.seo	seo	\N
733	702	1379	shared.seo	seo	\N
734	703	1380	shared.seo	seo	\N
735	704	1381	shared.seo	seo	\N
736	705	1382	shared.seo	seo	\N
737	706	1383	shared.seo	seo	\N
738	707	1384	shared.seo	seo	\N
739	708	1385	shared.seo	seo	\N
740	709	1386	shared.seo	seo	\N
741	710	1387	shared.seo	seo	\N
742	711	1388	shared.seo	seo	\N
743	712	1389	shared.seo	seo	\N
744	713	1390	shared.seo	seo	\N
745	714	1391	shared.seo	seo	\N
746	715	1392	shared.seo	seo	\N
747	716	1393	shared.seo	seo	\N
748	717	1394	shared.seo	seo	\N
749	718	1395	shared.seo	seo	\N
772	741	1426	shared.seo	seo	\N
773	742	1427	shared.seo	seo	\N
774	743	1428	shared.seo	seo	\N
775	744	1429	shared.seo	seo	\N
776	745	1430	shared.seo	seo	\N
777	746	1431	shared.seo	seo	\N
778	747	1432	shared.seo	seo	\N
779	748	1433	shared.seo	seo	\N
780	749	1434	shared.seo	seo	\N
781	750	1435	shared.seo	seo	\N
792	761	1454	shared.seo	seo	\N
793	762	1455	shared.seo	seo	\N
794	763	1456	shared.seo	seo	\N
795	764	1457	shared.seo	seo	\N
796	765	1458	shared.seo	seo	\N
797	766	1459	shared.seo	seo	\N
798	767	1460	shared.seo	seo	\N
799	768	1461	shared.seo	seo	\N
800	769	1462	shared.seo	seo	\N
801	770	1463	shared.seo	seo	\N
802	771	1468	shared.seo	seo	\N
803	772	1469	shared.seo	seo	\N
804	773	1470	shared.seo	seo	\N
805	774	1471	shared.seo	seo	\N
806	775	1472	shared.seo	seo	\N
807	776	1473	shared.seo	seo	\N
808	777	1474	shared.seo	seo	\N
809	778	1475	shared.seo	seo	\N
810	779	1476	shared.seo	seo	\N
811	780	1477	shared.seo	seo	\N
812	781	1481	shared.seo	seo	\N
813	782	1482	shared.seo	seo	\N
814	783	1483	shared.seo	seo	\N
815	784	1484	shared.seo	seo	\N
816	785	1485	shared.seo	seo	\N
817	786	1486	shared.seo	seo	\N
846	793	1666	shared.seo	seo	\N
847	794	1667	shared.seo	seo	\N
848	795	1668	shared.seo	seo	\N
849	796	1669	shared.seo	seo	\N
850	797	1670	shared.seo	seo	\N
851	798	1671	shared.seo	seo	\N
852	799	1672	shared.seo	seo	\N
853	800	1673	shared.seo	seo	\N
854	801	1674	shared.seo	seo	\N
855	802	1675	shared.seo	seo	\N
856	803	1676	shared.seo	seo	\N
857	804	1677	shared.seo	seo	\N
858	805	1678	shared.seo	seo	\N
859	806	1679	shared.seo	seo	\N
860	807	1680	shared.seo	seo	\N
861	808	1681	shared.seo	seo	\N
862	809	1682	shared.seo	seo	\N
863	810	1683	shared.seo	seo	\N
864	811	1684	shared.seo	seo	\N
865	812	1685	shared.seo	seo	\N
866	813	1686	shared.seo	seo	\N
867	814	1687	shared.seo	seo	\N
878	815	1692	shared.seo	seo	\N
879	816	1693	shared.seo	seo	\N
880	817	1694	shared.seo	seo	\N
881	818	1695	shared.seo	seo	\N
882	819	1696	shared.seo	seo	\N
883	820	1697	shared.seo	seo	\N
884	821	1698	shared.seo	seo	\N
885	822	1699	shared.seo	seo	\N
886	823	1700	shared.seo	seo	\N
887	824	1701	shared.seo	seo	\N
894	825	1705	shared.seo	seo	\N
895	826	1706	shared.seo	seo	\N
896	827	1707	shared.seo	seo	\N
897	828	1708	shared.seo	seo	\N
898	829	1709	shared.seo	seo	\N
899	830	1710	shared.seo	seo	\N
\.


--
-- Data for Name: components_home_blog_cards; Type: TABLE DATA; Schema: public; Owner: autotuanlinh_user
--

COPY public.components_home_blog_cards (id, is_featured, published_date, reading_time, title, description, link) FROM stdin;
\.


--
-- Data for Name: components_home_blog_cards_blog_lnk; Type: TABLE DATA; Schema: public; Owner: autotuanlinh_user
--

COPY public.components_home_blog_cards_blog_lnk (id, blog_card_id, blog_id) FROM stdin;
\.


--
-- Data for Name: components_home_contact_info_cards; Type: TABLE DATA; Schema: public; Owner: autotuanlinh_user
--

COPY public.components_home_contact_info_cards (id, title, details, cta_text, cta_url) FROM stdin;
31	Hotline 24/7	1900 123 456\nHoc: 0912 345 678	Gi ngay	tel:1900123456
32	a ch ca hng	123 ng ABC, Phng XYZ\nQun 1, TP.HCM	Xem bn 	https://maps.google.com
33	Email h tr	info@autotuanlinh.com\nsupport@autotuanlinh.com	Gi email	mailto:info@autotuanlinh.com
34	Gi lm vic	Th 2 - Th 6: 8:00 - 20:00\nTh 7 & CN: 8:00 - 18:00	\N	\N
35	Chat trc tuyn	H tr t vn trc tuyn\nPhn hi trong 5 pht	Bt u chat	/chat
41	Hotline 24/7	1900 123 456\nHoc: 0912 345 678	Gi ngay	tel:1900123456
42	a ch ca hng	123 ng ABC, Phng XYZ\nQun 1, TP.HCM	Xem bn 	https://maps.google.com
43	Email h tr	info@autotuanlinh.com\nsupport@autotuanlinh.com	Gi email	mailto:info@autotuanlinh.com
44	Gi lm vic	Th 2 - Th 6: 8:00 - 20:00\nTh 7 & CN: 8:00 - 18:00	\N	\N
45	Chat trc tuyn	H tr t vn trc tuyn\nPhn hi trong 5 pht	Bt u chat	/chat
51	Hotline 24/7	1900 123 456\nHoc: 0912 345 678	Gi ngay	tel:1900123456
52	a ch ca hng	123 ng ABC, Phng XYZ\nQun 1, TP.HCM	Xem bn 	https://maps.google.com
53	Email h tr	info@autotuanlinh.com\nsupport@autotuanlinh.com	Gi email	mailto:info@autotuanlinh.com
54	Gi lm vic	Th 2 - Th 6: 8:00 - 20:00\nTh 7 & CN: 8:00 - 18:00	\N	\N
55	Chat trc tuyn	H tr t vn trc tuyn\nPhn hi trong 5 pht	Bt u chat	/chat
61	Hotline 24/7	1900 123 456\nHoc: 0912 345 678	Gi ngay	tel:1900123456
62	a ch ca hng	123 ng ABC, Phng XYZ\nQun 1, TP.HCM	Xem bn 	https://maps.google.com
15	Chat trc tuyn	H tr t vn trc tuyn\nPhn hi trong 5 pht	Bt u chat	/chat
11	Hotline 24/7	1900 123 456\nHoc: 0912 345 678	Gi ngay	tel:1900123456
12	a ch ca hng	123 ng ABC, Phng XYZ\nQun 1, TP.HCM	Xem bn 	https://maps.google.com
13	Email h tr	info@autotuanlinh.com\nsupport@autotuanlinh.com	Gi email	mailto:info@autotuanlinh.com
14	Gi lm vic	Th 2 - Th 6: 8:00 - 20:00\nTh 7 & CN: 8:00 - 18:00	\N	\N
21	Hotline 24/7	1900 123 456\nHoc: 0912 345 678	Gi ngay	tel:1900123456
22	a ch ca hng	123 ng ABC, Phng XYZ\nQun 1, TP.HCM	Xem bn 	https://maps.google.com
23	Email h tr	info@autotuanlinh.com\nsupport@autotuanlinh.com	Gi email	mailto:info@autotuanlinh.com
24	Gi lm vic	Th 2 - Th 6: 8:00 - 20:00\nTh 7 & CN: 8:00 - 18:00	\N	\N
25	Chat trc tuyn	H tr t vn trc tuyn\nPhn hi trong 5 pht	Bt u chat	/chat
26	Hotline 24/7	1900 123 456\nHoc: 0912 345 678	Gi ngay	tel:1900123456
27	a ch ca hng	123 ng ABC, Phng XYZ\nQun 1, TP.HCM	Xem bn 	https://maps.google.com
28	Email h tr	info@autotuanlinh.com\nsupport@autotuanlinh.com	Gi email	mailto:info@autotuanlinh.com
29	Gi lm vic	Th 2 - Th 6: 8:00 - 20:00\nTh 7 & CN: 8:00 - 18:00	\N	\N
30	Chat trc tuyn	H tr t vn trc tuyn\nPhn hi trong 5 pht	Bt u chat	/chat
36	Hotline 24/7	1900 123 456\nHoc: 0912 345 678	Gi ngay	tel:1900123456
37	a ch ca hng	123 ng ABC, Phng XYZ\nQun 1, TP.HCM	Xem bn 	https://maps.google.com
38	Email h tr	info@autotuanlinh.com\nsupport@autotuanlinh.com	Gi email	mailto:info@autotuanlinh.com
39	Gi lm vic	Th 2 - Th 6: 8:00 - 20:00\nTh 7 & CN: 8:00 - 18:00	\N	\N
40	Chat trc tuyn	H tr t vn trc tuyn\nPhn hi trong 5 pht	Bt u chat	/chat
56	Hotline 24/7	1900 123 456\nHoc: 0912 345 678	Gi ngay	tel:1900123456
57	a ch ca hng	123 ng ABC, Phng XYZ\nQun 1, TP.HCM	Xem bn 	https://maps.google.com
58	Email h tr	info@autotuanlinh.com\nsupport@autotuanlinh.com	Gi email	mailto:info@autotuanlinh.com
59	Gi lm vic	Th 2 - Th 6: 8:00 - 20:00\nTh 7 & CN: 8:00 - 18:00	\N	\N
60	Chat trc tuyn	H tr t vn trc tuyn\nPhn hi trong 5 pht	Bt u chat	/chat
63	Email h tr	info@autotuanlinh.com\nsupport@autotuanlinh.com	Gi email	mailto:info@autotuanlinh.com
64	Gi lm vic	Th 2 - Th 6: 8:00 - 20:00\nTh 7 & CN: 8:00 - 18:00	\N	\N
65	Chat trc tuyn	H tr t vn trc tuyn\nPhn hi trong 5 pht	Bt u chat	/chat
71	Hotline 24/7	1900 123 456\nHoc: 0912 345 678	Gi ngay	tel:1900123456
72	a ch ca hng	123 ng ABC, Phng XYZ\nQun 1, TP.HCM	Xem bn 	https://maps.google.com
73	Email h tr	info@autotuanlinh.com\nsupport@autotuanlinh.com	Gi email	mailto:info@autotuanlinh.com
74	Gi lm vic	Th 2 - Th 6: 8:00 - 20:00\nTh 7 & CN: 8:00 - 18:00	\N	\N
75	Chat trc tuyn	H tr t vn trc tuyn\nPhn hi trong 5 pht	Bt u chat	/chat
81	Hotline 24/7	1900 123 456\nHoc: 0912 345 678	Gi ngay	tel:1900123456
82	a ch ca hng	123 ng ABC, Phng XYZ\nQun 1, TP.HCM	Xem bn 	https://maps.google.com
83	Email h tr	info@autotuanlinh.com\nsupport@autotuanlinh.com	Gi email	mailto:info@autotuanlinh.com
84	Gi lm vic	Th 2 - Th 6: 8:00 - 20:00\nTh 7 & CN: 8:00 - 18:00	\N	\N
85	Chat trc tuyn	H tr t vn trc tuyn\nPhn hi trong 5 pht	Bt u chat	/chat
86	Hotline 24/7	1900 123 456\nHoc: 0912 345 678	Gi ngay	tel:1900123456
87	a ch ca hng	123 ng ABC, Phng XYZ\nQun 1, TP.HCM	Xem bn 	https://maps.google.com
88	Email h tr	info@autotuanlinh.com\nsupport@autotuanlinh.com	Gi email	mailto:info@autotuanlinh.com
89	Gi lm vic	Th 2 - Th 6: 8:00 - 20:00\nTh 7 & CN: 8:00 - 18:00	\N	\N
90	Chat trc tuyn	H tr t vn trc tuyn\nPhn hi trong 5 pht	Bt u chat	/chat
91	Hotline 24/7	1900 123 456\nHoc: 0912 345 678	Gi ngay	tel:1900123456
92	a ch ca hng	123 ng ABC, Phng XYZ\nQun 1, TP.HCM	Xem bn 	https://maps.google.com
93	Email h tr	info@autotuanlinh.com\nsupport@autotuanlinh.com	Gi email	mailto:info@autotuanlinh.com
94	Gi lm vic	Th 2 - Th 6: 8:00 - 20:00\nTh 7 & CN: 8:00 - 18:00	\N	\N
95	Chat trc tuyn	H tr t vn trc tuyn\nPhn hi trong 5 pht	Bt u chat	/chat
96	Hotline 24/7	1900 123 456\nHoc: 0912 345 678	Gi ngay	tel:1900123456
97	a ch ca hng	123 ng ABC, Phng XYZ\nQun 1, TP.HCM	Xem bn 	https://maps.google.com
98	Email h tr	info@autotuanlinh.com\nsupport@autotuanlinh.com	Gi email	mailto:info@autotuanlinh.com
99	Gi lm vic	Th 2 - Th 6: 8:00 - 20:00\nTh 7 & CN: 8:00 - 18:00	\N	\N
100	Chat trc tuyn	H tr t vn trc tuyn\nPhn hi trong 5 pht	Bt u chat	/chat
101	Hotline 24/7	1900 123 456\nHoc: 0912 345 678	Gi ngay	tel:1900123456
102	a ch ca hng	123 ng ABC, Phng XYZ\nQun 1, TP.HCM	Xem bn 	https://maps.google.com
103	Email h tr	info@autotuanlinh.com\nsupport@autotuanlinh.com	Gi email	mailto:info@autotuanlinh.com
104	Gi lm vic	Th 2 - Th 6: 8:00 - 20:00\nTh 7 & CN: 8:00 - 18:00	\N	\N
105	Chat trc tuyn	H tr t vn trc tuyn\nPhn hi trong 5 pht	Bt u chat	/chat
106	Hotline 24/7	1900 123 456\nHoc: 0912 345 678	Gi ngay	tel:1900123456
107	a ch ca hng	123 ng ABC, Phng XYZ\nQun 1, TP.HCM	Xem bn 	https://maps.google.com
108	Email h tr	info@autotuanlinh.com\nsupport@autotuanlinh.com	Gi email	mailto:info@autotuanlinh.com
109	Gi lm vic	Th 2 - Th 6: 8:00 - 20:00\nTh 7 & CN: 8:00 - 18:00	\N	\N
110	Chat trc tuyn	H tr t vn trc tuyn\nPhn hi trong 5 pht	Bt u chat	/chat
121	Hotline 24/7	1900 123 456\nHoc: 0912 345 678	Gi ngay	tel:1900123456
122	a ch ca hng	123 ng ABC, Phng XYZ\nQun 1, TP.HCM	Xem bn 	https://maps.google.com
123	Email h tr	info@autotuanlinh.com\nsupport@autotuanlinh.com	Gi email	mailto:info@autotuanlinh.com
124	Gi lm vic	Th 2 - Th 6: 8:00 - 20:00\nTh 7 & CN: 8:00 - 18:00	\N	\N
125	Chat trc tuyn	H tr t vn trc tuyn\nPhn hi trong 5 pht	Bt u chat	/chat
126	Hotline 24/7	1900 123 456\nHoc: 0912 345 678	Gi ngay	tel:1900123456
127	a ch ca hng	123 ng ABC, Phng XYZ\nQun 1, TP.HCM	Xem bn 	https://maps.google.com
128	Email h tr	info@autotuanlinh.com\nsupport@autotuanlinh.com	Gi email	mailto:info@autotuanlinh.com
129	Gi lm vic	Th 2 - Th 6: 8:00 - 20:00\nTh 7 & CN: 8:00 - 18:00	\N	\N
130	Chat trc tuyn	H tr t vn trc tuyn\nPhn hi trong 5 pht	Bt u chat	/chat
66	Hotline 24/7	1900 123 456\nHoc: 0912 345 678	Gi ngay	tel:1900123456
67	a ch ca hng	123 ng ABC, Phng XYZ\nQun 1, TP.HCM	Xem bn 	https://maps.google.com
68	Email h tr	info@autotuanlinh.com\nsupport@autotuanlinh.com	Gi email	mailto:info@autotuanlinh.com
69	Gi lm vic	Th 2 - Th 6: 8:00 - 20:00\nTh 7 & CN: 8:00 - 18:00	\N	\N
76	Hotline 24/7	1900 123 456\nHoc: 0912 345 678	Gi ngay	tel:1900123456
77	a ch ca hng	123 ng ABC, Phng XYZ\nQun 1, TP.HCM	Xem bn 	https://maps.google.com
78	Email h tr	info@autotuanlinh.com\nsupport@autotuanlinh.com	Gi email	mailto:info@autotuanlinh.com
79	Gi lm vic	Th 2 - Th 6: 8:00 - 20:00\nTh 7 & CN: 8:00 - 18:00	\N	\N
141	Hotline 24/7	1900 123 456\nHoc: 0912 345 678	Gi ngay	tel:1900123456
142	a ch ca hng	123 ng ABC, Phng XYZ\nQun 1, TP.HCM	Xem bn 	https://maps.google.com
143	Email h tr	info@autotuanlinh.com\nsupport@autotuanlinh.com	Gi email	mailto:info@autotuanlinh.com
144	Gi lm vic	Th 2 - Th 6: 8:00 - 20:00\nTh 7 & CN: 8:00 - 18:00	\N	\N
145	Chat trc tuyn	H tr t vn trc tuyn\nPhn hi trong 5 pht	Bt u chat	/chat
146	Hotline 24/7	1900 123 456\nHoc: 0912 345 678	Gi ngay	tel:1900123456
147	a ch ca hng	123 ng ABC, Phng XYZ\nQun 1, TP.HCM	Xem bn 	https://maps.google.com
148	Email h tr	info@autotuanlinh.com\nsupport@autotuanlinh.com	Gi email	mailto:info@autotuanlinh.com
149	Gi lm vic	Th 2 - Th 6: 8:00 - 20:00\nTh 7 & CN: 8:00 - 18:00	\N	\N
150	Chat trc tuyn	H tr t vn trc tuyn\nPhn hi trong 5 pht	Bt u chat	/chat
151	Hotline 24/7	1900 123 456\nHoc: 0912 345 678	Gi ngay	tel:1900123456
152	a ch ca hng	123 ng ABC, Phng XYZ\nQun 1, TP.HCM	Xem bn 	https://maps.google.com
153	Email h tr	info@autotuanlinh.com\nsupport@autotuanlinh.com	Gi email	mailto:info@autotuanlinh.com
154	Gi lm vic	Th 2 - Th 6: 8:00 - 20:00\nTh 7 & CN: 8:00 - 18:00	\N	\N
155	Chat trc tuyn	H tr t vn trc tuyn\nPhn hi trong 5 pht	Bt u chat	/chat
156	Hotline 24/7	1900 123 456\nHoc: 0912 345 678	Gi ngay	tel:1900123456
157	a ch ca hng	123 ng ABC, Phng XYZ\nQun 1, TP.HCM	Xem bn 	https://maps.google.com
158	Email h tr	info@autotuanlinh.com\nsupport@autotuanlinh.com	Gi email	mailto:info@autotuanlinh.com
159	Gi lm vic	Th 2 - Th 6: 8:00 - 20:00\nTh 7 & CN: 8:00 - 18:00	\N	\N
160	Chat trc tuyn	H tr t vn trc tuyn\nPhn hi trong 5 pht	Bt u chat	/chat
161	Hotline 24/7	1900 123 456\nHoc: 0912 345 678	Gi ngay	tel:1900123456
162	a ch ca hng	123 ng ABC, Phng XYZ\nQun 1, TP.HCM	Xem bn 	https://maps.google.com
163	Email h tr	info@autotuanlinh.com\nsupport@autotuanlinh.com	Gi email	mailto:info@autotuanlinh.com
164	Gi lm vic	Th 2 - Th 6: 8:00 - 20:00\nTh 7 & CN: 8:00 - 18:00	\N	\N
165	Chat trc tuyn	H tr t vn trc tuyn\nPhn hi trong 5 pht	Bt u chat	/chat
166	Hotline 24/7	1900 123 456\nHoc: 0912 345 678	Gi ngay	tel:1900123456
167	a ch ca hng	123 ng ABC, Phng XYZ\nQun 1, TP.HCM	Xem bn 	https://maps.google.com
168	Email h tr	info@autotuanlinh.com\nsupport@autotuanlinh.com	Gi email	mailto:info@autotuanlinh.com
169	Gi lm vic	Th 2 - Th 6: 8:00 - 20:00\nTh 7 & CN: 8:00 - 18:00	\N	\N
170	Chat trc tuyn	H tr t vn trc tuyn\nPhn hi trong 5 pht	Bt u chat	/chat
171	Hotline 24/7	1900 123 456\nHoc: 0912 345 678	Gi ngay	tel:1900123456
172	a ch ca hng	123 ng ABC, Phng XYZ\nQun 1, TP.HCM	Xem bn 	https://maps.google.com
173	Email h tr	info@autotuanlinh.com\nsupport@autotuanlinh.com	Gi email	mailto:info@autotuanlinh.com
174	Gi lm vic	Th 2 - Th 6: 8:00 - 20:00\nTh 7 & CN: 8:00 - 18:00	\N	\N
175	Chat trc tuyn	H tr t vn trc tuyn\nPhn hi trong 5 pht	Bt u chat	/chat
176	Hotline 24/7	1900 123 456\nHoc: 0912 345 678	Gi ngay	tel:1900123456
177	a ch ca hng	123 ng ABC, Phng XYZ\nQun 1, TP.HCM	Xem bn 	https://maps.google.com
178	Email h tr	info@autotuanlinh.com\nsupport@autotuanlinh.com	Gi email	mailto:info@autotuanlinh.com
179	Gi lm vic	Th 2 - Th 6: 8:00 - 20:00\nTh 7 & CN: 8:00 - 18:00	\N	\N
180	Chat trc tuyn	H tr t vn trc tuyn\nPhn hi trong 5 pht	Bt u chat	/chat
131	Hotline 24/7	1900 123 456\nHoc: 0912 345 678	Gi ngay	tel:1900123456
132	a ch ca hng	123 ng ABC, Phng XYZ\nQun 1, TP.HCM	Xem bn 	https://maps.google.com
133	Email h tr	info@autotuanlinh.com\nsupport@autotuanlinh.com	Gi email	mailto:info@autotuanlinh.com
134	Gi lm vic	Th 2 - Th 6: 8:00 - 20:00\nTh 7 & CN: 8:00 - 18:00	\N	\N
135	Chat trc tuyn	H tr t vn trc tuyn\nPhn hi trong 5 pht	Bt u chat	/chat
181	Hotline 24/7	1900 123 456\nHoc: 0912 345 678	Gi ngay	tel:1900123456
182	a ch ca hng	123 ng ABC, Phng XYZ\nQun 1, TP.HCM	Xem bn 	https://maps.google.com
183	Email h tr	info@autotuanlinh.com\nsupport@autotuanlinh.com	Gi email	mailto:info@autotuanlinh.com
184	Gi lm vic	Th 2 - Th 6: 8:00 - 20:00\nTh 7 & CN: 8:00 - 18:00	\N	\N
185	Chat trc tuyn	H tr t vn trc tuyn\nPhn hi trong 5 pht	Bt u chat	/chat
70	Chat trc tuyn	H tr t vn trc tuyn\nPhn hi trong 5 pht	Bt u chat	/chat
186	Hotline 24/7	1900 123 456\nHoc: 0912 345 678	Gi ngay	tel:1900123456
187	a ch ca hng	123 ng ABC, Phng XYZ\nQun 1, TP.HCM	Xem bn 	https://maps.google.com
188	Email h tr	info@autotuanlinh.com\nsupport@autotuanlinh.com	Gi email	mailto:info@autotuanlinh.com
189	Gi lm vic	Th 2 - Th 6: 8:00 - 20:00\nTh 7 & CN: 8:00 - 18:00	\N	\N
190	Chat trc tuyn	H tr t vn trc tuyn\nPhn hi trong 5 pht	Bt u chat	/chat
196	Hotline 24/7	1900 123 456\nHoc: 0912 345 678	Gi ngay	tel:1900123456
197	a ch ca hng	123 ng ABC, Phng XYZ\nQun 1, TP.HCM	Xem bn 	https://maps.google.com
198	Email h tr	info@autotuanlinh.com\nsupport@autotuanlinh.com	Gi email	mailto:info@autotuanlinh.com
199	Gi lm vic	Th 2 - Th 6: 8:00 - 20:00\nTh 7 & CN: 8:00 - 18:00	\N	\N
200	Chat trc tuyn	H tr t vn trc tuyn\nPhn hi trong 5 pht	Bt u chat	/chat
201	Hotline 24/7	1900 123 456\nHoc: 0912 345 678	Gi ngay	tel:1900123456
202	a ch ca hng	123 ng ABC, Phng XYZ\nQun 1, TP.HCM	Xem bn 	https://maps.google.com
203	Email h tr	info@autotuanlinh.com\nsupport@autotuanlinh.com	Gi email	mailto:info@autotuanlinh.com
204	Gi lm vic	Th 2 - Th 6: 8:00 - 20:00\nTh 7 & CN: 8:00 - 18:00	\N	\N
205	Chat trc tuyn	H tr t vn trc tuyn\nPhn hi trong 5 pht	Bt u chat	/chat
206	Hotline 24/7	1900 123 456\nHoc: 0912 345 678	Gi ngay	tel:1900123456
207	a ch ca hng	123 ng ABC, Phng XYZ\nQun 1, TP.HCM	Xem bn 	https://maps.google.com
208	Email h tr	info@autotuanlinh.com\nsupport@autotuanlinh.com	Gi email	mailto:info@autotuanlinh.com
209	Gi lm vic	Th 2 - Th 6: 8:00 - 20:00\nTh 7 & CN: 8:00 - 18:00	\N	\N
210	Chat trc tuyn	H tr t vn trc tuyn\nPhn hi trong 5 pht	Bt u chat	/chat
211	Hotline 24/7	1900 123 456\nHoc: 0912 345 678	Gi ngay	tel:1900123456
212	a ch ca hng	123 ng ABC, Phng XYZ\nQun 1, TP.HCM	Xem bn 	https://maps.google.com
213	Email h tr	info@autotuanlinh.com\nsupport@autotuanlinh.com	Gi email	mailto:info@autotuanlinh.com
214	Gi lm vic	Th 2 - Th 6: 8:00 - 20:00\nTh 7 & CN: 8:00 - 18:00	\N	\N
215	Chat trc tuyn	H tr t vn trc tuyn\nPhn hi trong 5 pht	Bt u chat	/chat
216	Hotline 24/7	1900 123 456\nHoc: 0912 345 678	Gi ngay	tel:1900123456
217	a ch ca hng	123 ng ABC, Phng XYZ\nQun 1, TP.HCM	Xem bn 	https://maps.google.com
218	Email h tr	info@autotuanlinh.com\nsupport@autotuanlinh.com	Gi email	mailto:info@autotuanlinh.com
219	Gi lm vic	Th 2 - Th 6: 8:00 - 20:00\nTh 7 & CN: 8:00 - 18:00	\N	\N
220	Chat trc tuyn	H tr t vn trc tuyn\nPhn hi trong 5 pht	Bt u chat	/chat
221	Hotline 24/7	1900 123 456\nHoc: 0912 345 678	Gi ngay	tel:1900123456
222	a ch ca hng	123 ng ABC, Phng XYZ\nQun 1, TP.HCM	Xem bn 	https://maps.google.com
223	Email h tr	info@autotuanlinh.com\nsupport@autotuanlinh.com	Gi email	mailto:info@autotuanlinh.com
224	Gi lm vic	Th 2 - Th 6: 8:00 - 20:00\nTh 7 & CN: 8:00 - 18:00	\N	\N
225	Chat trc tuyn	H tr t vn trc tuyn\nPhn hi trong 5 pht	Bt u chat	/chat
226	Hotline 24/7	1900 123 456\nHoc: 0912 345 678	Gi ngay	tel:1900123456
227	a ch ca hng	123 ng ABC, Phng XYZ\nQun 1, TP.HCM	Xem bn 	https://maps.google.com
228	Email h tr	info@autotuanlinh.com\nsupport@autotuanlinh.com	Gi email	mailto:info@autotuanlinh.com
229	Gi lm vic	Th 2 - Th 6: 8:00 - 20:00\nTh 7 & CN: 8:00 - 18:00	\N	\N
230	Chat trc tuyn	H tr t vn trc tuyn\nPhn hi trong 5 pht	Bt u chat	/chat
231	Hotline 24/7	1900 123 456\nHoc: 0912 345 678	Gi ngay	tel:1900123456
232	a ch ca hng	123 ng ABC, Phng XYZ\nQun 1, TP.HCM	Xem bn 	https://maps.google.com
233	Email h tr	info@autotuanlinh.com\nsupport@autotuanlinh.com	Gi email	mailto:info@autotuanlinh.com
234	Gi lm vic	Th 2 - Th 6: 8:00 - 20:00\nTh 7 & CN: 8:00 - 18:00	\N	\N
235	Chat trc tuyn	H tr t vn trc tuyn\nPhn hi trong 5 pht	Bt u chat	/chat
236	Hotline 24/7	1900 123 456\nHoc: 0912 345 678	Gi ngay	tel:1900123456
237	a ch ca hng	123 ng ABC, Phng XYZ\nQun 1, TP.HCM	Xem bn 	https://maps.google.com
238	Email h tr	info@autotuanlinh.com\nsupport@autotuanlinh.com	Gi email	mailto:info@autotuanlinh.com
239	Gi lm vic	Th 2 - Th 6: 8:00 - 20:00\nTh 7 & CN: 8:00 - 18:00	\N	\N
240	Chat trc tuyn	H tr t vn trc tuyn\nPhn hi trong 5 pht	Bt u chat	/chat
191	Hotline 24/7	1900 123 456\nHoc: 0912 345 678	Gi ngay	tel:1900123456
192	a ch ca hng	123 ng ABC, Phng XYZ\nQun 1, TP.HCM	Xem bn 	https://maps.google.com
193	Email h tr	info@autotuanlinh.com\nsupport@autotuanlinh.com	Gi email	mailto:info@autotuanlinh.com
194	Gi lm vic	Th 2 - Th 6: 8:00 - 20:00\nTh 7 & CN: 8:00 - 18:00	\N	\N
195	Chat trc tuyn	H tr t vn trc tuyn\nPhn hi trong 5 pht	Bt u chat	/chat
241	sadsadasd	asad	dsadsa	dsads
80	Chat trc tuyn	H tr t vn trc tuyn\nPhn hi trong 5 pht	Bt u chat	/chat
\.


--
-- Data for Name: components_home_contact_sections; Type: TABLE DATA; Schema: public; Owner: autotuanlinh_user
--

COPY public.components_home_contact_sections (id, title, subtitle) FROM stdin;
7	Lin h vi chng ti	Chng ti lun sn sng h tr v t vn cho bn
9	Lin h vi chng ti	Chng ti lun sn sng h tr v t vn cho bn
11	Lin h vi chng ti	Chng ti lun sn sng h tr v t vn cho bn
13	Lin h vi chng ti	Chng ti lun sn sng h tr v t vn cho bn
15	Lin h vi chng ti	Chng ti lun sn sng h tr v t vn cho bn
17	Lin h vi chng ti	Chng ti lun sn sng h tr v t vn cho bn
18	Lin h vi chng ti	Chng ti lun sn sng h tr v t vn cho bn
19	Lin h vi chng ti	Chng ti lun sn sng h tr v t vn cho bn
20	Lin h vi chng ti	Chng ti lun sn sng h tr v t vn cho bn
21	Lin h vi chng ti	Chng ti lun sn sng h tr v t vn cho bn
22	Lin h vi chng ti	Chng ti lun sn sng h tr v t vn cho bn
47	Lin h vi chng ti	Chng ti lun sn sng h tr v t vn cho bn
25	Lin h vi chng ti	Chng ti lun sn sng h tr v t vn cho bn
26	Lin h vi chng ti	Chng ti lun sn sng h tr v t vn cho bn
48	Lin h vi chng ti	Chng ti lun sn sng h tr v t vn cho bn
39	Lin h vi chng ti	Chng ti lun sn sng h tr v t vn cho bn dsadasd
3	Lin h vi chng ti	Chng ti lun sn sng h tr v t vn cho bn
5	Lin h vi chng ti	Chng ti lun sn sng h tr v t vn cho bn
6	Lin h vi chng ti	Chng ti lun sn sng h tr v t vn cho bn
8	Lin h vi chng ti	Chng ti lun sn sng h tr v t vn cho bn
29	Lin h vi chng ti	Chng ti lun sn sng h tr v t vn cho bn
30	Lin h vi chng ti	Chng ti lun sn sng h tr v t vn cho bn
31	Lin h vi chng ti	Chng ti lun sn sng h tr v t vn cho bn
32	Lin h vi chng ti	Chng ti lun sn sng h tr v t vn cho bn
33	Lin h vi chng ti	Chng ti lun sn sng h tr v t vn cho bn
34	Lin h vi chng ti	Chng ti lun sn sng h tr v t vn cho bn
35	Lin h vi chng ti	Chng ti lun sn sng h tr v t vn cho bn
36	Lin h vi chng ti	Chng ti lun sn sng h tr v t vn cho bn
27	Lin h vi chng ti	Chng ti lun sn sng h tr v t vn cho bn
37	Lin h vi chng ti	Chng ti lun sn sng h tr v t vn cho bn
38	Lin h vi chng ti	Chng ti lun sn sng h tr v t vn cho bn
12	Lin h vi chng ti	Chng ti lun sn sng h tr v t vn cho bn
14	Lin h vi chng ti	Chng ti lun sn sng h tr v t vn cho bn
40	Lin h vi chng ti	Chng ti lun sn sng h tr v t vn cho bn
41	Lin h vi chng ti	Chng ti lun sn sng h tr v t vn cho bn
42	Lin h vi chng ti	Chng ti lun sn sng h tr v t vn cho bn
43	Lin h vi chng ti	Chng ti lun sn sng h tr v t vn cho bn
44	Lin h vi chng ti	Chng ti lun sn sng h tr v t vn cho bn
45	Lin h vi chng ti	Chng ti lun sn sng h tr v t vn cho bn
46	Lin h vi chng ti	Chng ti lun sn sng h tr v t vn cho bn
16	Lin h vi chng ti	Chng ti lun sn sng h tr v t vn cho bn
49	Lin h vi chng ti	sadsad
\.


--
-- Data for Name: components_home_contact_sections_cmps; Type: TABLE DATA; Schema: public; Owner: autotuanlinh_user
--

COPY public.components_home_contact_sections_cmps (id, entity_id, cmp_id, component_type, field, "order") FROM stdin;
31	7	31	home.contact-info-card	contactInfoCards	1
32	7	32	home.contact-info-card	contactInfoCards	2
33	7	33	home.contact-info-card	contactInfoCards	3
34	7	34	home.contact-info-card	contactInfoCards	4
35	7	35	home.contact-info-card	contactInfoCards	5
41	9	41	home.contact-info-card	contactInfoCards	1
42	9	42	home.contact-info-card	contactInfoCards	2
43	9	43	home.contact-info-card	contactInfoCards	3
44	9	44	home.contact-info-card	contactInfoCards	4
45	9	45	home.contact-info-card	contactInfoCards	5
51	11	51	home.contact-info-card	contactInfoCards	1
52	11	52	home.contact-info-card	contactInfoCards	2
53	11	53	home.contact-info-card	contactInfoCards	3
54	11	54	home.contact-info-card	contactInfoCards	4
55	11	55	home.contact-info-card	contactInfoCards	5
61	13	61	home.contact-info-card	contactInfoCards	1
62	13	62	home.contact-info-card	contactInfoCards	2
63	13	63	home.contact-info-card	contactInfoCards	3
64	13	64	home.contact-info-card	contactInfoCards	4
65	13	65	home.contact-info-card	contactInfoCards	5
71	15	71	home.contact-info-card	contactInfoCards	1
72	15	72	home.contact-info-card	contactInfoCards	2
73	15	73	home.contact-info-card	contactInfoCards	3
74	15	74	home.contact-info-card	contactInfoCards	4
75	15	75	home.contact-info-card	contactInfoCards	5
81	17	81	home.contact-info-card	contactInfoCards	1
82	17	82	home.contact-info-card	contactInfoCards	2
83	17	83	home.contact-info-card	contactInfoCards	3
84	17	84	home.contact-info-card	contactInfoCards	4
85	17	85	home.contact-info-card	contactInfoCards	5
86	18	86	home.contact-info-card	contactInfoCards	1
87	18	87	home.contact-info-card	contactInfoCards	2
88	18	88	home.contact-info-card	contactInfoCards	3
66	14	66	home.contact-info-card	contactInfoCards	1
67	14	67	home.contact-info-card	contactInfoCards	2
68	14	68	home.contact-info-card	contactInfoCards	3
69	14	69	home.contact-info-card	contactInfoCards	4
70	14	70	home.contact-info-card	contactInfoCards	5
11	3	11	home.contact-info-card	contactInfoCards	1
12	3	12	home.contact-info-card	contactInfoCards	2
13	3	13	home.contact-info-card	contactInfoCards	3
14	3	14	home.contact-info-card	contactInfoCards	4
15	3	15	home.contact-info-card	contactInfoCards	5
21	5	21	home.contact-info-card	contactInfoCards	1
22	5	22	home.contact-info-card	contactInfoCards	2
23	5	23	home.contact-info-card	contactInfoCards	3
24	5	24	home.contact-info-card	contactInfoCards	4
25	5	25	home.contact-info-card	contactInfoCards	5
26	6	26	home.contact-info-card	contactInfoCards	1
27	6	27	home.contact-info-card	contactInfoCards	2
28	6	28	home.contact-info-card	contactInfoCards	3
29	6	29	home.contact-info-card	contactInfoCards	4
30	6	30	home.contact-info-card	contactInfoCards	5
36	8	36	home.contact-info-card	contactInfoCards	1
37	8	37	home.contact-info-card	contactInfoCards	2
38	8	38	home.contact-info-card	contactInfoCards	3
39	8	39	home.contact-info-card	contactInfoCards	4
40	8	40	home.contact-info-card	contactInfoCards	5
56	12	56	home.contact-info-card	contactInfoCards	1
57	12	57	home.contact-info-card	contactInfoCards	2
58	12	58	home.contact-info-card	contactInfoCards	3
59	12	59	home.contact-info-card	contactInfoCards	4
60	12	60	home.contact-info-card	contactInfoCards	5
76	16	76	home.contact-info-card	contactInfoCards	1
77	16	77	home.contact-info-card	contactInfoCards	2
78	16	78	home.contact-info-card	contactInfoCards	3
79	16	79	home.contact-info-card	contactInfoCards	4
80	16	80	home.contact-info-card	contactInfoCards	5
89	18	89	home.contact-info-card	contactInfoCards	4
90	18	90	home.contact-info-card	contactInfoCards	5
91	19	91	home.contact-info-card	contactInfoCards	1
92	19	92	home.contact-info-card	contactInfoCards	2
93	19	93	home.contact-info-card	contactInfoCards	3
94	19	94	home.contact-info-card	contactInfoCards	4
95	19	95	home.contact-info-card	contactInfoCards	5
96	20	96	home.contact-info-card	contactInfoCards	1
97	20	97	home.contact-info-card	contactInfoCards	2
98	20	98	home.contact-info-card	contactInfoCards	3
99	20	99	home.contact-info-card	contactInfoCards	4
100	20	100	home.contact-info-card	contactInfoCards	5
101	21	101	home.contact-info-card	contactInfoCards	1
102	21	102	home.contact-info-card	contactInfoCards	2
103	21	103	home.contact-info-card	contactInfoCards	3
104	21	104	home.contact-info-card	contactInfoCards	4
105	21	105	home.contact-info-card	contactInfoCards	5
106	22	106	home.contact-info-card	contactInfoCards	1
107	22	107	home.contact-info-card	contactInfoCards	2
108	22	108	home.contact-info-card	contactInfoCards	3
109	22	109	home.contact-info-card	contactInfoCards	4
110	22	110	home.contact-info-card	contactInfoCards	5
126	25	121	home.contact-info-card	contactInfoCards	1
127	25	122	home.contact-info-card	contactInfoCards	2
128	25	123	home.contact-info-card	contactInfoCards	3
129	25	124	home.contact-info-card	contactInfoCards	4
130	25	125	home.contact-info-card	contactInfoCards	5
131	26	126	home.contact-info-card	contactInfoCards	1
132	26	127	home.contact-info-card	contactInfoCards	2
133	26	128	home.contact-info-card	contactInfoCards	3
134	26	129	home.contact-info-card	contactInfoCards	4
135	26	130	home.contact-info-card	contactInfoCards	5
176	29	141	home.contact-info-card	contactInfoCards	1
177	29	142	home.contact-info-card	contactInfoCards	2
178	29	143	home.contact-info-card	contactInfoCards	3
179	29	144	home.contact-info-card	contactInfoCards	4
180	29	145	home.contact-info-card	contactInfoCards	5
181	30	146	home.contact-info-card	contactInfoCards	1
182	30	147	home.contact-info-card	contactInfoCards	2
183	30	148	home.contact-info-card	contactInfoCards	3
184	30	149	home.contact-info-card	contactInfoCards	4
185	30	150	home.contact-info-card	contactInfoCards	5
186	31	151	home.contact-info-card	contactInfoCards	1
187	31	152	home.contact-info-card	contactInfoCards	2
188	31	153	home.contact-info-card	contactInfoCards	3
189	31	154	home.contact-info-card	contactInfoCards	4
190	31	155	home.contact-info-card	contactInfoCards	5
191	32	156	home.contact-info-card	contactInfoCards	1
192	32	157	home.contact-info-card	contactInfoCards	2
193	32	158	home.contact-info-card	contactInfoCards	3
194	32	159	home.contact-info-card	contactInfoCards	4
195	32	160	home.contact-info-card	contactInfoCards	5
196	33	161	home.contact-info-card	contactInfoCards	1
197	33	162	home.contact-info-card	contactInfoCards	2
198	33	163	home.contact-info-card	contactInfoCards	3
199	33	164	home.contact-info-card	contactInfoCards	4
200	33	165	home.contact-info-card	contactInfoCards	5
201	34	166	home.contact-info-card	contactInfoCards	1
166	27	131	home.contact-info-card	contactInfoCards	1
167	27	132	home.contact-info-card	contactInfoCards	2
168	27	133	home.contact-info-card	contactInfoCards	3
169	27	134	home.contact-info-card	contactInfoCards	4
170	27	135	home.contact-info-card	contactInfoCards	5
202	34	167	home.contact-info-card	contactInfoCards	2
203	34	168	home.contact-info-card	contactInfoCards	3
204	34	169	home.contact-info-card	contactInfoCards	4
205	34	170	home.contact-info-card	contactInfoCards	5
206	35	171	home.contact-info-card	contactInfoCards	1
207	35	172	home.contact-info-card	contactInfoCards	2
208	35	173	home.contact-info-card	contactInfoCards	3
209	35	174	home.contact-info-card	contactInfoCards	4
210	35	175	home.contact-info-card	contactInfoCards	5
211	36	176	home.contact-info-card	contactInfoCards	1
212	36	177	home.contact-info-card	contactInfoCards	2
213	36	178	home.contact-info-card	contactInfoCards	3
214	36	179	home.contact-info-card	contactInfoCards	4
215	36	180	home.contact-info-card	contactInfoCards	5
221	37	181	home.contact-info-card	contactInfoCards	1
222	37	182	home.contact-info-card	contactInfoCards	2
223	37	183	home.contact-info-card	contactInfoCards	3
224	37	184	home.contact-info-card	contactInfoCards	4
225	37	185	home.contact-info-card	contactInfoCards	5
231	38	186	home.contact-info-card	contactInfoCards	1
232	38	187	home.contact-info-card	contactInfoCards	2
233	38	188	home.contact-info-card	contactInfoCards	3
234	38	189	home.contact-info-card	contactInfoCards	4
235	38	190	home.contact-info-card	contactInfoCards	5
251	40	196	home.contact-info-card	contactInfoCards	1
252	40	197	home.contact-info-card	contactInfoCards	2
253	40	198	home.contact-info-card	contactInfoCards	3
254	40	199	home.contact-info-card	contactInfoCards	4
255	40	200	home.contact-info-card	contactInfoCards	5
256	41	201	home.contact-info-card	contactInfoCards	1
257	41	202	home.contact-info-card	contactInfoCards	2
258	41	203	home.contact-info-card	contactInfoCards	3
259	41	204	home.contact-info-card	contactInfoCards	4
260	41	205	home.contact-info-card	contactInfoCards	5
261	42	206	home.contact-info-card	contactInfoCards	1
262	42	207	home.contact-info-card	contactInfoCards	2
263	42	208	home.contact-info-card	contactInfoCards	3
264	42	209	home.contact-info-card	contactInfoCards	4
265	42	210	home.contact-info-card	contactInfoCards	5
266	43	211	home.contact-info-card	contactInfoCards	1
267	43	212	home.contact-info-card	contactInfoCards	2
268	43	213	home.contact-info-card	contactInfoCards	3
269	43	214	home.contact-info-card	contactInfoCards	4
270	43	215	home.contact-info-card	contactInfoCards	5
271	44	216	home.contact-info-card	contactInfoCards	1
272	44	217	home.contact-info-card	contactInfoCards	2
273	44	218	home.contact-info-card	contactInfoCards	3
274	44	219	home.contact-info-card	contactInfoCards	4
275	44	220	home.contact-info-card	contactInfoCards	5
276	45	221	home.contact-info-card	contactInfoCards	1
277	45	222	home.contact-info-card	contactInfoCards	2
278	45	223	home.contact-info-card	contactInfoCards	3
279	45	224	home.contact-info-card	contactInfoCards	4
280	45	225	home.contact-info-card	contactInfoCards	5
281	46	226	home.contact-info-card	contactInfoCards	1
282	46	227	home.contact-info-card	contactInfoCards	2
283	46	228	home.contact-info-card	contactInfoCards	3
284	46	229	home.contact-info-card	contactInfoCards	4
285	46	230	home.contact-info-card	contactInfoCards	5
286	47	231	home.contact-info-card	contactInfoCards	1
287	47	232	home.contact-info-card	contactInfoCards	2
288	47	233	home.contact-info-card	contactInfoCards	3
289	47	234	home.contact-info-card	contactInfoCards	4
290	47	235	home.contact-info-card	contactInfoCards	5
291	48	236	home.contact-info-card	contactInfoCards	1
292	48	237	home.contact-info-card	contactInfoCards	2
293	48	238	home.contact-info-card	contactInfoCards	3
294	48	239	home.contact-info-card	contactInfoCards	4
295	48	240	home.contact-info-card	contactInfoCards	5
336	49	241	home.contact-info-card	contactInfoCards	1
246	39	191	home.contact-info-card	contactInfoCards	1
247	39	192	home.contact-info-card	contactInfoCards	2
248	39	193	home.contact-info-card	contactInfoCards	3
249	39	194	home.contact-info-card	contactInfoCards	4
250	39	195	home.contact-info-card	contactInfoCards	5
\.


--
-- Data for Name: components_home_cta_sections; Type: TABLE DATA; Schema: public; Owner: autotuanlinh_user
--

COPY public.components_home_cta_sections (id, title, subtitle) FROM stdin;
1	Sn sng nng cp xe ca bn?	dsadsada
\.


--
-- Data for Name: components_home_cta_sections_cmps; Type: TABLE DATA; Schema: public; Owner: autotuanlinh_user
--

COPY public.components_home_cta_sections_cmps (id, entity_id, cmp_id, component_type, field, "order") FROM stdin;
1	1	1	shared.cta-button	primaryButton	\N
2	1	2	shared.cta-button	secondaryButton	\N
\.


--
-- Data for Name: components_home_faq_items; Type: TABLE DATA; Schema: public; Owner: autotuanlinh_user
--

COPY public.components_home_faq_items (id, question, answer) FROM stdin;
25	Sn phm c m bo chnh hng khng?	<p>Chng ti cam kt 100% sn phm chnh hng, c y  giy t chng nhn v bo hnh t nh sn xut. Nu pht hin hng gi, chng ti s n b gp 10 ln gi tr sn phm.</p>
26	Thi gian giao hng l bao lu?	<p>Thi gian giao hng t 24-48 gi i vi n hng trong thnh ph, v 3-5 ngy i vi n hng tnh thnh khc.</p>
27	C h tr lp t ti nh khng?	<p>C, chng ti h tr lp t min ph ti nh cho cc sn phm ph hp. Vui lng lin h hotline  c t vn chi tit.</p>
28	Chnh sch i tr nh th no?	<p>Chng ti c chnh sch i tr trong vng 7 ngy k t ngy mua hng, vi iu kin sn phm cn nguyn vn, cha s dng.</p>
10	Thi gian giao hng l bao lu?	<p>Thi gian giao hng t 24-48 gi i vi n hng trong thnh ph, v 3-5 ngy i vi n hng tnh thnh khc.</p>
11	C h tr lp t ti nh khng?	<p>C, chng ti h tr lp t min ph ti nh cho cc sn phm ph hp. Vui lng lin h hotline  c t vn chi tit.</p>
12	Chnh sch i tr nh th no?	<p>Chng ti c chnh sch i tr trong vng 7 ngy k t ngy mua hng, vi iu kin sn phm cn nguyn vn, cha s dng.</p>
17	Sn phm c m bo chnh hng khng?	<p>Chng ti cam kt 100% sn phm chnh hng, c y  giy t chng nhn v bo hnh t nh sn xut. Nu pht hin hng gi, chng ti s n b gp 10 ln gi tr sn phm.</p>
18	Thi gian giao hng l bao lu?	<p>Thi gian giao hng t 24-48 gi i vi n hng trong thnh ph, v 3-5 ngy i vi n hng tnh thnh khc.</p>
19	C h tr lp t ti nh khng?	<p>C, chng ti h tr lp t min ph ti nh cho cc sn phm ph hp. Vui lng lin h hotline  c t vn chi tit.</p>
20	Chnh sch i tr nh th no?	<p>Chng ti c chnh sch i tr trong vng 7 ngy k t ngy mua hng, vi iu kin sn phm cn nguyn vn, cha s dng.</p>
21	Sn phm c m bo chnh hng khng?	<p>Chng ti cam kt 100% sn phm chnh hng, c y  giy t chng nhn v bo hnh t nh sn xut. Nu pht hin hng gi, chng ti s n b gp 10 ln gi tr sn phm.</p>
9	Sn phm c m bo chnh hng khng?	<p>Chng ti cam kt 100% sn phm chnh hng, c y  giy t chng nhn v bo hnh t nh sn xut. Nu pht hin hng gi, chng ti s n b gp 10 ln gi tr sn phm.</p>
22	Thi gian giao hng l bao lu?	<p>Thi gian giao hng t 24-48 gi i vi n hng trong thnh ph, v 3-5 ngy i vi n hng tnh thnh khc.</p>
23	C h tr lp t ti nh khng?	<p>C, chng ti h tr lp t min ph ti nh cho cc sn phm ph hp. Vui lng lin h hotline  c t vn chi tit.</p>
24	Chnh sch i tr nh th no?	<p>Chng ti c chnh sch i tr trong vng 7 ngy k t ngy mua hng, vi iu kin sn phm cn nguyn vn, cha s dng.</p>
29	Sn phm c m bo chnh hng khng?	<p>Chng ti cam kt 100% sn phm chnh hng, c y  giy t chng nhn v bo hnh t nh sn xut. Nu pht hin hng gi, chng ti s n b gp 10 ln gi tr sn phm.</p>
30	Thi gian giao hng l bao lu?	<p>Thi gian giao hng t 24-48 gi i vi n hng trong thnh ph, v 3-5 ngy i vi n hng tnh thnh khc.</p>
33	Sn phm c m bo chnh hng khng?	<p>Chng ti cam kt 100% sn phm chnh hng, c y  giy t chng nhn v bo hnh t nh sn xut. Nu pht hin hng gi, chng ti s n b gp 10 ln gi tr sn phm.</p>
34	Thi gian giao hng l bao lu?	<p>Thi gian giao hng t 24-48 gi i vi n hng trong thnh ph, v 3-5 ngy i vi n hng tnh thnh khc.</p>
35	C h tr lp t ti nh khng?	<p>C, chng ti h tr lp t min ph ti nh cho cc sn phm ph hp. Vui lng lin h hotline  c t vn chi tit.</p>
36	Chnh sch i tr nh th no?	<p>Chng ti c chnh sch i tr trong vng 7 ngy k t ngy mua hng, vi iu kin sn phm cn nguyn vn, cha s dng.</p>
41	Sn phm c m bo chnh hng khng?	<p>Chng ti cam kt 100% sn phm chnh hng, c y  giy t chng nhn v bo hnh t nh sn xut. Nu pht hin hng gi, chng ti s n b gp 10 ln gi tr sn phm.</p>
42	Thi gian giao hng l bao lu?	<p>Thi gian giao hng t 24-48 gi i vi n hng trong thnh ph, v 3-5 ngy i vi n hng tnh thnh khc.</p>
43	C h tr lp t ti nh khng?	<p>C, chng ti h tr lp t min ph ti nh cho cc sn phm ph hp. Vui lng lin h hotline  c t vn chi tit.</p>
44	Chnh sch i tr nh th no?	<p>Chng ti c chnh sch i tr trong vng 7 ngy k t ngy mua hng, vi iu kin sn phm cn nguyn vn, cha s dng.</p>
49	Sn phm c m bo chnh hng khng?	<p>Chng ti cam kt 100% sn phm chnh hng, c y  giy t chng nhn v bo hnh t nh sn xut. Nu pht hin hng gi, chng ti s n b gp 10 ln gi tr sn phm.</p>
50	Thi gian giao hng l bao lu?	<p>Thi gian giao hng t 24-48 gi i vi n hng trong thnh ph, v 3-5 ngy i vi n hng tnh thnh khc.</p>
51	C h tr lp t ti nh khng?	<p>C, chng ti h tr lp t min ph ti nh cho cc sn phm ph hp. Vui lng lin h hotline  c t vn chi tit.</p>
52	Chnh sch i tr nh th no?	<p>Chng ti c chnh sch i tr trong vng 7 ngy k t ngy mua hng, vi iu kin sn phm cn nguyn vn, cha s dng.</p>
57	Sn phm c m bo chnh hng khng?	<p>Chng ti cam kt 100% sn phm chnh hng, c y  giy t chng nhn v bo hnh t nh sn xut. Nu pht hin hng gi, chng ti s n b gp 10 ln gi tr sn phm.</p>
58	Thi gian giao hng l bao lu?	<p>Thi gian giao hng t 24-48 gi i vi n hng trong thnh ph, v 3-5 ngy i vi n hng tnh thnh khc.</p>
59	C h tr lp t ti nh khng?	<p>C, chng ti h tr lp t min ph ti nh cho cc sn phm ph hp. Vui lng lin h hotline  c t vn chi tit.</p>
60	Chnh sch i tr nh th no?	<p>Chng ti c chnh sch i tr trong vng 7 ngy k t ngy mua hng, vi iu kin sn phm cn nguyn vn, cha s dng.</p>
45	Sn phm c m bo chnh hng khng?	<p>Chng ti cam kt 100% sn phm chnh hng, c y  giy t chng nhn v bo hnh t nh sn xut. Nu pht hin hng gi, chng ti s n b gp 10 ln gi tr sn phm.</p>
46	Thi gian giao hng l bao lu?	<p>Thi gian giao hng t 24-48 gi i vi n hng trong thnh ph, v 3-5 ngy i vi n hng tnh thnh khc.</p>
47	C h tr lp t ti nh khng?	<p>C, chng ti h tr lp t min ph ti nh cho cc sn phm ph hp. Vui lng lin h hotline  c t vn chi tit.</p>
48	Chnh sch i tr nh th no?	<p>Chng ti c chnh sch i tr trong vng 7 ngy k t ngy mua hng, vi iu kin sn phm cn nguyn vn, cha s dng.</p>
53	Sn phm c m bo chnh hng khng?	<p>Chng ti cam kt 100% sn phm chnh hng, c y  giy t chng nhn v bo hnh t nh sn xut. Nu pht hin hng gi, chng ti s n b gp 10 ln gi tr sn phm.</p>
54	Thi gian giao hng l bao lu?	<p>Thi gian giao hng t 24-48 gi i vi n hng trong thnh ph, v 3-5 ngy i vi n hng tnh thnh khc.</p>
55	C h tr lp t ti nh khng?	<p>C, chng ti h tr lp t min ph ti nh cho cc sn phm ph hp. Vui lng lin h hotline  c t vn chi tit.</p>
56	Chnh sch i tr nh th no?	<p>Chng ti c chnh sch i tr trong vng 7 ngy k t ngy mua hng, vi iu kin sn phm cn nguyn vn, cha s dng.</p>
65	Sn phm c m bo chnh hng khng?	<p>Chng ti cam kt 100% sn phm chnh hng, c y  giy t chng nhn v bo hnh t nh sn xut. Nu pht hin hng gi, chng ti s n b gp 10 ln gi tr sn phm.</p>
66	Thi gian giao hng l bao lu?	<p>Thi gian giao hng t 24-48 gi i vi n hng trong thnh ph, v 3-5 ngy i vi n hng tnh thnh khc.</p>
67	C h tr lp t ti nh khng?	<p>C, chng ti h tr lp t min ph ti nh cho cc sn phm ph hp. Vui lng lin h hotline  c t vn chi tit.</p>
68	Chnh sch i tr nh th no?	<p>Chng ti c chnh sch i tr trong vng 7 ngy k t ngy mua hng, vi iu kin sn phm cn nguyn vn, cha s dng.</p>
69	Sn phm c m bo chnh hng khng?	<p>Chng ti cam kt 100% sn phm chnh hng, c y  giy t chng nhn v bo hnh t nh sn xut. Nu pht hin hng gi, chng ti s n b gp 10 ln gi tr sn phm.</p>
70	Thi gian giao hng l bao lu?	<p>Thi gian giao hng t 24-48 gi i vi n hng trong thnh ph, v 3-5 ngy i vi n hng tnh thnh khc.</p>
71	C h tr lp t ti nh khng?	<p>C, chng ti h tr lp t min ph ti nh cho cc sn phm ph hp. Vui lng lin h hotline  c t vn chi tit.</p>
72	Chnh sch i tr nh th no?	<p>Chng ti c chnh sch i tr trong vng 7 ngy k t ngy mua hng, vi iu kin sn phm cn nguyn vn, cha s dng.</p>
73	Sn phm c m bo chnh hng khng?	<p>Chng ti cam kt 100% sn phm chnh hng, c y  giy t chng nhn v bo hnh t nh sn xut. Nu pht hin hng gi, chng ti s n b gp 10 ln gi tr sn phm.</p>
74	Thi gian giao hng l bao lu?	<p>Thi gian giao hng t 24-48 gi i vi n hng trong thnh ph, v 3-5 ngy i vi n hng tnh thnh khc.</p>
75	C h tr lp t ti nh khng?	<p>C, chng ti h tr lp t min ph ti nh cho cc sn phm ph hp. Vui lng lin h hotline  c t vn chi tit.</p>
76	Chnh sch i tr nh th no?	<p>Chng ti c chnh sch i tr trong vng 7 ngy k t ngy mua hng, vi iu kin sn phm cn nguyn vn, cha s dng.</p>
77	Sn phm c m bo chnh hng khng?	<p>Chng ti cam kt 100% sn phm chnh hng, c y  giy t chng nhn v bo hnh t nh sn xut. Nu pht hin hng gi, chng ti s n b gp 10 ln gi tr sn phm.</p>
78	Thi gian giao hng l bao lu?	<p>Thi gian giao hng t 24-48 gi i vi n hng trong thnh ph, v 3-5 ngy i vi n hng tnh thnh khc.</p>
79	C h tr lp t ti nh khng?	<p>C, chng ti h tr lp t min ph ti nh cho cc sn phm ph hp. Vui lng lin h hotline  c t vn chi tit.</p>
80	Chnh sch i tr nh th no?	<p>Chng ti c chnh sch i tr trong vng 7 ngy k t ngy mua hng, vi iu kin sn phm cn nguyn vn, cha s dng.</p>
81	Sn phm c m bo chnh hng khng?	<p>Chng ti cam kt 100% sn phm chnh hng, c y  giy t chng nhn v bo hnh t nh sn xut. Nu pht hin hng gi, chng ti s n b gp 10 ln gi tr sn phm.</p>
82	Thi gian giao hng l bao lu?	<p>Thi gian giao hng t 24-48 gi i vi n hng trong thnh ph, v 3-5 ngy i vi n hng tnh thnh khc.</p>
83	C h tr lp t ti nh khng?	<p>C, chng ti h tr lp t min ph ti nh cho cc sn phm ph hp. Vui lng lin h hotline  c t vn chi tit.</p>
84	Chnh sch i tr nh th no?	<p>Chng ti c chnh sch i tr trong vng 7 ngy k t ngy mua hng, vi iu kin sn phm cn nguyn vn, cha s dng.</p>
85	Sn phm c m bo chnh hng khng?	<p>Chng ti cam kt 100% sn phm chnh hng, c y  giy t chng nhn v bo hnh t nh sn xut. Nu pht hin hng gi, chng ti s n b gp 10 ln gi tr sn phm.</p>
86	Thi gian giao hng l bao lu?	<p>Thi gian giao hng t 24-48 gi i vi n hng trong thnh ph, v 3-5 ngy i vi n hng tnh thnh khc.</p>
87	C h tr lp t ti nh khng?	<p>C, chng ti h tr lp t min ph ti nh cho cc sn phm ph hp. Vui lng lin h hotline  c t vn chi tit.</p>
88	Chnh sch i tr nh th no?	<p>Chng ti c chnh sch i tr trong vng 7 ngy k t ngy mua hng, vi iu kin sn phm cn nguyn vn, cha s dng.</p>
61	Sn phm c m bo chnh hng khng?	<p>Chng ti cam kt 100% sn phm chnh hng, c y  giy t chng nhn v bo hnh t nh sn xut. Nu pht hin hng gi, chng ti s n b gp 10 ln gi tr sn phm.</p>
62	Thi gian giao hng l bao lu?	<p>Thi gian giao hng t 24-48 gi i vi n hng trong thnh ph, v 3-5 ngy i vi n hng tnh thnh khc.</p>
97	Sn phm c m bo chnh hng khng?	<p>Chng ti cam kt 100% sn phm chnh hng, c y  giy t chng nhn v bo hnh t nh sn xut. Nu pht hin hng gi, chng ti s n b gp 10 ln gi tr sn phm.</p>
98	Thi gian giao hng l bao lu?	<p>Thi gian giao hng t 24-48 gi i vi n hng trong thnh ph, v 3-5 ngy i vi n hng tnh thnh khc.</p>
99	C h tr lp t ti nh khng?	<p>C, chng ti h tr lp t min ph ti nh cho cc sn phm ph hp. Vui lng lin h hotline  c t vn chi tit.</p>
100	Chnh sch i tr nh th no?	<p>Chng ti c chnh sch i tr trong vng 7 ngy k t ngy mua hng, vi iu kin sn phm cn nguyn vn, cha s dng.</p>
101	Sn phm c m bo chnh hng khng?	<p>Chng ti cam kt 100% sn phm chnh hng, c y  giy t chng nhn v bo hnh t nh sn xut. Nu pht hin hng gi, chng ti s n b gp 10 ln gi tr sn phm.</p>
102	Thi gian giao hng l bao lu?	<p>Thi gian giao hng t 24-48 gi i vi n hng trong thnh ph, v 3-5 ngy i vi n hng tnh thnh khc.</p>
103	C h tr lp t ti nh khng?	<p>C, chng ti h tr lp t min ph ti nh cho cc sn phm ph hp. Vui lng lin h hotline  c t vn chi tit.</p>
104	Chnh sch i tr nh th no?	<p>Chng ti c chnh sch i tr trong vng 7 ngy k t ngy mua hng, vi iu kin sn phm cn nguyn vn, cha s dng.</p>
31	C h tr lp t ti nh khng?	<p>C, chng ti h tr lp t min ph ti nh cho cc sn phm ph hp. Vui lng lin h hotline  c t vn chi tit.</p>
32	Chnh sch i tr nh th no?	<p>Chng ti c chnh sch i tr trong vng 7 ngy k t ngy mua hng, vi iu kin sn phm cn nguyn vn, cha s dng.</p>
113	Sn phm c m bo chnh hng khng?	<p>Chng ti cam kt 100% sn phm chnh hng, c y  giy t chng nhn v bo hnh t nh sn xut. Nu pht hin hng gi, chng ti s n b gp 10 ln gi tr sn phm.</p>
114	Thi gian giao hng l bao lu?	<p>Thi gian giao hng t 24-48 gi i vi n hng trong thnh ph, v 3-5 ngy i vi n hng tnh thnh khc.</p>
105	Sn phm c m bo chnh hng khng?	<p>Chng ti cam kt 100% sn phm chnh hng, c y  giy t chng nhn v bo hnh t nh sn xut. Nu pht hin hng gi, chng ti s n b gp 10 ln gi tr sn phm.</p>
106	Thi gian giao hng l bao lu?	<p>Thi gian giao hng t 24-48 gi i vi n hng trong thnh ph, v 3-5 ngy i vi n hng tnh thnh khc.</p>
107	C h tr lp t ti nh khng?	<p>C, chng ti h tr lp t min ph ti nh cho cc sn phm ph hp. Vui lng lin h hotline  c t vn chi tit.</p>
108	Chnh sch i tr nh th no?	<p>Chng ti c chnh sch i tr trong vng 7 ngy k t ngy mua hng, vi iu kin sn phm cn nguyn vn, cha s dng.</p>
115	C h tr lp t ti nh khng?	<p>C, chng ti h tr lp t min ph ti nh cho cc sn phm ph hp. Vui lng lin h hotline  c t vn chi tit.</p>
116	Chnh sch i tr nh th no?	<p>Chng ti c chnh sch i tr trong vng 7 ngy k t ngy mua hng, vi iu kin sn phm cn nguyn vn, cha s dng.</p>
117	Sn phm c m bo chnh hng khng?	<p>Chng ti cam kt 100% sn phm chnh hng, c y  giy t chng nhn v bo hnh t nh sn xut. Nu pht hin hng gi, chng ti s n b gp 10 ln gi tr sn phm.</p>
118	Thi gian giao hng l bao lu?	<p>Thi gian giao hng t 24-48 gi i vi n hng trong thnh ph, v 3-5 ngy i vi n hng tnh thnh khc.</p>
119	C h tr lp t ti nh khng?	<p>C, chng ti h tr lp t min ph ti nh cho cc sn phm ph hp. Vui lng lin h hotline  c t vn chi tit.</p>
120	Chnh sch i tr nh th no?	<p>Chng ti c chnh sch i tr trong vng 7 ngy k t ngy mua hng, vi iu kin sn phm cn nguyn vn, cha s dng.</p>
121	Sn phm c m bo chnh hng khng?	<p>Chng ti cam kt 100% sn phm chnh hng, c y  giy t chng nhn v bo hnh t nh sn xut. Nu pht hin hng gi, chng ti s n b gp 10 ln gi tr sn phm.</p>
122	Thi gian giao hng l bao lu?	<p>Thi gian giao hng t 24-48 gi i vi n hng trong thnh ph, v 3-5 ngy i vi n hng tnh thnh khc.</p>
123	C h tr lp t ti nh khng?	<p>C, chng ti h tr lp t min ph ti nh cho cc sn phm ph hp. Vui lng lin h hotline  c t vn chi tit.</p>
124	Chnh sch i tr nh th no?	<p>Chng ti c chnh sch i tr trong vng 7 ngy k t ngy mua hng, vi iu kin sn phm cn nguyn vn, cha s dng.</p>
125	Sn phm c m bo chnh hng khng?	<p>Chng ti cam kt 100% sn phm chnh hng, c y  giy t chng nhn v bo hnh t nh sn xut. Nu pht hin hng gi, chng ti s n b gp 10 ln gi tr sn phm.</p>
126	Thi gian giao hng l bao lu?	<p>Thi gian giao hng t 24-48 gi i vi n hng trong thnh ph, v 3-5 ngy i vi n hng tnh thnh khc.</p>
127	C h tr lp t ti nh khng?	<p>C, chng ti h tr lp t min ph ti nh cho cc sn phm ph hp. Vui lng lin h hotline  c t vn chi tit.</p>
128	Chnh sch i tr nh th no?	<p>Chng ti c chnh sch i tr trong vng 7 ngy k t ngy mua hng, vi iu kin sn phm cn nguyn vn, cha s dng.</p>
129	Sn phm c m bo chnh hng khng?	<p>Chng ti cam kt 100% sn phm chnh hng, c y  giy t chng nhn v bo hnh t nh sn xut. Nu pht hin hng gi, chng ti s n b gp 10 ln gi tr sn phm.</p>
130	Thi gian giao hng l bao lu?	<p>Thi gian giao hng t 24-48 gi i vi n hng trong thnh ph, v 3-5 ngy i vi n hng tnh thnh khc.</p>
131	C h tr lp t ti nh khng?	<p>C, chng ti h tr lp t min ph ti nh cho cc sn phm ph hp. Vui lng lin h hotline  c t vn chi tit.</p>
132	Chnh sch i tr nh th no?	<p>Chng ti c chnh sch i tr trong vng 7 ngy k t ngy mua hng, vi iu kin sn phm cn nguyn vn, cha s dng.</p>
133	Sn phm c m bo chnh hng khng?	<p>Chng ti cam kt 100% sn phm chnh hng, c y  giy t chng nhn v bo hnh t nh sn xut. Nu pht hin hng gi, chng ti s n b gp 10 ln gi tr sn phm.</p>
134	Thi gian giao hng l bao lu?	<p>Thi gian giao hng t 24-48 gi i vi n hng trong thnh ph, v 3-5 ngy i vi n hng tnh thnh khc.</p>
135	C h tr lp t ti nh khng?	<p>C, chng ti h tr lp t min ph ti nh cho cc sn phm ph hp. Vui lng lin h hotline  c t vn chi tit.</p>
136	Chnh sch i tr nh th no?	<p>Chng ti c chnh sch i tr trong vng 7 ngy k t ngy mua hng, vi iu kin sn phm cn nguyn vn, cha s dng.</p>
137	Sn phm c m bo chnh hng khng?	<p>Chng ti cam kt 100% sn phm chnh hng, c y  giy t chng nhn v bo hnh t nh sn xut. Nu pht hin hng gi, chng ti s n b gp 10 ln gi tr sn phm.</p>
138	Thi gian giao hng l bao lu?	<p>Thi gian giao hng t 24-48 gi i vi n hng trong thnh ph, v 3-5 ngy i vi n hng tnh thnh khc.</p>
139	C h tr lp t ti nh khng?	<p>C, chng ti h tr lp t min ph ti nh cho cc sn phm ph hp. Vui lng lin h hotline  c t vn chi tit.</p>
140	Chnh sch i tr nh th no?	<p>Chng ti c chnh sch i tr trong vng 7 ngy k t ngy mua hng, vi iu kin sn phm cn nguyn vn, cha s dng.</p>
141	Sn phm c m bo chnh hng khng?	<p>Chng ti cam kt 100% sn phm chnh hng, c y  giy t chng nhn v bo hnh t nh sn xut. Nu pht hin hng gi, chng ti s n b gp 10 ln gi tr sn phm.</p>
142	Thi gian giao hng l bao lu?	<p>Thi gian giao hng t 24-48 gi i vi n hng trong thnh ph, v 3-5 ngy i vi n hng tnh thnh khc.</p>
143	C h tr lp t ti nh khng?	<p>C, chng ti h tr lp t min ph ti nh cho cc sn phm ph hp. Vui lng lin h hotline  c t vn chi tit.</p>
144	Chnh sch i tr nh th no?	<p>Chng ti c chnh sch i tr trong vng 7 ngy k t ngy mua hng, vi iu kin sn phm cn nguyn vn, cha s dng.</p>
145	Sn phm c m bo chnh hng khng?	<p>Chng ti cam kt 100% sn phm chnh hng, c y  giy t chng nhn v bo hnh t nh sn xut. Nu pht hin hng gi, chng ti s n b gp 10 ln gi tr sn phm.</p>
146	Thi gian giao hng l bao lu?	<p>Thi gian giao hng t 24-48 gi i vi n hng trong thnh ph, v 3-5 ngy i vi n hng tnh thnh khc.</p>
147	C h tr lp t ti nh khng?	<p>C, chng ti h tr lp t min ph ti nh cho cc sn phm ph hp. Vui lng lin h hotline  c t vn chi tit.</p>
148	Chnh sch i tr nh th no?	<p>Chng ti c chnh sch i tr trong vng 7 ngy k t ngy mua hng, vi iu kin sn phm cn nguyn vn, cha s dng.</p>
149	Sn phm c m bo chnh hng khng?	<p>Chng ti cam kt 100% sn phm chnh hng, c y  giy t chng nhn v bo hnh t nh sn xut. Nu pht hin hng gi, chng ti s n b gp 10 ln gi tr sn phm.</p>
150	Thi gian giao hng l bao lu?	<p>Thi gian giao hng t 24-48 gi i vi n hng trong thnh ph, v 3-5 ngy i vi n hng tnh thnh khc.</p>
151	C h tr lp t ti nh khng?	<p>C, chng ti h tr lp t min ph ti nh cho cc sn phm ph hp. Vui lng lin h hotline  c t vn chi tit.</p>
152	Chnh sch i tr nh th no?	<p>Chng ti c chnh sch i tr trong vng 7 ngy k t ngy mua hng, vi iu kin sn phm cn nguyn vn, cha s dng.</p>
157	Sn phm c m bo chnh hng khng?	<p>Chng ti cam kt 100% sn phm chnh hng, c y  giy t chng nhn v bo hnh t nh sn xut. Nu pht hin hng gi, chng ti s n b gp 10 ln gi tr sn phm.</p>
158	Thi gian giao hng l bao lu?	<p>Thi gian giao hng t 24-48 gi i vi n hng trong thnh ph, v 3-5 ngy i vi n hng tnh thnh khc.</p>
159	C h tr lp t ti nh khng?	<p>C, chng ti h tr lp t min ph ti nh cho cc sn phm ph hp. Vui lng lin h hotline  c t vn chi tit.</p>
160	Chnh sch i tr nh th no?	<p>Chng ti c chnh sch i tr trong vng 7 ngy k t ngy mua hng, vi iu kin sn phm cn nguyn vn, cha s dng.</p>
161	Sn phm c m bo chnh hng khng?	<p>Chng ti cam kt 100% sn phm chnh hng, c y  giy t chng nhn v bo hnh t nh sn xut. Nu pht hin hng gi, chng ti s n b gp 10 ln gi tr sn phm.</p>
162	Thi gian giao hng l bao lu?	<p>Thi gian giao hng t 24-48 gi i vi n hng trong thnh ph, v 3-5 ngy i vi n hng tnh thnh khc.</p>
163	C h tr lp t ti nh khng?	<p>C, chng ti h tr lp t min ph ti nh cho cc sn phm ph hp. Vui lng lin h hotline  c t vn chi tit.</p>
164	Chnh sch i tr nh th no?	<p>Chng ti c chnh sch i tr trong vng 7 ngy k t ngy mua hng, vi iu kin sn phm cn nguyn vn, cha s dng.</p>
165	Sn phm c m bo chnh hng khng?	<p>Chng ti cam kt 100% sn phm chnh hng, c y  giy t chng nhn v bo hnh t nh sn xut. Nu pht hin hng gi, chng ti s n b gp 10 ln gi tr sn phm.</p>
166	Thi gian giao hng l bao lu?	<p>Thi gian giao hng t 24-48 gi i vi n hng trong thnh ph, v 3-5 ngy i vi n hng tnh thnh khc.</p>
167	C h tr lp t ti nh khng?	<p>C, chng ti h tr lp t min ph ti nh cho cc sn phm ph hp. Vui lng lin h hotline  c t vn chi tit.</p>
168	Chnh sch i tr nh th no?	<p>Chng ti c chnh sch i tr trong vng 7 ngy k t ngy mua hng, vi iu kin sn phm cn nguyn vn, cha s dng.</p>
169	Sn phm c m bo chnh hng khng?	<p>Chng ti cam kt 100% sn phm chnh hng, c y  giy t chng nhn v bo hnh t nh sn xut. Nu pht hin hng gi, chng ti s n b gp 10 ln gi tr sn phm.</p>
170	Thi gian giao hng l bao lu?	<p>Thi gian giao hng t 24-48 gi i vi n hng trong thnh ph, v 3-5 ngy i vi n hng tnh thnh khc.</p>
171	C h tr lp t ti nh khng?	<p>C, chng ti h tr lp t min ph ti nh cho cc sn phm ph hp. Vui lng lin h hotline  c t vn chi tit.</p>
172	Chnh sch i tr nh th no?	<p>Chng ti c chnh sch i tr trong vng 7 ngy k t ngy mua hng, vi iu kin sn phm cn nguyn vn, cha s dng.</p>
173	Sn phm c m bo chnh hng khng?	<p>Chng ti cam kt 100% sn phm chnh hng, c y  giy t chng nhn v bo hnh t nh sn xut. Nu pht hin hng gi, chng ti s n b gp 10 ln gi tr sn phm.</p>
174	Thi gian giao hng l bao lu?	<p>Thi gian giao hng t 24-48 gi i vi n hng trong thnh ph, v 3-5 ngy i vi n hng tnh thnh khc.</p>
175	C h tr lp t ti nh khng?	<p>C, chng ti h tr lp t min ph ti nh cho cc sn phm ph hp. Vui lng lin h hotline  c t vn chi tit.</p>
176	Chnh sch i tr nh th no?	<p>Chng ti c chnh sch i tr trong vng 7 ngy k t ngy mua hng, vi iu kin sn phm cn nguyn vn, cha s dng.</p>
177	Sn phm c m bo chnh hng khng?	<p>Chng ti cam kt 100% sn phm chnh hng, c y  giy t chng nhn v bo hnh t nh sn xut. Nu pht hin hng gi, chng ti s n b gp 10 ln gi tr sn phm.</p>
178	Thi gian giao hng l bao lu?	<p>Thi gian giao hng t 24-48 gi i vi n hng trong thnh ph, v 3-5 ngy i vi n hng tnh thnh khc.</p>
179	C h tr lp t ti nh khng?	<p>C, chng ti h tr lp t min ph ti nh cho cc sn phm ph hp. Vui lng lin h hotline  c t vn chi tit.</p>
180	Chnh sch i tr nh th no?	<p>Chng ti c chnh sch i tr trong vng 7 ngy k t ngy mua hng, vi iu kin sn phm cn nguyn vn, cha s dng.</p>
181	Sn phm c m bo chnh hng khng?	<p>Chng ti cam kt 100% sn phm chnh hng, c y  giy t chng nhn v bo hnh t nh sn xut. Nu pht hin hng gi, chng ti s n b gp 10 ln gi tr sn phm.</p>
182	Thi gian giao hng l bao lu?	<p>Thi gian giao hng t 24-48 gi i vi n hng trong thnh ph, v 3-5 ngy i vi n hng tnh thnh khc.</p>
183	C h tr lp t ti nh khng?	<p>C, chng ti h tr lp t min ph ti nh cho cc sn phm ph hp. Vui lng lin h hotline  c t vn chi tit.</p>
184	Chnh sch i tr nh th no?	<p>Chng ti c chnh sch i tr trong vng 7 ngy k t ngy mua hng, vi iu kin sn phm cn nguyn vn, cha s dng.</p>
185	Sn phm c m bo chnh hng khng?	<p>Chng ti cam kt 100% sn phm chnh hng, c y  giy t chng nhn v bo hnh t nh sn xut. Nu pht hin hng gi, chng ti s n b gp 10 ln gi tr sn phm.</p>
186	Thi gian giao hng l bao lu?	<p>Thi gian giao hng t 24-48 gi i vi n hng trong thnh ph, v 3-5 ngy i vi n hng tnh thnh khc.</p>
187	C h tr lp t ti nh khng?	<p>C, chng ti h tr lp t min ph ti nh cho cc sn phm ph hp. Vui lng lin h hotline  c t vn chi tit.</p>
188	Chnh sch i tr nh th no?	<p>Chng ti c chnh sch i tr trong vng 7 ngy k t ngy mua hng, vi iu kin sn phm cn nguyn vn, cha s dng.</p>
189	Sn phm c m bo chnh hng khng?	<p>Chng ti cam kt 100% sn phm chnh hng, c y  giy t chng nhn v bo hnh t nh sn xut. Nu pht hin hng gi, chng ti s n b gp 10 ln gi tr sn phm.</p>
190	Thi gian giao hng l bao lu?	<p>Thi gian giao hng t 24-48 gi i vi n hng trong thnh ph, v 3-5 ngy i vi n hng tnh thnh khc.</p>
191	C h tr lp t ti nh khng?	<p>C, chng ti h tr lp t min ph ti nh cho cc sn phm ph hp. Vui lng lin h hotline  c t vn chi tit.</p>
192	Chnh sch i tr nh th no?	<p>Chng ti c chnh sch i tr trong vng 7 ngy k t ngy mua hng, vi iu kin sn phm cn nguyn vn, cha s dng.</p>
153	Sn phm c m bo chnh hng khng?	<p>Chng ti cam kt 100% sn phm chnh hng, c y  giy t chng nhn v bo hnh t nh sn xut. Nu pht hin hng gi, chng ti s n b gp 10 ln gi tr sn phm.</p>
154	Thi gian giao hng l bao lu?	<p>Thi gian giao hng t 24-48 gi i vi n hng trong thnh ph, v 3-5 ngy i vi n hng tnh thnh khc.</p>
155	C h tr lp t ti nh khng?	<p>C, chng ti h tr lp t min ph ti nh cho cc sn phm ph hp. Vui lng lin h hotline  c t vn chi tit.</p>
156	Chnh sch i tr nh th no?	<p>Chng ti c chnh sch i tr trong vng 7 ngy k t ngy mua hng, vi iu kin sn phm cn nguyn vn, cha s dng.</p>
63	C h tr lp t ti nh khng?	<p>C, chng ti h tr lp t min ph ti nh cho cc sn phm ph hp. Vui lng lin h hotline  c t vn chi tit.</p>
64	Chnh sch i tr nh th no?	<p>Chng ti c chnh sch i tr trong vng 7 ngy k t ngy mua hng, vi iu kin sn phm cn nguyn vn, cha s dng.</p>
193	dsadsa	dasdsadsad
\.


--
-- Data for Name: components_home_faq_sections; Type: TABLE DATA; Schema: public; Owner: autotuanlinh_user
--

COPY public.components_home_faq_sections (id, title, subtitle) FROM stdin;
7	Cu hi thng gp	Gii p nhng thc mc ph bin ca khch hng
9	Cu hi thng gp	Gii p nhng thc mc ph bin ca khch hng
11	Cu hi thng gp	Gii p nhng thc mc ph bin ca khch hng
13	Cu hi thng gp	Gii p nhng thc mc ph bin ca khch hng
15	Cu hi thng gp	Gii p nhng thc mc ph bin ca khch hng
17	Cu hi thng gp	Gii p nhng thc mc ph bin ca khch hng
18	Cu hi thng gp	Gii p nhng thc mc ph bin ca khch hng
19	Cu hi thng gp	Gii p nhng thc mc ph bin ca khch hng
20	Cu hi thng gp	Gii p nhng thc mc ph bin ca khch hng
21	Cu hi thng gp	Gii p nhng thc mc ph bin ca khch hng
22	Cu hi thng gp	Gii p nhng thc mc ph bin ca khch hng
47	Cu hi thng gp	Gii p nhng thc mc ph bin ca khch hng
25	Cu hi thng gp	Gii p nhng thc mc ph bin ca khch hng
26	Cu hi thng gp	Gii p nhng thc mc ph bin ca khch hng
48	Cu hi thng gp	Gii p nhng thc mc ph bin ca khch hng
39	Cu hi thng gp	Gii p nhng thc mc ph bin ca khch hng
3	Cu hi thng gp	Gii p nhng thc mc ph bin ca khch hng
5	Cu hi thng gp	Gii p nhng thc mc ph bin ca khch hng
6	Cu hi thng gp	Gii p nhng thc mc ph bin ca khch hng
8	Cu hi thng gp	Gii p nhng thc mc ph bin ca khch hng
29	Cu hi thng gp	Gii p nhng thc mc ph bin ca khch hng
30	Cu hi thng gp	Gii p nhng thc mc ph bin ca khch hng
31	Cu hi thng gp	Gii p nhng thc mc ph bin ca khch hng
32	Cu hi thng gp	Gii p nhng thc mc ph bin ca khch hng
33	Cu hi thng gp	Gii p nhng thc mc ph bin ca khch hng
34	Cu hi thng gp	Gii p nhng thc mc ph bin ca khch hng
35	Cu hi thng gp	Gii p nhng thc mc ph bin ca khch hng
36	Cu hi thng gp	Gii p nhng thc mc ph bin ca khch hng
27	Cu hi thng gp	Gii p nhng thc mc ph bin ca khch hng
37	Cu hi thng gp	Gii p nhng thc mc ph bin ca khch hng
49	Cu hi thng gp	sadsadasdsad
38	Cu hi thng gp	Gii p nhng thc mc ph bin ca khch hng
12	Cu hi thng gp	Gii p nhng thc mc ph bin ca khch hng
14	Cu hi thng gp	Gii p nhng thc mc ph bin ca khch hng
40	Cu hi thng gp	Gii p nhng thc mc ph bin ca khch hng
41	Cu hi thng gp	Gii p nhng thc mc ph bin ca khch hng
42	Cu hi thng gp	Gii p nhng thc mc ph bin ca khch hng
43	Cu hi thng gp	Gii p nhng thc mc ph bin ca khch hng
44	Cu hi thng gp	Gii p nhng thc mc ph bin ca khch hng
45	Cu hi thng gp	Gii p nhng thc mc ph bin ca khch hng
46	Cu hi thng gp	Gii p nhng thc mc ph bin ca khch hng
16	Cu hi thng gp	Gii p nhng thc mc ph bin ca khch hng
\.


--
-- Data for Name: components_home_faq_sections_cmps; Type: TABLE DATA; Schema: public; Owner: autotuanlinh_user
--

COPY public.components_home_faq_sections_cmps (id, entity_id, cmp_id, component_type, field, "order") FROM stdin;
25	7	25	home.faq-item	faqItems	1
26	7	26	home.faq-item	faqItems	2
27	7	27	home.faq-item	faqItems	3
28	7	28	home.faq-item	faqItems	4
33	9	33	home.faq-item	faqItems	1
34	9	34	home.faq-item	faqItems	2
35	9	35	home.faq-item	faqItems	3
36	9	36	home.faq-item	faqItems	4
41	11	41	home.faq-item	faqItems	1
42	11	42	home.faq-item	faqItems	2
43	11	43	home.faq-item	faqItems	3
44	11	44	home.faq-item	faqItems	4
49	13	49	home.faq-item	faqItems	1
50	13	50	home.faq-item	faqItems	2
51	13	51	home.faq-item	faqItems	3
52	13	52	home.faq-item	faqItems	4
57	15	57	home.faq-item	faqItems	1
58	15	58	home.faq-item	faqItems	2
59	15	59	home.faq-item	faqItems	3
60	15	60	home.faq-item	faqItems	4
65	17	65	home.faq-item	faqItems	1
66	17	66	home.faq-item	faqItems	2
67	17	67	home.faq-item	faqItems	3
68	17	68	home.faq-item	faqItems	4
69	18	69	home.faq-item	faqItems	1
70	18	70	home.faq-item	faqItems	2
71	18	71	home.faq-item	faqItems	3
72	18	72	home.faq-item	faqItems	4
73	19	73	home.faq-item	faqItems	1
74	19	74	home.faq-item	faqItems	2
75	19	75	home.faq-item	faqItems	3
76	19	76	home.faq-item	faqItems	4
77	20	77	home.faq-item	faqItems	1
78	20	78	home.faq-item	faqItems	2
79	20	79	home.faq-item	faqItems	3
80	20	80	home.faq-item	faqItems	4
81	21	81	home.faq-item	faqItems	1
82	21	82	home.faq-item	faqItems	2
83	21	83	home.faq-item	faqItems	3
84	21	84	home.faq-item	faqItems	4
85	22	85	home.faq-item	faqItems	1
86	22	86	home.faq-item	faqItems	2
87	22	87	home.faq-item	faqItems	3
88	22	88	home.faq-item	faqItems	4
101	25	97	home.faq-item	faqItems	1
102	25	98	home.faq-item	faqItems	2
103	25	99	home.faq-item	faqItems	3
104	25	100	home.faq-item	faqItems	4
105	26	101	home.faq-item	faqItems	1
106	26	102	home.faq-item	faqItems	2
107	26	103	home.faq-item	faqItems	3
108	26	104	home.faq-item	faqItems	4
9	3	9	home.faq-item	faqItems	1
10	3	10	home.faq-item	faqItems	2
11	3	11	home.faq-item	faqItems	3
12	3	12	home.faq-item	faqItems	4
17	5	17	home.faq-item	faqItems	1
18	5	18	home.faq-item	faqItems	2
19	5	19	home.faq-item	faqItems	3
20	5	20	home.faq-item	faqItems	4
21	6	21	home.faq-item	faqItems	1
22	6	22	home.faq-item	faqItems	2
23	6	23	home.faq-item	faqItems	3
24	6	24	home.faq-item	faqItems	4
29	8	29	home.faq-item	faqItems	1
30	8	30	home.faq-item	faqItems	2
31	8	31	home.faq-item	faqItems	3
32	8	32	home.faq-item	faqItems	4
141	29	113	home.faq-item	faqItems	1
142	29	114	home.faq-item	faqItems	2
143	29	115	home.faq-item	faqItems	3
144	29	116	home.faq-item	faqItems	4
145	30	117	home.faq-item	faqItems	1
133	27	105	home.faq-item	faqItems	1
134	27	106	home.faq-item	faqItems	2
135	27	107	home.faq-item	faqItems	3
136	27	108	home.faq-item	faqItems	4
45	12	45	home.faq-item	faqItems	1
46	12	46	home.faq-item	faqItems	2
47	12	47	home.faq-item	faqItems	3
48	12	48	home.faq-item	faqItems	4
53	14	53	home.faq-item	faqItems	1
54	14	54	home.faq-item	faqItems	2
55	14	55	home.faq-item	faqItems	3
56	14	56	home.faq-item	faqItems	4
61	16	61	home.faq-item	faqItems	1
62	16	62	home.faq-item	faqItems	2
63	16	63	home.faq-item	faqItems	3
64	16	64	home.faq-item	faqItems	4
146	30	118	home.faq-item	faqItems	2
147	30	119	home.faq-item	faqItems	3
148	30	120	home.faq-item	faqItems	4
149	31	121	home.faq-item	faqItems	1
150	31	122	home.faq-item	faqItems	2
151	31	123	home.faq-item	faqItems	3
152	31	124	home.faq-item	faqItems	4
153	32	125	home.faq-item	faqItems	1
154	32	126	home.faq-item	faqItems	2
155	32	127	home.faq-item	faqItems	3
156	32	128	home.faq-item	faqItems	4
157	33	129	home.faq-item	faqItems	1
158	33	130	home.faq-item	faqItems	2
159	33	131	home.faq-item	faqItems	3
160	33	132	home.faq-item	faqItems	4
161	34	133	home.faq-item	faqItems	1
162	34	134	home.faq-item	faqItems	2
163	34	135	home.faq-item	faqItems	3
164	34	136	home.faq-item	faqItems	4
165	35	137	home.faq-item	faqItems	1
166	35	138	home.faq-item	faqItems	2
167	35	139	home.faq-item	faqItems	3
168	35	140	home.faq-item	faqItems	4
169	36	141	home.faq-item	faqItems	1
170	36	142	home.faq-item	faqItems	2
171	36	143	home.faq-item	faqItems	3
172	36	144	home.faq-item	faqItems	4
177	37	145	home.faq-item	faqItems	1
178	37	146	home.faq-item	faqItems	2
179	37	147	home.faq-item	faqItems	3
180	37	148	home.faq-item	faqItems	4
185	38	149	home.faq-item	faqItems	1
186	38	150	home.faq-item	faqItems	2
187	38	151	home.faq-item	faqItems	3
188	38	152	home.faq-item	faqItems	4
201	40	157	home.faq-item	faqItems	1
202	40	158	home.faq-item	faqItems	2
203	40	159	home.faq-item	faqItems	3
204	40	160	home.faq-item	faqItems	4
205	41	161	home.faq-item	faqItems	1
206	41	162	home.faq-item	faqItems	2
207	41	163	home.faq-item	faqItems	3
208	41	164	home.faq-item	faqItems	4
209	42	165	home.faq-item	faqItems	1
210	42	166	home.faq-item	faqItems	2
211	42	167	home.faq-item	faqItems	3
212	42	168	home.faq-item	faqItems	4
213	43	169	home.faq-item	faqItems	1
214	43	170	home.faq-item	faqItems	2
215	43	171	home.faq-item	faqItems	3
216	43	172	home.faq-item	faqItems	4
217	44	173	home.faq-item	faqItems	1
218	44	174	home.faq-item	faqItems	2
219	44	175	home.faq-item	faqItems	3
220	44	176	home.faq-item	faqItems	4
221	45	177	home.faq-item	faqItems	1
222	45	178	home.faq-item	faqItems	2
223	45	179	home.faq-item	faqItems	3
224	45	180	home.faq-item	faqItems	4
225	46	181	home.faq-item	faqItems	1
226	46	182	home.faq-item	faqItems	2
227	46	183	home.faq-item	faqItems	3
228	46	184	home.faq-item	faqItems	4
229	47	185	home.faq-item	faqItems	1
230	47	186	home.faq-item	faqItems	2
231	47	187	home.faq-item	faqItems	3
232	47	188	home.faq-item	faqItems	4
233	48	189	home.faq-item	faqItems	1
234	48	190	home.faq-item	faqItems	2
235	48	191	home.faq-item	faqItems	3
236	48	192	home.faq-item	faqItems	4
197	39	153	home.faq-item	faqItems	1
198	39	154	home.faq-item	faqItems	2
199	39	155	home.faq-item	faqItems	3
200	39	156	home.faq-item	faqItems	4
269	49	193	home.faq-item	faqItems	1
\.


--
-- Data for Name: components_home_feature_cards; Type: TABLE DATA; Schema: public; Owner: autotuanlinh_user
--

COPY public.components_home_feature_cards (id, title, description) FROM stdin;
347	Chnh hng 100%	Cam kt sn phm chnh hng, bo hnh y 
348	Giao hng nhanh	Min ph vn chuyn cho n hng trn 500.000
349	H tr 24/7	i ng t vn chuyn nghip, nhit tnh
350	Gi tt nht	Gi c cnh tranh, u i thng xuyn
351	Chnh hng 100%	Cam kt sn phm chnh hng, bo hnh y 
352	Giao hng nhanh	Min ph vn chuyn cho n hng trn 500.000
353	H tr 24/7	i ng t vn chuyn nghip, nhit tnh
354	Gi tt nht	Gi c cnh tranh, u i thng xuyn
355	Chnh hng 100%	Cam kt sn phm chnh hng, bo hnh y 
356	Giao hng nhanh	Min ph vn chuyn cho n hng trn 500.000
357	H tr 24/7	i ng t vn chuyn nghip, nhit tnh
358	Gi tt nht	Gi c cnh tranh, u i thng xuyn
359	Chnh hng 100%	Cam kt sn phm chnh hng, bo hnh y 
360	Giao hng nhanh	Min ph vn chuyn cho n hng trn 500.000
361	H tr 24/7	i ng t vn chuyn nghip, nhit tnh
362	Gi tt nht	Gi c cnh tranh, u i thng xuyn
363	Chnh hng 100%	Cam kt sn phm chnh hng, bo hnh y 
364	Giao hng nhanh	Min ph vn chuyn cho n hng trn 500.000
365	H tr 24/7	i ng t vn chuyn nghip, nhit tnh
366	Gi tt nht	Gi c cnh tranh, u i thng xuyn
367	Chnh hng 100%	Cam kt sn phm chnh hng, bo hnh y 
368	Giao hng nhanh	Min ph vn chuyn cho n hng trn 500.000
369	H tr 24/7	i ng t vn chuyn nghip, nhit tnh
55	Chnh hng 100%	Cam kt sn phm chnh hng, bo hnh y 
56	Giao hng nhanh	Min ph vn chuyn cho n hng trn 500.000
24	15+ nm kinh nghim	Vi hn 15 nm hot ng, chng ti t ho l n v uy tn hng u trong lnh vc ph kin  t
25	Giao hng nhanh chng	Min ph vn chuyn cho n hng t 300k, giao hng ton quc trong 24-48 gi
26	H tr khch hng 24/7	i ng t vn chuyn nghip lun sn sng h tr bn mi lc, mi ni
27	Gi c cnh tranh	Cam kt gi tt nht th trng vi nhiu chng trnh khuyn mi hp dn
37	Chnh hng 100%	Cam kt sn phm chnh hng, bo hnh y 
38	Giao hng nhanh	Min ph vn chuyn cho n hng trn 500.000
39	H tr 24/7	i ng t vn chuyn nghip, nhit tnh
40	Gi tt nht	Gi c cnh tranh, u i thng xuyn
41	Sn phm chnh hng 100%	Cam kt tt c sn phm u chnh hng, c y  giy t v bo hnh t nh sn xut
42	15+ nm kinh nghim	Vi hn 15 nm hot ng, chng ti t ho l n v uy tn hng u trong lnh vc ph kin  t
43	Giao hng nhanh chng	Min ph vn chuyn cho n hng t 300k, giao hng ton quc trong 24-48 gi
44	H tr khch hng 24/7	i ng t vn chuyn nghip lun sn sng h tr bn mi lc, mi ni
45	Gi c cnh tranh	Cam kt gi tt nht th trng vi nhiu chng trnh khuyn mi hp dn
46	Chnh hng 100%	Cam kt sn phm chnh hng, bo hnh y 
47	Giao hng nhanh	Min ph vn chuyn cho n hng trn 500.000
48	H tr 24/7	i ng t vn chuyn nghip, nhit tnh
49	Gi tt nht	Gi c cnh tranh, u i thng xuyn
50	Sn phm chnh hng 100%	Cam kt tt c sn phm u chnh hng, c y  giy t v bo hnh t nh sn xut
19	Chnh hng 100%	Cam kt sn phm chnh hng, bo hnh y 
20	Giao hng nhanh	Min ph vn chuyn cho n hng trn 500.000
21	H tr 24/7	i ng t vn chuyn nghip, nhit tnh
22	Gi tt nht	Gi c cnh tranh, u i thng xuyn
23	Sn phm chnh hng 100%	Cam kt tt c sn phm u chnh hng, c y  giy t v bo hnh t nh sn xut
51	15+ nm kinh nghim	Vi hn 15 nm hot ng, chng ti t ho l n v uy tn hng u trong lnh vc ph kin  t
52	Giao hng nhanh chng	Min ph vn chuyn cho n hng t 300k, giao hng ton quc trong 24-48 gi
53	H tr khch hng 24/7	i ng t vn chuyn nghip lun sn sng h tr bn mi lc, mi ni
54	Gi c cnh tranh	Cam kt gi tt nht th trng vi nhiu chng trnh khuyn mi hp dn
370	Gi tt nht	Gi c cnh tranh, u i thng xuyn
371	Chnh hng 100%	Cam kt sn phm chnh hng, bo hnh y 
372	Giao hng nhanh	Min ph vn chuyn cho n hng trn 500.000
373	H tr 24/7	i ng t vn chuyn nghip, nhit tnh
374	Gi tt nht	Gi c cnh tranh, u i thng xuyn
343	Chnh hng 100%	Cam kt sn phm chnh hng, bo hnh y 
57	H tr 24/7	i ng t vn chuyn nghip, nhit tnh
58	Gi tt nht	Gi c cnh tranh, u i thng xuyn
59	Sn phm chnh hng 100%	Cam kt tt c sn phm u chnh hng, c y  giy t v bo hnh t nh sn xut
60	15+ nm kinh nghim	Vi hn 15 nm hot ng, chng ti t ho l n v uy tn hng u trong lnh vc ph kin  t
61	Giao hng nhanh chng	Min ph vn chuyn cho n hng t 300k, giao hng ton quc trong 24-48 gi
62	H tr khch hng 24/7	i ng t vn chuyn nghip lun sn sng h tr bn mi lc, mi ni
63	Gi c cnh tranh	Cam kt gi tt nht th trng vi nhiu chng trnh khuyn mi hp dn
380	Sn phm chnh hng 100%	Cam kt tt c sn phm u chnh hng, c y  giy t v bo hnh t nh sn xut
381	15+ nm kinh nghim	Vi hn 15 nm hot ng, chng ti t ho l n v uy tn hng u trong lnh vc ph kin  t
382	Giao hng nhanh chng	Min ph vn chuyn cho n hng t 300k, giao hng ton quc trong 24-48 gi
383	H tr khch hng 24/7	i ng t vn chuyn nghip lun sn sng h tr bn mi lc, mi ni
384	Gi c cnh tranh	Cam kt gi tt nht th trng vi nhiu chng trnh khuyn mi hp dn
73	Chnh hng 100%	Cam kt sn phm chnh hng, bo hnh y 
74	Giao hng nhanh	Min ph vn chuyn cho n hng trn 500.000
75	H tr 24/7	i ng t vn chuyn nghip, nhit tnh
76	Gi tt nht	Gi c cnh tranh, u i thng xuyn
77	Sn phm chnh hng 100%	Cam kt tt c sn phm u chnh hng, c y  giy t v bo hnh t nh sn xut
78	15+ nm kinh nghim	Vi hn 15 nm hot ng, chng ti t ho l n v uy tn hng u trong lnh vc ph kin  t
79	Giao hng nhanh chng	Min ph vn chuyn cho n hng t 300k, giao hng ton quc trong 24-48 gi
80	H tr khch hng 24/7	i ng t vn chuyn nghip lun sn sng h tr bn mi lc, mi ni
81	Gi c cnh tranh	Cam kt gi tt nht th trng vi nhiu chng trnh khuyn mi hp dn
385	Sn phm chnh hng 100%	Cam kt tt c sn phm u chnh hng, c y  giy t v bo hnh t nh sn xut
386	15+ nm kinh nghim	Vi hn 15 nm hot ng, chng ti t ho l n v uy tn hng u trong lnh vc ph kin  t
387	Giao hng nhanh chng	Min ph vn chuyn cho n hng t 300k, giao hng ton quc trong 24-48 gi
388	H tr khch hng 24/7	i ng t vn chuyn nghip lun sn sng h tr bn mi lc, mi ni
389	Gi c cnh tranh	Cam kt gi tt nht th trng vi nhiu chng trnh khuyn mi hp dn
390	Sn phm chnh hng 100%	Cam kt tt c sn phm u chnh hng, c y  giy t v bo hnh t nh sn xut
91	Chnh hng 100%	Cam kt sn phm chnh hng, bo hnh y 
92	Giao hng nhanh	Min ph vn chuyn cho n hng trn 500.000
93	H tr 24/7	i ng t vn chuyn nghip, nhit tnh
94	Gi tt nht	Gi c cnh tranh, u i thng xuyn
95	Sn phm chnh hng 100%	Cam kt tt c sn phm u chnh hng, c y  giy t v bo hnh t nh sn xut
96	15+ nm kinh nghim	Vi hn 15 nm hot ng, chng ti t ho l n v uy tn hng u trong lnh vc ph kin  t
97	Giao hng nhanh chng	Min ph vn chuyn cho n hng t 300k, giao hng ton quc trong 24-48 gi
98	H tr khch hng 24/7	i ng t vn chuyn nghip lun sn sng h tr bn mi lc, mi ni
99	Gi c cnh tranh	Cam kt gi tt nht th trng vi nhiu chng trnh khuyn mi hp dn
109	Chnh hng 100%	Cam kt sn phm chnh hng, bo hnh y 
110	Giao hng nhanh	Min ph vn chuyn cho n hng trn 500.000
111	H tr 24/7	i ng t vn chuyn nghip, nhit tnh
112	Gi tt nht	Gi c cnh tranh, u i thng xuyn
100	Chnh hng 100%	Cam kt sn phm chnh hng, bo hnh y 
101	Giao hng nhanh	Min ph vn chuyn cho n hng trn 500.000
102	H tr 24/7	i ng t vn chuyn nghip, nhit tnh
103	Gi tt nht	Gi c cnh tranh, u i thng xuyn
104	Sn phm chnh hng 100%	Cam kt tt c sn phm u chnh hng, c y  giy t v bo hnh t nh sn xut
105	15+ nm kinh nghim	Vi hn 15 nm hot ng, chng ti t ho l n v uy tn hng u trong lnh vc ph kin  t
106	Giao hng nhanh chng	Min ph vn chuyn cho n hng t 300k, giao hng ton quc trong 24-48 gi
107	H tr khch hng 24/7	i ng t vn chuyn nghip lun sn sng h tr bn mi lc, mi ni
108	Gi c cnh tranh	Cam kt gi tt nht th trng vi nhiu chng trnh khuyn mi hp dn
433	sdsad	sadsadsadsa
434	sadsad	dsadsad
435	dsadsad	dsadasd
436	sadasdasd	dsad
113	Sn phm chnh hng 100%	Cam kt tt c sn phm u chnh hng, c y  giy t v bo hnh t nh sn xut
114	15+ nm kinh nghim	Vi hn 15 nm hot ng, chng ti t ho l n v uy tn hng u trong lnh vc ph kin  t
115	Giao hng nhanh chng	Min ph vn chuyn cho n hng t 300k, giao hng ton quc trong 24-48 gi
116	H tr khch hng 24/7	i ng t vn chuyn nghip lun sn sng h tr bn mi lc, mi ni
117	Gi c cnh tranh	Cam kt gi tt nht th trng vi nhiu chng trnh khuyn mi hp dn
391	15+ nm kinh nghim	Vi hn 15 nm hot ng, chng ti t ho l n v uy tn hng u trong lnh vc ph kin  t
392	Giao hng nhanh chng	Min ph vn chuyn cho n hng t 300k, giao hng ton quc trong 24-48 gi
393	H tr khch hng 24/7	i ng t vn chuyn nghip lun sn sng h tr bn mi lc, mi ni
394	Gi c cnh tranh	Cam kt gi tt nht th trng vi nhiu chng trnh khuyn mi hp dn
395	Chnh hng 100%	Cam kt sn phm chnh hng, bo hnh y 
396	Giao hng nhanh	Min ph vn chuyn cho n hng trn 500.000
397	H tr 24/7	i ng t vn chuyn nghip, nhit tnh
398	Gi tt nht	Gi c cnh tranh, u i thng xuyn
127	Chnh hng 100%	Cam kt sn phm chnh hng, bo hnh y 
128	Giao hng nhanh	Min ph vn chuyn cho n hng trn 500.000
129	H tr 24/7	i ng t vn chuyn nghip, nhit tnh
130	Gi tt nht	Gi c cnh tranh, u i thng xuyn
131	Sn phm chnh hng 100%	Cam kt tt c sn phm u chnh hng, c y  giy t v bo hnh t nh sn xut
132	15+ nm kinh nghim	Vi hn 15 nm hot ng, chng ti t ho l n v uy tn hng u trong lnh vc ph kin  t
133	Giao hng nhanh chng	Min ph vn chuyn cho n hng t 300k, giao hng ton quc trong 24-48 gi
134	H tr khch hng 24/7	i ng t vn chuyn nghip lun sn sng h tr bn mi lc, mi ni
135	Gi c cnh tranh	Cam kt gi tt nht th trng vi nhiu chng trnh khuyn mi hp dn
145	Chnh hng 100%	Cam kt sn phm chnh hng, bo hnh y 
146	Giao hng nhanh	Min ph vn chuyn cho n hng trn 500.000
147	H tr 24/7	i ng t vn chuyn nghip, nhit tnh
148	Gi tt nht	Gi c cnh tranh, u i thng xuyn
149	Sn phm chnh hng 100%	Cam kt tt c sn phm u chnh hng, c y  giy t v bo hnh t nh sn xut
150	15+ nm kinh nghim	Vi hn 15 nm hot ng, chng ti t ho l n v uy tn hng u trong lnh vc ph kin  t
151	Giao hng nhanh chng	Min ph vn chuyn cho n hng t 300k, giao hng ton quc trong 24-48 gi
152	H tr khch hng 24/7	i ng t vn chuyn nghip lun sn sng h tr bn mi lc, mi ni
153	Gi c cnh tranh	Cam kt gi tt nht th trng vi nhiu chng trnh khuyn mi hp dn
154	Chnh hng 100%	Cam kt sn phm chnh hng, bo hnh y 
155	Giao hng nhanh	Min ph vn chuyn cho n hng trn 500.000
156	H tr 24/7	i ng t vn chuyn nghip, nhit tnh
157	Gi tt nht	Gi c cnh tranh, u i thng xuyn
158	Sn phm chnh hng 100%	Cam kt tt c sn phm u chnh hng, c y  giy t v bo hnh t nh sn xut
159	15+ nm kinh nghim	Vi hn 15 nm hot ng, chng ti t ho l n v uy tn hng u trong lnh vc ph kin  t
160	Giao hng nhanh chng	Min ph vn chuyn cho n hng t 300k, giao hng ton quc trong 24-48 gi
161	H tr khch hng 24/7	i ng t vn chuyn nghip lun sn sng h tr bn mi lc, mi ni
162	Gi c cnh tranh	Cam kt gi tt nht th trng vi nhiu chng trnh khuyn mi hp dn
163	Chnh hng 100%	Cam kt sn phm chnh hng, bo hnh y 
164	Giao hng nhanh	Min ph vn chuyn cho n hng trn 500.000
165	H tr 24/7	i ng t vn chuyn nghip, nhit tnh
166	Gi tt nht	Gi c cnh tranh, u i thng xuyn
167	Sn phm chnh hng 100%	Cam kt tt c sn phm u chnh hng, c y  giy t v bo hnh t nh sn xut
118	Chnh hng 100%	Cam kt sn phm chnh hng, bo hnh y 
399	Chnh hng 100%	Cam kt sn phm chnh hng, bo hnh y 
437	sdsadsa	dsadsadsad
438	sdsadsa	dsadsadsadasd
439	sadsads	dsadsad
440	dsadsadsad	sdsadsa
441	dsadsad	dsadsa
168	15+ nm kinh nghim	Vi hn 15 nm hot ng, chng ti t ho l n v uy tn hng u trong lnh vc ph kin  t
169	Giao hng nhanh chng	Min ph vn chuyn cho n hng t 300k, giao hng ton quc trong 24-48 gi
170	H tr khch hng 24/7	i ng t vn chuyn nghip lun sn sng h tr bn mi lc, mi ni
171	Gi c cnh tranh	Cam kt gi tt nht th trng vi nhiu chng trnh khuyn mi hp dn
172	Chnh hng 100%	Cam kt sn phm chnh hng, bo hnh y 
173	Giao hng nhanh	Min ph vn chuyn cho n hng trn 500.000
174	H tr 24/7	i ng t vn chuyn nghip, nhit tnh
175	Gi tt nht	Gi c cnh tranh, u i thng xuyn
176	Sn phm chnh hng 100%	Cam kt tt c sn phm u chnh hng, c y  giy t v bo hnh t nh sn xut
177	15+ nm kinh nghim	Vi hn 15 nm hot ng, chng ti t ho l n v uy tn hng u trong lnh vc ph kin  t
178	Giao hng nhanh chng	Min ph vn chuyn cho n hng t 300k, giao hng ton quc trong 24-48 gi
179	H tr khch hng 24/7	i ng t vn chuyn nghip lun sn sng h tr bn mi lc, mi ni
180	Gi c cnh tranh	Cam kt gi tt nht th trng vi nhiu chng trnh khuyn mi hp dn
181	Chnh hng 100%	Cam kt sn phm chnh hng, bo hnh y 
182	Giao hng nhanh	Min ph vn chuyn cho n hng trn 500.000
183	H tr 24/7	i ng t vn chuyn nghip, nhit tnh
184	Gi tt nht	Gi c cnh tranh, u i thng xuyn
185	Sn phm chnh hng 100%	Cam kt tt c sn phm u chnh hng, c y  giy t v bo hnh t nh sn xut
186	15+ nm kinh nghim	Vi hn 15 nm hot ng, chng ti t ho l n v uy tn hng u trong lnh vc ph kin  t
187	Giao hng nhanh chng	Min ph vn chuyn cho n hng t 300k, giao hng ton quc trong 24-48 gi
188	H tr khch hng 24/7	i ng t vn chuyn nghip lun sn sng h tr bn mi lc, mi ni
189	Gi c cnh tranh	Cam kt gi tt nht th trng vi nhiu chng trnh khuyn mi hp dn
190	Chnh hng 100%	Cam kt sn phm chnh hng, bo hnh y 
191	Giao hng nhanh	Min ph vn chuyn cho n hng trn 500.000
192	H tr 24/7	i ng t vn chuyn nghip, nhit tnh
193	Gi tt nht	Gi c cnh tranh, u i thng xuyn
194	Sn phm chnh hng 100%	Cam kt tt c sn phm u chnh hng, c y  giy t v bo hnh t nh sn xut
195	15+ nm kinh nghim	Vi hn 15 nm hot ng, chng ti t ho l n v uy tn hng u trong lnh vc ph kin  t
196	Giao hng nhanh chng	Min ph vn chuyn cho n hng t 300k, giao hng ton quc trong 24-48 gi
197	H tr khch hng 24/7	i ng t vn chuyn nghip lun sn sng h tr bn mi lc, mi ni
198	Gi c cnh tranh	Cam kt gi tt nht th trng vi nhiu chng trnh khuyn mi hp dn
217	Chnh hng 100%	Cam kt sn phm chnh hng, bo hnh y 
218	Giao hng nhanh	Min ph vn chuyn cho n hng trn 500.000
219	H tr 24/7	i ng t vn chuyn nghip, nhit tnh
220	Gi tt nht	Gi c cnh tranh, u i thng xuyn
221	Sn phm chnh hng 100%	Cam kt tt c sn phm u chnh hng, c y  giy t v bo hnh t nh sn xut
222	15+ nm kinh nghim	Vi hn 15 nm hot ng, chng ti t ho l n v uy tn hng u trong lnh vc ph kin  t
223	Giao hng nhanh chng	Min ph vn chuyn cho n hng t 300k, giao hng ton quc trong 24-48 gi
224	H tr khch hng 24/7	i ng t vn chuyn nghip lun sn sng h tr bn mi lc, mi ni
225	Gi c cnh tranh	Cam kt gi tt nht th trng vi nhiu chng trnh khuyn mi hp dn
226	Chnh hng 100%	Cam kt sn phm chnh hng, bo hnh y 
227	Giao hng nhanh	Min ph vn chuyn cho n hng trn 500.000
228	H tr 24/7	i ng t vn chuyn nghip, nhit tnh
229	Gi tt nht	Gi c cnh tranh, u i thng xuyn
230	Sn phm chnh hng 100%	Cam kt tt c sn phm u chnh hng, c y  giy t v bo hnh t nh sn xut
231	15+ nm kinh nghim	Vi hn 15 nm hot ng, chng ti t ho l n v uy tn hng u trong lnh vc ph kin  t
232	Giao hng nhanh chng	Min ph vn chuyn cho n hng t 300k, giao hng ton quc trong 24-48 gi
233	H tr khch hng 24/7	i ng t vn chuyn nghip lun sn sng h tr bn mi lc, mi ni
234	Gi c cnh tranh	Cam kt gi tt nht th trng vi nhiu chng trnh khuyn mi hp dn
64	Chnh hng 100%	Cam kt sn phm chnh hng, bo hnh y 
65	Giao hng nhanh	Min ph vn chuyn cho n hng trn 500.000
66	H tr 24/7	i ng t vn chuyn nghip, nhit tnh
67	Gi tt nht	Gi c cnh tranh, u i thng xuyn
68	Sn phm chnh hng 100%	Cam kt tt c sn phm u chnh hng, c y  giy t v bo hnh t nh sn xut
69	15+ nm kinh nghim	Vi hn 15 nm hot ng, chng ti t ho l n v uy tn hng u trong lnh vc ph kin  t
70	Giao hng nhanh chng	Min ph vn chuyn cho n hng t 300k, giao hng ton quc trong 24-48 gi
71	H tr khch hng 24/7	i ng t vn chuyn nghip lun sn sng h tr bn mi lc, mi ni
72	Gi c cnh tranh	Cam kt gi tt nht th trng vi nhiu chng trnh khuyn mi hp dn
400	Giao hng nhanh	Min ph vn chuyn cho n hng trn 500.000
401	H tr 24/7	i ng t vn chuyn nghip, nhit tnh
402	Gi tt nht	Gi c cnh tranh, u i thng xuyn
403	Sn phm chnh hng 100%	Cam kt tt c sn phm u chnh hng, c y  giy t v bo hnh t nh sn xut
404	15+ nm kinh nghim	Vi hn 15 nm hot ng, chng ti t ho l n v uy tn hng u trong lnh vc ph kin  t
405	Giao hng nhanh chng	Min ph vn chuyn cho n hng t 300k, giao hng ton quc trong 24-48 gi
406	H tr khch hng 24/7	i ng t vn chuyn nghip lun sn sng h tr bn mi lc, mi ni
407	Gi c cnh tranh	Cam kt gi tt nht th trng vi nhiu chng trnh khuyn mi hp dn
243	Chnh hng 100%	Cam kt sn phm chnh hng, bo hnh y 
244	Giao hng nhanh	Min ph vn chuyn cho n hng trn 500.000
245	H tr 24/7	i ng t vn chuyn nghip, nhit tnh
246	Gi tt nht	Gi c cnh tranh, u i thng xuyn
247	Chnh hng 100%	Cam kt sn phm chnh hng, bo hnh y 
248	Giao hng nhanh	Min ph vn chuyn cho n hng trn 500.000
249	H tr 24/7	i ng t vn chuyn nghip, nhit tnh
250	Gi tt nht	Gi c cnh tranh, u i thng xuyn
251	Chnh hng 100%	Cam kt sn phm chnh hng, bo hnh y 
252	Giao hng nhanh	Min ph vn chuyn cho n hng trn 500.000
253	H tr 24/7	i ng t vn chuyn nghip, nhit tnh
254	Gi tt nht	Gi c cnh tranh, u i thng xuyn
255	Chnh hng 100%	Cam kt sn phm chnh hng, bo hnh y 
256	Giao hng nhanh	Min ph vn chuyn cho n hng trn 500.000
257	H tr 24/7	i ng t vn chuyn nghip, nhit tnh
258	Gi tt nht	Gi c cnh tranh, u i thng xuyn
259	Chnh hng 100%	Cam kt sn phm chnh hng, bo hnh y 
260	Giao hng nhanh	Min ph vn chuyn cho n hng trn 500.000
261	H tr 24/7	i ng t vn chuyn nghip, nhit tnh
262	Gi tt nht	Gi c cnh tranh, u i thng xuyn
263	Chnh hng 100%	Cam kt sn phm chnh hng, bo hnh y 
264	Giao hng nhanh	Min ph vn chuyn cho n hng trn 500.000
265	H tr 24/7	i ng t vn chuyn nghip, nhit tnh
266	Gi tt nht	Gi c cnh tranh, u i thng xuyn
267	Chnh hng 100%	Cam kt sn phm chnh hng, bo hnh y 
268	Giao hng nhanh	Min ph vn chuyn cho n hng trn 500.000
269	H tr 24/7	i ng t vn chuyn nghip, nhit tnh
270	Gi tt nht	Gi c cnh tranh, u i thng xuyn
408	Sn phm chnh hng 100%	Cam kt tt c sn phm u chnh hng, c y  giy t v bo hnh t nh sn xut
409	15+ nm kinh nghim	Vi hn 15 nm hot ng, chng ti t ho l n v uy tn hng u trong lnh vc ph kin  t
410	Giao hng nhanh chng	Min ph vn chuyn cho n hng t 300k, giao hng ton quc trong 24-48 gi
411	H tr khch hng 24/7	i ng t vn chuyn nghip lun sn sng h tr bn mi lc, mi ni
412	Gi c cnh tranh	Cam kt gi tt nht th trng vi nhiu chng trnh khuyn mi hp dn
413	Sn phm chnh hng 100%	Cam kt tt c sn phm u chnh hng, c y  giy t v bo hnh t nh sn xut
414	15+ nm kinh nghim	Vi hn 15 nm hot ng, chng ti t ho l n v uy tn hng u trong lnh vc ph kin  t
415	Giao hng nhanh chng	Min ph vn chuyn cho n hng t 300k, giao hng ton quc trong 24-48 gi
281	Sn phm chnh hng 100%	Cam kt tt c sn phm u chnh hng, c y  giy t v bo hnh t nh sn xut
282	15+ nm kinh nghim	Vi hn 15 nm hot ng, chng ti t ho l n v uy tn hng u trong lnh vc ph kin  t
283	Giao hng nhanh chng	Min ph vn chuyn cho n hng t 300k, giao hng ton quc trong 24-48 gi
284	H tr khch hng 24/7	i ng t vn chuyn nghip lun sn sng h tr bn mi lc, mi ni
285	Gi c cnh tranh	Cam kt gi tt nht th trng vi nhiu chng trnh khuyn mi hp dn
286	Sn phm chnh hng 100%	Cam kt tt c sn phm u chnh hng, c y  giy t v bo hnh t nh sn xut
287	15+ nm kinh nghim	Vi hn 15 nm hot ng, chng ti t ho l n v uy tn hng u trong lnh vc ph kin  t
288	Giao hng nhanh chng	Min ph vn chuyn cho n hng t 300k, giao hng ton quc trong 24-48 gi
289	H tr khch hng 24/7	i ng t vn chuyn nghip lun sn sng h tr bn mi lc, mi ni
290	Gi c cnh tranh	Cam kt gi tt nht th trng vi nhiu chng trnh khuyn mi hp dn
291	Sn phm chnh hng 100%	Cam kt tt c sn phm u chnh hng, c y  giy t v bo hnh t nh sn xut
292	15+ nm kinh nghim	Vi hn 15 nm hot ng, chng ti t ho l n v uy tn hng u trong lnh vc ph kin  t
293	Giao hng nhanh chng	Min ph vn chuyn cho n hng t 300k, giao hng ton quc trong 24-48 gi
294	H tr khch hng 24/7	i ng t vn chuyn nghip lun sn sng h tr bn mi lc, mi ni
295	Gi c cnh tranh	Cam kt gi tt nht th trng vi nhiu chng trnh khuyn mi hp dn
296	Sn phm chnh hng 100%	Cam kt tt c sn phm u chnh hng, c y  giy t v bo hnh t nh sn xut
297	15+ nm kinh nghim	Vi hn 15 nm hot ng, chng ti t ho l n v uy tn hng u trong lnh vc ph kin  t
298	Giao hng nhanh chng	Min ph vn chuyn cho n hng t 300k, giao hng ton quc trong 24-48 gi
299	H tr khch hng 24/7	i ng t vn chuyn nghip lun sn sng h tr bn mi lc, mi ni
300	Gi c cnh tranh	Cam kt gi tt nht th trng vi nhiu chng trnh khuyn mi hp dn
301	Sn phm chnh hng 100%	Cam kt tt c sn phm u chnh hng, c y  giy t v bo hnh t nh sn xut
302	15+ nm kinh nghim	Vi hn 15 nm hot ng, chng ti t ho l n v uy tn hng u trong lnh vc ph kin  t
303	Giao hng nhanh chng	Min ph vn chuyn cho n hng t 300k, giao hng ton quc trong 24-48 gi
304	H tr khch hng 24/7	i ng t vn chuyn nghip lun sn sng h tr bn mi lc, mi ni
305	Gi c cnh tranh	Cam kt gi tt nht th trng vi nhiu chng trnh khuyn mi hp dn
306	Chnh hng 100%	Cam kt sn phm chnh hng, bo hnh y 
307	Giao hng nhanh	Min ph vn chuyn cho n hng trn 500.000
308	H tr 24/7	i ng t vn chuyn nghip, nhit tnh
309	Gi tt nht	Gi c cnh tranh, u i thng xuyn
310	Sn phm chnh hng 100%	Cam kt tt c sn phm u chnh hng, c y  giy t v bo hnh t nh sn xut
311	15+ nm kinh nghim	Vi hn 15 nm hot ng, chng ti t ho l n v uy tn hng u trong lnh vc ph kin  t
312	Giao hng nhanh chng	Min ph vn chuyn cho n hng t 300k, giao hng ton quc trong 24-48 gi
313	H tr khch hng 24/7	i ng t vn chuyn nghip lun sn sng h tr bn mi lc, mi ni
314	Gi c cnh tranh	Cam kt gi tt nht th trng vi nhiu chng trnh khuyn mi hp dn
315	Sn phm chnh hng 100%	Cam kt tt c sn phm u chnh hng, c y  giy t v bo hnh t nh sn xut
316	15+ nm kinh nghim	Vi hn 15 nm hot ng, chng ti t ho l n v uy tn hng u trong lnh vc ph kin  t
317	Giao hng nhanh chng	Min ph vn chuyn cho n hng t 300k, giao hng ton quc trong 24-48 gi
318	H tr khch hng 24/7	i ng t vn chuyn nghip lun sn sng h tr bn mi lc, mi ni
319	Gi c cnh tranh	Cam kt gi tt nht th trng vi nhiu chng trnh khuyn mi hp dn
320	Sn phm chnh hng 100%	Cam kt tt c sn phm u chnh hng, c y  giy t v bo hnh t nh sn xut
321	15+ nm kinh nghim	Vi hn 15 nm hot ng, chng ti t ho l n v uy tn hng u trong lnh vc ph kin  t
322	Giao hng nhanh chng	Min ph vn chuyn cho n hng t 300k, giao hng ton quc trong 24-48 gi
323	H tr khch hng 24/7	i ng t vn chuyn nghip lun sn sng h tr bn mi lc, mi ni
324	Gi c cnh tranh	Cam kt gi tt nht th trng vi nhiu chng trnh khuyn mi hp dn
235	Chnh hng 100%	Cam kt sn phm chnh hng, bo hnh y 
236	Giao hng nhanh	Min ph vn chuyn cho n hng trn 500.000
237	H tr 24/7	i ng t vn chuyn nghip, nhit tnh
238	Gi tt nht	Gi c cnh tranh, u i thng xuyn
271	Sn phm chnh hng 100%	Cam kt tt c sn phm u chnh hng, c y  giy t v bo hnh t nh sn xut
272	15+ nm kinh nghim	Vi hn 15 nm hot ng, chng ti t ho l n v uy tn hng u trong lnh vc ph kin  t
273	Giao hng nhanh chng	Min ph vn chuyn cho n hng t 300k, giao hng ton quc trong 24-48 gi
274	H tr khch hng 24/7	i ng t vn chuyn nghip lun sn sng h tr bn mi lc, mi ni
275	Gi c cnh tranh	Cam kt gi tt nht th trng vi nhiu chng trnh khuyn mi hp dn
325	Chnh hng 100%	Cam kt sn phm chnh hng, bo hnh y 
326	Giao hng nhanh	Min ph vn chuyn cho n hng trn 500.000
327	H tr 24/7	i ng t vn chuyn nghip, nhit tnh
328	Gi tt nht	Gi c cnh tranh, u i thng xuyn
329	Sn phm chnh hng 100%	Cam kt tt c sn phm u chnh hng, c y  giy t v bo hnh t nh sn xut
330	15+ nm kinh nghim	Vi hn 15 nm hot ng, chng ti t ho l n v uy tn hng u trong lnh vc ph kin  t
331	Giao hng nhanh chng	Min ph vn chuyn cho n hng t 300k, giao hng ton quc trong 24-48 gi
332	H tr khch hng 24/7	i ng t vn chuyn nghip lun sn sng h tr bn mi lc, mi ni
333	Gi c cnh tranh	Cam kt gi tt nht th trng vi nhiu chng trnh khuyn mi hp dn
344	Giao hng nhanh	Min ph vn chuyn cho n hng trn 500.000
416	H tr khch hng 24/7	i ng t vn chuyn nghip lun sn sng h tr bn mi lc, mi ni
334	Chnh hng 100%	Cam kt sn phm chnh hng, bo hnh y 
335	Giao hng nhanh	Min ph vn chuyn cho n hng trn 500.000
336	H tr 24/7	i ng t vn chuyn nghip, nhit tnh
337	Gi tt nht	Gi c cnh tranh, u i thng xuyn
338	Sn phm chnh hng 100%	Cam kt tt c sn phm u chnh hng, c y  giy t v bo hnh t nh sn xut
339	15+ nm kinh nghim	Vi hn 15 nm hot ng, chng ti t ho l n v uy tn hng u trong lnh vc ph kin  t
340	Giao hng nhanh chng	Min ph vn chuyn cho n hng t 300k, giao hng ton quc trong 24-48 gi
341	H tr khch hng 24/7	i ng t vn chuyn nghip lun sn sng h tr bn mi lc, mi ni
342	Gi c cnh tranh	Cam kt gi tt nht th trng vi nhiu chng trnh khuyn mi hp dn
119	Giao hng nhanh	Min ph vn chuyn cho n hng trn 500.000
120	H tr 24/7	i ng t vn chuyn nghip, nhit tnh
121	Gi tt nht	Gi c cnh tranh, u i thng xuyn
122	Sn phm chnh hng 100%	Cam kt tt c sn phm u chnh hng, c y  giy t v bo hnh t nh sn xut
123	15+ nm kinh nghim	Vi hn 15 nm hot ng, chng ti t ho l n v uy tn hng u trong lnh vc ph kin  t
124	Giao hng nhanh chng	Min ph vn chuyn cho n hng t 300k, giao hng ton quc trong 24-48 gi
125	H tr khch hng 24/7	i ng t vn chuyn nghip lun sn sng h tr bn mi lc, mi ni
126	Gi c cnh tranh	Cam kt gi tt nht th trng vi nhiu chng trnh khuyn mi hp dn
417	Gi c cnh tranh	Cam kt gi tt nht th trng vi nhiu chng trnh khuyn mi hp dn
418	Sn phm chnh hng 100%	Cam kt tt c sn phm u chnh hng, c y  giy t v bo hnh t nh sn xut
419	15+ nm kinh nghim	Vi hn 15 nm hot ng, chng ti t ho l n v uy tn hng u trong lnh vc ph kin  t
420	Giao hng nhanh chng	Min ph vn chuyn cho n hng t 300k, giao hng ton quc trong 24-48 gi
421	H tr khch hng 24/7	i ng t vn chuyn nghip lun sn sng h tr bn mi lc, mi ni
422	Gi c cnh tranh	Cam kt gi tt nht th trng vi nhiu chng trnh khuyn mi hp dn
423	Sn phm chnh hng 100%	Cam kt tt c sn phm u chnh hng, c y  giy t v bo hnh t nh sn xut
424	15+ nm kinh nghim	Vi hn 15 nm hot ng, chng ti t ho l n v uy tn hng u trong lnh vc ph kin  t
425	Giao hng nhanh chng	Min ph vn chuyn cho n hng t 300k, giao hng ton quc trong 24-48 gi
426	H tr khch hng 24/7	i ng t vn chuyn nghip lun sn sng h tr bn mi lc, mi ni
427	Gi c cnh tranh	Cam kt gi tt nht th trng vi nhiu chng trnh khuyn mi hp dn
428	Sn phm chnh hng 100%	Cam kt tt c sn phm u chnh hng, c y  giy t v bo hnh t nh sn xut
429	15+ nm kinh nghim	Vi hn 15 nm hot ng, chng ti t ho l n v uy tn hng u trong lnh vc ph kin  t
430	Giao hng nhanh chng	Min ph vn chuyn cho n hng t 300k, giao hng ton quc trong 24-48 gi
431	H tr khch hng 24/7	i ng t vn chuyn nghip lun sn sng h tr bn mi lc, mi ni
432	Gi c cnh tranh	Cam kt gi tt nht th trng vi nhiu chng trnh khuyn mi hp dn
345	H tr 24/7	i ng t vn chuyn nghip, nhit tnh
346	Gi tt nht	Gi c cnh tranh, u i thng xuyn
375	Sn phm chnh hng 100%	Cam kt tt c sn phm u chnh hng, c y  giy t v bo hnh t nh sn xut
376	15+ nm kinh nghim	Vi hn 15 nm hot ng, chng ti t ho l n v uy tn hng u trong lnh vc ph kin  t
377	Giao hng nhanh chng	Min ph vn chuyn cho n hng t 300k, giao hng ton quc trong 24-48 gi
378	H tr khch hng 24/7	i ng t vn chuyn nghip lun sn sng h tr bn mi lc, mi ni
379	Gi c cnh tranh	Cam kt gi tt nht th trng vi nhiu chng trnh khuyn mi hp dn
138	H tr 24/7	i ng t vn chuyn nghip, nhit tnh
136	Chnh hng 100%	Cam kt sn phm chnh hng, bo hnh y 
137	Giao hng nhanh	Min ph vn chuyn cho n hng trn 500.000
139	Gi tt nht	Gi c cnh tranh, u i thng xuyn
140	Sn phm chnh hng 100%	Cam kt tt c sn phm u chnh hng, c y  giy t v bo hnh t nh sn xut
141	15+ nm kinh nghim	Vi hn 15 nm hot ng, chng ti t ho l n v uy tn hng u trong lnh vc ph kin  t
142	Giao hng nhanh chng	Min ph vn chuyn cho n hng t 300k, giao hng ton quc trong 24-48 gi
143	H tr khch hng 24/7	i ng t vn chuyn nghip lun sn sng h tr bn mi lc, mi ni
144	Gi c cnh tranh	Cam kt gi tt nht th trng vi nhiu chng trnh khuyn mi hp dn
\.


--
-- Data for Name: components_home_featured_product_cards; Type: TABLE DATA; Schema: public; Owner: autotuanlinh_user
--

COPY public.components_home_featured_product_cards (id, title, rating, review_count, price, original_price, button_text) FROM stdin;
\.


--
-- Data for Name: components_home_featured_product_cards_cmps; Type: TABLE DATA; Schema: public; Owner: autotuanlinh_user
--

COPY public.components_home_featured_product_cards_cmps (id, entity_id, cmp_id, component_type, field, "order") FROM stdin;
\.


--
-- Data for Name: components_home_featured_product_cards_san_pham_lnk; Type: TABLE DATA; Schema: public; Owner: autotuanlinh_user
--

COPY public.components_home_featured_product_cards_san_pham_lnk (id, featured_product_card_id, san_pham_id) FROM stdin;
\.


--
-- Data for Name: components_home_featured_products_sections; Type: TABLE DATA; Schema: public; Owner: autotuanlinh_user
--

COPY public.components_home_featured_products_sections (id, title, subtitle) FROM stdin;
1	Sn phm ni bt	Khm ph cc sn phm c yu thch nht\n\n
\.


--
-- Data for Name: components_home_featured_products_sections_products_lnk; Type: TABLE DATA; Schema: public; Owner: autotuanlinh_user
--

COPY public.components_home_featured_products_sections_products_lnk (id, featured_products_section_id, san_pham_id, san_pham_ord) FROM stdin;
1	1	95	0
3	1	56	2
2	1	114	1
4	1	115	3
\.


--
-- Data for Name: components_home_gallery_sections; Type: TABLE DATA; Schema: public; Owner: autotuanlinh_user
--

COPY public.components_home_gallery_sections (id, title, subtitle) FROM stdin;
1	Hnh nh thc t	sdsadasd
\.


--
-- Data for Name: components_home_gallery_sections_cmps; Type: TABLE DATA; Schema: public; Owner: autotuanlinh_user
--

COPY public.components_home_gallery_sections_cmps (id, entity_id, cmp_id, component_type, field, "order") FROM stdin;
1	1	1	shared.image-with-alt	images	1
\.


--
-- Data for Name: components_home_hero_sliders; Type: TABLE DATA; Schema: public; Owner: autotuanlinh_user
--

COPY public.components_home_hero_sliders (id, title, special_title, subtitle, description, url) FROM stdin;
7	Ph kin  t chnh hng	Auto Tuan Linh	Cht lng hng u	Chuyn cung cp ph kin  t chnh hng v dch v chm sc xe chuyn nghip	/san-pham
9	Ph kin  t chnh hng	Auto Tuan Linh	Cht lng hng u	Chuyn cung cp ph kin  t chnh hng v dch v chm sc xe chuyn nghip	/san-pham
11	Ph kin  t chnh hng	Auto Tuan Linh	Cht lng hng u	Chuyn cung cp ph kin  t chnh hng v dch v chm sc xe chuyn nghip	/san-pham
13	Ph kin  t chnh hng	Auto Tuan Linh	Cht lng hng u	Chuyn cung cp ph kin  t chnh hng v dch v chm sc xe chuyn nghip	/san-pham
15	Ph kin  t chnh hng	Auto Tuan Linh	Cht lng hng u	Chuyn cung cp ph kin  t chnh hng v dch v chm sc xe chuyn nghip	/san-pham
17	Ph kin  t chnh hng	Auto Tuan Linh	Cht lng hng u	Chuyn cung cp ph kin  t chnh hng v dch v chm sc xe chuyn nghip	/san-pham
18	Ph kin  t chnh hng	Auto Tuan Linh	Cht lng hng u	Chuyn cung cp ph kin  t chnh hng v dch v chm sc xe chuyn nghip	/san-pham
19	Ph kin  t chnh hng	Auto Tuan Linh	Cht lng hng u	Chuyn cung cp ph kin  t chnh hng v dch v chm sc xe chuyn nghip	/san-pham
20	Ph kin  t chnh hng	Auto Tuan Linh	Cht lng hng u	Chuyn cung cp ph kin  t chnh hng v dch v chm sc xe chuyn nghip	/san-pham
21	Ph kin  t chnh hng	Auto Tuan Linh	Cht lng hng u	Chuyn cung cp ph kin  t chnh hng v dch v chm sc xe chuyn nghip	/san-pham
22	Ph kin  t chnh hng	Auto Tuan Linh	Cht lng hng u	Chuyn cung cp ph kin  t chnh hng v dch v chm sc xe chuyn nghip	/san-pham
27	Ph kin  t chnh hng	Auto Tuan Linh	Cht lng hng u	Chuyn cung cp ph kin  t chnh hng v dch v chm sc xe chuyn nghip	/san-pham
25	Ph kin  t chnh hng	Auto Tuan Linh	Cht lng hng u	Chuyn cung cp ph kin  t chnh hng v dch v chm sc xe chuyn nghip	/san-pham
26	Ph kin  t chnh hng	Auto Tuan Linh	Cht lng hng u	Chuyn cung cp ph kin  t chnh hng v dch v chm sc xe chuyn nghip	/san-pham
12	Ph kin  t chnh hng	Auto Tuan Linh	Cht lng hng u	Chuyn cung cp ph kin  t chnh hng v dch v chm sc xe chuyn nghip	/san-pham
3	Ph kin  t chnh hng	Auto Tuan Linh	Cht lng hng u	Chuyn cung cp ph kin  t chnh hng v dch v chm sc xe chuyn nghip	/san-pham
5	Ph kin  t chnh hng	Auto Tuan Linh	Cht lng hng u	Chuyn cung cp ph kin  t chnh hng v dch v chm sc xe chuyn nghip	/san-pham
6	Ph kin  t chnh hng	Auto Tuan Linh	Cht lng hng u	Chuyn cung cp ph kin  t chnh hng v dch v chm sc xe chuyn nghip	/san-pham
8	Ph kin  t chnh hng	Auto Tuan Linh	Cht lng hng u	Chuyn cung cp ph kin  t chnh hng v dch v chm sc xe chuyn nghip	/san-pham
29	Ph kin  t chnh hng	Auto Tuan Linh	Cht lng hng u	Chuyn cung cp ph kin  t chnh hng v dch v chm sc xe chuyn nghip	/san-pham
30	Ph kin  t chnh hng	Auto Tuan Linh	Cht lng hng u	Chuyn cung cp ph kin  t chnh hng v dch v chm sc xe chuyn nghip	/san-pham
14	Ph kin  t chnh hng	Auto Tuan Linh	Cht lng hng u	Chuyn cung cp ph kin  t chnh hng v dch v chm sc xe chuyn nghip	/san-pham
16	Ph kin  t chnh hng	Auto Tuan Linh	Cht lng hng u	Chuyn cung cp ph kin  t chnh hng v dch v chm sc xe chuyn nghip	/san-pham
31	Ph kin  t chnh hng	Auto Tuan Linh	Cht lng hng u	Chuyn cung cp ph kin  t chnh hng v dch v chm sc xe chuyn nghip	/san-pham
32	Ph kin  t chnh hng	Auto Tuan Linh	Cht lng hng u	Chuyn cung cp ph kin  t chnh hng v dch v chm sc xe chuyn nghip	/san-pham
33	Ph kin  t chnh hng	Auto Tuan Linh	Cht lng hng u	Chuyn cung cp ph kin  t chnh hng v dch v chm sc xe chuyn nghip	/san-pham
34	Ph kin  t chnh hng	Auto Tuan Linh	Cht lng hng u	Chuyn cung cp ph kin  t chnh hng v dch v chm sc xe chuyn nghip	/san-pham
35	Ph kin  t chnh hng	Auto Tuan Linh	Cht lng hng u	Chuyn cung cp ph kin  t chnh hng v dch v chm sc xe chuyn nghip	/san-pham
36	Ph kin  t chnh hng	Auto Tuan Linh	Cht lng hng u	Chuyn cung cp ph kin  t chnh hng v dch v chm sc xe chuyn nghip	/san-pham
37	Ph kin  t chnh hng	Auto Tuan Linh	Cht lng hng u	Chuyn cung cp ph kin  t chnh hng v dch v chm sc xe chuyn nghip	/san-pham
38	Ph kin  t chnh hng	Auto Tuan Linh	Cht lng hng u	Chuyn cung cp ph kin  t chnh hng v dch v chm sc xe chuyn nghip	/san-pham
40	Ph kin  t chnh hng	Auto Tuan Linh	Cht lng hng u	Chuyn cung cp ph kin  t chnh hng v dch v chm sc xe chuyn nghip	/san-pham
41	Ph kin  t chnh hng	Auto Tuan Linh	Cht lng hng u	Chuyn cung cp ph kin  t chnh hng v dch v chm sc xe chuyn nghip	/san-pham
42	Ph kin  t chnh hng	Auto Tuan Linh	Cht lng hng u	Chuyn cung cp ph kin  t chnh hng v dch v chm sc xe chuyn nghip	/san-pham
43	Ph kin  t chnh hng	Auto Tuan Linh	Cht lng hng u	Chuyn cung cp ph kin  t chnh hng v dch v chm sc xe chuyn nghip	/san-pham
44	Ph kin  t chnh hng	Auto Tuan Linh	Cht lng hng u	Chuyn cung cp ph kin  t chnh hng v dch v chm sc xe chuyn nghip	/san-pham
45	Ph kin  t chnh hng	Auto Tuan Linh	Cht lng hng u	Chuyn cung cp ph kin  t chnh hng v dch v chm sc xe chuyn nghip	/san-pham
46	Ph kin  t chnh hng	Auto Tuan Linh	Cht lng hng u	Chuyn cung cp ph kin  t chnh hng v dch v chm sc xe chuyn nghip	/san-pham
47	Ph kin  t chnh hng	Auto Tuan Linh	Cht lng hng u	Chuyn cung cp ph kin  t chnh hng v dch v chm sc xe chuyn nghip	/san-pham
48	Ph kin  t chnh hng	Auto Tuan Linh	Cht lng hng u	Chuyn cung cp ph kin  t chnh hng v dch v chm sc xe chuyn nghip	/san-pham
39	Ph kin  t chnh hng	Auto Tuan Linh	Cht lng hng u	Chuyn cung cp ph kin  t chnh hng v dch v chm sc xe chuyn nghip	/san-pham
49	sadsad	dsdasdas	s	dsadsadsad	dasd
50	sdsadas2e2	sdsadsa	dsadsad	dsadsadsa	dsadsadas
51	sadsad	dsad	dsadsadas	adasdsa	sdasd
\.


--
-- Data for Name: components_home_latest_news_sections; Type: TABLE DATA; Schema: public; Owner: autotuanlinh_user
--

COPY public.components_home_latest_news_sections (id, title, subtitle) FROM stdin;
1	Tin tc mi nht	sdasdasdasd
\.


--
-- Data for Name: components_home_latest_news_sections_blogs_lnk; Type: TABLE DATA; Schema: public; Owner: autotuanlinh_user
--

COPY public.components_home_latest_news_sections_blogs_lnk (id, latest_news_section_id, blog_id, blog_ord) FROM stdin;
1	1	91	0
3	1	83	2
4	1	98	3
5	1	94	4
6	1	102	5
2	1	108	1
\.


--
-- Data for Name: components_home_latest_news_sections_cmps; Type: TABLE DATA; Schema: public; Owner: autotuanlinh_user
--

COPY public.components_home_latest_news_sections_cmps (id, entity_id, cmp_id, component_type, field, "order") FROM stdin;
1	1	3	shared.cta-button	viewAllButton	\N
\.


--
-- Data for Name: components_home_newsletter_sections; Type: TABLE DATA; Schema: public; Owner: autotuanlinh_user
--

COPY public.components_home_newsletter_sections (id, title, subtitle, button_text, privacy_text) FROM stdin;
1	ng k nhn tin dsdasd	Nhn thng tin v sn phm mi, khuyn mi c bit v mo chm sc xe hu ch\n\n	ng k	Chng ti cam kt bo v thng tin ca bn. Bn c th hy ng k bt c lc no.\n\n
\.


--
-- Data for Name: components_home_partner_brands; Type: TABLE DATA; Schema: public; Owner: autotuanlinh_user
--

COPY public.components_home_partner_brands (id, name, url) FROM stdin;
1	sdsad	sdasd
2	sadsadd	sadsadsad
3	sdsads	dsad
\.


--
-- Data for Name: components_home_partner_brands_sections; Type: TABLE DATA; Schema: public; Owner: autotuanlinh_user
--

COPY public.components_home_partner_brands_sections (id, title, subtitle) FROM stdin;
1	Thng hiu i tc	sadasdasdsa
2	Thng hiu i tc	sadsadasd
\.


--
-- Data for Name: components_home_partner_brands_sections_cmps; Type: TABLE DATA; Schema: public; Owner: autotuanlinh_user
--

COPY public.components_home_partner_brands_sections_cmps (id, entity_id, cmp_id, component_type, field, "order") FROM stdin;
1	1	1	home.partner-brand	partnerBrands	1
14	2	2	home.partner-brand	partnerBrands	1
15	2	3	home.partner-brand	partnerBrands	2
\.


--
-- Data for Name: components_home_process_sections; Type: TABLE DATA; Schema: public; Owner: autotuanlinh_user
--

COPY public.components_home_process_sections (id, title, subtitle) FROM stdin;
7	Quy trnh mua hng	Ch vi 4 bc n gin, bn  c th s hu sn phm cht lng
9	Quy trnh mua hng	Ch vi 4 bc n gin, bn  c th s hu sn phm cht lng
11	Quy trnh mua hng	Ch vi 4 bc n gin, bn  c th s hu sn phm cht lng
13	Quy trnh mua hng	Ch vi 4 bc n gin, bn  c th s hu sn phm cht lng
15	Quy trnh mua hng	Ch vi 4 bc n gin, bn  c th s hu sn phm cht lng
17	Quy trnh mua hng	Ch vi 4 bc n gin, bn  c th s hu sn phm cht lng
18	Quy trnh mua hng	Ch vi 4 bc n gin, bn  c th s hu sn phm cht lng
19	Quy trnh mua hng	Ch vi 4 bc n gin, bn  c th s hu sn phm cht lng
20	Quy trnh mua hng	Ch vi 4 bc n gin, bn  c th s hu sn phm cht lng
21	Quy trnh mua hng	Ch vi 4 bc n gin, bn  c th s hu sn phm cht lng
22	Quy trnh mua hng	Ch vi 4 bc n gin, bn  c th s hu sn phm cht lng
14	Quy trnh mua hng	Ch vi 4 bc n gin, bn  c th s hu sn phm cht lng
25	Quy trnh mua hng	Ch vi 4 bc n gin, bn  c th s hu sn phm cht lng
26	Quy trnh mua hng	Ch vi 4 bc n gin, bn  c th s hu sn phm cht lng
40	Quy trnh mua hng	Ch vi 4 bc n gin, bn  c th s hu sn phm cht lng
3	Quy trnh mua hng	Ch vi 4 bc n gin, bn  c th s hu sn phm cht lng
5	Quy trnh mua hng	Ch vi 4 bc n gin, bn  c th s hu sn phm cht lng
6	Quy trnh mua hng	Ch vi 4 bc n gin, bn  c th s hu sn phm cht lng
8	Quy trnh mua hng	Ch vi 4 bc n gin, bn  c th s hu sn phm cht lng
29	Quy trnh mua hng	Ch vi 4 bc n gin, bn  c th s hu sn phm cht lng
30	Quy trnh mua hng	Ch vi 4 bc n gin, bn  c th s hu sn phm cht lng
31	Quy trnh mua hng	Ch vi 4 bc n gin, bn  c th s hu sn phm cht lng
32	Quy trnh mua hng	Ch vi 4 bc n gin, bn  c th s hu sn phm cht lng
33	Quy trnh mua hng	Ch vi 4 bc n gin, bn  c th s hu sn phm cht lng
34	Quy trnh mua hng	Ch vi 4 bc n gin, bn  c th s hu sn phm cht lng
35	Quy trnh mua hng	Ch vi 4 bc n gin, bn  c th s hu sn phm cht lng
36	Quy trnh mua hng	Ch vi 4 bc n gin, bn  c th s hu sn phm cht lng
27	Quy trnh mua hng	Ch vi 4 bc n gin, bn  c th s hu sn phm cht lng
37	Quy trnh mua hng	Ch vi 4 bc n gin, bn  c th s hu sn phm cht lng
41	Quy trnh mua hng	Ch vi 4 bc n gin, bn  c th s hu sn phm cht lng
38	Quy trnh mua hng	Ch vi 4 bc n gin, bn  c th s hu sn phm cht lng
12	Quy trnh mua hng	Ch vi 4 bc n gin, bn  c th s hu sn phm cht lng
42	Quy trnh mua hng	Ch vi 4 bc n gin, bn  c th s hu sn phm cht lng
43	Quy trnh mua hng	Ch vi 4 bc n gin, bn  c th s hu sn phm cht lng
44	Quy trnh mua hng	Ch vi 4 bc n gin, bn  c th s hu sn phm cht lng
45	Quy trnh mua hng	Ch vi 4 bc n gin, bn  c th s hu sn phm cht lng
46	Quy trnh mua hng	Ch vi 4 bc n gin, bn  c th s hu sn phm cht lng
47	Quy trnh mua hng	Ch vi 4 bc n gin, bn  c th s hu sn phm cht lng
48	Quy trnh mua hng	Ch vi 4 bc n gin, bn  c th s hu sn phm cht lng
39	Quy trnh mua hng	Ch vi 4 bc n gin, bn  c th s hu sn phm cht lng
16	Quy trnh mua hng	Ch vi 4 bc n gin, bn  c th s hu sn phm cht lng
49	Quy trnh mua hng	sadsad
50	Quy trnh mua hng	sdsadasd
\.


--
-- Data for Name: components_home_process_sections_cmps; Type: TABLE DATA; Schema: public; Owner: autotuanlinh_user
--

COPY public.components_home_process_sections_cmps (id, entity_id, cmp_id, component_type, field, "order") FROM stdin;
25	7	25	home.process-step	steps	1
26	7	26	home.process-step	steps	2
27	7	27	home.process-step	steps	3
28	7	28	home.process-step	steps	4
33	9	33	home.process-step	steps	1
34	9	34	home.process-step	steps	2
35	9	35	home.process-step	steps	3
36	9	36	home.process-step	steps	4
41	11	41	home.process-step	steps	1
42	11	42	home.process-step	steps	2
43	11	43	home.process-step	steps	3
44	11	44	home.process-step	steps	4
49	13	49	home.process-step	steps	1
50	13	50	home.process-step	steps	2
51	13	51	home.process-step	steps	3
52	13	52	home.process-step	steps	4
57	15	57	home.process-step	steps	1
58	15	58	home.process-step	steps	2
59	15	59	home.process-step	steps	3
60	15	60	home.process-step	steps	4
65	17	65	home.process-step	steps	1
66	17	66	home.process-step	steps	2
67	17	67	home.process-step	steps	3
68	17	68	home.process-step	steps	4
69	18	69	home.process-step	steps	1
70	18	70	home.process-step	steps	2
71	18	71	home.process-step	steps	3
72	18	72	home.process-step	steps	4
73	19	73	home.process-step	steps	1
74	19	74	home.process-step	steps	2
75	19	75	home.process-step	steps	3
76	19	76	home.process-step	steps	4
77	20	77	home.process-step	steps	1
78	20	78	home.process-step	steps	2
79	20	79	home.process-step	steps	3
80	20	80	home.process-step	steps	4
81	21	81	home.process-step	steps	1
82	21	82	home.process-step	steps	2
83	21	83	home.process-step	steps	3
84	21	84	home.process-step	steps	4
85	22	85	home.process-step	steps	1
86	22	86	home.process-step	steps	2
87	22	87	home.process-step	steps	3
88	22	88	home.process-step	steps	4
101	25	97	home.process-step	steps	1
102	25	98	home.process-step	steps	2
103	25	99	home.process-step	steps	3
104	25	100	home.process-step	steps	4
105	26	101	home.process-step	steps	1
106	26	102	home.process-step	steps	2
107	26	103	home.process-step	steps	3
108	26	104	home.process-step	steps	4
9	3	9	home.process-step	steps	1
10	3	10	home.process-step	steps	2
11	3	11	home.process-step	steps	3
12	3	12	home.process-step	steps	4
17	5	17	home.process-step	steps	1
18	5	18	home.process-step	steps	2
19	5	19	home.process-step	steps	3
20	5	20	home.process-step	steps	4
21	6	21	home.process-step	steps	1
22	6	22	home.process-step	steps	2
23	6	23	home.process-step	steps	3
24	6	24	home.process-step	steps	4
29	8	29	home.process-step	steps	1
30	8	30	home.process-step	steps	2
31	8	31	home.process-step	steps	3
32	8	32	home.process-step	steps	4
141	29	113	home.process-step	steps	1
142	29	114	home.process-step	steps	2
143	29	115	home.process-step	steps	3
144	29	116	home.process-step	steps	4
145	30	117	home.process-step	steps	1
133	27	105	home.process-step	steps	1
134	27	106	home.process-step	steps	2
135	27	107	home.process-step	steps	3
136	27	108	home.process-step	steps	4
45	12	45	home.process-step	steps	1
46	12	46	home.process-step	steps	2
47	12	47	home.process-step	steps	3
48	12	48	home.process-step	steps	4
53	14	53	home.process-step	steps	1
54	14	54	home.process-step	steps	2
55	14	55	home.process-step	steps	3
56	14	56	home.process-step	steps	4
61	16	61	home.process-step	steps	1
62	16	62	home.process-step	steps	2
63	16	63	home.process-step	steps	3
64	16	64	home.process-step	steps	4
146	30	118	home.process-step	steps	2
147	30	119	home.process-step	steps	3
148	30	120	home.process-step	steps	4
149	31	121	home.process-step	steps	1
150	31	122	home.process-step	steps	2
151	31	123	home.process-step	steps	3
152	31	124	home.process-step	steps	4
153	32	125	home.process-step	steps	1
154	32	126	home.process-step	steps	2
155	32	127	home.process-step	steps	3
156	32	128	home.process-step	steps	4
157	33	129	home.process-step	steps	1
158	33	130	home.process-step	steps	2
159	33	131	home.process-step	steps	3
160	33	132	home.process-step	steps	4
161	34	133	home.process-step	steps	1
162	34	134	home.process-step	steps	2
163	34	135	home.process-step	steps	3
164	34	136	home.process-step	steps	4
165	35	137	home.process-step	steps	1
166	35	138	home.process-step	steps	2
167	35	139	home.process-step	steps	3
168	35	140	home.process-step	steps	4
169	36	141	home.process-step	steps	1
170	36	142	home.process-step	steps	2
171	36	143	home.process-step	steps	3
172	36	144	home.process-step	steps	4
177	37	145	home.process-step	steps	1
178	37	146	home.process-step	steps	2
179	37	147	home.process-step	steps	3
180	37	148	home.process-step	steps	4
185	38	149	home.process-step	steps	1
186	38	150	home.process-step	steps	2
187	38	151	home.process-step	steps	3
188	38	152	home.process-step	steps	4
201	40	157	home.process-step	steps	1
202	40	158	home.process-step	steps	2
203	40	159	home.process-step	steps	3
204	40	160	home.process-step	steps	4
205	41	161	home.process-step	steps	1
206	41	162	home.process-step	steps	2
207	41	163	home.process-step	steps	3
208	41	164	home.process-step	steps	4
209	42	165	home.process-step	steps	1
210	42	166	home.process-step	steps	2
211	42	167	home.process-step	steps	3
212	42	168	home.process-step	steps	4
213	43	169	home.process-step	steps	1
214	43	170	home.process-step	steps	2
215	43	171	home.process-step	steps	3
216	43	172	home.process-step	steps	4
217	44	173	home.process-step	steps	1
218	44	174	home.process-step	steps	2
219	44	175	home.process-step	steps	3
220	44	176	home.process-step	steps	4
221	45	177	home.process-step	steps	1
222	45	178	home.process-step	steps	2
223	45	179	home.process-step	steps	3
224	45	180	home.process-step	steps	4
225	46	181	home.process-step	steps	1
226	46	182	home.process-step	steps	2
227	46	183	home.process-step	steps	3
228	46	184	home.process-step	steps	4
229	47	185	home.process-step	steps	1
230	47	186	home.process-step	steps	2
231	47	187	home.process-step	steps	3
232	47	188	home.process-step	steps	4
233	48	189	home.process-step	steps	1
234	48	190	home.process-step	steps	2
235	48	191	home.process-step	steps	3
236	48	192	home.process-step	steps	4
293	50	195	home.process-step	steps	1
294	50	196	home.process-step	steps	2
295	50	197	home.process-step	steps	3
296	50	198	home.process-step	steps	4
197	39	153	home.process-step	steps	1
198	39	154	home.process-step	steps	2
199	39	155	home.process-step	steps	3
200	39	156	home.process-step	steps	4
269	49	193	home.process-step	steps	1
270	49	194	home.process-step	steps	2
\.


--
-- Data for Name: components_home_process_steps; Type: TABLE DATA; Schema: public; Owner: autotuanlinh_user
--

COPY public.components_home_process_steps (id, step_number, title, description) FROM stdin;
25	1	Tm kim sn phm	Khm ph hng ngn sn phm ph kin  t chnh hng trn website
26	2	T vn min ph	Lin h vi i ng t vn  c h tr chn sn phm ph hp nht
27	3	t hng & Thanh ton	t hng trc tuyn hoc n ca hng, thanh ton linh hot nhiu hnh thc
28	4	Giao hng & Lp t	Nhn hng v c h tr lp t min ph ti ca hng hoc ti nh
33	1	Tm kim sn phm	Khm ph hng ngn sn phm ph kin  t chnh hng trn website
34	2	T vn min ph	Lin h vi i ng t vn  c h tr chn sn phm ph hp nht
35	3	t hng & Thanh ton	t hng trc tuyn hoc n ca hng, thanh ton linh hot nhiu hnh thc
36	4	Giao hng & Lp t	Nhn hng v c h tr lp t min ph ti ca hng hoc ti nh
41	1	Tm kim sn phm	Khm ph hng ngn sn phm ph kin  t chnh hng trn website
42	2	T vn min ph	Lin h vi i ng t vn  c h tr chn sn phm ph hp nht
43	3	t hng & Thanh ton	t hng trc tuyn hoc n ca hng, thanh ton linh hot nhiu hnh thc
44	4	Giao hng & Lp t	Nhn hng v c h tr lp t min ph ti ca hng hoc ti nh
49	1	Tm kim sn phm	Khm ph hng ngn sn phm ph kin  t chnh hng trn website
50	2	T vn min ph	Lin h vi i ng t vn  c h tr chn sn phm ph hp nht
51	3	t hng & Thanh ton	t hng trc tuyn hoc n ca hng, thanh ton linh hot nhiu hnh thc
12	4	Giao hng & Lp t	Nhn hng v c h tr lp t min ph ti ca hng hoc ti nh
9	1	Tm kim sn phm	Khm ph hng ngn sn phm ph kin  t chnh hng trn website
10	2	T vn min ph	Lin h vi i ng t vn  c h tr chn sn phm ph hp nht
11	3	t hng & Thanh ton	t hng trc tuyn hoc n ca hng, thanh ton linh hot nhiu hnh thc
17	1	Tm kim sn phm	Khm ph hng ngn sn phm ph kin  t chnh hng trn website
18	2	T vn min ph	Lin h vi i ng t vn  c h tr chn sn phm ph hp nht
19	3	t hng & Thanh ton	t hng trc tuyn hoc n ca hng, thanh ton linh hot nhiu hnh thc
20	4	Giao hng & Lp t	Nhn hng v c h tr lp t min ph ti ca hng hoc ti nh
21	1	Tm kim sn phm	Khm ph hng ngn sn phm ph kin  t chnh hng trn website
22	2	T vn min ph	Lin h vi i ng t vn  c h tr chn sn phm ph hp nht
23	3	t hng & Thanh ton	t hng trc tuyn hoc n ca hng, thanh ton linh hot nhiu hnh thc
24	4	Giao hng & Lp t	Nhn hng v c h tr lp t min ph ti ca hng hoc ti nh
29	1	Tm kim sn phm	Khm ph hng ngn sn phm ph kin  t chnh hng trn website
30	2	T vn min ph	Lin h vi i ng t vn  c h tr chn sn phm ph hp nht
31	3	t hng & Thanh ton	t hng trc tuyn hoc n ca hng, thanh ton linh hot nhiu hnh thc
32	4	Giao hng & Lp t	Nhn hng v c h tr lp t min ph ti ca hng hoc ti nh
45	1	Tm kim sn phm	Khm ph hng ngn sn phm ph kin  t chnh hng trn website
46	2	T vn min ph	Lin h vi i ng t vn  c h tr chn sn phm ph hp nht
47	3	t hng & Thanh ton	t hng trc tuyn hoc n ca hng, thanh ton linh hot nhiu hnh thc
48	4	Giao hng & Lp t	Nhn hng v c h tr lp t min ph ti ca hng hoc ti nh
52	4	Giao hng & Lp t	Nhn hng v c h tr lp t min ph ti ca hng hoc ti nh
57	1	Tm kim sn phm	Khm ph hng ngn sn phm ph kin  t chnh hng trn website
58	2	T vn min ph	Lin h vi i ng t vn  c h tr chn sn phm ph hp nht
59	3	t hng & Thanh ton	t hng trc tuyn hoc n ca hng, thanh ton linh hot nhiu hnh thc
60	4	Giao hng & Lp t	Nhn hng v c h tr lp t min ph ti ca hng hoc ti nh
65	1	Tm kim sn phm	Khm ph hng ngn sn phm ph kin  t chnh hng trn website
66	2	T vn min ph	Lin h vi i ng t vn  c h tr chn sn phm ph hp nht
67	3	t hng & Thanh ton	t hng trc tuyn hoc n ca hng, thanh ton linh hot nhiu hnh thc
68	4	Giao hng & Lp t	Nhn hng v c h tr lp t min ph ti ca hng hoc ti nh
69	1	Tm kim sn phm	Khm ph hng ngn sn phm ph kin  t chnh hng trn website
70	2	T vn min ph	Lin h vi i ng t vn  c h tr chn sn phm ph hp nht
71	3	t hng & Thanh ton	t hng trc tuyn hoc n ca hng, thanh ton linh hot nhiu hnh thc
72	4	Giao hng & Lp t	Nhn hng v c h tr lp t min ph ti ca hng hoc ti nh
73	1	Tm kim sn phm	Khm ph hng ngn sn phm ph kin  t chnh hng trn website
74	2	T vn min ph	Lin h vi i ng t vn  c h tr chn sn phm ph hp nht
75	3	t hng & Thanh ton	t hng trc tuyn hoc n ca hng, thanh ton linh hot nhiu hnh thc
76	4	Giao hng & Lp t	Nhn hng v c h tr lp t min ph ti ca hng hoc ti nh
77	1	Tm kim sn phm	Khm ph hng ngn sn phm ph kin  t chnh hng trn website
78	2	T vn min ph	Lin h vi i ng t vn  c h tr chn sn phm ph hp nht
79	3	t hng & Thanh ton	t hng trc tuyn hoc n ca hng, thanh ton linh hot nhiu hnh thc
80	4	Giao hng & Lp t	Nhn hng v c h tr lp t min ph ti ca hng hoc ti nh
81	1	Tm kim sn phm	Khm ph hng ngn sn phm ph kin  t chnh hng trn website
82	2	T vn min ph	Lin h vi i ng t vn  c h tr chn sn phm ph hp nht
83	3	t hng & Thanh ton	t hng trc tuyn hoc n ca hng, thanh ton linh hot nhiu hnh thc
84	4	Giao hng & Lp t	Nhn hng v c h tr lp t min ph ti ca hng hoc ti nh
85	1	Tm kim sn phm	Khm ph hng ngn sn phm ph kin  t chnh hng trn website
86	2	T vn min ph	Lin h vi i ng t vn  c h tr chn sn phm ph hp nht
87	3	t hng & Thanh ton	t hng trc tuyn hoc n ca hng, thanh ton linh hot nhiu hnh thc
88	4	Giao hng & Lp t	Nhn hng v c h tr lp t min ph ti ca hng hoc ti nh
97	1	Tm kim sn phm	Khm ph hng ngn sn phm ph kin  t chnh hng trn website
98	2	T vn min ph	Lin h vi i ng t vn  c h tr chn sn phm ph hp nht
99	3	t hng & Thanh ton	t hng trc tuyn hoc n ca hng, thanh ton linh hot nhiu hnh thc
100	4	Giao hng & Lp t	Nhn hng v c h tr lp t min ph ti ca hng hoc ti nh
101	1	Tm kim sn phm	Khm ph hng ngn sn phm ph kin  t chnh hng trn website
102	2	T vn min ph	Lin h vi i ng t vn  c h tr chn sn phm ph hp nht
103	3	t hng & Thanh ton	t hng trc tuyn hoc n ca hng, thanh ton linh hot nhiu hnh thc
104	4	Giao hng & Lp t	Nhn hng v c h tr lp t min ph ti ca hng hoc ti nh
53	1	Tm kim sn phm	Khm ph hng ngn sn phm ph kin  t chnh hng trn website
54	2	T vn min ph	Lin h vi i ng t vn  c h tr chn sn phm ph hp nht
55	3	t hng & Thanh ton	t hng trc tuyn hoc n ca hng, thanh ton linh hot nhiu hnh thc
56	4	Giao hng & Lp t	Nhn hng v c h tr lp t min ph ti ca hng hoc ti nh
61	1	Tm kim sn phm	Khm ph hng ngn sn phm ph kin  t chnh hng trn website
62	2	T vn min ph	Lin h vi i ng t vn  c h tr chn sn phm ph hp nht
63	3	t hng & Thanh ton	t hng trc tuyn hoc n ca hng, thanh ton linh hot nhiu hnh thc
64	4	Giao hng & Lp t	Nhn hng v c h tr lp t min ph ti ca hng hoc ti nh
113	1	Tm kim sn phm	Khm ph hng ngn sn phm ph kin  t chnh hng trn website
114	2	T vn min ph	Lin h vi i ng t vn  c h tr chn sn phm ph hp nht
115	3	t hng & Thanh ton	t hng trc tuyn hoc n ca hng, thanh ton linh hot nhiu hnh thc
116	4	Giao hng & Lp t	Nhn hng v c h tr lp t min ph ti ca hng hoc ti nh
117	1	Tm kim sn phm	Khm ph hng ngn sn phm ph kin  t chnh hng trn website
118	2	T vn min ph	Lin h vi i ng t vn  c h tr chn sn phm ph hp nht
119	3	t hng & Thanh ton	t hng trc tuyn hoc n ca hng, thanh ton linh hot nhiu hnh thc
120	4	Giao hng & Lp t	Nhn hng v c h tr lp t min ph ti ca hng hoc ti nh
121	1	Tm kim sn phm	Khm ph hng ngn sn phm ph kin  t chnh hng trn website
122	2	T vn min ph	Lin h vi i ng t vn  c h tr chn sn phm ph hp nht
123	3	t hng & Thanh ton	t hng trc tuyn hoc n ca hng, thanh ton linh hot nhiu hnh thc
124	4	Giao hng & Lp t	Nhn hng v c h tr lp t min ph ti ca hng hoc ti nh
125	1	Tm kim sn phm	Khm ph hng ngn sn phm ph kin  t chnh hng trn website
126	2	T vn min ph	Lin h vi i ng t vn  c h tr chn sn phm ph hp nht
127	3	t hng & Thanh ton	t hng trc tuyn hoc n ca hng, thanh ton linh hot nhiu hnh thc
128	4	Giao hng & Lp t	Nhn hng v c h tr lp t min ph ti ca hng hoc ti nh
129	1	Tm kim sn phm	Khm ph hng ngn sn phm ph kin  t chnh hng trn website
130	2	T vn min ph	Lin h vi i ng t vn  c h tr chn sn phm ph hp nht
131	3	t hng & Thanh ton	t hng trc tuyn hoc n ca hng, thanh ton linh hot nhiu hnh thc
132	4	Giao hng & Lp t	Nhn hng v c h tr lp t min ph ti ca hng hoc ti nh
133	1	Tm kim sn phm	Khm ph hng ngn sn phm ph kin  t chnh hng trn website
134	2	T vn min ph	Lin h vi i ng t vn  c h tr chn sn phm ph hp nht
135	3	t hng & Thanh ton	t hng trc tuyn hoc n ca hng, thanh ton linh hot nhiu hnh thc
136	4	Giao hng & Lp t	Nhn hng v c h tr lp t min ph ti ca hng hoc ti nh
137	1	Tm kim sn phm	Khm ph hng ngn sn phm ph kin  t chnh hng trn website
138	2	T vn min ph	Lin h vi i ng t vn  c h tr chn sn phm ph hp nht
139	3	t hng & Thanh ton	t hng trc tuyn hoc n ca hng, thanh ton linh hot nhiu hnh thc
140	4	Giao hng & Lp t	Nhn hng v c h tr lp t min ph ti ca hng hoc ti nh
141	1	Tm kim sn phm	Khm ph hng ngn sn phm ph kin  t chnh hng trn website
142	2	T vn min ph	Lin h vi i ng t vn  c h tr chn sn phm ph hp nht
143	3	t hng & Thanh ton	t hng trc tuyn hoc n ca hng, thanh ton linh hot nhiu hnh thc
144	4	Giao hng & Lp t	Nhn hng v c h tr lp t min ph ti ca hng hoc ti nh
105	1	Tm kim sn phm	Khm ph hng ngn sn phm ph kin  t chnh hng trn website
106	2	T vn min ph	Lin h vi i ng t vn  c h tr chn sn phm ph hp nht
107	3	t hng & Thanh ton	t hng trc tuyn hoc n ca hng, thanh ton linh hot nhiu hnh thc
108	4	Giao hng & Lp t	Nhn hng v c h tr lp t min ph ti ca hng hoc ti nh
145	1	Tm kim sn phm	Khm ph hng ngn sn phm ph kin  t chnh hng trn website
146	2	T vn min ph	Lin h vi i ng t vn  c h tr chn sn phm ph hp nht
147	3	t hng & Thanh ton	t hng trc tuyn hoc n ca hng, thanh ton linh hot nhiu hnh thc
148	4	Giao hng & Lp t	Nhn hng v c h tr lp t min ph ti ca hng hoc ti nh
149	1	Tm kim sn phm	Khm ph hng ngn sn phm ph kin  t chnh hng trn website
150	2	T vn min ph	Lin h vi i ng t vn  c h tr chn sn phm ph hp nht
151	3	t hng & Thanh ton	t hng trc tuyn hoc n ca hng, thanh ton linh hot nhiu hnh thc
152	4	Giao hng & Lp t	Nhn hng v c h tr lp t min ph ti ca hng hoc ti nh
157	1	Tm kim sn phm	Khm ph hng ngn sn phm ph kin  t chnh hng trn website
158	2	T vn min ph	Lin h vi i ng t vn  c h tr chn sn phm ph hp nht
159	3	t hng & Thanh ton	t hng trc tuyn hoc n ca hng, thanh ton linh hot nhiu hnh thc
160	4	Giao hng & Lp t	Nhn hng v c h tr lp t min ph ti ca hng hoc ti nh
161	1	Tm kim sn phm	Khm ph hng ngn sn phm ph kin  t chnh hng trn website
162	2	T vn min ph	Lin h vi i ng t vn  c h tr chn sn phm ph hp nht
163	3	t hng & Thanh ton	t hng trc tuyn hoc n ca hng, thanh ton linh hot nhiu hnh thc
164	4	Giao hng & Lp t	Nhn hng v c h tr lp t min ph ti ca hng hoc ti nh
165	1	Tm kim sn phm	Khm ph hng ngn sn phm ph kin  t chnh hng trn website
166	2	T vn min ph	Lin h vi i ng t vn  c h tr chn sn phm ph hp nht
167	3	t hng & Thanh ton	t hng trc tuyn hoc n ca hng, thanh ton linh hot nhiu hnh thc
168	4	Giao hng & Lp t	Nhn hng v c h tr lp t min ph ti ca hng hoc ti nh
169	1	Tm kim sn phm	Khm ph hng ngn sn phm ph kin  t chnh hng trn website
170	2	T vn min ph	Lin h vi i ng t vn  c h tr chn sn phm ph hp nht
171	3	t hng & Thanh ton	t hng trc tuyn hoc n ca hng, thanh ton linh hot nhiu hnh thc
172	4	Giao hng & Lp t	Nhn hng v c h tr lp t min ph ti ca hng hoc ti nh
173	1	Tm kim sn phm	Khm ph hng ngn sn phm ph kin  t chnh hng trn website
174	2	T vn min ph	Lin h vi i ng t vn  c h tr chn sn phm ph hp nht
175	3	t hng & Thanh ton	t hng trc tuyn hoc n ca hng, thanh ton linh hot nhiu hnh thc
176	4	Giao hng & Lp t	Nhn hng v c h tr lp t min ph ti ca hng hoc ti nh
177	1	Tm kim sn phm	Khm ph hng ngn sn phm ph kin  t chnh hng trn website
178	2	T vn min ph	Lin h vi i ng t vn  c h tr chn sn phm ph hp nht
179	3	t hng & Thanh ton	t hng trc tuyn hoc n ca hng, thanh ton linh hot nhiu hnh thc
180	4	Giao hng & Lp t	Nhn hng v c h tr lp t min ph ti ca hng hoc ti nh
181	1	Tm kim sn phm	Khm ph hng ngn sn phm ph kin  t chnh hng trn website
182	2	T vn min ph	Lin h vi i ng t vn  c h tr chn sn phm ph hp nht
183	3	t hng & Thanh ton	t hng trc tuyn hoc n ca hng, thanh ton linh hot nhiu hnh thc
184	4	Giao hng & Lp t	Nhn hng v c h tr lp t min ph ti ca hng hoc ti nh
185	1	Tm kim sn phm	Khm ph hng ngn sn phm ph kin  t chnh hng trn website
186	2	T vn min ph	Lin h vi i ng t vn  c h tr chn sn phm ph hp nht
187	3	t hng & Thanh ton	t hng trc tuyn hoc n ca hng, thanh ton linh hot nhiu hnh thc
188	4	Giao hng & Lp t	Nhn hng v c h tr lp t min ph ti ca hng hoc ti nh
189	1	Tm kim sn phm	Khm ph hng ngn sn phm ph kin  t chnh hng trn website
190	2	T vn min ph	Lin h vi i ng t vn  c h tr chn sn phm ph hp nht
191	3	t hng & Thanh ton	t hng trc tuyn hoc n ca hng, thanh ton linh hot nhiu hnh thc
192	4	Giao hng & Lp t	Nhn hng v c h tr lp t min ph ti ca hng hoc ti nh
153	1	Tm kim sn phm	Khm ph hng ngn sn phm ph kin  t chnh hng trn website
154	2	T vn min ph	Lin h vi i ng t vn  c h tr chn sn phm ph hp nht
155	3	t hng & Thanh ton	t hng trc tuyn hoc n ca hng, thanh ton linh hot nhiu hnh thc
156	4	Giao hng & Lp t	Nhn hng v c h tr lp t min ph ti ca hng hoc ti nh
193	1	sdsa	dsadasd
194	2	ssadas	sd
195	1	sadsad	sadsads
196	2	sadsadsa	dsadsad
197	3	sadasdas	dsadsadasd
198	4	dsadsa	sd
\.


--
-- Data for Name: components_home_product_badges; Type: TABLE DATA; Schema: public; Owner: autotuanlinh_user
--

COPY public.components_home_product_badges (id, text, type) FROM stdin;
\.


--
-- Data for Name: components_home_product_cat2dfe5_danh_muc_san_phams_lnk; Type: TABLE DATA; Schema: public; Owner: autotuanlinh_user
--

COPY public.components_home_product_cat2dfe5_danh_muc_san_phams_lnk (id, product_categories_section_id, danh_muc_san_pham_id, danh_muc_san_pham_ord) FROM stdin;
1	1	61	1
3	1	57	3
4	1	64	4
2	1	65	2
\.


--
-- Data for Name: components_home_product_cate2013c_danh_muc_san_pham_lnk; Type: TABLE DATA; Schema: public; Owner: autotuanlinh_user
--

COPY public.components_home_product_cate2013c_danh_muc_san_pham_lnk (id, product_category_card_id, danh_muc_san_pham_id) FROM stdin;
\.


--
-- Data for Name: components_home_product_categories_sections; Type: TABLE DATA; Schema: public; Owner: autotuanlinh_user
--

COPY public.components_home_product_categories_sections (id, title, subtitle) FROM stdin;
1	Danh mc sn phm	Khm ph y  cc danh mc ph kin  t chnh hng\n\n
\.


--
-- Data for Name: components_home_product_category_cards; Type: TABLE DATA; Schema: public; Owner: autotuanlinh_user
--

COPY public.components_home_product_category_cards (id) FROM stdin;
\.


--
-- Data for Name: components_home_professional_services_sections; Type: TABLE DATA; Schema: public; Owner: autotuanlinh_user
--

COPY public.components_home_professional_services_sections (id, title, subtitle) FROM stdin;
1	Dch v chuyn nghip	Chng ti cung cp y  cc dch v chm sc v nng cp xe chuyn nghip
\.


--
-- Data for Name: components_home_professional_services_sections_cmps; Type: TABLE DATA; Schema: public; Owner: autotuanlinh_user
--

COPY public.components_home_professional_services_sections_cmps (id, entity_id, cmp_id, component_type, field, "order") FROM stdin;
1	1	1	home.service-card	serviceCards	1
\.


--
-- Data for Name: components_home_promotion_cards; Type: TABLE DATA; Schema: public; Owner: autotuanlinh_user
--

COPY public.components_home_promotion_cards (id, badge, discount, is_free, end_date, title, description, link, button_text) FROM stdin;
1	\N	30%	f	2026-01-16	sdsdsadsadsa	dsadsad	/sadsadasdasd	Xem ngay 
\.


--
-- Data for Name: components_home_service_cards; Type: TABLE DATA; Schema: public; Owner: autotuanlinh_user
--

COPY public.components_home_service_cards (id, title, description, link) FROM stdin;
1	sadsadsa	sdsadsa	/sadasdsad
\.


--
-- Data for Name: components_home_service_cards_cmps; Type: TABLE DATA; Schema: public; Owner: autotuanlinh_user
--

COPY public.components_home_service_cards_cmps (id, entity_id, cmp_id, component_type, field, "order") FROM stdin;
1	1	1	home.service-feature	features	1
2	1	2	home.service-feature	features	2
3	1	3	home.service-feature	features	3
\.


--
-- Data for Name: components_home_service_features; Type: TABLE DATA; Schema: public; Owner: autotuanlinh_user
--

COPY public.components_home_service_features (id, text) FROM stdin;
1	sdsadsad
2	sdsadsadasd
3	sdsadasdsad
\.


--
-- Data for Name: components_home_special_promotions_sections; Type: TABLE DATA; Schema: public; Owner: autotuanlinh_user
--

COPY public.components_home_special_promotions_sections (id, title, subtitle) FROM stdin;
1	KHUYN MI C BIT	Nhiu chng trnh khuyn mi ang ch n bn\n\n
\.


--
-- Data for Name: components_home_special_promotions_sections_cmps; Type: TABLE DATA; Schema: public; Owner: autotuanlinh_user
--

COPY public.components_home_special_promotions_sections_cmps (id, entity_id, cmp_id, component_type, field, "order") FROM stdin;
1	1	1	home.promotion-card	promotionCards	1
\.


--
-- Data for Name: components_home_stat_cards; Type: TABLE DATA; Schema: public; Owner: autotuanlinh_user
--

COPY public.components_home_stat_cards (id, number, text) FROM stdin;
197	23232	dsadasd
198	23232	sdsadasdasd
25	10,000+	Khch hng tin tng
26	100%	Sn phm chnh hng
27	50,000+	Sn phm  bn
28	4.9/5	nh gi trung bnh
33	10,000+	Khch hng tin tng
34	100%	Sn phm chnh hng
35	50,000+	Sn phm  bn
36	4.9/5	nh gi trung bnh
41	10,000+	Khch hng tin tng
42	100%	Sn phm chnh hng
43	50,000+	Sn phm  bn
44	4.9/5	nh gi trung bnh
49	10,000+	Khch hng tin tng
50	100%	Sn phm chnh hng
51	50,000+	Sn phm  bn
52	4.9/5	nh gi trung bnh
57	10,000+	Khch hng tin tng
58	100%	Sn phm chnh hng
59	50,000+	Sn phm  bn
60	4.9/5	nh gi trung bnh
65	10,000+	Khch hng tin tng
66	100%	Sn phm chnh hng
67	50,000+	Sn phm  bn
68	4.9/5	nh gi trung bnh
69	10,000+	Khch hng tin tng
70	100%	Sn phm chnh hng
71	50,000+	Sn phm  bn
72	4.9/5	nh gi trung bnh
73	10,000+	Khch hng tin tng
74	100%	Sn phm chnh hng
75	50,000+	Sn phm  bn
76	4.9/5	nh gi trung bnh
77	10,000+	Khch hng tin tng
78	100%	Sn phm chnh hng
79	50,000+	Sn phm  bn
80	4.9/5	nh gi trung bnh
81	10,000+	Khch hng tin tng
82	100%	Sn phm chnh hng
83	50,000+	Sn phm  bn
84	4.9/5	nh gi trung bnh
85	10,000+	Khch hng tin tng
86	100%	Sn phm chnh hng
87	50,000+	Sn phm  bn
88	4.9/5	nh gi trung bnh
32	4.9/5	nh gi trung bnh
97	10,000+	Khch hng tin tng
98	100%	Sn phm chnh hng
99	50,000+	Sn phm  bn
100	4.9/5	nh gi trung bnh
101	10,000+	Khch hng tin tng
102	100%	Sn phm chnh hng
103	50,000+	Sn phm  bn
104	4.9/5	nh gi trung bnh
9	10,000+	Khch hng tin tng
10	100%	Sn phm chnh hng
11	50,000+	Sn phm  bn
12	4.9/5	nh gi trung bnh
17	10,000+	Khch hng tin tng
18	100%	Sn phm chnh hng
19	50,000+	Sn phm  bn
20	4.9/5	nh gi trung bnh
21	10,000+	Khch hng tin tng
22	100%	Sn phm chnh hng
23	50,000+	Sn phm  bn
24	4.9/5	nh gi trung bnh
29	10,000+	Khch hng tin tng
30	100%	Sn phm chnh hng
31	50,000+	Sn phm  bn
113	10,000+	Khch hng tin tng
114	100%	Sn phm chnh hng
115	50,000+	Sn phm  bn
116	4.9/5	nh gi trung bnh
117	10,000+	Khch hng tin tng
118	100%	Sn phm chnh hng
119	50,000+	Sn phm  bn
120	4.9/5	nh gi trung bnh
121	10,000+	Khch hng tin tng
122	100%	Sn phm chnh hng
123	50,000+	Sn phm  bn
124	4.9/5	nh gi trung bnh
125	10,000+	Khch hng tin tng
126	100%	Sn phm chnh hng
127	50,000+	Sn phm  bn
128	4.9/5	nh gi trung bnh
129	10,000+	Khch hng tin tng
130	100%	Sn phm chnh hng
131	50,000+	Sn phm  bn
132	4.9/5	nh gi trung bnh
133	10,000+	Khch hng tin tng
134	100%	Sn phm chnh hng
135	50,000+	Sn phm  bn
136	4.9/5	nh gi trung bnh
137	10,000+	Khch hng tin tng
138	100%	Sn phm chnh hng
45	10,000+	Khch hng tin tng
46	100%	Sn phm chnh hng
47	50,000+	Sn phm  bn
48	4.9/5	nh gi trung bnh
53	10,000+	Khch hng tin tng
54	100%	Sn phm chnh hng
55	50,000+	Sn phm  bn
56	4.9/5	nh gi trung bnh
61	10,000+	Khch hng tin tng
62	100%	Sn phm chnh hng
63	50,000+	Sn phm  bn
64	4.9/5	nh gi trung bnh
139	50,000+	Sn phm  bn
140	4.9/5	nh gi trung bnh
141	10,000+	Khch hng tin tng
142	100%	Sn phm chnh hng
143	50,000+	Sn phm  bn
144	4.9/5	nh gi trung bnh
105	10,000+	Khch hng tin tng
106	100%	Sn phm chnh hng
107	50,000+	Sn phm  bn
108	4.9/5	nh gi trung bnh
145	10,000+	Khch hng tin tng
146	100%	Sn phm chnh hng
147	50,000+	Sn phm  bn
148	4.9/5	nh gi trung bnh
149	10,000+	Khch hng tin tng
150	100%	Sn phm chnh hng
151	50,000+	Sn phm  bn
152	4.9/5	nh gi trung bnh
157	10,000+	Khch hng tin tng
158	100%	Sn phm chnh hng
159	50,000+	Sn phm  bn
160	4.9/5	nh gi trung bnh
161	10,000+	Khch hng tin tng
162	100%	Sn phm chnh hng
163	50,000+	Sn phm  bn
164	4.9/5	nh gi trung bnh
165	10,000+	Khch hng tin tng
166	100%	Sn phm chnh hng
167	50,000+	Sn phm  bn
168	4.9/5	nh gi trung bnh
169	10,000+	Khch hng tin tng
170	100%	Sn phm chnh hng
171	50,000+	Sn phm  bn
172	4.9/5	nh gi trung bnh
173	10,000+	Khch hng tin tng
174	100%	Sn phm chnh hng
175	50,000+	Sn phm  bn
176	4.9/5	nh gi trung bnh
177	10,000+	Khch hng tin tng
178	100%	Sn phm chnh hng
179	50,000+	Sn phm  bn
180	4.9/5	nh gi trung bnh
181	10,000+	Khch hng tin tng
182	100%	Sn phm chnh hng
183	50,000+	Sn phm  bn
184	4.9/5	nh gi trung bnh
185	10,000+	Khch hng tin tng
186	100%	Sn phm chnh hng
187	50,000+	Sn phm  bn
188	4.9/5	nh gi trung bnh
189	10,000+	Khch hng tin tng
190	100%	Sn phm chnh hng
191	50,000+	Sn phm  bn
192	4.9/5	nh gi trung bnh
153	10,000+	Khch hng tin tng
154	100%	Sn phm chnh hng
155	50,000+	Sn phm  bn
156	4.9/5	nh gi trung bnh
193	23023	sdsadsadsadsad
194	2323	sdsad
195	23232	sdsadasd
196	23232	sdsaddads
\.


--
-- Data for Name: components_home_stats_sections; Type: TABLE DATA; Schema: public; Owner: autotuanlinh_user
--

COPY public.components_home_stats_sections (id) FROM stdin;
7
9
11
13
15
17
18
19
20
21
22
25
26
3
5
6
8
29
30
31
32
33
34
35
36
27
37
38
12
14
40
41
42
43
44
45
46
47
48
39
16
49
50
\.


--
-- Data for Name: components_home_stats_sections_cmps; Type: TABLE DATA; Schema: public; Owner: autotuanlinh_user
--

COPY public.components_home_stats_sections_cmps (id, entity_id, cmp_id, component_type, field, "order") FROM stdin;
25	7	25	home.stat-card	statCards	1
26	7	26	home.stat-card	statCards	2
27	7	27	home.stat-card	statCards	3
28	7	28	home.stat-card	statCards	4
33	9	33	home.stat-card	statCards	1
34	9	34	home.stat-card	statCards	2
35	9	35	home.stat-card	statCards	3
36	9	36	home.stat-card	statCards	4
41	11	41	home.stat-card	statCards	1
42	11	42	home.stat-card	statCards	2
43	11	43	home.stat-card	statCards	3
44	11	44	home.stat-card	statCards	4
49	13	49	home.stat-card	statCards	1
50	13	50	home.stat-card	statCards	2
51	13	51	home.stat-card	statCards	3
52	13	52	home.stat-card	statCards	4
57	15	57	home.stat-card	statCards	1
58	15	58	home.stat-card	statCards	2
59	15	59	home.stat-card	statCards	3
60	15	60	home.stat-card	statCards	4
65	17	65	home.stat-card	statCards	1
66	17	66	home.stat-card	statCards	2
67	17	67	home.stat-card	statCards	3
68	17	68	home.stat-card	statCards	4
69	18	69	home.stat-card	statCards	1
70	18	70	home.stat-card	statCards	2
71	18	71	home.stat-card	statCards	3
72	18	72	home.stat-card	statCards	4
73	19	73	home.stat-card	statCards	1
74	19	74	home.stat-card	statCards	2
75	19	75	home.stat-card	statCards	3
76	19	76	home.stat-card	statCards	4
77	20	77	home.stat-card	statCards	1
78	20	78	home.stat-card	statCards	2
79	20	79	home.stat-card	statCards	3
80	20	80	home.stat-card	statCards	4
81	21	81	home.stat-card	statCards	1
82	21	82	home.stat-card	statCards	2
83	21	83	home.stat-card	statCards	3
84	21	84	home.stat-card	statCards	4
85	22	85	home.stat-card	statCards	1
86	22	86	home.stat-card	statCards	2
87	22	87	home.stat-card	statCards	3
88	22	88	home.stat-card	statCards	4
101	25	97	home.stat-card	statCards	1
102	25	98	home.stat-card	statCards	2
103	25	99	home.stat-card	statCards	3
104	25	100	home.stat-card	statCards	4
105	26	101	home.stat-card	statCards	1
106	26	102	home.stat-card	statCards	2
107	26	103	home.stat-card	statCards	3
108	26	104	home.stat-card	statCards	4
9	3	9	home.stat-card	statCards	1
10	3	10	home.stat-card	statCards	2
11	3	11	home.stat-card	statCards	3
12	3	12	home.stat-card	statCards	4
17	5	17	home.stat-card	statCards	1
18	5	18	home.stat-card	statCards	2
19	5	19	home.stat-card	statCards	3
20	5	20	home.stat-card	statCards	4
21	6	21	home.stat-card	statCards	1
22	6	22	home.stat-card	statCards	2
23	6	23	home.stat-card	statCards	3
24	6	24	home.stat-card	statCards	4
29	8	29	home.stat-card	statCards	1
30	8	30	home.stat-card	statCards	2
31	8	31	home.stat-card	statCards	3
32	8	32	home.stat-card	statCards	4
141	29	113	home.stat-card	statCards	1
142	29	114	home.stat-card	statCards	2
143	29	115	home.stat-card	statCards	3
144	29	116	home.stat-card	statCards	4
145	30	117	home.stat-card	statCards	1
133	27	105	home.stat-card	statCards	1
134	27	106	home.stat-card	statCards	2
135	27	107	home.stat-card	statCards	3
136	27	108	home.stat-card	statCards	4
45	12	45	home.stat-card	statCards	1
46	12	46	home.stat-card	statCards	2
47	12	47	home.stat-card	statCards	3
48	12	48	home.stat-card	statCards	4
53	14	53	home.stat-card	statCards	1
54	14	54	home.stat-card	statCards	2
55	14	55	home.stat-card	statCards	3
56	14	56	home.stat-card	statCards	4
61	16	61	home.stat-card	statCards	1
62	16	62	home.stat-card	statCards	2
63	16	63	home.stat-card	statCards	3
64	16	64	home.stat-card	statCards	4
146	30	118	home.stat-card	statCards	2
147	30	119	home.stat-card	statCards	3
148	30	120	home.stat-card	statCards	4
149	31	121	home.stat-card	statCards	1
150	31	122	home.stat-card	statCards	2
151	31	123	home.stat-card	statCards	3
152	31	124	home.stat-card	statCards	4
153	32	125	home.stat-card	statCards	1
154	32	126	home.stat-card	statCards	2
155	32	127	home.stat-card	statCards	3
156	32	128	home.stat-card	statCards	4
157	33	129	home.stat-card	statCards	1
158	33	130	home.stat-card	statCards	2
159	33	131	home.stat-card	statCards	3
160	33	132	home.stat-card	statCards	4
161	34	133	home.stat-card	statCards	1
162	34	134	home.stat-card	statCards	2
163	34	135	home.stat-card	statCards	3
164	34	136	home.stat-card	statCards	4
165	35	137	home.stat-card	statCards	1
166	35	138	home.stat-card	statCards	2
167	35	139	home.stat-card	statCards	3
168	35	140	home.stat-card	statCards	4
169	36	141	home.stat-card	statCards	1
170	36	142	home.stat-card	statCards	2
171	36	143	home.stat-card	statCards	3
172	36	144	home.stat-card	statCards	4
177	37	145	home.stat-card	statCards	1
178	37	146	home.stat-card	statCards	2
179	37	147	home.stat-card	statCards	3
180	37	148	home.stat-card	statCards	4
185	38	149	home.stat-card	statCards	1
186	38	150	home.stat-card	statCards	2
187	38	151	home.stat-card	statCards	3
188	38	152	home.stat-card	statCards	4
201	40	157	home.stat-card	statCards	1
202	40	158	home.stat-card	statCards	2
203	40	159	home.stat-card	statCards	3
204	40	160	home.stat-card	statCards	4
205	41	161	home.stat-card	statCards	1
206	41	162	home.stat-card	statCards	2
207	41	163	home.stat-card	statCards	3
208	41	164	home.stat-card	statCards	4
209	42	165	home.stat-card	statCards	1
210	42	166	home.stat-card	statCards	2
211	42	167	home.stat-card	statCards	3
212	42	168	home.stat-card	statCards	4
213	43	169	home.stat-card	statCards	1
214	43	170	home.stat-card	statCards	2
215	43	171	home.stat-card	statCards	3
216	43	172	home.stat-card	statCards	4
217	44	173	home.stat-card	statCards	1
218	44	174	home.stat-card	statCards	2
219	44	175	home.stat-card	statCards	3
220	44	176	home.stat-card	statCards	4
221	45	177	home.stat-card	statCards	1
222	45	178	home.stat-card	statCards	2
223	45	179	home.stat-card	statCards	3
224	45	180	home.stat-card	statCards	4
225	46	181	home.stat-card	statCards	1
226	46	182	home.stat-card	statCards	2
227	46	183	home.stat-card	statCards	3
228	46	184	home.stat-card	statCards	4
229	47	185	home.stat-card	statCards	1
230	47	186	home.stat-card	statCards	2
231	47	187	home.stat-card	statCards	3
232	47	188	home.stat-card	statCards	4
233	48	189	home.stat-card	statCards	1
234	48	190	home.stat-card	statCards	2
235	48	191	home.stat-card	statCards	3
236	48	192	home.stat-card	statCards	4
269	49	193	home.stat-card	statCards	1
270	49	194	home.stat-card	statCards	2
271	49	195	home.stat-card	statCards	3
272	49	196	home.stat-card	statCards	4
197	39	153	home.stat-card	statCards	1
198	39	154	home.stat-card	statCards	2
199	39	155	home.stat-card	statCards	3
200	39	156	home.stat-card	statCards	4
329	50	197	home.stat-card	statCards	1
330	50	198	home.stat-card	statCards	2
\.


--
-- Data for Name: components_home_testimonials; Type: TABLE DATA; Schema: public; Owner: autotuanlinh_user
--

COPY public.components_home_testimonials (id, rating, testimonial, customer_name) FROM stdin;
19	5	Sn phm cht lng, dch v chuyn nghip. Rt hi lng!	Nguyn Vn A
20	5	Phim cch nhit dn rt p, nhn vin t vn nhit tnh.	Trn Th B
21	5	Gi c hp l, sn phm chnh hng. S quay li!	L Vn C
25	5	Sn phm cht lng, dch v chuyn nghip. Rt hi lng!	Nguyn Vn A
26	5	Phim cch nhit dn rt p, nhn vin t vn nhit tnh.	Trn Th B
27	5	Gi c hp l, sn phm chnh hng. S quay li!	L Vn C
31	5	Sn phm cht lng, dch v chuyn nghip. Rt hi lng!	Nguyn Vn A
32	5	Phim cch nhit dn rt p, nhn vin t vn nhit tnh.	Trn Th B
33	5	Gi c hp l, sn phm chnh hng. S quay li!	L Vn C
37	5	Sn phm cht lng, dch v chuyn nghip. Rt hi lng!	Nguyn Vn A
38	5	Phim cch nhit dn rt p, nhn vin t vn nhit tnh.	Trn Th B
39	5	Gi c hp l, sn phm chnh hng. S quay li!	L Vn C
43	5	Sn phm cht lng, dch v chuyn nghip. Rt hi lng!	Nguyn Vn A
44	5	Phim cch nhit dn rt p, nhn vin t vn nhit tnh.	Trn Th B
45	5	Gi c hp l, sn phm chnh hng. S quay li!	L Vn C
49	5	Sn phm cht lng, dch v chuyn nghip. Rt hi lng!	Nguyn Vn A
50	5	Phim cch nhit dn rt p, nhn vin t vn nhit tnh.	Trn Th B
51	5	Gi c hp l, sn phm chnh hng. S quay li!	L Vn C
52	5	Sn phm cht lng, dch v chuyn nghip. Rt hi lng!	Nguyn Vn A
53	5	Phim cch nhit dn rt p, nhn vin t vn nhit tnh.	Trn Th B
54	5	Gi c hp l, sn phm chnh hng. S quay li!	L Vn C
55	5	Sn phm cht lng, dch v chuyn nghip. Rt hi lng!	Nguyn Vn A
56	5	Phim cch nhit dn rt p, nhn vin t vn nhit tnh.	Trn Th B
57	5	Gi c hp l, sn phm chnh hng. S quay li!	L Vn C
58	5	Sn phm cht lng, dch v chuyn nghip. Rt hi lng!	Nguyn Vn A
59	5	Phim cch nhit dn rt p, nhn vin t vn nhit tnh.	Trn Th B
60	5	Gi c hp l, sn phm chnh hng. S quay li!	L Vn C
61	5	Sn phm cht lng, dch v chuyn nghip. Rt hi lng!	Nguyn Vn A
62	5	Phim cch nhit dn rt p, nhn vin t vn nhit tnh.	Trn Th B
63	5	Gi c hp l, sn phm chnh hng. S quay li!	L Vn C
64	5	Sn phm cht lng, dch v chuyn nghip. Rt hi lng!	Nguyn Vn A
7	5	Sn phm cht lng, dch v chuyn nghip. Rt hi lng!	Nguyn Vn A
8	5	Phim cch nhit dn rt p, nhn vin t vn nhit tnh.	Trn Th B
9	5	Gi c hp l, sn phm chnh hng. S quay li!	L Vn C
13	5	Sn phm cht lng, dch v chuyn nghip. Rt hi lng!	Nguyn Vn A
14	5	Phim cch nhit dn rt p, nhn vin t vn nhit tnh.	Trn Th B
15	5	Gi c hp l, sn phm chnh hng. S quay li!	L Vn C
16	5	Sn phm cht lng, dch v chuyn nghip. Rt hi lng!	Nguyn Vn A
17	5	Phim cch nhit dn rt p, nhn vin t vn nhit tnh.	Trn Th B
18	5	Gi c hp l, sn phm chnh hng. S quay li!	L Vn C
22	5	Sn phm cht lng, dch v chuyn nghip. Rt hi lng!	Nguyn Vn A
23	5	Phim cch nhit dn rt p, nhn vin t vn nhit tnh.	Trn Th B
24	5	Gi c hp l, sn phm chnh hng. S quay li!	L Vn C
34	5	Sn phm cht lng, dch v chuyn nghip. Rt hi lng!	Nguyn Vn A
35	5	Phim cch nhit dn rt p, nhn vin t vn nhit tnh.	Trn Th B
36	5	Gi c hp l, sn phm chnh hng. S quay li!	L Vn C
40	5	Sn phm cht lng, dch v chuyn nghip. Rt hi lng!	Nguyn Vn A
41	5	Phim cch nhit dn rt p, nhn vin t vn nhit tnh.	Trn Th B
42	5	Gi c hp l, sn phm chnh hng. S quay li!	L Vn C
48	5	Gi c hp l, sn phm chnh hng. S quay li!	L Vn C
46	5	Sn phm cht lng, dch v chuyn nghip. Rt hi lng!	Nguyn Vn A
47	5	Phim cch nhit dn rt p, nhn vin t vn nhit tnh.	Trn Th B
65	5	Phim cch nhit dn rt p, nhn vin t vn nhit tnh.	Trn Th B
66	5	Gi c hp l, sn phm chnh hng. S quay li!	L Vn C
73	5	Sn phm cht lng, dch v chuyn nghip. Rt hi lng!	Nguyn Vn A
74	5	Phim cch nhit dn rt p, nhn vin t vn nhit tnh.	Trn Th B
75	5	Gi c hp l, sn phm chnh hng. S quay li!	L Vn C
76	5	Sn phm cht lng, dch v chuyn nghip. Rt hi lng!	Nguyn Vn A
77	5	Phim cch nhit dn rt p, nhn vin t vn nhit tnh.	Trn Th B
78	5	Gi c hp l, sn phm chnh hng. S quay li!	L Vn C
85	5	Sn phm cht lng, dch v chuyn nghip. Rt hi lng!	Nguyn Vn A
86	5	Phim cch nhit dn rt p, nhn vin t vn nhit tnh.	Trn Th B
87	5	Gi c hp l, sn phm chnh hng. S quay li!	L Vn C
88	5	Sn phm cht lng, dch v chuyn nghip. Rt hi lng!	Nguyn Vn A
89	5	Phim cch nhit dn rt p, nhn vin t vn nhit tnh.	Trn Th B
90	5	Gi c hp l, sn phm chnh hng. S quay li!	L Vn C
91	5	Sn phm cht lng, dch v chuyn nghip. Rt hi lng!	Nguyn Vn A
92	5	Phim cch nhit dn rt p, nhn vin t vn nhit tnh.	Trn Th B
93	5	Gi c hp l, sn phm chnh hng. S quay li!	L Vn C
94	5	Sn phm cht lng, dch v chuyn nghip. Rt hi lng!	Nguyn Vn A
95	5	Phim cch nhit dn rt p, nhn vin t vn nhit tnh.	Trn Th B
96	5	Gi c hp l, sn phm chnh hng. S quay li!	L Vn C
97	5	Sn phm cht lng, dch v chuyn nghip. Rt hi lng!	Nguyn Vn A
98	5	Phim cch nhit dn rt p, nhn vin t vn nhit tnh.	Trn Th B
99	5	Gi c hp l, sn phm chnh hng. S quay li!	L Vn C
100	5	Sn phm cht lng, dch v chuyn nghip. Rt hi lng!	Nguyn Vn A
101	5	Phim cch nhit dn rt p, nhn vin t vn nhit tnh.	Trn Th B
102	5	Gi c hp l, sn phm chnh hng. S quay li!	L Vn C
103	5	Sn phm cht lng, dch v chuyn nghip. Rt hi lng!	Nguyn Vn A
104	5	Phim cch nhit dn rt p, nhn vin t vn nhit tnh.	Trn Th B
105	5	Gi c hp l, sn phm chnh hng. S quay li!	L Vn C
106	5	Sn phm cht lng, dch v chuyn nghip. Rt hi lng!	Nguyn Vn A
107	5	Phim cch nhit dn rt p, nhn vin t vn nhit tnh.	Trn Th B
108	5	Gi c hp l, sn phm chnh hng. S quay li!	L Vn C
79	5	Sn phm cht lng, dch v chuyn nghip. Rt hi lng!	Nguyn Vn A
80	5	Phim cch nhit dn rt p, nhn vin t vn nhit tnh.	Trn Th B
81	5	Gi c hp l, sn phm chnh hng. S quay li!	L Vn C
109	5	Sn phm cht lng, dch v chuyn nghip. Rt hi lng!	Nguyn Vn A
110	5	Phim cch nhit dn rt p, nhn vin t vn nhit tnh.	Trn Th B
111	5	Gi c hp l, sn phm chnh hng. S quay li!	L Vn C
112	5	Sn phm cht lng, dch v chuyn nghip. Rt hi lng!	Nguyn Vn A
113	5	Phim cch nhit dn rt p, nhn vin t vn nhit tnh.	Trn Th B
114	5	Gi c hp l, sn phm chnh hng. S quay li!	L Vn C
118	5	Sn phm cht lng, dch v chuyn nghip. Rt hi lng!	Nguyn Vn A
119	5	Phim cch nhit dn rt p, nhn vin t vn nhit tnh.	Trn Th B
120	5	Gi c hp l, sn phm chnh hng. S quay li!	L Vn C
121	5	Sn phm cht lng, dch v chuyn nghip. Rt hi lng!	Nguyn Vn A
122	5	Phim cch nhit dn rt p, nhn vin t vn nhit tnh.	Trn Th B
123	5	Gi c hp l, sn phm chnh hng. S quay li!	L Vn C
124	5	Sn phm cht lng, dch v chuyn nghip. Rt hi lng!	Nguyn Vn A
125	5	Phim cch nhit dn rt p, nhn vin t vn nhit tnh.	Trn Th B
126	5	Gi c hp l, sn phm chnh hng. S quay li!	L Vn C
127	5	Sn phm cht lng, dch v chuyn nghip. Rt hi lng!	Nguyn Vn A
128	5	Phim cch nhit dn rt p, nhn vin t vn nhit tnh.	Trn Th B
129	5	Gi c hp l, sn phm chnh hng. S quay li!	L Vn C
130	5	Sn phm cht lng, dch v chuyn nghip. Rt hi lng!	Nguyn Vn A
131	5	Phim cch nhit dn rt p, nhn vin t vn nhit tnh.	Trn Th B
132	5	Gi c hp l, sn phm chnh hng. S quay li!	L Vn C
133	5	Sn phm cht lng, dch v chuyn nghip. Rt hi lng!	Nguyn Vn A
134	5	Phim cch nhit dn rt p, nhn vin t vn nhit tnh.	Trn Th B
135	5	Gi c hp l, sn phm chnh hng. S quay li!	L Vn C
136	5	Sn phm cht lng, dch v chuyn nghip. Rt hi lng!	Nguyn Vn A
117	5	Gi c hp l, sn phm chnh hng. S quay li!	L Vn C
137	5	Phim cch nhit dn rt p, nhn vin t vn nhit tnh.	Trn Th B
138	5	Gi c hp l, sn phm chnh hng. S quay li!	L Vn C
139	5	Sn phm cht lng, dch v chuyn nghip. Rt hi lng!	Nguyn Vn A
140	5	Phim cch nhit dn rt p, nhn vin t vn nhit tnh.	Trn Th B
141	5	Gi c hp l, sn phm chnh hng. S quay li!	L Vn C
142	5	Sn phm cht lng, dch v chuyn nghip. Rt hi lng!	Nguyn Vn A
143	5	Phim cch nhit dn rt p, nhn vin t vn nhit tnh.	Trn Th B
144	5	Gi c hp l, sn phm chnh hng. S quay li!	L Vn C
115	5	Sn phm cht lng, dch v chuyn nghip. Rt hi lng!	Nguyn Vn A
116	5	Phim cch nhit dn rt p, nhn vin t vn nhit tnh.	Trn Th B
145	5	dsad	dsadsad
146	5	sdsadsad	sadasd
\.


--
-- Data for Name: components_home_testimonials_sections; Type: TABLE DATA; Schema: public; Owner: autotuanlinh_user
--

COPY public.components_home_testimonials_sections (id, title, subtitle) FROM stdin;
7	Khch hng ni g v chng ti	Nhng nh gi t khch hng  s dng dch v
9	Khch hng ni g v chng ti	Nhng nh gi t khch hng  s dng dch v
11	Khch hng ni g v chng ti	Nhng nh gi t khch hng  s dng dch v
13	Khch hng ni g v chng ti	Nhng nh gi t khch hng  s dng dch v
15	Khch hng ni g v chng ti	Nhng nh gi t khch hng  s dng dch v
17	Khch hng ni g v chng ti	Nhng nh gi t khch hng  s dng dch v
18	Khch hng ni g v chng ti	Nhng nh gi t khch hng  s dng dch v
19	Khch hng ni g v chng ti	Nhng nh gi t khch hng  s dng dch v
20	Khch hng ni g v chng ti	Nhng nh gi t khch hng  s dng dch v
21	Khch hng ni g v chng ti	Nhng nh gi t khch hng  s dng dch v
22	Khch hng ni g v chng ti	Nhng nh gi t khch hng  s dng dch v
43	Khch hng ni g v chng ti	Nhng nh gi t khch hng  s dng dch v
25	Khch hng ni g v chng ti	Nhng nh gi t khch hng  s dng dch v
26	Khch hng ni g v chng ti	Nhng nh gi t khch hng  s dng dch v
44	Khch hng ni g v chng ti	Nhng nh gi t khch hng  s dng dch v
45	Khch hng ni g v chng ti	Nhng nh gi t khch hng  s dng dch v
3	Khch hng ni g v chng ti	Nhng nh gi t khch hng  s dng dch v
5	Khch hng ni g v chng ti	Nhng nh gi t khch hng  s dng dch v
6	Khch hng ni g v chng ti	Nhng nh gi t khch hng  s dng dch v
8	Khch hng ni g v chng ti	Nhng nh gi t khch hng  s dng dch v
29	Khch hng ni g v chng ti	Nhng nh gi t khch hng  s dng dch v
30	Khch hng ni g v chng ti	Nhng nh gi t khch hng  s dng dch v
31	Khch hng ni g v chng ti	Nhng nh gi t khch hng  s dng dch v
32	Khch hng ni g v chng ti	Nhng nh gi t khch hng  s dng dch v
33	Khch hng ni g v chng ti	Nhng nh gi t khch hng  s dng dch v
34	Khch hng ni g v chng ti	Nhng nh gi t khch hng  s dng dch v
35	Khch hng ni g v chng ti	Nhng nh gi t khch hng  s dng dch v
36	Khch hng ni g v chng ti	Nhng nh gi t khch hng  s dng dch v
27	Khch hng ni g v chng ti	Nhng nh gi t khch hng  s dng dch v
37	Khch hng ni g v chng ti	Nhng nh gi t khch hng  s dng dch v
46	Khch hng ni g v chng ti	Nhng nh gi t khch hng  s dng dch v
38	Khch hng ni g v chng ti	Nhng nh gi t khch hng  s dng dch v
12	Khch hng ni g v chng ti	Nhng nh gi t khch hng  s dng dch v
14	Khch hng ni g v chng ti	Nhng nh gi t khch hng  s dng dch v
40	Khch hng ni g v chng ti	Nhng nh gi t khch hng  s dng dch v
41	Khch hng ni g v chng ti	Nhng nh gi t khch hng  s dng dch v
42	Khch hng ni g v chng ti	Nhng nh gi t khch hng  s dng dch v
47	Khch hng ni g v chng ti	Nhng nh gi t khch hng  s dng dch v
48	Khch hng ni g v chng ti	Nhng nh gi t khch hng  s dng dch v
39	Khch hng ni g v chng ti	Nhng nh gi t khch hng  s dng dch v
49	Khch hng ni g v chng ti	dsad
16	Khch hng ni g v chng ti	Nhng nh gi t khch hng  s dng dch v
50	Khch hng ni g v chng ti	dsaddas
\.


--
-- Data for Name: components_home_testimonials_sections_cmps; Type: TABLE DATA; Schema: public; Owner: autotuanlinh_user
--

COPY public.components_home_testimonials_sections_cmps (id, entity_id, cmp_id, component_type, field, "order") FROM stdin;
19	7	19	home.testimonial	testimonials	1
20	7	20	home.testimonial	testimonials	2
21	7	21	home.testimonial	testimonials	3
25	9	25	home.testimonial	testimonials	1
26	9	26	home.testimonial	testimonials	2
27	9	27	home.testimonial	testimonials	3
31	11	31	home.testimonial	testimonials	1
32	11	32	home.testimonial	testimonials	2
33	11	33	home.testimonial	testimonials	3
37	13	37	home.testimonial	testimonials	1
38	13	38	home.testimonial	testimonials	2
39	13	39	home.testimonial	testimonials	3
43	15	43	home.testimonial	testimonials	1
44	15	44	home.testimonial	testimonials	2
45	15	45	home.testimonial	testimonials	3
49	17	49	home.testimonial	testimonials	1
50	17	50	home.testimonial	testimonials	2
51	17	51	home.testimonial	testimonials	3
52	18	52	home.testimonial	testimonials	1
53	18	53	home.testimonial	testimonials	2
54	18	54	home.testimonial	testimonials	3
55	19	55	home.testimonial	testimonials	1
56	19	56	home.testimonial	testimonials	2
57	19	57	home.testimonial	testimonials	3
58	20	58	home.testimonial	testimonials	1
59	20	59	home.testimonial	testimonials	2
60	20	60	home.testimonial	testimonials	3
61	21	61	home.testimonial	testimonials	1
62	21	62	home.testimonial	testimonials	2
63	21	63	home.testimonial	testimonials	3
64	22	64	home.testimonial	testimonials	1
65	22	65	home.testimonial	testimonials	2
66	22	66	home.testimonial	testimonials	3
46	16	46	home.testimonial	testimonials	1
47	16	47	home.testimonial	testimonials	2
48	16	48	home.testimonial	testimonials	3
16	6	16	home.testimonial	testimonials	1
17	6	17	home.testimonial	testimonials	2
18	6	18	home.testimonial	testimonials	3
76	25	73	home.testimonial	testimonials	1
77	25	74	home.testimonial	testimonials	2
78	25	75	home.testimonial	testimonials	3
79	26	76	home.testimonial	testimonials	1
80	26	77	home.testimonial	testimonials	2
81	26	78	home.testimonial	testimonials	3
100	27	79	home.testimonial	testimonials	1
101	27	80	home.testimonial	testimonials	2
102	27	81	home.testimonial	testimonials	3
22	8	22	home.testimonial	testimonials	1
23	8	23	home.testimonial	testimonials	2
24	8	24	home.testimonial	testimonials	3
7	3	7	home.testimonial	testimonials	1
8	3	8	home.testimonial	testimonials	2
9	3	9	home.testimonial	testimonials	3
40	14	40	home.testimonial	testimonials	1
41	14	41	home.testimonial	testimonials	2
42	14	42	home.testimonial	testimonials	3
13	5	13	home.testimonial	testimonials	1
14	5	14	home.testimonial	testimonials	2
15	5	15	home.testimonial	testimonials	3
106	29	85	home.testimonial	testimonials	1
107	29	86	home.testimonial	testimonials	2
108	29	87	home.testimonial	testimonials	3
109	30	88	home.testimonial	testimonials	1
110	30	89	home.testimonial	testimonials	2
111	30	90	home.testimonial	testimonials	3
112	31	91	home.testimonial	testimonials	1
113	31	92	home.testimonial	testimonials	2
114	31	93	home.testimonial	testimonials	3
34	12	34	home.testimonial	testimonials	1
35	12	35	home.testimonial	testimonials	2
36	12	36	home.testimonial	testimonials	3
115	32	94	home.testimonial	testimonials	1
116	32	95	home.testimonial	testimonials	2
117	32	96	home.testimonial	testimonials	3
118	33	97	home.testimonial	testimonials	1
119	33	98	home.testimonial	testimonials	2
120	33	99	home.testimonial	testimonials	3
121	34	100	home.testimonial	testimonials	1
122	34	101	home.testimonial	testimonials	2
123	34	102	home.testimonial	testimonials	3
124	35	103	home.testimonial	testimonials	1
125	35	104	home.testimonial	testimonials	2
126	35	105	home.testimonial	testimonials	3
127	36	106	home.testimonial	testimonials	1
128	36	107	home.testimonial	testimonials	2
129	36	108	home.testimonial	testimonials	3
133	37	109	home.testimonial	testimonials	1
134	37	110	home.testimonial	testimonials	2
135	37	111	home.testimonial	testimonials	3
139	38	112	home.testimonial	testimonials	1
140	38	113	home.testimonial	testimonials	2
141	38	114	home.testimonial	testimonials	3
151	40	118	home.testimonial	testimonials	1
152	40	119	home.testimonial	testimonials	2
153	40	120	home.testimonial	testimonials	3
154	41	121	home.testimonial	testimonials	1
155	41	122	home.testimonial	testimonials	2
156	41	123	home.testimonial	testimonials	3
157	42	124	home.testimonial	testimonials	1
158	42	125	home.testimonial	testimonials	2
159	42	126	home.testimonial	testimonials	3
160	43	127	home.testimonial	testimonials	1
161	43	128	home.testimonial	testimonials	2
162	43	129	home.testimonial	testimonials	3
163	44	130	home.testimonial	testimonials	1
164	44	131	home.testimonial	testimonials	2
165	44	132	home.testimonial	testimonials	3
166	45	133	home.testimonial	testimonials	1
167	45	134	home.testimonial	testimonials	2
168	45	135	home.testimonial	testimonials	3
169	46	136	home.testimonial	testimonials	1
170	46	137	home.testimonial	testimonials	2
171	46	138	home.testimonial	testimonials	3
172	47	139	home.testimonial	testimonials	1
173	47	140	home.testimonial	testimonials	2
174	47	141	home.testimonial	testimonials	3
175	48	142	home.testimonial	testimonials	1
176	48	143	home.testimonial	testimonials	2
177	48	144	home.testimonial	testimonials	3
148	39	115	home.testimonial	testimonials	1
149	39	116	home.testimonial	testimonials	2
150	39	117	home.testimonial	testimonials	3
202	49	145	home.testimonial	testimonials	1
214	50	146	home.testimonial	testimonials	1
\.


--
-- Data for Name: components_home_why_choose_uss; Type: TABLE DATA; Schema: public; Owner: autotuanlinh_user
--

COPY public.components_home_why_choose_uss (id, title, subtitle) FROM stdin;
7	Ti sao chn Auto Tuan Linh?	Nhng l do khin hng ngn khch hng tin tng v la chn chng ti
9	Ti sao chn Auto Tuan Linh?	Nhng l do khin hng ngn khch hng tin tng v la chn chng ti
11	Ti sao chn Auto Tuan Linh?	Nhng l do khin hng ngn khch hng tin tng v la chn chng ti
13	Ti sao chn Auto Tuan Linh?	Nhng l do khin hng ngn khch hng tin tng v la chn chng ti
15	Ti sao chn Auto Tuan Linh?	Nhng l do khin hng ngn khch hng tin tng v la chn chng ti
17	Ti sao chn Auto Tuan Linh?	Nhng l do khin hng ngn khch hng tin tng v la chn chng ti
18	Ti sao chn Auto Tuan Linh?	Nhng l do khin hng ngn khch hng tin tng v la chn chng ti
19	Ti sao chn Auto Tuan Linh?	Nhng l do khin hng ngn khch hng tin tng v la chn chng ti
20	Ti sao chn Auto Tuan Linh?	Nhng l do khin hng ngn khch hng tin tng v la chn chng ti
21	Ti sao chn Auto Tuan Linh?	Nhng l do khin hng ngn khch hng tin tng v la chn chng ti
22	Ti sao chn Auto Tuan Linh?	Nhng l do khin hng ngn khch hng tin tng v la chn chng ti
14	Ti sao chn Auto Tuan Linh?	Nhng l do khin hng ngn khch hng tin tng v la chn chng ti
25	Ti sao chn Auto Tuan Linh?	Nhng l do khin hng ngn khch hng tin tng v la chn chng ti
26	Ti sao chn Auto Tuan Linh?	Nhng l do khin hng ngn khch hng tin tng v la chn chng ti
40	Ti sao chn Auto Tuan Linh?	Nhng l do khin hng ngn khch hng tin tng v la chn chng ti
3	Ti sao chn Auto Tuan Linh?	Nhng l do khin hng ngn khch hng tin tng v la chn chng ti
5	Ti sao chn Auto Tuan Linh?	Nhng l do khin hng ngn khch hng tin tng v la chn chng ti
6	Ti sao chn Auto Tuan Linh?	Nhng l do khin hng ngn khch hng tin tng v la chn chng ti
8	Ti sao chn Auto Tuan Linh?	Nhng l do khin hng ngn khch hng tin tng v la chn chng ti
29	Ti sao chn Auto Tuan Linh?	Nhng l do khin hng ngn khch hng tin tng v la chn chng ti
30	Ti sao chn Auto Tuan Linh?	Nhng l do khin hng ngn khch hng tin tng v la chn chng ti
31	Ti sao chn Auto Tuan Linh?	Nhng l do khin hng ngn khch hng tin tng v la chn chng ti
32	Ti sao chn Auto Tuan Linh?	Nhng l do khin hng ngn khch hng tin tng v la chn chng ti
33	Ti sao chn Auto Tuan Linh?	Nhng l do khin hng ngn khch hng tin tng v la chn chng ti
34	Ti sao chn Auto Tuan Linh?	Nhng l do khin hng ngn khch hng tin tng v la chn chng ti
35	Ti sao chn Auto Tuan Linh?	Nhng l do khin hng ngn khch hng tin tng v la chn chng ti
36	Ti sao chn Auto Tuan Linh?	Nhng l do khin hng ngn khch hng tin tng v la chn chng ti
27	Ti sao chn Auto Tuan Linh?	Nhng l do khin hng ngn khch hng tin tng v la chn chng ti
37	Ti sao chn Auto Tuan Linh?	Nhng l do khin hng ngn khch hng tin tng v la chn chng ti
41	Ti sao chn Auto Tuan Linh?	Nhng l do khin hng ngn khch hng tin tng v la chn chng ti
38	Ti sao chn Auto Tuan Linh?	Nhng l do khin hng ngn khch hng tin tng v la chn chng ti
12	Ti sao chn Auto Tuan Linh?	Nhng l do khin hng ngn khch hng tin tng v la chn chng ti
42	Ti sao chn Auto Tuan Linh?	Nhng l do khin hng ngn khch hng tin tng v la chn chng ti
43	Ti sao chn Auto Tuan Linh?	Nhng l do khin hng ngn khch hng tin tng v la chn chng ti
44	Ti sao chn Auto Tuan Linh?	Nhng l do khin hng ngn khch hng tin tng v la chn chng ti
45	Ti sao chn Auto Tuan Linh?	Nhng l do khin hng ngn khch hng tin tng v la chn chng ti
46	Ti sao chn Auto Tuan Linh?	Nhng l do khin hng ngn khch hng tin tng v la chn chng ti
47	Ti sao chn Auto Tuan Linh?	Nhng l do khin hng ngn khch hng tin tng v la chn chng ti
48	Ti sao chn Auto Tuan Linh?	Nhng l do khin hng ngn khch hng tin tng v la chn chng ti
39	Ti sao chn Auto Tuan Linh?	Nhng l do khin hng ngn khch hng tin tng v la chn chng ti
49	Ti sao chn Auto Tuan Linh?	sadsadasd
16	Ti sao chn Auto Tuan Linh?	Nhng l do khin hng ngn khch hng tin tng v la chn chng ti
\.


--
-- Data for Name: components_home_why_choose_uss_cmps; Type: TABLE DATA; Schema: public; Owner: autotuanlinh_user
--

COPY public.components_home_why_choose_uss_cmps (id, entity_id, cmp_id, component_type, field, "order") FROM stdin;
31	7	59	home.feature-card	featureCards	1
32	7	60	home.feature-card	featureCards	2
33	7	61	home.feature-card	featureCards	3
34	7	62	home.feature-card	featureCards	4
35	7	63	home.feature-card	featureCards	5
41	9	77	home.feature-card	featureCards	1
42	9	78	home.feature-card	featureCards	2
43	9	79	home.feature-card	featureCards	3
44	9	80	home.feature-card	featureCards	4
45	9	81	home.feature-card	featureCards	5
51	11	95	home.feature-card	featureCards	1
52	11	96	home.feature-card	featureCards	2
53	11	97	home.feature-card	featureCards	3
54	11	98	home.feature-card	featureCards	4
55	11	99	home.feature-card	featureCards	5
61	13	113	home.feature-card	featureCards	1
62	13	114	home.feature-card	featureCards	2
63	13	115	home.feature-card	featureCards	3
64	13	116	home.feature-card	featureCards	4
65	13	117	home.feature-card	featureCards	5
71	15	131	home.feature-card	featureCards	1
72	15	132	home.feature-card	featureCards	2
73	15	133	home.feature-card	featureCards	3
74	15	134	home.feature-card	featureCards	4
75	15	135	home.feature-card	featureCards	5
81	17	149	home.feature-card	featureCards	1
82	17	150	home.feature-card	featureCards	2
83	17	151	home.feature-card	featureCards	3
84	17	152	home.feature-card	featureCards	4
85	17	153	home.feature-card	featureCards	5
86	18	158	home.feature-card	featureCards	1
87	18	159	home.feature-card	featureCards	2
88	18	160	home.feature-card	featureCards	3
89	18	161	home.feature-card	featureCards	4
90	18	162	home.feature-card	featureCards	5
91	19	167	home.feature-card	featureCards	1
92	19	168	home.feature-card	featureCards	2
93	19	169	home.feature-card	featureCards	3
94	19	170	home.feature-card	featureCards	4
95	19	171	home.feature-card	featureCards	5
96	20	176	home.feature-card	featureCards	1
97	20	177	home.feature-card	featureCards	2
11	3	23	home.feature-card	featureCards	1
12	3	24	home.feature-card	featureCards	2
13	3	25	home.feature-card	featureCards	3
14	3	26	home.feature-card	featureCards	4
15	3	27	home.feature-card	featureCards	5
21	5	41	home.feature-card	featureCards	1
22	5	42	home.feature-card	featureCards	2
23	5	43	home.feature-card	featureCards	3
24	5	44	home.feature-card	featureCards	4
25	5	45	home.feature-card	featureCards	5
26	6	50	home.feature-card	featureCards	1
27	6	51	home.feature-card	featureCards	2
28	6	52	home.feature-card	featureCards	3
29	6	53	home.feature-card	featureCards	4
30	6	54	home.feature-card	featureCards	5
36	8	68	home.feature-card	featureCards	1
37	8	69	home.feature-card	featureCards	2
38	8	70	home.feature-card	featureCards	3
39	8	71	home.feature-card	featureCards	4
40	8	72	home.feature-card	featureCards	5
56	12	104	home.feature-card	featureCards	1
57	12	105	home.feature-card	featureCards	2
58	12	106	home.feature-card	featureCards	3
59	12	107	home.feature-card	featureCards	4
60	12	108	home.feature-card	featureCards	5
66	14	122	home.feature-card	featureCards	1
67	14	123	home.feature-card	featureCards	2
68	14	124	home.feature-card	featureCards	3
69	14	125	home.feature-card	featureCards	4
70	14	126	home.feature-card	featureCards	5
76	16	140	home.feature-card	featureCards	1
77	16	141	home.feature-card	featureCards	2
78	16	142	home.feature-card	featureCards	3
79	16	143	home.feature-card	featureCards	4
80	16	144	home.feature-card	featureCards	5
98	20	178	home.feature-card	featureCards	3
99	20	179	home.feature-card	featureCards	4
100	20	180	home.feature-card	featureCards	5
101	21	185	home.feature-card	featureCards	1
102	21	186	home.feature-card	featureCards	2
103	21	187	home.feature-card	featureCards	3
104	21	188	home.feature-card	featureCards	4
105	21	189	home.feature-card	featureCards	5
106	22	194	home.feature-card	featureCards	1
107	22	195	home.feature-card	featureCards	2
108	22	196	home.feature-card	featureCards	3
109	22	197	home.feature-card	featureCards	4
110	22	198	home.feature-card	featureCards	5
231	38	338	home.feature-card	featureCards	1
232	38	339	home.feature-card	featureCards	2
233	38	340	home.feature-card	featureCards	3
234	38	341	home.feature-card	featureCards	4
235	38	342	home.feature-card	featureCards	5
126	25	221	home.feature-card	featureCards	1
127	25	222	home.feature-card	featureCards	2
128	25	223	home.feature-card	featureCards	3
129	25	224	home.feature-card	featureCards	4
130	25	225	home.feature-card	featureCards	5
131	26	230	home.feature-card	featureCards	1
132	26	231	home.feature-card	featureCards	2
133	26	232	home.feature-card	featureCards	3
134	26	233	home.feature-card	featureCards	4
135	26	234	home.feature-card	featureCards	5
176	29	281	home.feature-card	featureCards	1
177	29	282	home.feature-card	featureCards	2
178	29	283	home.feature-card	featureCards	3
179	29	284	home.feature-card	featureCards	4
180	29	285	home.feature-card	featureCards	5
181	30	286	home.feature-card	featureCards	1
182	30	287	home.feature-card	featureCards	2
183	30	288	home.feature-card	featureCards	3
184	30	289	home.feature-card	featureCards	4
185	30	290	home.feature-card	featureCards	5
186	31	291	home.feature-card	featureCards	1
187	31	292	home.feature-card	featureCards	2
188	31	293	home.feature-card	featureCards	3
189	31	294	home.feature-card	featureCards	4
190	31	295	home.feature-card	featureCards	5
191	32	296	home.feature-card	featureCards	1
192	32	297	home.feature-card	featureCards	2
193	32	298	home.feature-card	featureCards	3
194	32	299	home.feature-card	featureCards	4
195	32	300	home.feature-card	featureCards	5
196	33	301	home.feature-card	featureCards	1
197	33	302	home.feature-card	featureCards	2
198	33	303	home.feature-card	featureCards	3
199	33	304	home.feature-card	featureCards	4
200	33	305	home.feature-card	featureCards	5
201	34	310	home.feature-card	featureCards	1
202	34	311	home.feature-card	featureCards	2
203	34	312	home.feature-card	featureCards	3
204	34	313	home.feature-card	featureCards	4
205	34	314	home.feature-card	featureCards	5
206	35	315	home.feature-card	featureCards	1
207	35	316	home.feature-card	featureCards	2
208	35	317	home.feature-card	featureCards	3
209	35	318	home.feature-card	featureCards	4
210	35	319	home.feature-card	featureCards	5
211	36	320	home.feature-card	featureCards	1
212	36	321	home.feature-card	featureCards	2
213	36	322	home.feature-card	featureCards	3
214	36	323	home.feature-card	featureCards	4
215	36	324	home.feature-card	featureCards	5
166	27	271	home.feature-card	featureCards	1
167	27	272	home.feature-card	featureCards	2
168	27	273	home.feature-card	featureCards	3
169	27	274	home.feature-card	featureCards	4
170	27	275	home.feature-card	featureCards	5
221	37	329	home.feature-card	featureCards	1
222	37	330	home.feature-card	featureCards	2
223	37	331	home.feature-card	featureCards	3
224	37	332	home.feature-card	featureCards	4
225	37	333	home.feature-card	featureCards	5
251	40	380	home.feature-card	featureCards	1
252	40	381	home.feature-card	featureCards	2
253	40	382	home.feature-card	featureCards	3
254	40	383	home.feature-card	featureCards	4
255	40	384	home.feature-card	featureCards	5
256	41	385	home.feature-card	featureCards	1
257	41	386	home.feature-card	featureCards	2
258	41	387	home.feature-card	featureCards	3
259	41	388	home.feature-card	featureCards	4
260	41	389	home.feature-card	featureCards	5
261	42	390	home.feature-card	featureCards	1
262	42	391	home.feature-card	featureCards	2
263	42	392	home.feature-card	featureCards	3
264	42	393	home.feature-card	featureCards	4
265	42	394	home.feature-card	featureCards	5
266	43	403	home.feature-card	featureCards	1
267	43	404	home.feature-card	featureCards	2
268	43	405	home.feature-card	featureCards	3
269	43	406	home.feature-card	featureCards	4
270	43	407	home.feature-card	featureCards	5
271	44	408	home.feature-card	featureCards	1
272	44	409	home.feature-card	featureCards	2
273	44	410	home.feature-card	featureCards	3
274	44	411	home.feature-card	featureCards	4
275	44	412	home.feature-card	featureCards	5
276	45	413	home.feature-card	featureCards	1
277	45	414	home.feature-card	featureCards	2
278	45	415	home.feature-card	featureCards	3
279	45	416	home.feature-card	featureCards	4
280	45	417	home.feature-card	featureCards	5
281	46	418	home.feature-card	featureCards	1
282	46	419	home.feature-card	featureCards	2
283	46	420	home.feature-card	featureCards	3
284	46	421	home.feature-card	featureCards	4
285	46	422	home.feature-card	featureCards	5
286	47	423	home.feature-card	featureCards	1
287	47	424	home.feature-card	featureCards	2
288	47	425	home.feature-card	featureCards	3
289	47	426	home.feature-card	featureCards	4
290	47	427	home.feature-card	featureCards	5
291	48	428	home.feature-card	featureCards	1
292	48	429	home.feature-card	featureCards	2
293	48	430	home.feature-card	featureCards	3
294	48	431	home.feature-card	featureCards	4
295	48	432	home.feature-card	featureCards	5
246	39	375	home.feature-card	featureCards	1
247	39	376	home.feature-card	featureCards	2
248	39	377	home.feature-card	featureCards	3
249	39	378	home.feature-card	featureCards	4
250	39	379	home.feature-card	featureCards	5
336	49	437	home.feature-card	featureCards	1
337	49	438	home.feature-card	featureCards	2
338	49	439	home.feature-card	featureCards	3
339	49	440	home.feature-card	featureCards	4
340	49	441	home.feature-card	featureCards	5
\.


--
-- Data for Name: components_shared_contact_info_items; Type: TABLE DATA; Schema: public; Owner: autotuanlinh_user
--

COPY public.components_shared_contact_info_items (id, title, value, url) FROM stdin;
7	Hotline 24/7	1900 123 456	tel:1900123456
8	Email h tr	info@autotuanlinh.com	mailto:info@autotuanlinh.com
9	a ch	123 ng ABC, Qun XYZ, TP.HCM	https://maps.google.com
10	Hotline 24/7	1900 123 456	tel:1900123456
11	Email h tr	info@autotuanlinh.com	mailto:info@autotuanlinh.com
12	a ch	123 ng ABC, Qun XYZ, TP.HCM	https://maps.google.com
13	Hotline 24/7	1900 123 456	tel:1900123456
14	Email h tr	info@autotuanlinh.com	mailto:info@autotuanlinh.com
15	a ch	123 ng ABC, Qun XYZ, TP.HCM	https://maps.google.com
16	Hotline 24/7	1900 123 456	tel:1900123456
17	Email h tr	info@autotuanlinh.com	mailto:info@autotuanlinh.com
18	a ch	123 ng ABC, Qun XYZ, TP.HCM	https://maps.google.com
19	Hotline 24/7	1900 123 456	tel:1900123456
20	Email h tr	info@autotuanlinh.com	mailto:info@autotuanlinh.com
21	a ch	123 ng ABC, Qun XYZ, TP.HCM	https://maps.google.com
22	Hotline 24/7	1900 123 456	tel:1900123456
23	Email h tr	info@autotuanlinh.com	mailto:info@autotuanlinh.com
24	a ch	123 ng ABC, Qun XYZ, TP.HCM	https://maps.google.com
25	Hotline 24/7	1900 123 456	tel:1900123456
26	Email h tr	info@autotuanlinh.com	mailto:info@autotuanlinh.com
27	a ch	123 ng ABC, Qun XYZ, TP.HCM	https://maps.google.com
28	Hotline 24/7	1900 123 456	tel:1900123456
29	Email h tr	info@autotuanlinh.com	mailto:info@autotuanlinh.com
30	a ch	123 ng ABC, Qun XYZ, TP.HCM	https://maps.google.com
31	Hotline 24/7	1900 123 456	tel:1900123456
32	Email h tr	info@autotuanlinh.com	mailto:info@autotuanlinh.com
33	a ch	123 ng ABC, Qun XYZ, TP.HCM	https://maps.google.com
34	Hotline 24/7	1900 123 456	tel:1900123456
35	Email h tr	info@autotuanlinh.com	mailto:info@autotuanlinh.com
36	a ch	123 ng ABC, Qun XYZ, TP.HCM	https://maps.google.com
37	Hotline 24/7	1900 123 456	tel:1900123456
38	Email h tr	info@autotuanlinh.com	mailto:info@autotuanlinh.com
39	a ch	123 ng ABC, Qun XYZ, TP.HCM	https://maps.google.com
40	Hotline 24/7	1900 123 456	tel:1900123456
41	Email h tr	info@autotuanlinh.com	mailto:info@autotuanlinh.com
42	a ch	123 ng ABC, Qun XYZ, TP.HCM	https://maps.google.com
43	Hotline 24/7	1900 123 456	tel:1900123456
44	Email h tr	info@autotuanlinh.com	mailto:info@autotuanlinh.com
45	a ch	123 ng ABC, Qun XYZ, TP.HCM	https://maps.google.com
46	Hotline 24/7	1900 123 456	tel:1900123456
47	Email h tr	info@autotuanlinh.com	mailto:info@autotuanlinh.com
48	a ch	123 ng ABC, Qun XYZ, TP.HCM	https://maps.google.com
49	Hotline 24/7	1900 123 456	tel:1900123456
50	Email h tr	info@autotuanlinh.com	mailto:info@autotuanlinh.com
51	a ch	123 ng ABC, Qun XYZ, TP.HCM	https://maps.google.com
52	Hotline 24/7	1900 123 456	tel:1900123456
53	Email h tr	info@autotuanlinh.com	mailto:info@autotuanlinh.com
54	a ch	123 ng ABC, Qun XYZ, TP.HCM	https://maps.google.com
55	Hotline 24/7	1900 123 456	tel:1900123456
56	Email h tr	info@autotuanlinh.com	mailto:info@autotuanlinh.com
57	a ch	123 ng ABC, Qun XYZ, TP.HCM	https://maps.google.com
58	Hotline 24/7	1900 123 456	tel:1900123456
59	Email h tr	info@autotuanlinh.com	mailto:info@autotuanlinh.com
60	a ch	123 ng ABC, Qun XYZ, TP.HCM	https://maps.google.com
61	Hotline 24/7	1900 123 456	tel:1900123456
62	Email h tr	info@autotuanlinh.com	mailto:info@autotuanlinh.com
63	a ch	123 ng ABC, Qun XYZ, TP.HCM	https://maps.google.com
64	Hotline 24/7	1900 123 456	tel:1900123456
65	Email h tr	info@autotuanlinh.com	mailto:info@autotuanlinh.com
66	a ch	123 ng ABC, Qun XYZ, TP.HCM	https://maps.google.com
1	Hotline 24/7 sadasdasd	1900 123 456	tel:1900123456
2	Email h tr	info@autotuanlinh.com	mailto:info@autotuanlinh.com
3	a ch	123 ng ABC, Qun XYZ, TP.HCM	https://maps.google.com
67	Hotline 24/7	1900 123 456	tel:1900123456
68	Email h tr	info@autotuanlinh.com	mailto:info@autotuanlinh.com
69	a ch	123 ng ABC, Qun XYZ, TP.HCM	https://maps.google.com
70	Hotline 24/7	1900 123 456	tel:1900123456
71	Email h tr	info@autotuanlinh.com	mailto:info@autotuanlinh.com
72	a ch	123 ng ABC, Qun XYZ, TP.HCM	https://maps.google.com
73	Hotline 24/7	1900 123 456	tel:1900123456
74	Email h tr	info@autotuanlinh.com	mailto:info@autotuanlinh.com
75	a ch	123 ng ABC, Qun XYZ, TP.HCM	https://maps.google.com
76	Hotline 24/7	1900 123 456	tel:1900123456
77	Email h tr	info@autotuanlinh.com	mailto:info@autotuanlinh.com
78	a ch	123 ng ABC, Qun XYZ, TP.HCM	https://maps.google.com
79	Hotline 24/7	1900 123 456	tel:1900123456
80	Email h tr	info@autotuanlinh.com	mailto:info@autotuanlinh.com
81	a ch	123 ng ABC, Qun XYZ, TP.HCM	https://maps.google.com
82	Hotline 24/7	1900 123 456	tel:1900123456
83	Email h tr	info@autotuanlinh.com	mailto:info@autotuanlinh.com
4	Hotline 24/7	1900 123 456	tel:1900123456
5	Email h tr	info@autotuanlinh.com	mailto:info@autotuanlinh.com
6	a ch	123 ng ABC, Qun XYZ, TP.HCM	https://maps.google.com
84	a ch	123 ng ABC, Qun XYZ, TP.HCM	https://maps.google.com
85	Hotline 24/7	1900 123 456	tel:1900123456
86	Email h tr	info@autotuanlinh.com	mailto:info@autotuanlinh.com
87	a ch	123 ng ABC, Qun XYZ, TP.HCM	https://maps.google.com
88	Hotline 24/7	1900 123 456	tel:1900123456
89	Email h tr	info@autotuanlinh.com	mailto:info@autotuanlinh.com
90	a ch	123 ng ABC, Qun XYZ, TP.HCM	https://maps.google.com
91	Hotline 24/7	1900 123 456	tel:1900123456
92	Email h tr	info@autotuanlinh.com	mailto:info@autotuanlinh.com
93	a ch	123 ng ABC, Qun XYZ, TP.HCM	https://maps.google.com
94	Hotline 24/7	1900 123 456	tel:1900123456
95	Email h tr	info@autotuanlinh.com	mailto:info@autotuanlinh.com
96	a ch	123 ng ABC, Qun XYZ, TP.HCM	https://maps.google.com
97	Hotline 24/7	1900 123 456	tel:1900123456
98	Email h tr	info@autotuanlinh.com	mailto:info@autotuanlinh.com
99	a ch	123 ng ABC, Qun XYZ, TP.HCM	https://maps.google.com
100	Hotline 24/7	1900 123 456	tel:1900123456
101	Email h tr	info@autotuanlinh.com	sdasdsdasd
102	a ch	123 ng ABC, Qun XYZ, TP.HCM	sdsadasdasd
\.


--
-- Data for Name: components_shared_cta_buttons; Type: TABLE DATA; Schema: public; Owner: autotuanlinh_user
--

COPY public.components_shared_cta_buttons (id, text, url, icon, style) FROM stdin;
1	dsdasda	/sdsadsadas	arrow-right	secondary
2	sdsadsa	/dsadasd	arrow-left	primary
3	dasdsadsad	/dasdasd	arrow-left	secondary
\.


--
-- Data for Name: components_shared_customer_infos; Type: TABLE DATA; Schema: public; Owner: autotuanlinh_user
--

COPY public.components_shared_customer_infos (id, ho_va_ten, so_dien_thoai, email, dia_chi, tinh_thanh_pho, quan_huyen, phuong_xa, ghi_chu) FROM stdin;
\.


--
-- Data for Name: components_shared_footer_columns; Type: TABLE DATA; Schema: public; Owner: autotuanlinh_user
--

COPY public.components_shared_footer_columns (id, heading) FROM stdin;
1	Sn phm
2	Dch v
3	H tr
7	Sn phm
8	Dch v
9	H tr
13	Sn phm
14	Dch v
15	H tr
19	Sn phm
20	Dch v
21	H tr
22	Sn phm
23	Dch v
24	H tr
25	Sn phm
26	Dch v
27	H tr
28	Sn phm
29	Dch v
30	H tr
31	Sn phm
32	Dch v
33	H tr
34	Sn phm
35	Dch v
36	H tr
37	Sn phm
38	Dch v
39	H tr
40	Sn phm
41	Dch v
42	H tr
43	Sn phm
44	Dch v
45	H tr
46	Sn phm
47	Dch v
48	H tr
49	Sn phm
50	Dch v
51	H tr
52	Sn phm
53	Dch v
54	H tr
55	Sn phm
56	Dch v
57	H tr
58	Sn phm
59	Dch v
60	H tr
61	Sn phm
62	Dch v
63	H tr
64	Sn phm
65	Dch v
66	H tr
67	Sn phm
68	Dch v
69	H tr
70	Sn phm
71	Dch v
72	H tr
73	Sn phm
74	Dch v
75	H tr
76	Sn phm
77	Dch v
78	H tr
79	Sn phm
80	Dch v
81	H tr
82	Sn phm
83	Dch v
84	H tr
85	Sn phm
86	Dch v
87	H tr
88	Sn phm
89	Dch v
90	H tr
91	Sn phm
92	Dch v
93	H tr
94	Sn phm
95	Dch v
96	H tr
97	Sn phm
98	Dch v
99	H tr
4	Sn phm
5	Dch v
6	H tr
10	Sn phm
11	Dch v
12	H tr
100	Sn phm
101	Dch v
102	H tr
\.


--
-- Data for Name: components_shared_footer_columns_cmps; Type: TABLE DATA; Schema: public; Owner: autotuanlinh_user
--

COPY public.components_shared_footer_columns_cmps (id, entity_id, cmp_id, component_type, field, "order") FROM stdin;
1	1	1	shared.footer-link	links	1
2	1	2	shared.footer-link	links	2
3	1	3	shared.footer-link	links	3
4	1	4	shared.footer-link	links	4
5	2	5	shared.footer-link	links	1
6	2	6	shared.footer-link	links	2
7	2	7	shared.footer-link	links	3
8	2	8	shared.footer-link	links	4
9	3	9	shared.footer-link	links	1
10	3	10	shared.footer-link	links	2
11	3	11	shared.footer-link	links	3
12	3	12	shared.footer-link	links	4
25	7	25	shared.footer-link	links	1
26	7	26	shared.footer-link	links	2
27	7	27	shared.footer-link	links	3
28	7	28	shared.footer-link	links	4
29	8	29	shared.footer-link	links	1
30	8	30	shared.footer-link	links	2
31	8	31	shared.footer-link	links	3
32	8	32	shared.footer-link	links	4
33	9	33	shared.footer-link	links	1
34	9	34	shared.footer-link	links	2
35	9	35	shared.footer-link	links	3
36	9	36	shared.footer-link	links	4
49	13	49	shared.footer-link	links	1
50	13	50	shared.footer-link	links	2
51	13	51	shared.footer-link	links	3
52	13	52	shared.footer-link	links	4
53	14	53	shared.footer-link	links	1
54	14	54	shared.footer-link	links	2
55	14	55	shared.footer-link	links	3
56	14	56	shared.footer-link	links	4
57	15	57	shared.footer-link	links	1
58	15	58	shared.footer-link	links	2
59	15	59	shared.footer-link	links	3
60	15	60	shared.footer-link	links	4
73	19	73	shared.footer-link	links	1
74	19	74	shared.footer-link	links	2
75	19	75	shared.footer-link	links	3
76	19	76	shared.footer-link	links	4
77	20	77	shared.footer-link	links	1
78	20	78	shared.footer-link	links	2
79	20	79	shared.footer-link	links	3
80	20	80	shared.footer-link	links	4
81	21	81	shared.footer-link	links	1
82	21	82	shared.footer-link	links	2
83	21	83	shared.footer-link	links	3
84	21	84	shared.footer-link	links	4
85	22	85	shared.footer-link	links	1
86	22	86	shared.footer-link	links	2
87	22	87	shared.footer-link	links	3
88	22	88	shared.footer-link	links	4
89	23	89	shared.footer-link	links	1
90	23	90	shared.footer-link	links	2
91	23	91	shared.footer-link	links	3
92	23	92	shared.footer-link	links	4
93	24	93	shared.footer-link	links	1
94	24	94	shared.footer-link	links	2
95	24	95	shared.footer-link	links	3
96	24	96	shared.footer-link	links	4
97	25	97	shared.footer-link	links	1
98	25	98	shared.footer-link	links	2
99	25	99	shared.footer-link	links	3
100	25	100	shared.footer-link	links	4
101	26	101	shared.footer-link	links	1
102	26	102	shared.footer-link	links	2
103	26	103	shared.footer-link	links	3
104	26	104	shared.footer-link	links	4
105	27	105	shared.footer-link	links	1
106	27	106	shared.footer-link	links	2
107	27	107	shared.footer-link	links	3
108	27	108	shared.footer-link	links	4
109	28	109	shared.footer-link	links	1
110	28	110	shared.footer-link	links	2
111	28	111	shared.footer-link	links	3
112	28	112	shared.footer-link	links	4
113	29	113	shared.footer-link	links	1
114	29	114	shared.footer-link	links	2
115	29	115	shared.footer-link	links	3
116	29	116	shared.footer-link	links	4
117	30	117	shared.footer-link	links	1
118	30	118	shared.footer-link	links	2
119	30	119	shared.footer-link	links	3
120	30	120	shared.footer-link	links	4
121	31	121	shared.footer-link	links	1
122	31	122	shared.footer-link	links	2
123	31	123	shared.footer-link	links	3
124	31	124	shared.footer-link	links	4
125	32	125	shared.footer-link	links	1
126	32	126	shared.footer-link	links	2
127	32	127	shared.footer-link	links	3
128	32	128	shared.footer-link	links	4
129	33	129	shared.footer-link	links	1
130	33	130	shared.footer-link	links	2
131	33	131	shared.footer-link	links	3
132	33	132	shared.footer-link	links	4
133	34	133	shared.footer-link	links	1
134	34	134	shared.footer-link	links	2
135	34	135	shared.footer-link	links	3
136	34	136	shared.footer-link	links	4
137	35	137	shared.footer-link	links	1
138	35	138	shared.footer-link	links	2
139	35	139	shared.footer-link	links	3
140	35	140	shared.footer-link	links	4
141	36	141	shared.footer-link	links	1
142	36	142	shared.footer-link	links	2
143	36	143	shared.footer-link	links	3
144	36	144	shared.footer-link	links	4
145	37	145	shared.footer-link	links	1
146	37	146	shared.footer-link	links	2
147	37	147	shared.footer-link	links	3
148	37	148	shared.footer-link	links	4
149	38	149	shared.footer-link	links	1
150	38	150	shared.footer-link	links	2
151	38	151	shared.footer-link	links	3
152	38	152	shared.footer-link	links	4
153	39	153	shared.footer-link	links	1
154	39	154	shared.footer-link	links	2
155	39	155	shared.footer-link	links	3
156	39	156	shared.footer-link	links	4
157	40	157	shared.footer-link	links	1
158	40	158	shared.footer-link	links	2
159	40	159	shared.footer-link	links	3
160	40	160	shared.footer-link	links	4
161	41	161	shared.footer-link	links	1
162	41	162	shared.footer-link	links	2
163	41	163	shared.footer-link	links	3
164	41	164	shared.footer-link	links	4
165	42	165	shared.footer-link	links	1
166	42	166	shared.footer-link	links	2
167	42	167	shared.footer-link	links	3
168	42	168	shared.footer-link	links	4
169	43	169	shared.footer-link	links	1
170	43	170	shared.footer-link	links	2
171	43	171	shared.footer-link	links	3
172	43	172	shared.footer-link	links	4
173	44	173	shared.footer-link	links	1
174	44	174	shared.footer-link	links	2
175	44	175	shared.footer-link	links	3
176	44	176	shared.footer-link	links	4
177	45	177	shared.footer-link	links	1
178	45	178	shared.footer-link	links	2
179	45	179	shared.footer-link	links	3
180	45	180	shared.footer-link	links	4
181	46	181	shared.footer-link	links	1
182	46	182	shared.footer-link	links	2
183	46	183	shared.footer-link	links	3
184	46	184	shared.footer-link	links	4
185	47	185	shared.footer-link	links	1
186	47	186	shared.footer-link	links	2
187	47	187	shared.footer-link	links	3
188	47	188	shared.footer-link	links	4
189	48	189	shared.footer-link	links	1
190	48	190	shared.footer-link	links	2
191	48	191	shared.footer-link	links	3
192	48	192	shared.footer-link	links	4
193	49	193	shared.footer-link	links	1
194	49	194	shared.footer-link	links	2
195	49	195	shared.footer-link	links	3
196	49	196	shared.footer-link	links	4
197	50	197	shared.footer-link	links	1
198	50	198	shared.footer-link	links	2
199	50	199	shared.footer-link	links	3
200	50	200	shared.footer-link	links	4
201	51	201	shared.footer-link	links	1
202	51	202	shared.footer-link	links	2
203	51	203	shared.footer-link	links	3
204	51	204	shared.footer-link	links	4
205	52	205	shared.footer-link	links	1
206	52	206	shared.footer-link	links	2
207	52	207	shared.footer-link	links	3
208	52	208	shared.footer-link	links	4
209	53	209	shared.footer-link	links	1
210	53	210	shared.footer-link	links	2
211	53	211	shared.footer-link	links	3
212	53	212	shared.footer-link	links	4
213	54	213	shared.footer-link	links	1
214	54	214	shared.footer-link	links	2
215	54	215	shared.footer-link	links	3
216	54	216	shared.footer-link	links	4
217	55	217	shared.footer-link	links	1
218	55	218	shared.footer-link	links	2
219	55	219	shared.footer-link	links	3
220	55	220	shared.footer-link	links	4
221	56	221	shared.footer-link	links	1
222	56	222	shared.footer-link	links	2
223	56	223	shared.footer-link	links	3
224	56	224	shared.footer-link	links	4
225	57	225	shared.footer-link	links	1
226	57	226	shared.footer-link	links	2
227	57	227	shared.footer-link	links	3
228	57	228	shared.footer-link	links	4
229	58	229	shared.footer-link	links	1
230	58	230	shared.footer-link	links	2
231	58	231	shared.footer-link	links	3
232	58	232	shared.footer-link	links	4
233	59	233	shared.footer-link	links	1
234	59	234	shared.footer-link	links	2
235	59	235	shared.footer-link	links	3
236	59	236	shared.footer-link	links	4
237	60	237	shared.footer-link	links	1
238	60	238	shared.footer-link	links	2
239	60	239	shared.footer-link	links	3
240	60	240	shared.footer-link	links	4
241	61	241	shared.footer-link	links	1
242	61	242	shared.footer-link	links	2
243	61	243	shared.footer-link	links	3
244	61	244	shared.footer-link	links	4
245	62	245	shared.footer-link	links	1
246	62	246	shared.footer-link	links	2
247	62	247	shared.footer-link	links	3
248	62	248	shared.footer-link	links	4
249	63	249	shared.footer-link	links	1
250	63	250	shared.footer-link	links	2
251	63	251	shared.footer-link	links	3
252	63	252	shared.footer-link	links	4
253	64	253	shared.footer-link	links	1
254	64	254	shared.footer-link	links	2
255	64	255	shared.footer-link	links	3
256	64	256	shared.footer-link	links	4
257	65	257	shared.footer-link	links	1
258	65	258	shared.footer-link	links	2
259	65	259	shared.footer-link	links	3
260	65	260	shared.footer-link	links	4
261	66	261	shared.footer-link	links	1
262	66	262	shared.footer-link	links	2
263	66	263	shared.footer-link	links	3
264	66	264	shared.footer-link	links	4
265	67	265	shared.footer-link	links	1
266	67	266	shared.footer-link	links	2
267	67	267	shared.footer-link	links	3
268	67	268	shared.footer-link	links	4
269	68	269	shared.footer-link	links	1
270	68	270	shared.footer-link	links	2
271	68	271	shared.footer-link	links	3
272	68	272	shared.footer-link	links	4
273	69	273	shared.footer-link	links	1
274	69	274	shared.footer-link	links	2
275	69	275	shared.footer-link	links	3
276	69	276	shared.footer-link	links	4
277	70	277	shared.footer-link	links	1
278	70	278	shared.footer-link	links	2
279	70	279	shared.footer-link	links	3
280	70	280	shared.footer-link	links	4
281	71	281	shared.footer-link	links	1
282	71	282	shared.footer-link	links	2
283	71	283	shared.footer-link	links	3
284	71	284	shared.footer-link	links	4
285	72	285	shared.footer-link	links	1
286	72	286	shared.footer-link	links	2
287	72	287	shared.footer-link	links	3
288	72	288	shared.footer-link	links	4
289	73	289	shared.footer-link	links	1
290	73	290	shared.footer-link	links	2
291	73	291	shared.footer-link	links	3
292	73	292	shared.footer-link	links	4
293	74	293	shared.footer-link	links	1
294	74	294	shared.footer-link	links	2
295	74	295	shared.footer-link	links	3
296	74	296	shared.footer-link	links	4
297	75	297	shared.footer-link	links	1
298	75	298	shared.footer-link	links	2
299	75	299	shared.footer-link	links	3
300	75	300	shared.footer-link	links	4
301	76	301	shared.footer-link	links	1
302	76	302	shared.footer-link	links	2
303	76	303	shared.footer-link	links	3
304	76	304	shared.footer-link	links	4
305	77	305	shared.footer-link	links	1
306	77	306	shared.footer-link	links	2
307	77	307	shared.footer-link	links	3
308	77	308	shared.footer-link	links	4
309	78	309	shared.footer-link	links	1
310	78	310	shared.footer-link	links	2
311	78	311	shared.footer-link	links	3
312	78	312	shared.footer-link	links	4
313	79	313	shared.footer-link	links	1
314	79	314	shared.footer-link	links	2
315	79	315	shared.footer-link	links	3
316	79	316	shared.footer-link	links	4
317	80	317	shared.footer-link	links	1
318	80	318	shared.footer-link	links	2
319	80	319	shared.footer-link	links	3
320	80	320	shared.footer-link	links	4
321	81	321	shared.footer-link	links	1
322	81	322	shared.footer-link	links	2
323	81	323	shared.footer-link	links	3
324	81	324	shared.footer-link	links	4
325	82	325	shared.footer-link	links	1
326	82	326	shared.footer-link	links	2
327	82	327	shared.footer-link	links	3
328	82	328	shared.footer-link	links	4
329	83	329	shared.footer-link	links	1
330	83	330	shared.footer-link	links	2
331	83	331	shared.footer-link	links	3
332	83	332	shared.footer-link	links	4
333	84	333	shared.footer-link	links	1
334	84	334	shared.footer-link	links	2
335	84	335	shared.footer-link	links	3
336	84	336	shared.footer-link	links	4
337	85	337	shared.footer-link	links	1
338	85	338	shared.footer-link	links	2
339	85	339	shared.footer-link	links	3
340	85	340	shared.footer-link	links	4
341	86	341	shared.footer-link	links	1
342	86	342	shared.footer-link	links	2
343	86	343	shared.footer-link	links	3
344	86	344	shared.footer-link	links	4
345	87	345	shared.footer-link	links	1
346	87	346	shared.footer-link	links	2
347	87	347	shared.footer-link	links	3
348	87	348	shared.footer-link	links	4
349	88	349	shared.footer-link	links	1
350	88	350	shared.footer-link	links	2
351	88	351	shared.footer-link	links	3
352	88	352	shared.footer-link	links	4
353	89	353	shared.footer-link	links	1
354	89	354	shared.footer-link	links	2
355	89	355	shared.footer-link	links	3
356	89	356	shared.footer-link	links	4
357	90	357	shared.footer-link	links	1
358	90	358	shared.footer-link	links	2
359	90	359	shared.footer-link	links	3
360	90	360	shared.footer-link	links	4
361	91	361	shared.footer-link	links	1
362	91	362	shared.footer-link	links	2
363	91	363	shared.footer-link	links	3
364	91	364	shared.footer-link	links	4
365	92	365	shared.footer-link	links	1
366	92	366	shared.footer-link	links	2
367	92	367	shared.footer-link	links	3
368	92	368	shared.footer-link	links	4
369	93	369	shared.footer-link	links	1
370	93	370	shared.footer-link	links	2
371	93	371	shared.footer-link	links	3
372	93	372	shared.footer-link	links	4
373	94	373	shared.footer-link	links	1
374	94	374	shared.footer-link	links	2
375	94	375	shared.footer-link	links	3
376	94	376	shared.footer-link	links	4
377	95	377	shared.footer-link	links	1
378	95	378	shared.footer-link	links	2
379	95	379	shared.footer-link	links	3
380	95	380	shared.footer-link	links	4
381	96	381	shared.footer-link	links	1
382	96	382	shared.footer-link	links	2
383	96	383	shared.footer-link	links	3
384	96	384	shared.footer-link	links	4
385	97	385	shared.footer-link	links	1
386	97	386	shared.footer-link	links	2
387	97	387	shared.footer-link	links	3
388	97	388	shared.footer-link	links	4
389	98	389	shared.footer-link	links	1
390	98	390	shared.footer-link	links	2
391	98	391	shared.footer-link	links	3
392	98	392	shared.footer-link	links	4
393	99	393	shared.footer-link	links	1
394	99	394	shared.footer-link	links	2
395	99	395	shared.footer-link	links	3
396	99	396	shared.footer-link	links	4
13	4	13	shared.footer-link	links	1
14	4	14	shared.footer-link	links	2
15	4	15	shared.footer-link	links	3
16	4	16	shared.footer-link	links	4
17	5	17	shared.footer-link	links	1
18	5	18	shared.footer-link	links	2
19	5	19	shared.footer-link	links	3
20	5	20	shared.footer-link	links	4
21	6	21	shared.footer-link	links	1
22	6	22	shared.footer-link	links	2
23	6	23	shared.footer-link	links	3
24	6	24	shared.footer-link	links	4
37	10	37	shared.footer-link	links	1
38	10	38	shared.footer-link	links	2
39	10	39	shared.footer-link	links	3
40	10	40	shared.footer-link	links	4
41	11	41	shared.footer-link	links	1
42	11	42	shared.footer-link	links	2
43	11	43	shared.footer-link	links	3
44	11	44	shared.footer-link	links	4
45	12	45	shared.footer-link	links	1
46	12	46	shared.footer-link	links	2
47	12	47	shared.footer-link	links	3
48	12	48	shared.footer-link	links	4
421	100	397	shared.footer-link	links	1
422	100	398	shared.footer-link	links	2
423	100	399	shared.footer-link	links	3
424	101	400	shared.footer-link	links	1
425	101	401	shared.footer-link	links	2
426	101	402	shared.footer-link	links	3
427	102	403	shared.footer-link	links	1
428	102	404	shared.footer-link	links	2
\.


--
-- Data for Name: components_shared_footer_links; Type: TABLE DATA; Schema: public; Owner: autotuanlinh_user
--

COPY public.components_shared_footer_links (id, text, url) FROM stdin;
1	Ph kin ni tht	/san-pham/phu-kien-noi-that
2	Ph kin ngoi tht	/san-pham/phu-kien-ngoai-that
3	 chi xe hi	/san-pham/do-choi-xe-hoi
4	Bo dng	/san-pham/bao-duong
5	Dn phim cch nhit	/dich-vu/dan-phim-cach-nhiet
6	Bc gh da	/dich-vu/boc-ghe-da
7	Nng cp m thanh	/dich-vu/nang-cap-am-thanh
8	Sa cha	/dich-vu/sua-chua
9	Hng dn mua hng	/huong-dan-mua-hang
10	Cu hi thng gp	/cau-hoi-thuong-gap
11	Chnh sch i tr	/chinh-sach-doi-tra
12	Bo mt thng tin	/bao-mat-thong-tin
25	Ph kin ni tht	/san-pham/phu-kien-noi-that
26	Ph kin ngoi tht	/san-pham/phu-kien-ngoai-that
27	 chi xe hi	/san-pham/do-choi-xe-hoi
28	Bo dng	/san-pham/bao-duong
29	Dn phim cch nhit	/dich-vu/dan-phim-cach-nhiet
30	Bc gh da	/dich-vu/boc-ghe-da
31	Nng cp m thanh	/dich-vu/nang-cap-am-thanh
32	Sa cha	/dich-vu/sua-chua
33	Hng dn mua hng	/huong-dan-mua-hang
34	Cu hi thng gp	/cau-hoi-thuong-gap
35	Chnh sch i tr	/chinh-sach-doi-tra
36	Bo mt thng tin	/bao-mat-thong-tin
49	Ph kin ni tht	/san-pham/phu-kien-noi-that
50	Ph kin ngoi tht	/san-pham/phu-kien-ngoai-that
51	 chi xe hi	/san-pham/do-choi-xe-hoi
52	Bo dng	/san-pham/bao-duong
53	Dn phim cch nhit	/dich-vu/dan-phim-cach-nhiet
54	Bc gh da	/dich-vu/boc-ghe-da
55	Nng cp m thanh	/dich-vu/nang-cap-am-thanh
56	Sa cha	/dich-vu/sua-chua
57	Hng dn mua hng	/huong-dan-mua-hang
58	Cu hi thng gp	/cau-hoi-thuong-gap
59	Chnh sch i tr	/chinh-sach-doi-tra
60	Bo mt thng tin	/bao-mat-thong-tin
73	Ph kin ni tht	/san-pham/phu-kien-noi-that
74	Ph kin ngoi tht	/san-pham/phu-kien-ngoai-that
75	 chi xe hi	/san-pham/do-choi-xe-hoi
76	Bo dng	/san-pham/bao-duong
77	Dn phim cch nhit	/dich-vu/dan-phim-cach-nhiet
78	Bc gh da	/dich-vu/boc-ghe-da
79	Nng cp m thanh	/dich-vu/nang-cap-am-thanh
80	Sa cha	/dich-vu/sua-chua
81	Hng dn mua hng	/huong-dan-mua-hang
82	Cu hi thng gp	/cau-hoi-thuong-gap
83	Chnh sch i tr	/chinh-sach-doi-tra
84	Bo mt thng tin	/bao-mat-thong-tin
85	Ph kin ni tht	/san-pham/phu-kien-noi-that
86	Ph kin ngoi tht	/san-pham/phu-kien-ngoai-that
87	 chi xe hi	/san-pham/do-choi-xe-hoi
88	Bo dng	/san-pham/bao-duong
89	Dn phim cch nhit	/dich-vu/dan-phim-cach-nhiet
90	Bc gh da	/dich-vu/boc-ghe-da
91	Nng cp m thanh	/dich-vu/nang-cap-am-thanh
92	Sa cha	/dich-vu/sua-chua
93	Hng dn mua hng	/huong-dan-mua-hang
94	Cu hi thng gp	/cau-hoi-thuong-gap
95	Chnh sch i tr	/chinh-sach-doi-tra
96	Bo mt thng tin	/bao-mat-thong-tin
97	Ph kin ni tht	/san-pham/phu-kien-noi-that
98	Ph kin ngoi tht	/san-pham/phu-kien-ngoai-that
99	 chi xe hi	/san-pham/do-choi-xe-hoi
100	Bo dng	/san-pham/bao-duong
37	Ph kin ni tht	/san-pham/phu-kien-noi-that
38	Ph kin ngoi tht	/san-pham/phu-kien-ngoai-that
39	 chi xe hi	/san-pham/do-choi-xe-hoi
40	Bo dng	/san-pham/bao-duong
41	Dn phim cch nhit	/dich-vu/dan-phim-cach-nhiet
42	Bc gh da	/dich-vu/boc-ghe-da
43	Nng cp m thanh	/dich-vu/nang-cap-am-thanh
44	Sa cha	/dich-vu/sua-chua
45	Hng dn mua hng	/huong-dan-mua-hang
46	Cu hi thng gp	/cau-hoi-thuong-gap
47	Chnh sch i tr	/chinh-sach-doi-tra
101	Dn phim cch nhit	/dich-vu/dan-phim-cach-nhiet
102	Bc gh da	/dich-vu/boc-ghe-da
103	Nng cp m thanh	/dich-vu/nang-cap-am-thanh
104	Sa cha	/dich-vu/sua-chua
105	Hng dn mua hng	/huong-dan-mua-hang
106	Cu hi thng gp	/cau-hoi-thuong-gap
107	Chnh sch i tr	/chinh-sach-doi-tra
108	Bo mt thng tin	/bao-mat-thong-tin
109	Ph kin ni tht	/san-pham/phu-kien-noi-that
110	Ph kin ngoi tht	/san-pham/phu-kien-ngoai-that
111	 chi xe hi	/san-pham/do-choi-xe-hoi
112	Bo dng	/san-pham/bao-duong
113	Dn phim cch nhit	/dich-vu/dan-phim-cach-nhiet
114	Bc gh da	/dich-vu/boc-ghe-da
115	Nng cp m thanh	/dich-vu/nang-cap-am-thanh
116	Sa cha	/dich-vu/sua-chua
117	Hng dn mua hng	/huong-dan-mua-hang
118	Cu hi thng gp	/cau-hoi-thuong-gap
119	Chnh sch i tr	/chinh-sach-doi-tra
120	Bo mt thng tin	/bao-mat-thong-tin
121	Ph kin ni tht	/san-pham/phu-kien-noi-that
122	Ph kin ngoi tht	/san-pham/phu-kien-ngoai-that
123	 chi xe hi	/san-pham/do-choi-xe-hoi
124	Bo dng	/san-pham/bao-duong
125	Dn phim cch nhit	/dich-vu/dan-phim-cach-nhiet
126	Bc gh da	/dich-vu/boc-ghe-da
127	Nng cp m thanh	/dich-vu/nang-cap-am-thanh
128	Sa cha	/dich-vu/sua-chua
129	Hng dn mua hng	/huong-dan-mua-hang
130	Cu hi thng gp	/cau-hoi-thuong-gap
131	Chnh sch i tr	/chinh-sach-doi-tra
132	Bo mt thng tin	/bao-mat-thong-tin
133	Ph kin ni tht	/san-pham/phu-kien-noi-that
134	Ph kin ngoi tht	/san-pham/phu-kien-ngoai-that
135	 chi xe hi	/san-pham/do-choi-xe-hoi
136	Bo dng	/san-pham/bao-duong
137	Dn phim cch nhit	/dich-vu/dan-phim-cach-nhiet
138	Bc gh da	/dich-vu/boc-ghe-da
139	Nng cp m thanh	/dich-vu/nang-cap-am-thanh
140	Sa cha	/dich-vu/sua-chua
141	Hng dn mua hng	/huong-dan-mua-hang
142	Cu hi thng gp	/cau-hoi-thuong-gap
143	Chnh sch i tr	/chinh-sach-doi-tra
144	Bo mt thng tin	/bao-mat-thong-tin
145	Ph kin ni tht	/san-pham/phu-kien-noi-that
146	Ph kin ngoi tht	/san-pham/phu-kien-ngoai-that
147	 chi xe hi	/san-pham/do-choi-xe-hoi
148	Bo dng	/san-pham/bao-duong
149	Dn phim cch nhit	/dich-vu/dan-phim-cach-nhiet
150	Bc gh da	/dich-vu/boc-ghe-da
151	Nng cp m thanh	/dich-vu/nang-cap-am-thanh
152	Sa cha	/dich-vu/sua-chua
153	Hng dn mua hng	/huong-dan-mua-hang
154	Cu hi thng gp	/cau-hoi-thuong-gap
155	Chnh sch i tr	/chinh-sach-doi-tra
156	Bo mt thng tin	/bao-mat-thong-tin
157	Ph kin ni tht	/san-pham/phu-kien-noi-that
158	Ph kin ngoi tht	/san-pham/phu-kien-ngoai-that
159	 chi xe hi	/san-pham/do-choi-xe-hoi
160	Bo dng	/san-pham/bao-duong
161	Dn phim cch nhit	/dich-vu/dan-phim-cach-nhiet
162	Bc gh da	/dich-vu/boc-ghe-da
163	Nng cp m thanh	/dich-vu/nang-cap-am-thanh
164	Sa cha	/dich-vu/sua-chua
165	Hng dn mua hng	/huong-dan-mua-hang
166	Cu hi thng gp	/cau-hoi-thuong-gap
167	Chnh sch i tr	/chinh-sach-doi-tra
168	Bo mt thng tin	/bao-mat-thong-tin
169	Ph kin ni tht	/san-pham/phu-kien-noi-that
170	Ph kin ngoi tht	/san-pham/phu-kien-ngoai-that
171	 chi xe hi	/san-pham/do-choi-xe-hoi
172	Bo dng	/san-pham/bao-duong
173	Dn phim cch nhit	/dich-vu/dan-phim-cach-nhiet
174	Bc gh da	/dich-vu/boc-ghe-da
175	Nng cp m thanh	/dich-vu/nang-cap-am-thanh
176	Sa cha	/dich-vu/sua-chua
177	Hng dn mua hng	/huong-dan-mua-hang
178	Cu hi thng gp	/cau-hoi-thuong-gap
179	Chnh sch i tr	/chinh-sach-doi-tra
180	Bo mt thng tin	/bao-mat-thong-tin
181	Ph kin ni tht	/san-pham/phu-kien-noi-that
182	Ph kin ngoi tht	/san-pham/phu-kien-ngoai-that
183	 chi xe hi	/san-pham/do-choi-xe-hoi
184	Bo dng	/san-pham/bao-duong
185	Dn phim cch nhit	/dich-vu/dan-phim-cach-nhiet
186	Bc gh da	/dich-vu/boc-ghe-da
187	Nng cp m thanh	/dich-vu/nang-cap-am-thanh
188	Sa cha	/dich-vu/sua-chua
189	Hng dn mua hng	/huong-dan-mua-hang
190	Cu hi thng gp	/cau-hoi-thuong-gap
191	Chnh sch i tr	/chinh-sach-doi-tra
192	Bo mt thng tin	/bao-mat-thong-tin
193	Ph kin ni tht	/san-pham/phu-kien-noi-that
194	Ph kin ngoi tht	/san-pham/phu-kien-ngoai-that
195	 chi xe hi	/san-pham/do-choi-xe-hoi
196	Bo dng	/san-pham/bao-duong
197	Dn phim cch nhit	/dich-vu/dan-phim-cach-nhiet
198	Bc gh da	/dich-vu/boc-ghe-da
199	Nng cp m thanh	/dich-vu/nang-cap-am-thanh
200	Sa cha	/dich-vu/sua-chua
201	Hng dn mua hng	/huong-dan-mua-hang
202	Cu hi thng gp	/cau-hoi-thuong-gap
203	Chnh sch i tr	/chinh-sach-doi-tra
204	Bo mt thng tin	/bao-mat-thong-tin
205	Ph kin ni tht	/san-pham/phu-kien-noi-that
206	Ph kin ngoi tht	/san-pham/phu-kien-ngoai-that
207	 chi xe hi	/san-pham/do-choi-xe-hoi
208	Bo dng	/san-pham/bao-duong
209	Dn phim cch nhit	/dich-vu/dan-phim-cach-nhiet
210	Bc gh da	/dich-vu/boc-ghe-da
211	Nng cp m thanh	/dich-vu/nang-cap-am-thanh
212	Sa cha	/dich-vu/sua-chua
213	Hng dn mua hng	/huong-dan-mua-hang
214	Cu hi thng gp	/cau-hoi-thuong-gap
215	Chnh sch i tr	/chinh-sach-doi-tra
216	Bo mt thng tin	/bao-mat-thong-tin
217	Ph kin ni tht	/san-pham/phu-kien-noi-that
218	Ph kin ngoi tht	/san-pham/phu-kien-ngoai-that
219	 chi xe hi	/san-pham/do-choi-xe-hoi
220	Bo dng	/san-pham/bao-duong
221	Dn phim cch nhit	/dich-vu/dan-phim-cach-nhiet
222	Bc gh da	/dich-vu/boc-ghe-da
223	Nng cp m thanh	/dich-vu/nang-cap-am-thanh
224	Sa cha	/dich-vu/sua-chua
225	Hng dn mua hng	/huong-dan-mua-hang
226	Cu hi thng gp	/cau-hoi-thuong-gap
227	Chnh sch i tr	/chinh-sach-doi-tra
228	Bo mt thng tin	/bao-mat-thong-tin
229	Ph kin ni tht	/san-pham/phu-kien-noi-that
230	Ph kin ngoi tht	/san-pham/phu-kien-ngoai-that
231	 chi xe hi	/san-pham/do-choi-xe-hoi
232	Bo dng	/san-pham/bao-duong
233	Dn phim cch nhit	/dich-vu/dan-phim-cach-nhiet
234	Bc gh da	/dich-vu/boc-ghe-da
235	Nng cp m thanh	/dich-vu/nang-cap-am-thanh
236	Sa cha	/dich-vu/sua-chua
237	Hng dn mua hng	/huong-dan-mua-hang
238	Cu hi thng gp	/cau-hoi-thuong-gap
239	Chnh sch i tr	/chinh-sach-doi-tra
240	Bo mt thng tin	/bao-mat-thong-tin
241	Ph kin ni tht	/san-pham/phu-kien-noi-that
242	Ph kin ngoi tht	/san-pham/phu-kien-ngoai-that
243	 chi xe hi	/san-pham/do-choi-xe-hoi
244	Bo dng	/san-pham/bao-duong
245	Dn phim cch nhit	/dich-vu/dan-phim-cach-nhiet
246	Bc gh da	/dich-vu/boc-ghe-da
247	Nng cp m thanh	/dich-vu/nang-cap-am-thanh
248	Sa cha	/dich-vu/sua-chua
249	Hng dn mua hng	/huong-dan-mua-hang
250	Cu hi thng gp	/cau-hoi-thuong-gap
251	Chnh sch i tr	/chinh-sach-doi-tra
252	Bo mt thng tin	/bao-mat-thong-tin
253	Ph kin ni tht	/san-pham/phu-kien-noi-that
254	Ph kin ngoi tht	/san-pham/phu-kien-ngoai-that
255	 chi xe hi	/san-pham/do-choi-xe-hoi
256	Bo dng	/san-pham/bao-duong
257	Dn phim cch nhit	/dich-vu/dan-phim-cach-nhiet
258	Bc gh da	/dich-vu/boc-ghe-da
259	Nng cp m thanh	/dich-vu/nang-cap-am-thanh
260	Sa cha	/dich-vu/sua-chua
261	Hng dn mua hng	/huong-dan-mua-hang
262	Cu hi thng gp	/cau-hoi-thuong-gap
263	Chnh sch i tr	/chinh-sach-doi-tra
264	Bo mt thng tin	/bao-mat-thong-tin
265	Ph kin ni tht	/san-pham/phu-kien-noi-that
266	Ph kin ngoi tht	/san-pham/phu-kien-ngoai-that
267	 chi xe hi	/san-pham/do-choi-xe-hoi
268	Bo dng	/san-pham/bao-duong
269	Dn phim cch nhit	/dich-vu/dan-phim-cach-nhiet
270	Bc gh da	/dich-vu/boc-ghe-da
271	Nng cp m thanh	/dich-vu/nang-cap-am-thanh
272	Sa cha	/dich-vu/sua-chua
273	Hng dn mua hng	/huong-dan-mua-hang
274	Cu hi thng gp	/cau-hoi-thuong-gap
275	Chnh sch i tr	/chinh-sach-doi-tra
276	Bo mt thng tin	/bao-mat-thong-tin
277	Ph kin ni tht	/san-pham/phu-kien-noi-that
278	Ph kin ngoi tht	/san-pham/phu-kien-ngoai-that
279	 chi xe hi	/san-pham/do-choi-xe-hoi
280	Bo dng	/san-pham/bao-duong
281	Dn phim cch nhit	/dich-vu/dan-phim-cach-nhiet
282	Bc gh da	/dich-vu/boc-ghe-da
283	Nng cp m thanh	/dich-vu/nang-cap-am-thanh
284	Sa cha	/dich-vu/sua-chua
285	Hng dn mua hng	/huong-dan-mua-hang
286	Cu hi thng gp	/cau-hoi-thuong-gap
287	Chnh sch i tr	/chinh-sach-doi-tra
288	Bo mt thng tin	/bao-mat-thong-tin
289	Ph kin ni tht	/san-pham/phu-kien-noi-that
290	Ph kin ngoi tht	/san-pham/phu-kien-ngoai-that
291	 chi xe hi	/san-pham/do-choi-xe-hoi
292	Bo dng	/san-pham/bao-duong
293	Dn phim cch nhit	/dich-vu/dan-phim-cach-nhiet
294	Bc gh da	/dich-vu/boc-ghe-da
295	Nng cp m thanh	/dich-vu/nang-cap-am-thanh
296	Sa cha	/dich-vu/sua-chua
297	Hng dn mua hng	/huong-dan-mua-hang
298	Cu hi thng gp	/cau-hoi-thuong-gap
299	Chnh sch i tr	/chinh-sach-doi-tra
300	Bo mt thng tin	/bao-mat-thong-tin
301	Ph kin ni tht	/san-pham/phu-kien-noi-that
302	Ph kin ngoi tht	/san-pham/phu-kien-ngoai-that
303	 chi xe hi	/san-pham/do-choi-xe-hoi
304	Bo dng	/san-pham/bao-duong
305	Dn phim cch nhit	/dich-vu/dan-phim-cach-nhiet
306	Bc gh da	/dich-vu/boc-ghe-da
307	Nng cp m thanh	/dich-vu/nang-cap-am-thanh
308	Sa cha	/dich-vu/sua-chua
309	Hng dn mua hng	/huong-dan-mua-hang
310	Cu hi thng gp	/cau-hoi-thuong-gap
311	Chnh sch i tr	/chinh-sach-doi-tra
312	Bo mt thng tin	/bao-mat-thong-tin
313	Ph kin ni tht	/san-pham/phu-kien-noi-that
314	Ph kin ngoi tht	/san-pham/phu-kien-ngoai-that
315	 chi xe hi	/san-pham/do-choi-xe-hoi
316	Bo dng	/san-pham/bao-duong
317	Dn phim cch nhit	/dich-vu/dan-phim-cach-nhiet
318	Bc gh da	/dich-vu/boc-ghe-da
319	Nng cp m thanh	/dich-vu/nang-cap-am-thanh
320	Sa cha	/dich-vu/sua-chua
321	Hng dn mua hng	/huong-dan-mua-hang
322	Cu hi thng gp	/cau-hoi-thuong-gap
323	Chnh sch i tr	/chinh-sach-doi-tra
324	Bo mt thng tin	/bao-mat-thong-tin
325	Ph kin ni tht	/san-pham/phu-kien-noi-that
326	Ph kin ngoi tht	/san-pham/phu-kien-ngoai-that
327	 chi xe hi	/san-pham/do-choi-xe-hoi
328	Bo dng	/san-pham/bao-duong
329	Dn phim cch nhit	/dich-vu/dan-phim-cach-nhiet
330	Bc gh da	/dich-vu/boc-ghe-da
331	Nng cp m thanh	/dich-vu/nang-cap-am-thanh
332	Sa cha	/dich-vu/sua-chua
333	Hng dn mua hng	/huong-dan-mua-hang
334	Cu hi thng gp	/cau-hoi-thuong-gap
335	Chnh sch i tr	/chinh-sach-doi-tra
336	Bo mt thng tin	/bao-mat-thong-tin
337	Ph kin ni tht	/san-pham/phu-kien-noi-that
338	Ph kin ngoi tht	/san-pham/phu-kien-ngoai-that
339	 chi xe hi	/san-pham/do-choi-xe-hoi
340	Bo dng	/san-pham/bao-duong
341	Dn phim cch nhit	/dich-vu/dan-phim-cach-nhiet
342	Bc gh da	/dich-vu/boc-ghe-da
343	Nng cp m thanh	/dich-vu/nang-cap-am-thanh
344	Sa cha	/dich-vu/sua-chua
345	Hng dn mua hng	/huong-dan-mua-hang
346	Cu hi thng gp	/cau-hoi-thuong-gap
347	Chnh sch i tr	/chinh-sach-doi-tra
348	Bo mt thng tin	/bao-mat-thong-tin
349	Ph kin ni tht	/san-pham/phu-kien-noi-that
350	Ph kin ngoi tht	/san-pham/phu-kien-ngoai-that
351	 chi xe hi	/san-pham/do-choi-xe-hoi
352	Bo dng	/san-pham/bao-duong
353	Dn phim cch nhit	/dich-vu/dan-phim-cach-nhiet
354	Bc gh da	/dich-vu/boc-ghe-da
355	Nng cp m thanh	/dich-vu/nang-cap-am-thanh
356	Sa cha	/dich-vu/sua-chua
357	Hng dn mua hng	/huong-dan-mua-hang
358	Cu hi thng gp	/cau-hoi-thuong-gap
359	Chnh sch i tr	/chinh-sach-doi-tra
360	Bo mt thng tin	/bao-mat-thong-tin
361	Ph kin ni tht	/san-pham/phu-kien-noi-that
362	Ph kin ngoi tht	/san-pham/phu-kien-ngoai-that
363	 chi xe hi	/san-pham/do-choi-xe-hoi
364	Bo dng	/san-pham/bao-duong
365	Dn phim cch nhit	/dich-vu/dan-phim-cach-nhiet
366	Bc gh da	/dich-vu/boc-ghe-da
367	Nng cp m thanh	/dich-vu/nang-cap-am-thanh
368	Sa cha	/dich-vu/sua-chua
369	Hng dn mua hng	/huong-dan-mua-hang
370	Cu hi thng gp	/cau-hoi-thuong-gap
371	Chnh sch i tr	/chinh-sach-doi-tra
372	Bo mt thng tin	/bao-mat-thong-tin
373	Ph kin ni tht	/san-pham/phu-kien-noi-that
374	Ph kin ngoi tht	/san-pham/phu-kien-ngoai-that
375	 chi xe hi	/san-pham/do-choi-xe-hoi
376	Bo dng	/san-pham/bao-duong
377	Dn phim cch nhit	/dich-vu/dan-phim-cach-nhiet
378	Bc gh da	/dich-vu/boc-ghe-da
379	Nng cp m thanh	/dich-vu/nang-cap-am-thanh
380	Sa cha	/dich-vu/sua-chua
381	Hng dn mua hng	/huong-dan-mua-hang
382	Cu hi thng gp	/cau-hoi-thuong-gap
383	Chnh sch i tr	/chinh-sach-doi-tra
384	Bo mt thng tin	/bao-mat-thong-tin
385	Ph kin ni tht	/san-pham/phu-kien-noi-that
386	Ph kin ngoi tht	/san-pham/phu-kien-ngoai-that
387	 chi xe hi	/san-pham/do-choi-xe-hoi
388	Bo dng	/san-pham/bao-duong
389	Dn phim cch nhit	/dich-vu/dan-phim-cach-nhiet
390	Bc gh da	/dich-vu/boc-ghe-da
391	Nng cp m thanh	/dich-vu/nang-cap-am-thanh
392	Sa cha	/dich-vu/sua-chua
393	Hng dn mua hng	/huong-dan-mua-hang
394	Cu hi thng gp	/cau-hoi-thuong-gap
395	Chnh sch i tr	/chinh-sach-doi-tra
396	Bo mt thng tin	/bao-mat-thong-tin
13	Ph kin ni tht	/san-pham/phu-kien-noi-that
14	Ph kin ngoi tht	/san-pham/phu-kien-ngoai-that
15	 chi xe hi	/san-pham/do-choi-xe-hoi
16	Bo dng	/san-pham/bao-duong
17	Dn phim cch nhit	/dich-vu/dan-phim-cach-nhiet
18	Bc gh da	/dich-vu/boc-ghe-da
19	Nng cp m thanh	/dich-vu/nang-cap-am-thanh
20	Sa cha	/dich-vu/sua-chua
21	Hng dn mua hng	/huong-dan-mua-hang
22	Cu hi thng gp	/cau-hoi-thuong-gap
23	Chnh sch i tr	/chinh-sach-doi-tra
24	Bo mt thng tin	/bao-mat-thong-tin
48	Bo mt thng tin	/bao-mat-thong-tin
397	Ph kin ni tht	/sdasdasd
398	Ph kin ngoi tht	/sdsadsada
399	 chi xe hi	/sdasd
400	Dn phim cch nhit	/dasdasd
401	Bc gh da	/sadsadasdasd
402	Nng cp m thanh	/sadasdasdasd
403	Hng dn mua hng	/sadasdasd
404	Cu hi thng gp	/sadsadd
\.


--
-- Data for Name: components_shared_image_with_alts; Type: TABLE DATA; Schema: public; Owner: autotuanlinh_user
--

COPY public.components_shared_image_with_alts (id, alt) FROM stdin;
1	adsadas
2	sdsa
3	sadadd
4	sdasdsd
5	sdsadsadasd
\.


--
-- Data for Name: components_shared_order_items; Type: TABLE DATA; Schema: public; Owner: autotuanlinh_user
--

COPY public.components_shared_order_items (id, so_luong, gia_ban, thanh_tien) FROM stdin;
\.


--
-- Data for Name: components_shared_order_items_san_pham_lnk; Type: TABLE DATA; Schema: public; Owner: autotuanlinh_user
--

COPY public.components_shared_order_items_san_pham_lnk (id, order_item_id, san_pham_id) FROM stdin;
\.


--
-- Data for Name: components_shared_payment_methods; Type: TABLE DATA; Schema: public; Owner: autotuanlinh_user
--

COPY public.components_shared_payment_methods (id, loai, ten, mo_ta) FROM stdin;
\.


--
-- Data for Name: components_shared_product_reviews; Type: TABLE DATA; Schema: public; Owner: autotuanlinh_user
--

COPY public.components_shared_product_reviews (id, customer_name, email, rating, content, is_approved) FROM stdin;
1	dsdsad	sadsadsads@gmail.com	4	sdasdasdsad	t
3	dsdsad	sadsadsads@gmail.com	4	sdasdasdsad	t
\.


--
-- Data for Name: components_shared_seos; Type: TABLE DATA; Schema: public; Owner: autotuanlinh_user
--

COPY public.components_shared_seos (id, meta_title, meta_description, meta_keywords, canonical_url, og_title, og_description, og_type, og_url, og_site_name, twitter_card, twitter_title, twitter_description, twitter_site, twitter_creator, robots, structured_data) FROM stdin;
1236	Top 5 v lng da tt nht 2025	Top 5 v lng da tt nht 2025 - Nhng mo v kinh nghim hu ch khi mua ph kin  t.	ph kin  t, volang top5	\N	\N	\N	website	\N	\N	summary_large_image	\N	\N	\N	\N	index, follow	\N
1248	Top 5 v lng da tt nht 2025	Top 5 v lng da tt nht 2025 - Nhng mo v kinh nghim hu ch khi mua ph kin  t.	ph kin  t, volang top5	\N	\N	\N	website	\N	\N	summary_large_image	\N	\N	\N	\N	index, follow	\N
1254	So snh n pha LED v n Halogen	So snh n pha LED v n Halogen - nh gi khch quan v cht lng v hiu qu ca sn phm.	ph kin  t, denpha sosanh	\N	\N	\N	website	\N	\N	summary_large_image	\N	\N	\N	\N	index, follow	\N
1267	So snh n pha LED v n Halogen	So snh n pha LED v n Halogen - nh gi khch quan v cht lng v hiu qu ca sn phm.	ph kin  t, denpha sosanh	\N	\N	\N	website	\N	\N	summary_large_image	\N	\N	\N	\N	index, follow	\N
1274	Review u DVD Android tt nht	Review u DVD Android tt nht - nh gi khch quan v cht lng v hiu qu ca sn phm.	ph kin  t, daudvd android	\N	\N	\N	website	\N	\N	summary_large_image	\N	\N	\N	\N	index, follow	\N
1285	Review u DVD Android tt nht	Review u DVD Android tt nht - nh gi khch quan v cht lng v hiu qu ca sn phm.	ph kin  t, daudvd android	\N	\N	\N	website	\N	\N	summary_large_image	\N	\N	\N	\N	index, follow	\N
1291	Lp t loa  t - Nhng lu  quan trng	Lp t loa  t - Nhng lu  quan trng - Hng dn y  v cch s dng v bo qun ph kin  t.	ph kin  t, lapdatloa huongdan	\N	\N	\N	website	\N	\N	summary_large_image	\N	\N	\N	\N	index, follow	\N
1299	Lp t loa  t - Nhng lu  quan trng	Lp t loa  t - Nhng lu  quan trng - Hng dn y  v cch s dng v bo qun ph kin  t.	ph kin  t, lapdatloa huongdan	\N	\N	\N	website	\N	\N	summary_large_image	\N	\N	\N	\N	index, follow	\N
1502	m gh lt si m chnh hng	m gh lt si m chnh hng, cht lng cao, gi tt nht th trng	m gh lt si m, ph kin  t, chnh hng	\N	\N	\N	website	\N	\N	summary_large_image	\N	\N	\N	\N	index, follow	\N
1515	m gh lt si m chnh hng	m gh lt si m chnh hng, cht lng cao, gi tt nht th trng	m gh lt si m, ph kin  t, chnh hng	\N	\N	\N	website	\N	\N	summary_large_image	\N	\N	\N	\N	index, follow	\N
1522	Hp ng khn giy g chnh hng	Hp ng khn giy g chnh hng, cht lng cao, gi tt nht th trng	hp ng khn giy g, ph kin  t, chnh hng	\N	\N	\N	website	\N	\N	summary_large_image	\N	\N	\N	\N	index, follow	\N
1532	Hp ng khn giy g chnh hng	Hp ng khn giy g chnh hng, cht lng cao, gi tt nht th trng	hp ng khn giy g, ph kin  t, chnh hng	\N	\N	\N	website	\N	\N	summary_large_image	\N	\N	\N	\N	index, follow	\N
1542	u DVD Android 10 inch chnh hng	u DVD Android 10 inch chnh hng, cht lng cao, gi tt nht th trng	u dvd android 10 inch, ph kin  t, chnh hng	\N	\N	\N	website	\N	\N	summary_large_image	\N	\N	\N	\N	index, follow	\N
1554	u DVD Android 10 inch chnh hng	u DVD Android 10 inch chnh hng, cht lng cao, gi tt nht th trng	u dvd android 10 inch, ph kin  t, chnh hng	\N	\N	\N	website	\N	\N	summary_large_image	\N	\N	\N	\N	index, follow	\N
1651	Bi vit v  chi xe hi	 Danh mc cc bi vit v  chi v ph kin in t cho xe hi dsad 	bi vit  chi xe hi, ph kin in t	\N	\N	\N	website	\N	\N	summary_large_image	\N	\N	\N	\N	index, follow	\N
198	Auto Tuan Linh - Ph kin  t chnh hng	Chuyn cung cp ph kin  t chnh hng v dch v chm sc xe chuyn nghip	ph kin  t, dn phim cch nhit, bc gh da	\N	\N	\N	website	\N	\N	summary_large_image	\N	\N	\N	\N	index, follow	\N
1627	Amply 4 knh 1000W chnh hng	Amply 4 knh 1000W chnh hng, cht lng cao, gi tt nht th trng	amply 4 knh 1000w, ph kin  t, chnh hng	\N	\N	\N	website	\N	\N	summary_large_image	\N	\N	\N	\N	index, follow	\N
1652	Camera hnh trnh	Cc bi vit v camera hnh trnh cho  t	camera hnh trnh, bi vit camera	\N	\N	\N	website	\N	\N	summary_large_image	\N	\N	\N	\N	index, follow	\N
1653	Cm bin li	Cc bi vit v cm bin li cho  t	cm bin li, bi vit cm bin	\N	\N	\N	website	\N	\N	summary_large_image	\N	\N	\N	\N	index, follow	\N
1654	HUD hin th	Cc bi vit v HUD hin th cho  t	HUD hin th, bi vit HUD	\N	\N	\N	website	\N	\N	summary_large_image	\N	\N	\N	\N	index, follow	\N
1655	u DVD Android	Cc bi vit v u DVD Android cho  t	u DVD Android, bi vit u DVD	\N	\N	\N	website	\N	\N	summary_large_image	\N	\N	\N	\N	index, follow	\N
1656	Loa & Amply	Cc bi vit v loa v amply cho  t	loa, amply, bi vit loa	\N	\N	\N	website	\N	\N	summary_large_image	\N	\N	\N	\N	index, follow	\N
1657	B sc USB	Cc bi vit v b sc USB cho  t	b sc USB, bi vit sc USB	\N	\N	\N	website	\N	\N	summary_large_image	\N	\N	\N	\N	index, follow	\N
1658	Bi vit v bc gh da	Danh mc cc bi vit v dch v bc gh da	bi vit bc gh da, bc gh	\N	\N	\N	website	\N	\N	summary_large_image	\N	\N	\N	\N	index, follow	\N
1659	Bc gh da tht	Cc bi vit v bc gh da tht	bc gh da tht, bi vit da tht	\N	\N	\N	website	\N	\N	summary_large_image	\N	\N	\N	\N	index, follow	\N
1660	Bc gh da simili	Cc bi vit v bc gh da simili	bc gh da simili, bi vit simili	\N	\N	\N	website	\N	\N	summary_large_image	\N	\N	\N	\N	index, follow	\N
1661	Nng cp ni tht	Cc bi vit v nng cp ni tht  t	nng cp ni tht, bi vit ni tht	\N	\N	\N	website	\N	\N	summary_large_image	\N	\N	\N	\N	index, follow	\N
1237	Hng dn chn v lng th thao cho xe	Hng dn chn v lng th thao cho xe - Bi vit chi tit v sn phm v dch v ph kin  t chnh hng.	ph kin  t, volang thethao	\N	\N	\N	website	\N	\N	summary_large_image	\N	\N	\N	\N	index, follow	\N
1246	Hng dn chn v lng th thao cho xe	Hng dn chn v lng th thao cho xe - Bi vit chi tit v sn phm v dch v ph kin  t chnh hng.	ph kin  t, volang thethao	\N	\N	\N	website	\N	\N	summary_large_image	\N	\N	\N	\N	index, follow	\N
652	Auto Tuan Linh - Ph kin  t chnh hng	Chuyn cung cp ph kin  t chnh hng v dch v chm sc xe chuyn nghip	ph kin  t, dn phim cch nhit, bc gh da	\N	\N	\N	website	\N	\N	summary_large_image	\N	\N	\N	\N	index, follow	\N
1234	Auto Tuan Linh - Ph kin  t chnh hng	Chuyn cung cp ph kin  t chnh hng v dch v chm sc xe chuyn nghip	ph kin  t, dn phim cch nhit, bc gh da	\N	\N	\N	website	\N	\N	summary_large_image	\N	\N	\N	\N	index, follow	\N
1235	Auto Tuan Linh - Ph kin  t chnh hng	Chuyn cung cp ph kin  t chnh hng v dch v chm sc xe chuyn nghip	ph kin  t, dn phim cch nhit, bc gh da	\N	\N	\N	website	\N	\N	summary_large_image	\N	\N	\N	\N	index, follow	\N
1252	Hng dn chn cn trc/sau ph hp	Hng dn chn cn trc/sau ph hp - Bi vit chi tit v sn phm v dch v ph kin  t chnh hng.	ph kin  t, canxe huongdan	\N	\N	\N	website	\N	\N	summary_large_image	\N	\N	\N	\N	index, follow	\N
1265	Hng dn chn cn trc/sau ph hp	Hng dn chn cn trc/sau ph hp - Bi vit chi tit v sn phm v dch v ph kin  t chnh hng.	ph kin  t, canxe huongdan	\N	\N	\N	website	\N	\N	summary_large_image	\N	\N	\N	\N	index, follow	\N
1272	Cm bin li - Ph kin an ton cn thit	Cm bin li - Ph kin an ton cn thit - Bi vit chi tit v sn phm v dch v ph kin  t chnh hng.	ph kin  t, cambienlui antoan	\N	\N	\N	website	\N	\N	summary_large_image	\N	\N	\N	\N	index, follow	\N
1281	Cm bin li - Ph kin an ton cn thit	Cm bin li - Ph kin an ton cn thit - Bi vit chi tit v sn phm v dch v ph kin  t chnh hng.	ph kin  t, cambienlui antoan	\N	\N	\N	website	\N	\N	summary_large_image	\N	\N	\N	\N	index, follow	\N
1289	Bc gh da tht vs da simili - Nn chn loi no	Bc gh da tht vs da simili - Nn chn loi no - Nhng mo v kinh nghim hu ch khi mua ph kin  t.	ph kin  t, bocgheda sosanh	\N	\N	\N	website	\N	\N	summary_large_image	\N	\N	\N	\N	index, follow	\N
1297	Bc gh da tht vs da simili - Nn chn loi no	Bc gh da tht vs da simili - Nn chn loi no - Nhng mo v kinh nghim hu ch khi mua ph kin  t.	ph kin  t, bocgheda sosanh	\N	\N	\N	website	\N	\N	summary_large_image	\N	\N	\N	\N	index, follow	\N
1331	Camera hnh trnh	Cc bi vit v camera hnh trnh cho  t	camera hnh trnh, bi vit camera	\N	\N	\N	website	\N	\N	summary_large_image	\N	\N	\N	\N	index, follow	\N
1377	Ta lng	Ta lng cho  t	ta lng, m lng	\N	\N	\N	website	\N	\N	summary_large_image	\N	\N	\N	\N	index, follow	\N
1378	Gh th thao	Gh th thao cho  t	gh th thao, gh sport	\N	\N	\N	website	\N	\N	summary_large_image	\N	\N	\N	\N	index, follow	\N
1379	Bc gh n	Bc gh n cho  t	bc gh n, bc gh vi	\N	\N	\N	website	\N	\N	summary_large_image	\N	\N	\N	\N	index, follow	\N
1380	Gi c	Gi c cho  t	gi c, m c	\N	\N	\N	website	\N	\N	summary_large_image	\N	\N	\N	\N	index, follow	\N
1381	m gh	m gh cho  t	m gh, lt gh	\N	\N	\N	website	\N	\N	summary_large_image	\N	\N	\N	\N	index, follow	\N
1382	V lng da	V lng da cho  t	v lng da	\N	\N	\N	website	\N	\N	summary_large_image	\N	\N	\N	\N	index, follow	\N
1383	Bc v lng	Bc v lng cho  t	bc v lng	\N	\N	\N	website	\N	\N	summary_large_image	\N	\N	\N	\N	index, follow	\N
1384	V lng th thao	V lng th thao cho  t	v lng th thao, v lng sport	\N	\N	\N	website	\N	\N	summary_large_image	\N	\N	\N	\N	index, follow	\N
1385	V lng carbon	V lng carbon cho  t	v lng carbon	\N	\N	\N	website	\N	\N	summary_large_image	\N	\N	\N	\N	index, follow	\N
1386	Bc v lng da ln	Bc v lng da ln cho  t	bc v lng da ln	\N	\N	\N	website	\N	\N	summary_large_image	\N	\N	\N	\N	index, follow	\N
1387	V lng g	V lng g cho  t	v lng g	\N	\N	\N	website	\N	\N	summary_large_image	\N	\N	\N	\N	index, follow	\N
1388	Thm sn cao cp	Thm sn cao cp cho  t	thm sn, thm cao cp	\N	\N	\N	website	\N	\N	summary_large_image	\N	\N	\N	\N	index, follow	\N
1389	Thm lt sn	Thm lt sn cho  t	thm lt sn	\N	\N	\N	website	\N	\N	summary_large_image	\N	\N	\N	\N	index, follow	\N
653	Auto Tuan Linh - Ph kin  t chnh hng dsadsadsa	Chuyn cung cp ph kin  t chnh hng v dch v chm sc xe chuyn nghip	ph kin  t, dn phim cch nhit, bc gh da	\N	\N	\N	website	\N	\N	summary_large_image	\N	\N	\N	\N	index, follow	\N
1303	Gh da	Cc bi vit v gh da cho  t	gh da, bi vit gh da	\N	\N	\N	website	\N	\N	summary_large_image	\N	\N	\N	\N	index, follow	\N
1302	Bi vit v ph kin ni tht  t	Danh mc cc bi vit v ph kin ni tht  t	bi vit ph kin ni tht, ni tht  t	\N	\N	\N	website	\N	\N	summary_large_image	\N	\N	\N	\N	index, follow	\N
1304	V lng	Cc bi vit v v lng cho  t	v lng, bi vit v lng	\N	\N	\N	website	\N	\N	summary_large_image	\N	\N	\N	\N	index, follow	\N
1390	Ti ng 	Ti ng  cho  t	ti ng 	\N	\N	\N	website	\N	\N	summary_large_image	\N	\N	\N	\N	index, follow	\N
1305	Thm sn	Cc bi vit v thm sn cho  t	thm sn, bi vit thm sn	\N	\N	\N	website	\N	\N	summary_large_image	\N	\N	\N	\N	index, follow	\N
1306	Ti ng 	Cc bi vit v ti ng  cho  t	ti ng , bi vit ti ng 	\N	\N	\N	website	\N	\N	summary_large_image	\N	\N	\N	\N	index, follow	\N
1307	Gi ta u	Cc bi vit v gi ta u cho  t	gi ta u, bi vit gi ta u	\N	\N	\N	website	\N	\N	summary_large_image	\N	\N	\N	\N	index, follow	\N
1308	Bc v lng	Cc bi vit v bc v lng cho  t	bc v lng, bi vit bc v lng	\N	\N	\N	website	\N	\N	summary_large_image	\N	\N	\N	\N	index, follow	\N
1391	 trang tr ni tht	 trang tr ni tht cho  t	trang tr ni tht	\N	\N	\N	website	\N	\N	summary_large_image	\N	\N	\N	\N	index, follow	\N
1392	Thm sn 3D	Thm sn 3D cho  t	thm sn 3D	\N	\N	\N	website	\N	\N	summary_large_image	\N	\N	\N	\N	index, follow	\N
1238	nh gi thm sn 3D cao cp	nh gi thm sn 3D cao cp - Hng dn y  v cch s dng v bo qun ph kin  t.	ph kin  t, thamsan review	\N	\N	\N	website	\N	\N	summary_large_image	\N	\N	\N	\N	index, follow	\N
511	Hng dn chn ph kin  t ph hp	Cc bi vit hng dn chi tit cch chn ph kin  t ph hp vi nhu cu	hng dn, ph kin  t, chn ph kin	\N	\N	\N	website	\N	\N	summary_large_image	\N	\N	\N	\N	index, follow	\N
512	Review ph kin ni tht	Cc bi vit review v nh gi ph kin ni tht  t	review, nh gi, ph kin ni tht	\N	\N	\N	website	\N	\N	summary_large_image	\N	\N	\N	\N	index, follow	\N
1247	nh gi thm sn 3D cao cp	nh gi thm sn 3D cao cp - Hng dn y  v cch s dng v bo qun ph kin  t.	ph kin  t, thamsan review	\N	\N	\N	website	\N	\N	summary_large_image	\N	\N	\N	\N	index, follow	\N
514	Hng dn chn ph kin  t ph hp	Cc bi vit hng dn chi tit cch chn ph kin  t ph hp vi nhu cu	hng dn, ph kin  t, chn ph kin	\N	\N	\N	website	\N	\N	summary_large_image	\N	\N	\N	\N	index, follow	\N
515	Review ph kin ni tht	Cc bi vit review v nh gi ph kin ni tht  t	review, nh gi, ph kin ni tht	\N	\N	\N	website	\N	\N	summary_large_image	\N	\N	\N	\N	index, follow	\N
1253	Review n pha LED cao cp cho  t	Review n pha LED cao cp cho  t - Hng dn y  v cch s dng v bo qun ph kin  t.	ph kin  t, denpha led	\N	\N	\N	website	\N	\N	summary_large_image	\N	\N	\N	\N	index, follow	\N
1266	Review n pha LED cao cp cho  t	Review n pha LED cao cp cho  t - Hng dn y  v cch s dng v bo qun ph kin  t.	ph kin  t, denpha led	\N	\N	\N	website	\N	\N	summary_large_image	\N	\N	\N	\N	index, follow	\N
1273	HUD hin th - Cng ngh tng lai cho  t	HUD hin th - Cng ngh tng lai cho  t - Hng dn y  v cch s dng v bo qun ph kin  t.	ph kin  t, hud congnghe	\N	\N	\N	website	\N	\N	summary_large_image	\N	\N	\N	\N	index, follow	\N
1282	HUD hin th - Cng ngh tng lai cho  t	HUD hin th - Cng ngh tng lai cho  t - Hng dn y  v cch s dng v bo qun ph kin  t.	ph kin  t, hud congnghe	\N	\N	\N	website	\N	\N	summary_large_image	\N	\N	\N	\N	index, follow	\N
1290	Hng dn nng cp ni tht  t	Hng dn nng cp ni tht  t - Bi vit chi tit v sn phm v dch v ph kin  t chnh hng.	ph kin  t, nangcapnoithat huongdan	\N	\N	\N	website	\N	\N	summary_large_image	\N	\N	\N	\N	index, follow	\N
1298	Hng dn nng cp ni tht  t	Hng dn nng cp ni tht  t - Bi vit chi tit v sn phm v dch v ph kin  t chnh hng.	ph kin  t, nangcapnoithat huongdan	\N	\N	\N	website	\N	\N	summary_large_image	\N	\N	\N	\N	index, follow	\N
1393	Thm lt khoang hnh l	Thm lt khoang hnh l cho  t	thm lt khoang hnh l	\N	\N	\N	website	\N	\N	summary_large_image	\N	\N	\N	\N	index, follow	\N
1525	n pha LED H7 chnh hng	n pha LED H7 chnh hng, cht lng cao, gi tt nht th trng	n pha led h7, ph kin  t, chnh hng	\N	\N	\N	website	\N	\N	summary_large_image	\N	\N	\N	\N	index, follow	\N
1538	n pha LED H7 chnh hng	n pha LED H7 chnh hng, cht lng cao, gi tt nht th trng	n pha led h7, ph kin  t, chnh hng	\N	\N	\N	website	\N	\N	summary_large_image	\N	\N	\N	\N	index, follow	\N
1394	Ti ng  a nng	Ti ng  a nng cho  t	ti ng  a nng	\N	\N	\N	website	\N	\N	summary_large_image	\N	\N	\N	\N	index, follow	\N
1395	Hp ng khn giy	Hp ng khn giy cho  t	hp ng khn giy	\N	\N	\N	website	\N	\N	summary_large_image	\N	\N	\N	\N	index, follow	\N
1662	Ph kin ni tht  t	Danh mc cc ph kin ni tht  t chnh hng, y  v a dng	ph kin ni tht, ph kin  t, ni tht xe hi	\N	\N	\N	website	\N	\N	summary_large_image	\N	\N	\N	\N	index, follow	\N
1663	Gh v ta  t	Cc sn phm gh v ta lng  t cao cp	gh  t, ta lng, gh da	\N	\N	\N	website	\N	\N	summary_large_image	\N	\N	\N	\N	index, follow	\N
1664	V lng  t	Cc sn phm v lng v bc v lng  t	v lng, bc v lng	\N	\N	\N	website	\N	\N	summary_large_image	\N	\N	\N	\N	index, follow	\N
1665	Thm v trang tr ni tht  t	Cc sn phm thm v  trang tr ni tht  t	thm  t, trang tr ni tht	\N	\N	\N	website	\N	\N	summary_large_image	\N	\N	\N	\N	index, follow	\N
1666	Gh da cao cp	Gh da cao cp cho  t	gh da, gh cao cp	\N	\N	\N	website	\N	\N	summary_large_image	\N	\N	\N	\N	index, follow	\N
1667	Bc gh da	Bc gh da cho  t	bc gh da, bc gh	\N	\N	\N	website	\N	\N	summary_large_image	\N	\N	\N	\N	index, follow	\N
1668	Gi ta u	Gi ta u cho  t	gi ta u, gi	\N	\N	\N	website	\N	\N	summary_large_image	\N	\N	\N	\N	index, follow	\N
1669	Ta lng	Ta lng cho  t	ta lng, m lng	\N	\N	\N	website	\N	\N	summary_large_image	\N	\N	\N	\N	index, follow	\N
1670	Gh th thao	Gh th thao cho  t	gh th thao, gh sport	\N	\N	\N	website	\N	\N	summary_large_image	\N	\N	\N	\N	index, follow	\N
1671	Bc gh n	Bc gh n cho  t	bc gh n, bc gh vi	\N	\N	\N	website	\N	\N	summary_large_image	\N	\N	\N	\N	index, follow	\N
1672	Gi c	Gi c cho  t	gi c, m c	\N	\N	\N	website	\N	\N	summary_large_image	\N	\N	\N	\N	index, follow	\N
1544	Amply 4 knh 1000W chnh hng	Amply 4 knh 1000W chnh hng, cht lng cao, gi tt nht th trng	amply 4 knh 1000w, ph kin  t, chnh hng	\N	\N	\N	website	\N	\N	summary_large_image	\N	\N	\N	\N	index, follow	\N
1497	Bc gh da tht cao cp chnh hng	Bc gh da tht cao cp chnh hng, cht lng cao, gi tt nht th trng	bc gh da tht cao cp, ph kin  t, chnh hng	\N	\N	\N	website	\N	\N	summary_large_image	\N	\N	\N	\N	index, follow	\N
1628	Bc gh da tht cao cp chnh hng	Bc gh da tht cao cp chnh hng, cht lng cao, gi tt nht th trng	bc gh da tht cao cp, ph kin  t, chnh hng	\N	\N	\N	website	\N	\N	summary_large_image	\N	\N	\N	\N	index, follow	\N
1673	m gh	m gh cho  t	m gh, lt gh	\N	\N	\N	website	\N	\N	summary_large_image	\N	\N	\N	\N	index, follow	\N
1674	V lng da	V lng da cho  t	v lng da	\N	\N	\N	website	\N	\N	summary_large_image	\N	\N	\N	\N	index, follow	\N
1675	Bc v lng	Bc v lng cho  t	bc v lng	\N	\N	\N	website	\N	\N	summary_large_image	\N	\N	\N	\N	index, follow	\N
1676	V lng th thao	V lng th thao cho  t	v lng th thao, v lng sport	\N	\N	\N	website	\N	\N	summary_large_image	\N	\N	\N	\N	index, follow	\N
1239	Cch chn thm sn ph hp vi ni tht xe	Cch chn thm sn ph hp vi ni tht xe - nh gi khch quan v cht lng v hiu qu ca sn phm.	ph kin  t, thamsan huongdan	\N	\N	\N	website	\N	\N	summary_large_image	\N	\N	\N	\N	index, follow	\N
517	Cng ngh dn phim cch nhit hin i	Cc bi vit v cng ngh dn phim cch nhit hin i v li ch	cng ngh, phim cch nhit, dn phim	\N	\N	\N	website	\N	\N	summary_large_image	\N	\N	\N	\N	index, follow	\N
518	Hng dn bo dng nh k	Cc bi vit hng dn bo dng  t nh k	bo dng, nh k, hng dn	\N	\N	\N	website	\N	\N	summary_large_image	\N	\N	\N	\N	index, follow	\N
1255	Cch chn thm sn ph hp vi ni tht xe	Cch chn thm sn ph hp vi ni tht xe - nh gi khch quan v cht lng v hiu qu ca sn phm.	ph kin  t, thamsan huongdan	\N	\N	\N	website	\N	\N	summary_large_image	\N	\N	\N	\N	index, follow	\N
520	Cng ngh dn phim cch nhit hin i	Cc bi vit v cng ngh dn phim cch nhit hin i v li ch	cng ngh, phim cch nhit, dn phim	\N	\N	\N	website	\N	\N	summary_large_image	\N	\N	\N	\N	index, follow	\N
521	Hng dn bo dng nh k	Cc bi vit hng dn bo dng  t nh k	bo dng, nh k, hng dn	\N	\N	\N	website	\N	\N	summary_large_image	\N	\N	\N	\N	index, follow	\N
1261	Chn bn no tt nht cho xe SUV	Chn bn no tt nht cho xe SUV - Hng dn y  v cch s dng v bo qun ph kin  t.	ph kin  t, chanbun review	\N	\N	\N	website	\N	\N	summary_large_image	\N	\N	\N	\N	index, follow	\N
1275	Chn bn no tt nht cho xe SUV	Chn bn no tt nht cho xe SUV - Hng dn y  v cch s dng v bo qun ph kin  t.	ph kin  t, chanbun review	\N	\N	\N	website	\N	\N	summary_large_image	\N	\N	\N	\N	index, follow	\N
1284	Phim cch nhit 3M - u v nhc im	Phim cch nhit 3M - u v nhc im - Hng dn y  v cch s dng v bo qun ph kin  t.	ph kin  t, phimcachnhiet 3m	\N	\N	\N	website	\N	\N	summary_large_image	\N	\N	\N	\N	index, follow	\N
1300	Phim cch nhit 3M - u v nhc im	Phim cch nhit 3M - u v nhc im - Hng dn y  v cch s dng v bo qun ph kin  t.	ph kin  t, phimcachnhiet 3m	\N	\N	\N	website	\N	\N	summary_large_image	\N	\N	\N	\N	index, follow	\N
1505	Bc v lng da ln th thao chnh hng	Bc v lng da ln th thao chnh hng, cht lng cao, gi tt nht th trng	bc v lng da ln th thao, ph kin  t, chnh hng	\N	\N	\N	website	\N	\N	summary_large_image	\N	\N	\N	\N	index, follow	\N
1512	Bc v lng da ln th thao chnh hng	Bc v lng da ln th thao chnh hng, cht lng cao, gi tt nht th trng	bc v lng da ln th thao, ph kin  t, chnh hng	\N	\N	\N	website	\N	\N	summary_large_image	\N	\N	\N	\N	index, follow	\N
1521	Ti ng  a nng chnh hng	Ti ng  a nng chnh hng, cht lng cao, gi tt nht th trng	ti ng  a nng, ph kin  t, chnh hng	\N	\N	\N	website	\N	\N	summary_large_image	\N	\N	\N	\N	index, follow	\N
1529	Ti ng  a nng chnh hng	Ti ng  a nng chnh hng, cht lng cao, gi tt nht th trng	ti ng  a nng, ph kin  t, chnh hng	\N	\N	\N	website	\N	\N	summary_large_image	\N	\N	\N	\N	index, follow	\N
1536	Chn bn cao cp chnh hng	Chn bn cao cp chnh hng, cht lng cao, gi tt nht th trng	chn bn cao cp, ph kin  t, chnh hng	\N	\N	\N	website	\N	\N	summary_large_image	\N	\N	\N	\N	index, follow	\N
1549	Chn bn cao cp chnh hng	Chn bn cao cp chnh hng, cht lng cao, gi tt nht th trng	chn bn cao cp, ph kin  t, chnh hng	\N	\N	\N	website	\N	\N	summary_large_image	\N	\N	\N	\N	index, follow	\N
1354	Bi vit v bc gh da	Danh mc cc bi vit v dch v bc gh da	bi vit bc gh da, bc gh	\N	\N	\N	website	\N	\N	summary_large_image	\N	\N	\N	\N	index, follow	\N
1355	Bc gh da tht	Cc bi vit v bc gh da tht	bc gh da tht, bi vit da tht	\N	\N	\N	website	\N	\N	summary_large_image	\N	\N	\N	\N	index, follow	\N
1356	Bc gh da simili	Cc bi vit v bc gh da simili	bc gh da simili, bi vit simili	\N	\N	\N	website	\N	\N	summary_large_image	\N	\N	\N	\N	index, follow	\N
1357	Nng cp ni tht	Cc bi vit v nng cp ni tht  t	nng cp ni tht, bi vit ni tht	\N	\N	\N	website	\N	\N	summary_large_image	\N	\N	\N	\N	index, follow	\N
1677	V lng carbon	V lng carbon cho  t	v lng carbon	\N	\N	\N	website	\N	\N	summary_large_image	\N	\N	\N	\N	index, follow	\N
1678	Bc v lng da ln	Bc v lng da ln cho  t	bc v lng da ln	\N	\N	\N	website	\N	\N	summary_large_image	\N	\N	\N	\N	index, follow	\N
1679	V lng g	V lng g cho  t	v lng g	\N	\N	\N	website	\N	\N	summary_large_image	\N	\N	\N	\N	index, follow	\N
1629	Bo hnh phim cch nhit - Nhng iu cn bit	Bo hnh phim cch nhit - Nhng iu cn bit - So snh cc sn phm trn th trng  gip bn la chn tt nht.	ph kin  t, baohanhphim huongdan	\N	\N	\N	website	\N	\N	summary_large_image	\N	\N	\N	\N	index, follow	\N
1680	Thm sn cao cp	Thm sn cao cp cho  t	thm sn, thm cao cp	\N	\N	\N	website	\N	\N	summary_large_image	\N	\N	\N	\N	index, follow	\N
1681	Thm lt sn	Thm lt sn cho  t	thm lt sn	\N	\N	\N	website	\N	\N	summary_large_image	\N	\N	\N	\N	index, follow	\N
1682	Ti ng 	Ti ng  cho  t	ti ng 	\N	\N	\N	website	\N	\N	summary_large_image	\N	\N	\N	\N	index, follow	\N
1683	 trang tr ni tht	 trang tr ni tht cho  t	trang tr ni tht	\N	\N	\N	website	\N	\N	summary_large_image	\N	\N	\N	\N	index, follow	\N
1684	Thm sn 3D	Thm sn 3D cho  t	thm sn 3D	\N	\N	\N	website	\N	\N	summary_large_image	\N	\N	\N	\N	index, follow	\N
1685	Thm lt khoang hnh l	Thm lt khoang hnh l cho  t	thm lt khoang hnh l	\N	\N	\N	website	\N	\N	summary_large_image	\N	\N	\N	\N	index, follow	\N
1686	Ti ng  a nng	Ti ng  a nng cho  t	ti ng  a nng	\N	\N	\N	website	\N	\N	summary_large_image	\N	\N	\N	\N	index, follow	\N
1687	Hp ng khn giy	Hp ng khn giy cho  t	hp ng khn giy	\N	\N	\N	website	\N	\N	summary_large_image	\N	\N	\N	\N	index, follow	\N
1422	Ph kin ngoi tht  t	Danh mc cc ph kin ngoi tht  t chnh hng, y  v a dng	ph kin ngoi tht, ph kin  t, ngoi tht xe hi	\N	\N	\N	website	\N	\N	summary_large_image	\N	\N	\N	\N	index, follow	\N
846	Auto Tuan Linh - Ph kin  t chnh hng	Chuyn cung cp ph kin  t chnh hng v dch v chm sc xe chuyn nghip	ph kin  t, dn phim cch nhit, bc gh da	\N	\N	\N	website	\N	\N	summary_large_image	\N	\N	\N	\N	index, follow	\N
1240	Review ti ng  a nng cho  t	Review ti ng  a nng cho  t - So snh cc sn phm trn th trng  gip bn la chn tt nht.	ph kin  t, tuidungdo review	\N	\N	\N	website	\N	\N	summary_large_image	\N	\N	\N	\N	index, follow	\N
1250	Review ti ng  a nng cho  t	Review ti ng  a nng cho  t - So snh cc sn phm trn th trng  gip bn la chn tt nht.	ph kin  t, tuidungdo review	\N	\N	\N	website	\N	\N	summary_large_image	\N	\N	\N	\N	index, follow	\N
1258	Top 5 p vin p nht cho  t	Top 5 p vin p nht cho  t - Nhng mo v kinh nghim hu ch khi mua ph kin  t.	ph kin  t, opvien top5	\N	\N	\N	website	\N	\N	summary_large_image	\N	\N	\N	\N	index, follow	\N
1270	Top 5 p vin p nht cho  t	Top 5 p vin p nht cho  t - Nhng mo v kinh nghim hu ch khi mua ph kin  t.	ph kin  t, opvien top5	\N	\N	\N	website	\N	\N	summary_large_image	\N	\N	\N	\N	index, follow	\N
1277	Top 5 loa  t tt nht 2025	Top 5 loa  t tt nht 2025 - Nhng mo v kinh nghim hu ch khi mua ph kin  t.	ph kin  t, loa top5	\N	\N	\N	website	\N	\N	summary_large_image	\N	\N	\N	\N	index, follow	\N
1288	Top 5 loa  t tt nht 2025	Top 5 loa  t tt nht 2025 - Nhng mo v kinh nghim hu ch khi mua ph kin  t.	ph kin  t, loa top5	\N	\N	\N	website	\N	\N	summary_large_image	\N	\N	\N	\N	index, follow	\N
1504	Gi c memory foam chnh hng	Gi c memory foam chnh hng, cht lng cao, gi tt nht th trng	gi c memory foam, ph kin  t, chnh hng	\N	\N	\N	website	\N	\N	summary_large_image	\N	\N	\N	\N	index, follow	\N
1509	Gi c memory foam chnh hng	Gi c memory foam chnh hng, cht lng cao, gi tt nht th trng	gi c memory foam, ph kin  t, chnh hng	\N	\N	\N	website	\N	\N	summary_large_image	\N	\N	\N	\N	index, follow	\N
1520	Thm lt sn WeatherTech chnh hng	Thm lt sn WeatherTech chnh hng, cht lng cao, gi tt nht th trng	thm lt sn weathertech, ph kin  t, chnh hng	\N	\N	\N	website	\N	\N	summary_large_image	\N	\N	\N	\N	index, follow	\N
1531	Thm lt sn WeatherTech chnh hng	Thm lt sn WeatherTech chnh hng, cht lng cao, gi tt nht th trng	thm lt sn weathertech, ph kin  t, chnh hng	\N	\N	\N	website	\N	\N	summary_large_image	\N	\N	\N	\N	index, follow	\N
1539	Camera hnh trnh 4K chnh hng	Camera hnh trnh 4K chnh hng, cht lng cao, gi tt nht th trng	camera hnh trnh 4k, ph kin  t, chnh hng	\N	\N	\N	website	\N	\N	summary_large_image	\N	\N	\N	\N	index, follow	\N
1551	Camera hnh trnh 4K chnh hng	Camera hnh trnh 4K chnh hng, cht lng cao, gi tt nht th trng	camera hnh trnh 4k, ph kin  t, chnh hng	\N	\N	\N	website	\N	\N	summary_large_image	\N	\N	\N	\N	index, follow	\N
847	sadsadasdsa	dsadasd	sadasdasd	sadas	dsadsadasd	sadsadas	website	sadsadasd	dasdasd	summary_large_image	sadasdas	dsadasdas	sadsadasdas	dsadas	dsadas	\N
1630	Bi vit v ph kin ni tht  t	Danh mc cc bi vit v ph kin ni tht  t	bi vit ph kin ni tht, ni tht  t	\N	\N	\N	website	\N	\N	summary_large_image	\N	\N	\N	\N	index, follow	\N
96	Auto Tuan Linh - Ph kin  t chnh hng	Chuyn cung cp ph kin  t chnh hng v dch v chm sc xe chuyn nghip	ph kin  t, dn phim cch nhit, bc gh da	\N	\N	\N	website	\N	\N	summary_large_image	\N	\N	\N	\N	index, follow	\N
1423	Cn v p  t	Cc sn phm cn v p  t cao cp	cn  t, p vin, chn bn	\N	\N	\N	website	\N	\N	summary_large_image	\N	\N	\N	\N	index, follow	\N
1424	n v chiu sng  t	Cc sn phm n v chiu sng  t	n  t, n LED, chiu sng	\N	\N	\N	website	\N	\N	summary_large_image	\N	\N	\N	\N	index, follow	\N
1425	Gng v ph kin  t	Cc sn phm gng v ph kin  t	gng  t, gng chiu hu, logo ni	\N	\N	\N	website	\N	\N	summary_large_image	\N	\N	\N	\N	index, follow	\N
1426	Cn trc	Cn trc cho  t	cn trc, cn xe	\N	\N	\N	website	\N	\N	summary_large_image	\N	\N	\N	\N	index, follow	\N
1427	Cn sau	Cn sau cho  t	cn sau, cn xe	\N	\N	\N	website	\N	\N	summary_large_image	\N	\N	\N	\N	index, follow	\N
1428	p vin	p vin cho  t	p vin, vin xe	\N	\N	\N	website	\N	\N	summary_large_image	\N	\N	\N	\N	index, follow	\N
1429	Chn bn	Chn bn cho  t	chn bn, chn bn xe	\N	\N	\N	website	\N	\N	summary_large_image	\N	\N	\N	\N	index, follow	\N
1631	Gh da	Cc bi vit v gh da cho  t	gh da, bi vit gh da	\N	\N	\N	website	\N	\N	summary_large_image	\N	\N	\N	\N	index, follow	\N
1632	V lng	Cc bi vit v v lng cho  t	v lng, bi vit v lng	\N	\N	\N	website	\N	\N	summary_large_image	\N	\N	\N	\N	index, follow	\N
1633	Thm sn	Cc bi vit v thm sn cho  t	thm sn, bi vit thm sn	\N	\N	\N	website	\N	\N	summary_large_image	\N	\N	\N	\N	index, follow	\N
1634	Ti ng 	Cc bi vit v ti ng  cho  t	ti ng , bi vit ti ng 	\N	\N	\N	website	\N	\N	summary_large_image	\N	\N	\N	\N	index, follow	\N
1430	n pha LED	n pha LED cho  t	n pha LED, n LED	\N	\N	\N	website	\N	\N	summary_large_image	\N	\N	\N	\N	index, follow	\N
1431	n gm	n gm cho  t	n gm, n sng m	\N	\N	\N	website	\N	\N	summary_large_image	\N	\N	\N	\N	index, follow	\N
1635	Gi ta u	Cc bi vit v gi ta u cho  t	gi ta u, bi vit gi ta u	\N	\N	\N	website	\N	\N	summary_large_image	\N	\N	\N	\N	index, follow	\N
1636	Bc v lng	Cc bi vit v bc v lng cho  t	bc v lng, bi vit bc v lng	\N	\N	\N	website	\N	\N	summary_large_image	\N	\N	\N	\N	index, follow	\N
1432	n hu	n hu cho  t	n hu, n sau	\N	\N	\N	website	\N	\N	summary_large_image	\N	\N	\N	\N	index, follow	\N
1433	Gng chiu hu	Gng chiu hu cho  t	gng chiu hu, gng xe	\N	\N	\N	website	\N	\N	summary_large_image	\N	\N	\N	\N	index, follow	\N
1434	Logo ni	Logo ni cho  t	logo ni, logo xe	\N	\N	\N	website	\N	\N	summary_large_image	\N	\N	\N	\N	index, follow	\N
1435	Vin gng	Vin gng cho  t	vin gng, p gng	\N	\N	\N	website	\N	\N	summary_large_image	\N	\N	\N	\N	index, follow	\N
1241	Gi ta u no tt nht cho li xe ng di	Gi ta u no tt nht cho li xe ng di - Nhng mo v kinh nghim hu ch khi mua ph kin  t.	ph kin  t, goituadau review	\N	\N	\N	website	\N	\N	summary_large_image	\N	\N	\N	\N	index, follow	\N
1249	Gi ta u no tt nht cho li xe ng di	Gi ta u no tt nht cho li xe ng di - Nhng mo v kinh nghim hu ch khi mua ph kin  t.	ph kin  t, goituadau review	\N	\N	\N	website	\N	\N	summary_large_image	\N	\N	\N	\N	index, follow	\N
1257	Cch lp t gng chiu hu t ng	Cch lp t gng chiu hu t ng - So snh cc sn phm trn th trng  gip bn la chn tt nht.	ph kin  t, guong huongdan	\N	\N	\N	website	\N	\N	summary_large_image	\N	\N	\N	\N	index, follow	\N
1269	Cch lp t gng chiu hu t ng	Cch lp t gng chiu hu t ng - So snh cc sn phm trn th trng  gip bn la chn tt nht.	ph kin  t, guong huongdan	\N	\N	\N	website	\N	\N	summary_large_image	\N	\N	\N	\N	index, follow	\N
1276	Hng dn nng cp h thng m thanh xe	Hng dn nng cp h thng m thanh xe - So snh cc sn phm trn th trng  gip bn la chn tt nht.	ph kin  t, amthanh huongdan	\N	\N	\N	website	\N	\N	summary_large_image	\N	\N	\N	\N	index, follow	\N
1287	Hng dn nng cp h thng m thanh xe	Hng dn nng cp h thng m thanh xe - So snh cc sn phm trn th trng  gip bn la chn tt nht.	ph kin  t, amthanh huongdan	\N	\N	\N	website	\N	\N	summary_large_image	\N	\N	\N	\N	index, follow	\N
1292	Nng cp u DVD - C nn khng?	Nng cp u DVD - C nn khng? - nh gi khch quan v cht lng v hiu qu ca sn phm.	ph kin  t, nangcapdaudvd review	\N	\N	\N	website	\N	\N	summary_large_image	\N	\N	\N	\N	index, follow	\N
1301	Nng cp u DVD - C nn khng?	Nng cp u DVD - C nn khng? - nh gi khch quan v cht lng v hiu qu ca sn phm.	ph kin  t, nangcapdaudvd review	\N	\N	\N	website	\N	\N	summary_large_image	\N	\N	\N	\N	index, follow	\N
1501	Bc gh n cao cp chnh hng	Bc gh n cao cp chnh hng, cht lng cao, gi tt nht th trng	bc gh n cao cp, ph kin  t, chnh hng	\N	\N	\N	website	\N	\N	summary_large_image	\N	\N	\N	\N	index, follow	\N
1513	Bc gh n cao cp chnh hng	Bc gh n cao cp chnh hng, cht lng cao, gi tt nht th trng	bc gh n cao cp, ph kin  t, chnh hng	\N	\N	\N	website	\N	\N	summary_large_image	\N	\N	\N	\N	index, follow	\N
1524	Cn sau carbon chnh hng	Cn sau carbon chnh hng, cht lng cao, gi tt nht th trng	cn sau carbon, ph kin  t, chnh hng	\N	\N	\N	website	\N	\N	summary_large_image	\N	\N	\N	\N	index, follow	\N
1534	Cn sau carbon chnh hng	Cn sau carbon chnh hng, cht lng cao, gi tt nht th trng	cn sau carbon, ph kin  t, chnh hng	\N	\N	\N	website	\N	\N	summary_large_image	\N	\N	\N	\N	index, follow	\N
1541	HUD hin th thng minh chnh hng	HUD hin th thng minh chnh hng, cht lng cao, gi tt nht th trng	hud hin th thng minh, ph kin  t, chnh hng	\N	\N	\N	website	\N	\N	summary_large_image	\N	\N	\N	\N	index, follow	\N
1548	HUD hin th thng minh chnh hng	HUD hin th thng minh chnh hng, cht lng cao, gi tt nht th trng	hud hin th thng minh, ph kin  t, chnh hng	\N	\N	\N	website	\N	\N	summary_large_image	\N	\N	\N	\N	index, follow	\N
1558	Auto Tuan Linh - Ph kin  t chnh hng	Chuyn cung cp ph kin  t chnh hng v dch v chm sc xe chuyn nghip	ph kin  t, dn phim cch nhit, bc gh da	\N	\N	\N	website	\N	\N	summary_large_image	\N	\N	\N	\N	index, follow	\N
1559	Auto Tuan Linh - Ph kin  t chnh hng	Chuyn cung cp ph kin  t chnh hng v dch v chm sc xe chuyn nghip	ph kin  t, dn phim cch nhit, bc gh da	\N	\N	\N	website	\N	\N	summary_large_image	\N	\N	\N	\N	index, follow	\N
199	Auto Tuan Linh - Ph kin  t chnh hng	Chuyn cung cp ph kin  t chnh hng v dch v chm sc xe chuyn nghip	ph kin  t, dn phim cch nhit, bc gh da dsad	\N	\N	\N	website	\N	\N	summary_large_image	\N	\N	\N	\N	index, follow	\N
1318	n pha	Cc bi vit v n pha cho  t	n pha, bi vit n pha	\N	\N	\N	website	\N	\N	summary_large_image	\N	\N	\N	\N	index, follow	\N
1319	Gng chiu hu	Cc bi vit v gng chiu hu cho  t	gng chiu hu, bi vit gng	\N	\N	\N	website	\N	\N	summary_large_image	\N	\N	\N	\N	index, follow	\N
1320	p vin	Cc bi vit v p vin cho  t	p vin, bi vit p vin	\N	\N	\N	website	\N	\N	summary_large_image	\N	\N	\N	\N	index, follow	\N
1321	Logo ni	Cc bi vit v logo ni cho  t	logo ni, bi vit logo	\N	\N	\N	website	\N	\N	summary_large_image	\N	\N	\N	\N	index, follow	\N
1322	Chn bn	Cc bi vit v chn bn cho  t	chn bn, bi vit chn bn	\N	\N	\N	website	\N	\N	summary_large_image	\N	\N	\N	\N	index, follow	\N
1637	Bi vit v ph kin ngoi tht  t	Danh mc cc bi vit v ph kin ngoi tht  t	bi vit ph kin ngoi tht, ngoi tht  t	\N	\N	\N	website	\N	\N	summary_large_image	\N	\N	\N	\N	index, follow	\N
1638	Cn trc/sau	Cc bi vit v cn trc v cn sau cho  t	cn trc, cn sau, bi vit cn	\N	\N	\N	website	\N	\N	summary_large_image	\N	\N	\N	\N	index, follow	\N
1639	n pha	Cc bi vit v n pha cho  t	n pha, bi vit n pha	\N	\N	\N	website	\N	\N	summary_large_image	\N	\N	\N	\N	index, follow	\N
1640	Gng chiu hu	Cc bi vit v gng chiu hu cho  t	gng chiu hu, bi vit gng	\N	\N	\N	website	\N	\N	summary_large_image	\N	\N	\N	\N	index, follow	\N
1641	p vin	Cc bi vit v p vin cho  t	p vin, bi vit p vin	\N	\N	\N	website	\N	\N	summary_large_image	\N	\N	\N	\N	index, follow	\N
1642	Logo ni	Cc bi vit v logo ni cho  t	logo ni, bi vit logo	\N	\N	\N	website	\N	\N	summary_large_image	\N	\N	\N	\N	index, follow	\N
1643	Chn bn	Cc bi vit v chn bn cho  t	chn bn, bi vit chn bn	\N	\N	\N	website	\N	\N	summary_large_image	\N	\N	\N	\N	index, follow	\N
1688	Ph kin ngoi tht  t	Danh mc cc ph kin ngoi tht  t chnh hng, y  v a dng	ph kin ngoi tht, ph kin  t, ngoi tht xe hi	\N	\N	\N	website	\N	\N	summary_large_image	\N	\N	\N	\N	index, follow	\N
1689	Cn v p  t	Cc sn phm cn v p  t cao cp	cn  t, p vin, chn bn	\N	\N	\N	website	\N	\N	summary_large_image	\N	\N	\N	\N	index, follow	\N
1690	n v chiu sng  t	Cc sn phm n v chiu sng  t	n  t, n LED, chiu sng	\N	\N	\N	website	\N	\N	summary_large_image	\N	\N	\N	\N	index, follow	\N
1242	Cch bo qun gh da  t ng cch	Cch bo qun gh da  t ng cch - So snh cc sn phm trn th trng  gip bn la chn tt nht.	ph kin  t, gheda baoquan	\N	\N	\N	website	\N	\N	summary_large_image	\N	\N	\N	\N	index, follow	\N
1251	Cch bo qun gh da  t ng cch	Cch bo qun gh da  t ng cch - So snh cc sn phm trn th trng  gip bn la chn tt nht.	ph kin  t, gheda baoquan	\N	\N	\N	website	\N	\N	summary_large_image	\N	\N	\N	\N	index, follow	\N
1259	Logo ni - Ph kin lm p xe c o	Logo ni - Ph kin lm p xe c o - Bi vit chi tit v sn phm v dch v ph kin  t chnh hng.	ph kin  t, logonoi phukien	\N	\N	\N	website	\N	\N	summary_large_image	\N	\N	\N	\N	index, follow	\N
1271	Logo ni - Ph kin lm p xe c o	Logo ni - Ph kin lm p xe c o - Bi vit chi tit v sn phm v dch v ph kin  t chnh hng.	ph kin  t, logonoi phukien	\N	\N	\N	website	\N	\N	summary_large_image	\N	\N	\N	\N	index, follow	\N
1278	B sc USB a nng cho  t	B sc USB a nng cho  t - Bi vit chi tit v sn phm v dch v ph kin  t chnh hng.	ph kin  t, sacusb phukien	\N	\N	\N	website	\N	\N	summary_large_image	\N	\N	\N	\N	index, follow	\N
1294	B sc USB a nng cho  t	B sc USB a nng cho  t - Bi vit chi tit v sn phm v dch v ph kin  t chnh hng.	ph kin  t, sacusb phukien	\N	\N	\N	website	\N	\N	summary_large_image	\N	\N	\N	\N	index, follow	\N
1500	Ta lng massage cho li xe chnh hng	Ta lng massage cho li xe chnh hng, cht lng cao, gi tt nht th trng	ta lng massage cho li xe, ph kin  t, chnh hng	\N	\N	\N	website	\N	\N	summary_large_image	\N	\N	\N	\N	index, follow	\N
1511	Ta lng massage cho li xe chnh hng	Ta lng massage cho li xe chnh hng, cht lng cao, gi tt nht th trng	ta lng massage cho li xe, ph kin  t, chnh hng	\N	\N	\N	website	\N	\N	summary_large_image	\N	\N	\N	\N	index, follow	\N
1523	Cn trc th thao chnh hng	Cn trc th thao chnh hng, cht lng cao, gi tt nht th trng	cn trc th thao, ph kin  t, chnh hng	\N	\N	\N	website	\N	\N	summary_large_image	\N	\N	\N	\N	index, follow	\N
1537	Cn trc th thao chnh hng	Cn trc th thao chnh hng, cht lng cao, gi tt nht th trng	cn trc th thao, ph kin  t, chnh hng	\N	\N	\N	website	\N	\N	summary_large_image	\N	\N	\N	\N	index, follow	\N
1545	B sc USB 4 cng chnh hng	B sc USB 4 cng chnh hng, cht lng cao, gi tt nht th trng	b sc usb 4 cng, ph kin  t, chnh hng	\N	\N	\N	website	\N	\N	summary_large_image	\N	\N	\N	\N	index, follow	\N
1556	B sc USB 4 cng chnh hng	B sc USB 4 cng chnh hng, cht lng cao, gi tt nht th trng	b sc usb 4 cng, ph kin  t, chnh hng	\N	\N	\N	website	\N	\N	summary_large_image	\N	\N	\N	\N	index, follow	\N
301	Auto Tuan Linh - Ph kin  t chnh hng	Chuyn cung cp ph kin  t chnh hng v dch v chm sc xe chuyn nghip	ph kin  t, dn phim cch nhit, bc gh da sdsadsad	\N	\N	\N	website	\N	\N	summary_large_image	\N	\N	\N	\N	index, follow	\N
1691	Gng v ph kin  t	Cc sn phm gng v ph kin  t	gng  t, gng chiu hu, logo ni	\N	\N	\N	website	\N	\N	summary_large_image	\N	\N	\N	\N	index, follow	\N
1692	Cn trc	Cn trc cho  t	cn trc, cn xe	\N	\N	\N	website	\N	\N	summary_large_image	\N	\N	\N	\N	index, follow	\N
1693	Cn sau	Cn sau cho  t	cn sau, cn xe	\N	\N	\N	website	\N	\N	summary_large_image	\N	\N	\N	\N	index, follow	\N
1694	p vin	p vin cho  t	p vin, vin xe	\N	\N	\N	website	\N	\N	summary_large_image	\N	\N	\N	\N	index, follow	\N
1695	Chn bn	Chn bn cho  t	chn bn, chn bn xe	\N	\N	\N	website	\N	\N	summary_large_image	\N	\N	\N	\N	index, follow	\N
1696	n pha LED	n pha LED cho  t	n pha LED, n LED	\N	\N	\N	website	\N	\N	summary_large_image	\N	\N	\N	\N	index, follow	\N
1697	n gm	n gm cho  t	n gm, n sng m	\N	\N	\N	website	\N	\N	summary_large_image	\N	\N	\N	\N	index, follow	\N
1698	n hu	n hu cho  t	n hu, n sau	\N	\N	\N	website	\N	\N	summary_large_image	\N	\N	\N	\N	index, follow	\N
1699	Gng chiu hu	Gng chiu hu cho  t	gng chiu hu, gng xe	\N	\N	\N	website	\N	\N	summary_large_image	\N	\N	\N	\N	index, follow	\N
1700	Logo ni	Logo ni cho  t	logo ni, logo xe	\N	\N	\N	website	\N	\N	summary_large_image	\N	\N	\N	\N	index, follow	\N
1701	Vin gng	Vin gng cho  t	vin gng, p gng	\N	\N	\N	website	\N	\N	summary_large_image	\N	\N	\N	\N	index, follow	\N
1702	Bo dng  t	Danh mc cc sn phm bo dng v ph tng thay th cho  t	bo dng  t, du nht, lc, ph tng	\N	\N	\N	website	\N	\N	summary_large_image	\N	\N	\N	\N	index, follow	\N
1703	Du nht  t	Cc sn phm du nht v ph gia cho  t	du nht, du ng c, du hp s, ph gia	\N	\N	\N	website	\N	\N	summary_large_image	\N	\N	\N	\N	index, follow	\N
1704	Lc v ph tng  t	Cc sn phm lc v ph tng thay th cho  t	lc gi, lc nht, ph tng thay th	\N	\N	\N	website	\N	\N	summary_large_image	\N	\N	\N	\N	index, follow	\N
1705	Du nht ng c	Du nht ng c cho  t	du nht ng c, engine oil	\N	\N	\N	website	\N	\N	summary_large_image	\N	\N	\N	\N	index, follow	\N
1706	Du hp s	Du hp s cho  t	du hp s, transmission fluid	\N	\N	\N	website	\N	\N	summary_large_image	\N	\N	\N	\N	index, follow	\N
1707	Ph gia	Ph gia cho  t	ph gia, additives	\N	\N	\N	website	\N	\N	summary_large_image	\N	\N	\N	\N	index, follow	\N
1708	Lc gi	Lc gi cho  t	lc gi, air filter	\N	\N	\N	website	\N	\N	summary_large_image	\N	\N	\N	\N	index, follow	\N
1709	Lc nht	Lc nht cho  t	lc nht, oil filter	\N	\N	\N	website	\N	\N	summary_large_image	\N	\N	\N	\N	index, follow	\N
1710	Ph tng thay th	Ph tng thay th cho  t	ph tng thay th, replacement parts	\N	\N	\N	website	\N	\N	summary_large_image	\N	\N	\N	\N	index, follow	\N
1030	Auto Tuan Linh - Ph kin  t chnh hng	Chuyn cung cp ph kin  t chnh hng v dch v chm sc xe chuyn nghip	ph kin  t, dn phim cch nhit, bc gh da	\N	\N	\N	website	\N	\N	summary_large_image	\N	\N	\N	\N	index, follow	\N
1031	Auto Tuan Linh - Ph kin  t chnh hng	Chuyn cung cp ph kin  t chnh hng v dch v chm sc xe chuyn nghip	ph kin  t, dn phim cch nhit, bc gh da	\N	\N	\N	website	\N	\N	summary_large_image	\N	\N	\N	\N	index, follow	\N
1243	So snh cc loi bc gh da trn th trng	So snh cc loi bc gh da trn th trng - nh gi khch quan v cht lng v hiu qu ca sn phm.	ph kin  t, bocgheda sosanh	\N	\N	\N	website	\N	\N	summary_large_image	\N	\N	\N	\N	index, follow	\N
1256	So snh cc loi bc gh da trn th trng	So snh cc loi bc gh da trn th trng - nh gi khch quan v cht lng v hiu qu ca sn phm.	ph kin  t, bocgheda sosanh	\N	\N	\N	website	\N	\N	summary_large_image	\N	\N	\N	\N	index, follow	\N
1263	Hng dn chn ph kin ngoi tht	Hng dn chn ph kin ngoi tht - nh gi khch quan v cht lng v hiu qu ca sn phm.	ph kin  t, phukienngoaithat huongdan	\N	\N	\N	website	\N	\N	summary_large_image	\N	\N	\N	\N	index, follow	\N
1279	Hng dn chn ph kin ngoi tht	Hng dn chn ph kin ngoi tht - nh gi khch quan v cht lng v hiu qu ca sn phm.	ph kin  t, phukienngoaithat huongdan	\N	\N	\N	website	\N	\N	summary_large_image	\N	\N	\N	\N	index, follow	\N
1283	So snh phim cch nhit 3M, Llumar, V-Kool	So snh phim cch nhit 3M, Llumar, V-Kool - nh gi khch quan v cht lng v hiu qu ca sn phm.	ph kin  t, phimcachnhiet sosanh	\N	\N	\N	website	\N	\N	summary_large_image	\N	\N	\N	\N	index, follow	\N
1296	So snh phim cch nhit 3M, Llumar, V-Kool	So snh phim cch nhit 3M, Llumar, V-Kool - nh gi khch quan v cht lng v hiu qu ca sn phm.	ph kin  t, phimcachnhiet sosanh	\N	\N	\N	website	\N	\N	summary_large_image	\N	\N	\N	\N	index, follow	\N
1499	Gh th thao Recaro chnh hng chnh hng	Gh th thao Recaro chnh hng chnh hng, cht lng cao, gi tt nht th trng	gh th thao recaro chnh hng, ph kin  t, chnh hng	\N	\N	\N	website	\N	\N	summary_large_image	\N	\N	\N	\N	index, follow	\N
1510	Gh th thao Recaro chnh hng chnh hng	Gh th thao Recaro chnh hng chnh hng, cht lng cao, gi tt nht th trng	gh th thao recaro chnh hng, ph kin  t, chnh hng	\N	\N	\N	website	\N	\N	summary_large_image	\N	\N	\N	\N	index, follow	\N
1518	V lng g t nhin chnh hng	V lng g t nhin chnh hng, cht lng cao, gi tt nht th trng	v lng g t nhin, ph kin  t, chnh hng	\N	\N	\N	website	\N	\N	summary_large_image	\N	\N	\N	\N	index, follow	\N
1527	V lng g t nhin chnh hng	V lng g t nhin chnh hng, cht lng cao, gi tt nht th trng	v lng g t nhin, ph kin  t, chnh hng	\N	\N	\N	website	\N	\N	summary_large_image	\N	\N	\N	\N	index, follow	\N
1535	Logo ni Mercedes-Benz chnh hng	Logo ni Mercedes-Benz chnh hng, cht lng cao, gi tt nht th trng	logo ni mercedes-benz, ph kin  t, chnh hng	\N	\N	\N	website	\N	\N	summary_large_image	\N	\N	\N	\N	index, follow	\N
1547	Logo ni Mercedes-Benz chnh hng	Logo ni Mercedes-Benz chnh hng, cht lng cao, gi tt nht th trng	logo ni mercedes-benz, ph kin  t, chnh hng	\N	\N	\N	website	\N	\N	summary_large_image	\N	\N	\N	\N	index, follow	\N
1601	Auto Tuan Linh - Ph kin  t chnh hng	Chuyn cung cp ph kin  t chnh hng v dch v chm sc xe chuyn nghip	ph kin  t, dn phim cch nhit, bc gh da	\N	\N	\N	website	\N	\N	summary_large_image	\N	\N	\N	\N	index, follow	\N
1602	Auto Tuan Linh - Ph kin  t chnh hng	Chuyn cung cp ph kin  t chnh hng v dch v chm sc xe chuyn nghip	ph kin  t, dn phim cch nhit, bc gh da	\N	\N	\N	website	\N	\N	summary_large_image	\N	\N	\N	\N	index, follow	\N
1603	Auto Tuan Linh - Ph kin  t chnh hng	Chuyn cung cp ph kin  t chnh hng v dch v chm sc xe chuyn nghip	ph kin  t, dn phim cch nhit, bc gh da	\N	\N	\N	website	\N	\N	summary_large_image	\N	\N	\N	\N	index, follow	\N
1604	Auto Tuan Linh - Ph kin  t chnh hng	Chuyn cung cp ph kin  t chnh hng v dch v chm sc xe chuyn nghip	ph kin  t, dn phim cch nhit, bc gh da	\N	\N	\N	website	\N	\N	summary_large_image	\N	\N	\N	\N	index, follow	\N
1605	Auto Tuan Linh - Ph kin  t chnh hng	Chuyn cung cp ph kin  t chnh hng v dch v chm sc xe chuyn nghip	ph kin  t, dn phim cch nhit, bc gh da	\N	\N	\N	website	\N	\N	summary_large_image	\N	\N	\N	\N	index, follow	\N
1606	Auto Tuan Linh - Ph kin  t chnh hng	Chuyn cung cp ph kin  t chnh hng v dch v chm sc xe chuyn nghip	ph kin  t, dn phim cch nhit, bc gh da dsad	\N	\N	\N	website	\N	\N	summary_large_image	\N	\N	\N	\N	index, follow	\N
1607	Auto Tuan Linh - Ph kin  t chnh hng	Chuyn cung cp ph kin  t chnh hng v dch v chm sc xe chuyn nghip	ph kin  t, dn phim cch nhit, bc gh da sdsadsad	\N	\N	\N	website	\N	\N	summary_large_image	\N	\N	\N	\N	index, follow	\N
1608	Auto Tuan Linh - Ph kin  t chnh hng	Chuyn cung cp ph kin  t chnh hng v dch v chm sc xe chuyn nghip	ph kin  t, dn phim cch nhit, bc gh da	\N	\N	\N	website	\N	\N	summary_large_image	\N	\N	\N	\N	index, follow	\N
1599	Auto Tuan Linh - Ph kin  t chnh hng	Chuyn cung cp ph kin  t chnh hng v dch v chm sc xe chuyn nghip	ph kin  t, dn phim cch nhit, bc gh da	asadsad	\N	\N	website	\N	\N	summary_large_image	\N	\N	\N	\N	index, follow	\N
1711	sdasdsa	dsadsadsadsadsad	sdsad	sadsad	dsadas	dsadsad	website	dsadasd	sadsad	summary_large_image	sdsad	dsad	sadasdas	dsadasdsa	index, follow	\N
1244	Hng dn chn gh da  t ph hp	Hng dn chn gh da  t ph hp - Bi vit chi tit v sn phm v dch v ph kin  t chnh hng.	ph kin  t, gheda phukien	\N	\N	\N	website	\N	\N	summary_large_image	\N	\N	\N	\N	index, follow	\N
1262	Hng dn chn gh da  t ph hp	Hng dn chn gh da  t ph hp - Bi vit chi tit v sn phm v dch v ph kin  t chnh hng.	ph kin  t, gheda phukien	\N	\N	\N	website	\N	\N	summary_large_image	\N	\N	\N	\N	index, follow	\N
1268	Hng dn lp t camera hnh trnh	Hng dn lp t camera hnh trnh - Nhng mo v kinh nghim hu ch khi mua ph kin  t.	ph kin  t, camerahanhtrinh huongdan	\N	\N	\N	website	\N	\N	summary_large_image	\N	\N	\N	\N	index, follow	\N
1293	Hng dn lp t camera hnh trnh	Hng dn lp t camera hnh trnh - Nhng mo v kinh nghim hu ch khi mua ph kin  t.	ph kin  t, camerahanhtrinh huongdan	\N	\N	\N	website	\N	\N	summary_large_image	\N	\N	\N	\N	index, follow	\N
1344	Bi vit v dn phim cch nhit	Danh mc cc bi vit v dch v dn phim cch nhit	bi vit dn phim cch nhit, phim cch nhit	\N	\N	\N	website	\N	\N	summary_large_image	\N	\N	\N	\N	index, follow	\N
1345	Phim cch nhit 3M	Cc bi vit v phim cch nhit 3M	phim cch nhit 3M, bi vit 3M	\N	\N	\N	website	\N	\N	summary_large_image	\N	\N	\N	\N	index, follow	\N
1346	Phim cch nhit Llumar	Cc bi vit v phim cch nhit Llumar	phim cch nhit Llumar, bi vit Llumar	\N	\N	\N	website	\N	\N	summary_large_image	\N	\N	\N	\N	index, follow	\N
1347	Phim cch nhit V-Kool	Cc bi vit v phim cch nhit V-Kool	phim cch nhit V-Kool, bi vit V-Kool	\N	\N	\N	website	\N	\N	summary_large_image	\N	\N	\N	\N	index, follow	\N
1348	Bo hnh phim	Cc bi vit v bo hnh phim cch nhit	bo hnh phim, bi vit bo hnh	\N	\N	\N	website	\N	\N	summary_large_image	\N	\N	\N	\N	index, follow	\N
1349	Bi vit v dn phim cch nhit	Danh mc cc bi vit v dch v dn phim cch nhit	bi vit dn phim cch nhit, phim cch nhit	\N	\N	\N	website	\N	\N	summary_large_image	\N	\N	\N	\N	index, follow	\N
1350	Phim cch nhit 3M	Cc bi vit v phim cch nhit 3M	phim cch nhit 3M, bi vit 3M	\N	\N	\N	website	\N	\N	summary_large_image	\N	\N	\N	\N	index, follow	\N
1351	Phim cch nhit Llumar	Cc bi vit v phim cch nhit Llumar	phim cch nhit Llumar, bi vit Llumar	\N	\N	\N	website	\N	\N	summary_large_image	\N	\N	\N	\N	index, follow	\N
1352	Phim cch nhit V-Kool	Cc bi vit v phim cch nhit V-Kool	phim cch nhit V-Kool, bi vit V-Kool	\N	\N	\N	website	\N	\N	summary_large_image	\N	\N	\N	\N	index, follow	\N
1353	Bo hnh phim	Cc bi vit v bo hnh phim cch nhit	bo hnh phim, bi vit bo hnh	\N	\N	\N	website	\N	\N	summary_large_image	\N	\N	\N	\N	index, follow	\N
1362	Bi vit v nng cp m thanh	Danh mc cc bi vit v dch v nng cp m thanh  t	bi vit nng cp m thanh, m thanh  t	\N	\N	\N	website	\N	\N	summary_large_image	\N	\N	\N	\N	index, follow	\N
1363	Lp t loa	Cc bi vit v lp t loa cho  t	lp t loa, bi vit loa	\N	\N	\N	website	\N	\N	summary_large_image	\N	\N	\N	\N	index, follow	\N
1364	Lp t amply	Cc bi vit v lp t amply cho  t	lp t amply, bi vit amply	\N	\N	\N	website	\N	\N	summary_large_image	\N	\N	\N	\N	index, follow	\N
1365	Nng cp u DVD	Cc bi vit v nng cp u DVD cho  t	nng cp u DVD, bi vit u DVD	\N	\N	\N	website	\N	\N	summary_large_image	\N	\N	\N	\N	index, follow	\N
1366	Bi vit v nng cp m thanh	Danh mc cc bi vit v dch v nng cp m thanh  t	bi vit nng cp m thanh, m thanh  t	\N	\N	\N	website	\N	\N	summary_large_image	\N	\N	\N	\N	index, follow	\N
1367	Lp t loa	Cc bi vit v lp t loa cho  t	lp t loa, bi vit loa	\N	\N	\N	website	\N	\N	summary_large_image	\N	\N	\N	\N	index, follow	\N
1368	Lp t amply	Cc bi vit v lp t amply cho  t	lp t amply, bi vit amply	\N	\N	\N	website	\N	\N	summary_large_image	\N	\N	\N	\N	index, follow	\N
1316	Bi vit v ph kin ngoi tht  t	Danh mc cc bi vit v ph kin ngoi tht  t	bi vit ph kin ngoi tht, ngoi tht  t	\N	\N	\N	website	\N	\N	summary_large_image	\N	\N	\N	\N	index, follow	\N
1317	Cn trc/sau	Cc bi vit v cn trc v cn sau cho  t	cn trc, cn sau, bi vit cn	\N	\N	\N	website	\N	\N	summary_large_image	\N	\N	\N	\N	index, follow	\N
1245	Review gh da cao cp cho  t	Review gh da cao cp cho  t - Hng dn y  v cch s dng v bo qun ph kin  t.	ph kin  t, gheda review	\N	\N	\N	website	\N	\N	summary_large_image	\N	\N	\N	\N	index, follow	\N
1260	Review gh da cao cp cho  t	Review gh da cao cp cho  t - Hng dn y  v cch s dng v bo qun ph kin  t.	ph kin  t, gheda review	\N	\N	\N	website	\N	\N	summary_large_image	\N	\N	\N	\N	index, follow	\N
1264	Camera hnh trnh no tt nht 2025	Camera hnh trnh no tt nht 2025 - So snh cc sn phm trn th trng  gip bn la chn tt nht.	ph kin  t, camerahanhtrinh review	\N	\N	\N	website	\N	\N	summary_large_image	\N	\N	\N	\N	index, follow	\N
1280	Camera hnh trnh no tt nht 2025	Camera hnh trnh no tt nht 2025 - So snh cc sn phm trn th trng  gip bn la chn tt nht.	ph kin  t, camerahanhtrinh review	\N	\N	\N	website	\N	\N	summary_large_image	\N	\N	\N	\N	index, follow	\N
1498	Gi ta u da ln cao cp chnh hng	Gi ta u da ln cao cp chnh hng, cht lng cao, gi tt nht th trng	gi ta u da ln cao cp, ph kin  t, chnh hng	\N	\N	\N	website	\N	\N	summary_large_image	\N	\N	\N	\N	index, follow	\N
1508	Gi ta u da ln cao cp chnh hng	Gi ta u da ln cao cp chnh hng, cht lng cao, gi tt nht th trng	gi ta u da ln cao cp, ph kin  t, chnh hng	\N	\N	\N	website	\N	\N	summary_large_image	\N	\N	\N	\N	index, follow	\N
1519	Thm sn cao cp 3D chnh hng	Thm sn cao cp 3D chnh hng, cht lng cao, gi tt nht th trng	thm sn cao cp 3d, ph kin  t, chnh hng	\N	\N	\N	website	\N	\N	summary_large_image	\N	\N	\N	\N	index, follow	\N
1530	Thm sn cao cp 3D chnh hng	Thm sn cao cp 3D chnh hng, cht lng cao, gi tt nht th trng	thm sn cao cp 3d, ph kin  t, chnh hng	\N	\N	\N	website	\N	\N	summary_large_image	\N	\N	\N	\N	index, follow	\N
1543	Loa JBL 6.5 inch chnh hng	Loa JBL 6.5 inch chnh hng, cht lng cao, gi tt nht th trng	loa jbl 6.5 inch, ph kin  t, chnh hng	\N	\N	\N	website	\N	\N	summary_large_image	\N	\N	\N	\N	index, follow	\N
1550	Loa JBL 6.5 inch chnh hng	Loa JBL 6.5 inch chnh hng, cht lng cao, gi tt nht th trng	loa jbl 6.5 inch, ph kin  t, chnh hng	\N	\N	\N	website	\N	\N	summary_large_image	\N	\N	\N	\N	index, follow	\N
1609	Auto Tuan Linh - Ph kin  t chnh hng	Chuyn cung cp ph kin  t chnh hng v dch v chm sc xe chuyn nghip	ph kin  t, dn phim cch nhit, bc gh da	asadsad	\N	\N	website	\N	\N	summary_large_image	\N	\N	\N	\N	index, follow	\N
1286	Bo hnh phim cch nhit - Nhng iu cn bit	Bo hnh phim cch nhit - Nhng iu cn bit - So snh cc sn phm trn th trng  gip bn la chn tt nht.	ph kin  t, baohanhphim huongdan	\N	\N	\N	website	\N	\N	summary_large_image	\N	\N	\N	\N	index, follow	\N
1370	Ph kin ni tht  t	Danh mc cc ph kin ni tht  t chnh hng, y  v a dng	ph kin ni tht, ph kin  t, ni tht xe hi	\N	\N	\N	website	\N	\N	summary_large_image	\N	\N	\N	\N	index, follow	\N
1371	Gh v ta  t	Cc sn phm gh v ta lng  t cao cp	gh  t, ta lng, gh da	\N	\N	\N	website	\N	\N	summary_large_image	\N	\N	\N	\N	index, follow	\N
1372	V lng  t	Cc sn phm v lng v bc v lng  t	v lng, bc v lng	\N	\N	\N	website	\N	\N	summary_large_image	\N	\N	\N	\N	index, follow	\N
1373	Thm v trang tr ni tht  t	Cc sn phm thm v  trang tr ni tht  t	thm  t, trang tr ni tht	\N	\N	\N	website	\N	\N	summary_large_image	\N	\N	\N	\N	index, follow	\N
1374	Gh da cao cp	Gh da cao cp cho  t	gh da, gh cao cp	\N	\N	\N	website	\N	\N	summary_large_image	\N	\N	\N	\N	index, follow	\N
1375	Bc gh da	Bc gh da cho  t	bc gh da, bc gh	\N	\N	\N	website	\N	\N	summary_large_image	\N	\N	\N	\N	index, follow	\N
1376	Gi ta u	Gi ta u cho  t	gi ta u, gi	\N	\N	\N	website	\N	\N	summary_large_image	\N	\N	\N	\N	index, follow	\N
1369	Nng cp u DVD	Cc bi vit v nng cp u DVD cho  t	nng cp u DVD, bi vit u DVD	\N	\N	\N	website	\N	\N	summary_large_image	\N	\N	\N	\N	index, follow	\N
1478	Bo dng  t	Danh mc cc sn phm bo dng v ph tng thay th cho  t	bo dng  t, du nht, lc, ph tng	\N	\N	\N	website	\N	\N	summary_large_image	\N	\N	\N	\N	index, follow	\N
1479	Du nht  t	Cc sn phm du nht v ph gia cho  t	du nht, du ng c, du hp s, ph gia	\N	\N	\N	website	\N	\N	summary_large_image	\N	\N	\N	\N	index, follow	\N
1480	Lc v ph tng  t	Cc sn phm lc v ph tng thay th cho  t	lc gi, lc nht, ph tng thay th	\N	\N	\N	website	\N	\N	summary_large_image	\N	\N	\N	\N	index, follow	\N
1481	Du nht ng c	Du nht ng c cho  t	du nht ng c, engine oil	\N	\N	\N	website	\N	\N	summary_large_image	\N	\N	\N	\N	index, follow	\N
1482	Du hp s	Du hp s cho  t	du hp s, transmission fluid	\N	\N	\N	website	\N	\N	summary_large_image	\N	\N	\N	\N	index, follow	\N
1483	Ph gia	Ph gia cho  t	ph gia, additives	\N	\N	\N	website	\N	\N	summary_large_image	\N	\N	\N	\N	index, follow	\N
1484	Lc gi	Lc gi cho  t	lc gi, air filter	\N	\N	\N	website	\N	\N	summary_large_image	\N	\N	\N	\N	index, follow	\N
1485	Lc nht	Lc nht cho  t	lc nht, oil filter	\N	\N	\N	website	\N	\N	summary_large_image	\N	\N	\N	\N	index, follow	\N
1486	Ph tng thay th	Ph tng thay th cho  t	ph tng thay th, replacement parts	\N	\N	\N	website	\N	\N	summary_large_image	\N	\N	\N	\N	index, follow	\N
300	Auto Tuan Linh - Ph kin  t chnh hng	Chuyn cung cp ph kin  t chnh hng v dch v chm sc xe chuyn nghip	ph kin  t, dn phim cch nhit, bc gh da	\N	\N	\N	website	\N	\N	summary_large_image	\N	\N	\N	\N	index, follow	\N
1450	 chi xe hi	Danh mc cc  chi v ph kin in t cho xe hi chnh hng	 chi xe hi, ph kin in t, camera, m thanh	\N	\N	\N	website	\N	\N	summary_large_image	\N	\N	\N	\N	index, follow	\N
1451	Camera v an ninh  t	Cc sn phm camera v h thng an ninh cho  t	camera hnh trnh, camera li, cm bin, bo ng	\N	\N	\N	website	\N	\N	summary_large_image	\N	\N	\N	\N	index, follow	\N
1452	m thanh  t	Cc sn phm m thanh cho  t	u DVD, loa, amply, subwoofer	\N	\N	\N	website	\N	\N	summary_large_image	\N	\N	\N	\N	index, follow	\N
1453	Tin ch  t	Cc sn phm tin ch cho  t	HUD, sc USB, sc khng dy, tin ch	\N	\N	\N	website	\N	\N	summary_large_image	\N	\N	\N	\N	index, follow	\N
1454	Camera hnh trnh	Camera hnh trnh cho  t	camera hnh trnh, dashcam	\N	\N	\N	website	\N	\N	summary_large_image	\N	\N	\N	\N	index, follow	\N
1455	Camera li	Camera li cho  t	camera li, backup camera	\N	\N	\N	website	\N	\N	summary_large_image	\N	\N	\N	\N	index, follow	\N
1456	Cm bin li	Cm bin li cho  t	cm bin li, parking sensor	\N	\N	\N	website	\N	\N	summary_large_image	\N	\N	\N	\N	index, follow	\N
1457	H thng bo ng	H thng bo ng cho  t	bo ng, alarm system	\N	\N	\N	website	\N	\N	summary_large_image	\N	\N	\N	\N	index, follow	\N
1458	u DVD Android	u DVD Android cho  t	u DVD Android, Android car stereo	\N	\N	\N	website	\N	\N	summary_large_image	\N	\N	\N	\N	index, follow	\N
1459	Loa & Amply	Loa v Amply cho  t	loa, amply, speaker, amplifier	\N	\N	\N	website	\N	\N	summary_large_image	\N	\N	\N	\N	index, follow	\N
1460	Loa siu trm	Loa siu trm cho  t	loa siu trm, subwoofer	\N	\N	\N	website	\N	\N	summary_large_image	\N	\N	\N	\N	index, follow	\N
1461	HUD hin th	HUD hin th cho  t	HUD, head-up display	\N	\N	\N	website	\N	\N	summary_large_image	\N	\N	\N	\N	index, follow	\N
1462	B sc USB	B sc USB cho  t	sc USB, USB charger	\N	\N	\N	website	\N	\N	summary_large_image	\N	\N	\N	\N	index, follow	\N
1463	Sc khng dy	Sc khng dy cho  t	sc khng dy, wireless charger	\N	\N	\N	website	\N	\N	summary_large_image	\N	\N	\N	\N	index, follow	\N
1464	 chi xe hi	Danh mc cc  chi v ph kin in t cho xe hi chnh hng	 chi xe hi, ph kin in t, camera, m thanh	\N	\N	\N	website	\N	\N	summary_large_image	\N	\N	\N	\N	index, follow	\N
1465	Camera v an ninh  t	Cc sn phm camera v h thng an ninh cho  t	camera hnh trnh, camera li, cm bin, bo ng	\N	\N	\N	website	\N	\N	summary_large_image	\N	\N	\N	\N	index, follow	\N
1466	m thanh  t	Cc sn phm m thanh cho  t	u DVD, loa, amply, subwoofer	\N	\N	\N	website	\N	\N	summary_large_image	\N	\N	\N	\N	index, follow	\N
1467	Tin ch  t	Cc sn phm tin ch cho  t	HUD, sc USB, sc khng dy, tin ch	\N	\N	\N	website	\N	\N	summary_large_image	\N	\N	\N	\N	index, follow	\N
1468	Camera hnh trnh	Camera hnh trnh cho  t	camera hnh trnh, dashcam	\N	\N	\N	website	\N	\N	summary_large_image	\N	\N	\N	\N	index, follow	\N
1469	Camera li	Camera li cho  t	camera li, backup camera	\N	\N	\N	website	\N	\N	summary_large_image	\N	\N	\N	\N	index, follow	\N
1470	Cm bin li	Cm bin li cho  t	cm bin li, parking sensor	\N	\N	\N	website	\N	\N	summary_large_image	\N	\N	\N	\N	index, follow	\N
1471	H thng bo ng	H thng bo ng cho  t	bo ng, alarm system	\N	\N	\N	website	\N	\N	summary_large_image	\N	\N	\N	\N	index, follow	\N
1472	u DVD Android	u DVD Android cho  t	u DVD Android, Android car stereo	\N	\N	\N	website	\N	\N	summary_large_image	\N	\N	\N	\N	index, follow	\N
1473	Loa & Amply	Loa v Amply cho  t	loa, amply, speaker, amplifier	\N	\N	\N	website	\N	\N	summary_large_image	\N	\N	\N	\N	index, follow	\N
1474	Loa siu trm	Loa siu trm cho  t	loa siu trm, subwoofer	\N	\N	\N	website	\N	\N	summary_large_image	\N	\N	\N	\N	index, follow	\N
1475	HUD hin th	HUD hin th cho  t	HUD, head-up display	\N	\N	\N	website	\N	\N	summary_large_image	\N	\N	\N	\N	index, follow	\N
1476	B sc USB	B sc USB cho  t	sc USB, USB charger	\N	\N	\N	website	\N	\N	summary_large_image	\N	\N	\N	\N	index, follow	\N
1477	Sc khng dy	Sc khng dy cho  t	sc khng dy, wireless charger	\N	\N	\N	website	\N	\N	summary_large_image	\N	\N	\N	\N	index, follow	\N
1496	Gh da cao cp Mercedes-Benz chnh hng	Gh da cao cp Mercedes-Benz chnh hng, cht lng cao, gi tt nht th trng	gh da cao cp mercedes-benz, ph kin  t, chnh hng	\N	\N	\N	website	\N	\N	summary_large_image	\N	\N	\N	\N	index, follow	\N
1503	V lng da Nappa cao cp chnh hng	V lng da Nappa cao cp chnh hng, cht lng cao, gi tt nht th trng	v lng da nappa cao cp, ph kin  t, chnh hng	\N	\N	\N	website	\N	\N	summary_large_image	\N	\N	\N	\N	index, follow	\N
1506	V lng da Nappa cao cp chnh hng	V lng da Nappa cao cp chnh hng, cht lng cao, gi tt nht th trng	v lng da nappa cao cp, ph kin  t, chnh hng	\N	\N	\N	website	\N	\N	summary_large_image	\N	\N	\N	\N	index, follow	\N
1516	V lng th thao Momo chnh hng	V lng th thao Momo chnh hng, cht lng cao, gi tt nht th trng	v lng th thao momo, ph kin  t, chnh hng	\N	\N	\N	website	\N	\N	summary_large_image	\N	\N	\N	\N	index, follow	\N
1528	V lng th thao Momo chnh hng	V lng th thao Momo chnh hng, cht lng cao, gi tt nht th trng	v lng th thao momo, ph kin  t, chnh hng	\N	\N	\N	website	\N	\N	summary_large_image	\N	\N	\N	\N	index, follow	\N
1540	Cm bin li 8 im chnh hng	Cm bin li 8 im chnh hng, cht lng cao, gi tt nht th trng	cm bin li 8 im, ph kin  t, chnh hng	\N	\N	\N	website	\N	\N	summary_large_image	\N	\N	\N	\N	index, follow	\N
1555	Cm bin li 8 im chnh hng	Cm bin li 8 im chnh hng, cht lng cao, gi tt nht th trng	cm bin li 8 im, ph kin  t, chnh hng	\N	\N	\N	website	\N	\N	summary_large_image	\N	\N	\N	\N	index, follow	\N
1610	Auto Tuan Linh - Ph kin  t chnh hng	Chuyn cung cp ph kin  t chnh hng v dch v chm sc xe chuyn nghip	ph kin  t, dn phim cch nhit, bc gh da	sadsd	\N	\N	website	\N	\N	summary_large_image	\N	\N	\N	\N	index, follow	\N
1507	Gh da cao cp Mercedes-Benz chnh hng	Gh da cao cp Mercedes-Benz chnh hng, cht lng cao, gi tt nht th trng	gh da cao cp mercedes-benz, ph kin  t, chnh hng	\N	\N	\N	website	\N	\N	summary_large_image	\N	\N	\N	\N	index, follow	\N
1517	V lng carbon fiber chnh hng	V lng carbon fiber chnh hng, cht lng cao, gi tt nht th trng	v lng carbon fiber, ph kin  t, chnh hng	\N	\N	\N	website	\N	\N	summary_large_image	\N	\N	\N	\N	index, follow	\N
1526	V lng carbon fiber chnh hng	V lng carbon fiber chnh hng, cht lng cao, gi tt nht th trng	v lng carbon fiber, ph kin  t, chnh hng	\N	\N	\N	website	\N	\N	summary_large_image	\N	\N	\N	\N	index, follow	\N
1533	Gng chiu hu t ng chnh hng	Gng chiu hu t ng chnh hng, cht lng cao, gi tt nht th trng	gng chiu hu t ng, ph kin  t, chnh hng	\N	\N	\N	website	\N	\N	summary_large_image	\N	\N	\N	\N	index, follow	\N
1546	Gng chiu hu t ng chnh hng	Gng chiu hu t ng chnh hng, cht lng cao, gi tt nht th trng	gng chiu hu t ng, ph kin  t, chnh hng	\N	\N	\N	website	\N	\N	summary_large_image	\N	\N	\N	\N	index, follow	\N
1552	Sc khng dy 15W chnh hng	Sc khng dy 15W chnh hng, cht lng cao, gi tt nht th trng	sc khng dy 15w, ph kin  t, chnh hng	\N	\N	\N	website	\N	\N	summary_large_image	\N	\N	\N	\N	index, follow	\N
1557	Sc khng dy 15W chnh hng	Sc khng dy 15W chnh hng, cht lng cao, gi tt nht th trng	sc khng dy 15w, ph kin  t, chnh hng	\N	\N	\N	website	\N	\N	summary_large_image	\N	\N	\N	\N	index, follow	\N
1612	Auto Tuan Linh - Ph kin  t chnh hng	Chuyn cung cp ph kin  t chnh hng v dch v chm sc xe chuyn nghip	ph kin  t, dn phim cch nhit, bc gh da	\N	\N	\N	website	\N	\N	summary_large_image	\N	\N	\N	\N	index, follow	\N
1613	Auto Tuan Linh - Ph kin  t chnh hng	Chuyn cung cp ph kin  t chnh hng v dch v chm sc xe chuyn nghip	ph kin  t, dn phim cch nhit, bc gh da	\N	\N	\N	website	\N	\N	summary_large_image	\N	\N	\N	\N	index, follow	\N
1614	Auto Tuan Linh - Ph kin  t chnh hng	Chuyn cung cp ph kin  t chnh hng v dch v chm sc xe chuyn nghip	ph kin  t, dn phim cch nhit, bc gh da	\N	\N	\N	website	\N	\N	summary_large_image	\N	\N	\N	\N	index, follow	\N
1615	Auto Tuan Linh - Ph kin  t chnh hng	Chuyn cung cp ph kin  t chnh hng v dch v chm sc xe chuyn nghip	ph kin  t, dn phim cch nhit, bc gh da dsad	\N	\N	\N	website	\N	\N	summary_large_image	\N	\N	\N	\N	index, follow	\N
1616	Auto Tuan Linh - Ph kin  t chnh hng	Chuyn cung cp ph kin  t chnh hng v dch v chm sc xe chuyn nghip	ph kin  t, dn phim cch nhit, bc gh da sdsadsad	\N	\N	\N	website	\N	\N	summary_large_image	\N	\N	\N	\N	index, follow	\N
1617	Auto Tuan Linh - Ph kin  t chnh hng sadsadasd	Chuyn cung cp ph kin  t chnh hng v dch v chm sc xe chuyn nghip	ph kin  t, dn phim cch nhit, bc gh da	\N	\N	\N	website	\N	\N	summary_large_image	\N	\N	\N	\N	index, follow	\N
1618	Auto Tuan Linh - Ph kin  t chnh hng dsadsadsa	Chuyn cung cp ph kin  t chnh hng v dch v chm sc xe chuyn nghip	ph kin  t, dn phim cch nhit, bc gh da	\N	\N	\N	website	\N	\N	summary_large_image	\N	\N	\N	\N	index, follow	\N
1619	Auto Tuan Linh - Ph kin  t chnh hng	Chuyn cung cp ph kin  t chnh hng v dch v chm sc xe chuyn nghip	ph kin  t, dn phim cch nhit, bc gh da	\N	\N	\N	website	\N	\N	summary_large_image	\N	\N	\N	\N	index, follow	\N
1620	Auto Tuan Linh - Ph kin  t chnh hng	Chuyn cung cp ph kin  t chnh hng v dch v chm sc xe chuyn nghip	ph kin  t, dn phim cch nhit, bc gh da	asadsad	\N	\N	website	\N	\N	summary_large_image	\N	\N	\N	\N	index, follow	\N
1611	Auto Tuan Linh - Ph kin  t chnh hng	Chuyn cung cp ph kin  t chnh hng v dch v chm sc xe chuyn nghip	ph kin  t, dn phim cch nhit, bc gh da	\N	\N	\N	website	\N	\N	summary_large_image	\N	\N	\N	\N	index, follow	\N
1621	sadasd	dasdasd	asad	sadasdas	sadasdsa	dsadsadsad	website	sadasd	dsadsad	summary_large_image	dasd	dsadsad	dsadasd	sds	index, follow	\N
402	Auto Tuan Linh - Ph kin  t chnh hng	Chuyn cung cp ph kin  t chnh hng v dch v chm sc xe chuyn nghip	ph kin  t, dn phim cch nhit, bc gh da	\N	\N	\N	website	\N	\N	summary_large_image	\N	\N	\N	\N	index, follow	\N
1330	Bi vit v  chi xe hi	 Danh mc cc bi vit v  chi v ph kin in t cho xe hi dsad 	bi vit  chi xe hi, ph kin in t	\N	\N	\N	website	\N	\N	summary_large_image	\N	\N	\N	\N	index, follow	\N
1332	Cm bin li	Cc bi vit v cm bin li cho  t	cm bin li, bi vit cm bin	\N	\N	\N	website	\N	\N	summary_large_image	\N	\N	\N	\N	index, follow	\N
1333	HUD hin th	Cc bi vit v HUD hin th cho  t	HUD hin th, bi vit HUD	\N	\N	\N	website	\N	\N	summary_large_image	\N	\N	\N	\N	index, follow	\N
1334	u DVD Android	Cc bi vit v u DVD Android cho  t	u DVD Android, bi vit u DVD	\N	\N	\N	website	\N	\N	summary_large_image	\N	\N	\N	\N	index, follow	\N
1335	Loa & Amply	Cc bi vit v loa v amply cho  t	loa, amply, bi vit loa	\N	\N	\N	website	\N	\N	summary_large_image	\N	\N	\N	\N	index, follow	\N
1336	B sc USB	Cc bi vit v b sc USB cho  t	b sc USB, bi vit sc USB	\N	\N	\N	website	\N	\N	summary_large_image	\N	\N	\N	\N	index, follow	\N
504	Auto Tuan Linh - Ph kin  t chnh hng	Chuyn cung cp ph kin  t chnh hng v dch v chm sc xe chuyn nghip	ph kin  t, dn phim cch nhit, bc gh da	\N	\N	\N	website	\N	\N	summary_large_image	\N	\N	\N	\N	index, follow	\N
1576	Auto Tuan Linh - Ph kin  t chnh hng	Chuyn cung cp ph kin  t chnh hng v dch v chm sc xe chuyn nghip	ph kin  t, dn phim cch nhit, bc gh da	\N	\N	\N	website	\N	\N	summary_large_image	\N	\N	\N	\N	index, follow	\N
1577	Auto Tuan Linh - Ph kin  t chnh hng	Chuyn cung cp ph kin  t chnh hng v dch v chm sc xe chuyn nghip	ph kin  t, dn phim cch nhit, bc gh da	\N	\N	\N	website	\N	\N	summary_large_image	\N	\N	\N	\N	index, follow	\N
505	Auto Tuan Linh - Ph kin  t chnh hng sadsadasd	Chuyn cung cp ph kin  t chnh hng v dch v chm sc xe chuyn nghip	ph kin  t, dn phim cch nhit, bc gh da	\N	\N	\N	website	\N	\N	summary_large_image	\N	\N	\N	\N	index, follow	\N
\.


--
-- Data for Name: components_shared_social_medias; Type: TABLE DATA; Schema: public; Owner: autotuanlinh_user
--

COPY public.components_shared_social_medias (id, url) FROM stdin;
1	https://facebook.com/autotuanlinh
2	https://instagram.com/autotuanlinh
3	https://youtube.com/autotuanlinh
7	https://facebook.com/autotuanlinh
8	https://instagram.com/autotuanlinh
9	https://youtube.com/autotuanlinh
4	https://facebook.com/autotuanlinh
5	https://instagram.com/autotuanlinh
6	https://youtube.com/autotuanlinh
10	/sdasd
11	/sdasdasd
\.


--
-- Data for Name: components_shared_specifications; Type: TABLE DATA; Schema: public; Owner: autotuanlinh_user
--

COPY public.components_shared_specifications (id, label, value) FROM stdin;
121	Thng hiu	Mercedes-Benz
125	Cht liu	Da tht
130	Bo hnh	3 nm
153	Thng hiu	Mercedes-Benz
155	Cht liu	Da tht
156	Bo hnh	3 nm
181	Thng hiu	CarbonPro
183	Cht liu	Carbon fiber
185	Bo hnh	5 nm
211	Thng hiu	CarbonPro
212	Cht liu	Carbon fiber
213	Bo hnh	5 nm
225	Thng hiu	AutoMirror
229	Tnh nng	T ng
234	Bo hnh	1 nm
271	Thng hiu	AutoMirror
272	Tnh nng	T ng
273	Bo hnh	1 nm
287	Thng hiu	Wireless
289	Cng sut	15W
293	Bo hnh	1 nm
304	Thng hiu	Wireless
305	Cng sut	15W
306	Bo hnh	1 nm
123	Thng hiu	AutoLux
126	Cht liu	Da ln
128	Thng hiu	Premium
131	Kch thc	Universal
138	Cht liu	N cao cp
148	Bo hnh	1 nm
158	Thng hiu	AutoLux
160	Cht liu	Da ln
164	Kch thc	Universal
167	Thng hiu	Premium
169	Cht liu	N cao cp
173	Bo hnh	1 nm
187	Thng hiu	3DMat
189	Cht liu	PVC cao cp
192	Bo hnh	2 nm
202	Thng hiu	CarbonPro
206	Cht liu	Carbon
209	Bo hnh	5 nm
222	Thng hiu	3DMat
226	Thng hiu	CarbonPro
228	Cht liu	PVC cao cp
230	Cht liu	Carbon
233	Bo hnh	2 nm
235	Bo hnh	5 nm
251	Thng hiu	SmartHUD
253	Tnh nng	Hin th thng minh
256	Bo hnh	2 nm
262	Thng hiu	JBL
263	Kch thc	6.5 inch
264	Bo hnh	2 nm
277	Thng hiu	SmartHUD
278	Tnh nng	Hin th thng minh
279	Bo hnh	2 nm
282	Thng hiu	JBL
284	Kch thc	6.5 inch
285	Bo hnh	2 nm
129	Thng hiu	WarmSeat
137	Tnh nng	Si m
147	Bo hnh	1 nm
175	Thng hiu	WarmSeat
178	Tnh nng	Si m
180	Bo hnh	1 nm
200	Thng hiu	WoodBox
203	Cht liu	G
207	Kch thc	Universal
232	Thng hiu	WoodBox
236	Cht liu	G
238	Kch thc	Universal
257	Thng hiu	AndroidCar
259	Mn hnh	10 inch
261	Bo hnh	2 nm
291	Thng hiu	AndroidCar
295	Mn hnh	10 inch
297	Bo hnh	2 nm
133	Thng hiu	Premium
140	Cht liu	Da Nappa
144	Bo hnh	2 nm
151	Thng hiu	Premium
152	Cht liu	Da Nappa
154	Bo hnh	2 nm
182	Thng hiu	Momo
184	Loi	Th thao
186	Bo hnh	3 nm
219	Thng hiu	Momo
221	Loi	Th thao
223	Bo hnh	3 nm
255	Thng hiu	ParkSensor
258	S im	8 im
260	Bo hnh	1 nm
298	Thng hiu	ParkSensor
299	S im	8 im
300	Bo hnh	1 nm
124	Thng hiu	Recaro
127	Loi	Th thao
132	Bo hnh	5 nm
134	Thng hiu	Memory
141	Cht liu	Memory foam
145	Kch thc	Universal
157	Thng hiu	Memory
159	Thng hiu	Recaro
161	Cht liu	Memory foam
162	Loi	Th thao
163	Kch thc	Universal
165	Bo hnh	5 nm
188	Thng hiu	WoodCraft
190	Cht liu	G t nhin
191	Thng hiu	WeatherTech
194	Bo hnh	2 nm
196	Cht liu	Rubber
198	Bo hnh	3 nm
214	Thng hiu	WoodCraft
215	Cht liu	G t nhin
216	Bo hnh	2 nm
224	Thng hiu	WeatherTech
227	Cht liu	Rubber
231	Bo hnh	3 nm
237	Thng hiu	Mercedes-Benz
239	Cht liu	Chrome
240	Kch thc	OEM
248	Thng hiu	DashCam
252	 phn gii	4K
254	Bo hnh	2 nm
274	Thng hiu	Mercedes-Benz
275	Cht liu	Chrome
276	Kch thc	OEM
286	Thng hiu	DashCam
288	 phn gii	4K
292	Bo hnh	2 nm
135	Thng hiu	Comfort
142	Tnh nng	Massage
146	Bo hnh	1 nm
170	Thng hiu	Comfort
174	Tnh nng	Massage
177	Bo hnh	1 nm
199	Thng hiu	SportLine
201	Cht liu	ABS
205	Bo hnh	2 nm
244	Thng hiu	SportLine
246	Cht liu	ABS
250	Bo hnh	2 nm
267	Thng hiu	USBPro
269	S cng	4 cng
270	Bo hnh	1 nm
301	Thng hiu	USBPro
302	S cng	4 cng
303	Bo hnh	1 nm
139	Thng hiu	Sport
149	Cht liu	Da ln
150	Kch thc	Universal
166	Thng hiu	Sport
168	Cht liu	Da ln
171	Kch thc	Universal
193	Thng hiu	Organizer
195	Cht liu	Vi bn
197	Kch thc	a dng
217	Thng hiu	Organizer
218	Cht liu	Vi bn
220	Kch thc	a dng
241	Thng hiu	MudGuard
242	Cht liu	ABS
243	Bo hnh	1 nm
280	Thng hiu	MudGuard
281	Cht liu	ABS
283	Bo hnh	1 nm
322	Thng hiu	AmpPro
323	Cng sut	1000W
324	Bo hnh	2 nm
325	Thng hiu	Premium
326	Cht liu	Da tht
327	Bo hnh	2 nm
204	Thng hiu	LEDPro
208	Cng sut	60W
210	Bo hnh	2 nm
245	Thng hiu	LEDPro
247	Cng sut	60W
249	Bo hnh	2 nm
265	Thng hiu	AmpPro
266	Cng sut	1000W
268	Bo hnh	2 nm
122	Thng hiu	Premium
136	Cht liu	Da tht
143	Bo hnh	2 nm
\.


--
-- Data for Name: danh_muc_bai_viet_dich_vus; Type: TABLE DATA; Schema: public; Owner: autotuanlinh_user
--

COPY public.danh_muc_bai_viet_dich_vus (id, document_id, title, slug, mo_ta, created_at, updated_at, published_at, created_by_id, updated_by_id, locale) FROM stdin;
23	muudq0pqjqr748pxxqolh8ke	Dn phim cch nhit	dan-phim-cach-nhiet	Danh mc cc bi vit v dch v dn phim cch nhit	2026-01-04 21:31:09.765	2026-01-04 21:31:09.765	\N	\N	\N	\N
24	muudq0pqjqr748pxxqolh8ke	Dn phim cch nhit	dan-phim-cach-nhiet	Danh mc cc bi vit v dch v dn phim cch nhit	2026-01-04 21:31:09.765	2026-01-04 21:31:09.765	2026-01-04 21:31:09.775	\N	\N	\N
27	nyg4d2esb3fm4ro1bz9w2mnc	Nng cp m thanh	nang-cap-am-thanh	Danh mc cc bi vit v dch v nng cp m thanh  t	2026-01-04 21:31:09.813	2026-01-04 21:31:09.813	\N	\N	\N	\N
28	nyg4d2esb3fm4ro1bz9w2mnc	Nng cp m thanh	nang-cap-am-thanh	Danh mc cc bi vit v dch v nng cp m thanh  t	2026-01-04 21:31:09.813	2026-01-04 21:31:09.813	2026-01-04 21:31:09.82	\N	\N	\N
25	ieu9rtfs33rxd0wtqn99utw3	Bc gh da	boc-ghe-da	Danh mc cc bi vit v dch v bc gh da	2026-01-04 21:31:09.792	2026-01-07 23:42:13.023	\N	\N	1	\N
29	ieu9rtfs33rxd0wtqn99utw3	Bc gh da	boc-ghe-da	Danh mc cc bi vit v dch v bc gh da	2026-01-04 21:31:09.792	2026-01-07 23:42:13.023	2026-01-07 23:42:13.047	\N	1	\N
\.


--
-- Data for Name: danh_muc_bai_viet_dich_vus_cmps; Type: TABLE DATA; Schema: public; Owner: autotuanlinh_user
--

COPY public.danh_muc_bai_viet_dich_vus_cmps (id, entity_id, cmp_id, component_type, field, "order") FROM stdin;
75	23	1344	shared.seo	seo	\N
76	23	221	danhmuc-baiviet.danh-muc-bai-viet-cap-2	danhMucCapHai	1
77	23	222	danhmuc-baiviet.danh-muc-bai-viet-cap-2	danhMucCapHai	2
78	23	223	danhmuc-baiviet.danh-muc-bai-viet-cap-2	danhMucCapHai	3
79	23	224	danhmuc-baiviet.danh-muc-bai-viet-cap-2	danhMucCapHai	4
80	24	1349	shared.seo	seo	\N
81	24	225	danhmuc-baiviet.danh-muc-bai-viet-cap-2	danhMucCapHai	1
82	24	226	danhmuc-baiviet.danh-muc-bai-viet-cap-2	danhMucCapHai	2
83	24	227	danhmuc-baiviet.danh-muc-bai-viet-cap-2	danhMucCapHai	3
84	24	228	danhmuc-baiviet.danh-muc-bai-viet-cap-2	danhMucCapHai	4
93	27	1362	shared.seo	seo	\N
94	27	235	danhmuc-baiviet.danh-muc-bai-viet-cap-2	danhMucCapHai	1
95	27	236	danhmuc-baiviet.danh-muc-bai-viet-cap-2	danhMucCapHai	2
96	27	237	danhmuc-baiviet.danh-muc-bai-viet-cap-2	danhMucCapHai	3
97	28	1366	shared.seo	seo	\N
98	28	238	danhmuc-baiviet.danh-muc-bai-viet-cap-2	danhMucCapHai	1
99	28	239	danhmuc-baiviet.danh-muc-bai-viet-cap-2	danhMucCapHai	2
100	28	240	danhmuc-baiviet.danh-muc-bai-viet-cap-2	danhMucCapHai	3
85	25	1354	shared.seo	seo	4
86	25	229	danhmuc-baiviet.danh-muc-bai-viet-cap-2	danhMucCapHai	1
87	25	230	danhmuc-baiviet.danh-muc-bai-viet-cap-2	danhMucCapHai	2
88	25	231	danhmuc-baiviet.danh-muc-bai-viet-cap-2	danhMucCapHai	3
105	29	1658	shared.seo	seo	\N
106	29	295	danhmuc-baiviet.danh-muc-bai-viet-cap-2	danhMucCapHai	1
107	29	296	danhmuc-baiviet.danh-muc-bai-viet-cap-2	danhMucCapHai	2
108	29	297	danhmuc-baiviet.danh-muc-bai-viet-cap-2	danhMucCapHai	3
\.


--
-- Data for Name: danh_muc_bai_viets; Type: TABLE DATA; Schema: public; Owner: autotuanlinh_user
--

COPY public.danh_muc_bai_viets (id, document_id, slug, mo_ta, created_at, updated_at, published_at, created_by_id, updated_by_id, locale, title) FROM stdin;
27	lcatwypaa3d00cvezhieio4j	phu-kien-noi-that-a	Danh mc cc bi vit v ph kin ni tht  t	2026-01-04 21:31:09.666	2026-01-07 22:57:47.148	\N	\N	1	\N	Ph kin ni tht a
38	lcatwypaa3d00cvezhieio4j	phu-kien-noi-that-a	Danh mc cc bi vit v ph kin ni tht  t	2026-01-04 21:31:09.666	2026-01-07 22:57:47.148	2026-01-07 22:57:47.18	\N	1	\N	Ph kin ni tht a
29	ng85602ycz6bpaf6wc38c0dq	phu-kien-ngoai-that-b	Danh mc cc bi vit v ph kin ngoi tht  t	2026-01-04 21:31:09.701	2026-01-07 22:58:02.459	\N	\N	1	\N	Ph kin ngoi tht b
39	ng85602ycz6bpaf6wc38c0dq	phu-kien-ngoai-that-b	Danh mc cc bi vit v ph kin ngoi tht  t	2026-01-04 21:31:09.701	2026-01-07 22:58:02.459	2026-01-07 22:58:02.495	\N	1	\N	Ph kin ngoi tht b
31	tbe9dp488lnayivede9ww69e	djo-choi-xe-hoi-sdsd	Danh mc cc bi vit v  chi v ph kin in t cho xe hi	2026-01-04 21:31:09.735	2026-01-07 23:40:05.724	\N	\N	1	\N	 chi xe hi sdsd
41	tbe9dp488lnayivede9ww69e	djo-choi-xe-hoi-sdsd	Danh mc cc bi vit v  chi v ph kin in t cho xe hi	2026-01-04 21:31:09.735	2026-01-07 23:40:05.724	2026-01-07 23:40:05.751	\N	1	\N	 chi xe hi sdsd
\.


--
-- Data for Name: danh_muc_bai_viets_cmps; Type: TABLE DATA; Schema: public; Owner: autotuanlinh_user
--

COPY public.danh_muc_bai_viets_cmps (id, entity_id, cmp_id, component_type, field, "order") FROM stdin;
187	31	1330	shared.seo	seo	7
188	31	209	danhmuc-baiviet.danh-muc-bai-viet-cap-2	danhMucCapHai	1
189	31	210	danhmuc-baiviet.danh-muc-bai-viet-cap-2	danhMucCapHai	2
190	31	211	danhmuc-baiviet.danh-muc-bai-viet-cap-2	danhMucCapHai	3
191	31	212	danhmuc-baiviet.danh-muc-bai-viet-cap-2	danhMucCapHai	4
192	31	213	danhmuc-baiviet.danh-muc-bai-viet-cap-2	danhMucCapHai	5
193	31	214	danhmuc-baiviet.danh-muc-bai-viet-cap-2	danhMucCapHai	6
341	41	1651	shared.seo	seo	\N
342	41	289	danhmuc-baiviet.danh-muc-bai-viet-cap-2	danhMucCapHai	1
343	41	290	danhmuc-baiviet.danh-muc-bai-viet-cap-2	danhMucCapHai	2
344	41	291	danhmuc-baiviet.danh-muc-bai-viet-cap-2	danhMucCapHai	3
345	41	292	danhmuc-baiviet.danh-muc-bai-viet-cap-2	danhMucCapHai	4
346	41	293	danhmuc-baiviet.danh-muc-bai-viet-cap-2	danhMucCapHai	5
347	41	294	danhmuc-baiviet.danh-muc-bai-viet-cap-2	danhMucCapHai	6
299	38	1630	shared.seo	seo	\N
300	38	271	danhmuc-baiviet.danh-muc-bai-viet-cap-2	danhMucCapHai	1
301	38	272	danhmuc-baiviet.danh-muc-bai-viet-cap-2	danhMucCapHai	2
302	38	273	danhmuc-baiviet.danh-muc-bai-viet-cap-2	danhMucCapHai	3
303	38	274	danhmuc-baiviet.danh-muc-bai-viet-cap-2	danhMucCapHai	4
304	38	275	danhmuc-baiviet.danh-muc-bai-viet-cap-2	danhMucCapHai	5
305	38	276	danhmuc-baiviet.danh-muc-bai-viet-cap-2	danhMucCapHai	6
173	29	1316	shared.seo	seo	7
159	27	1302	shared.seo	seo	7
313	39	1637	shared.seo	seo	\N
314	39	277	danhmuc-baiviet.danh-muc-bai-viet-cap-2	danhMucCapHai	1
315	39	278	danhmuc-baiviet.danh-muc-bai-viet-cap-2	danhMucCapHai	2
316	39	279	danhmuc-baiviet.danh-muc-bai-viet-cap-2	danhMucCapHai	3
317	39	280	danhmuc-baiviet.danh-muc-bai-viet-cap-2	danhMucCapHai	4
318	39	281	danhmuc-baiviet.danh-muc-bai-viet-cap-2	danhMucCapHai	5
160	27	185	danhmuc-baiviet.danh-muc-bai-viet-cap-2	danhMucCapHai	1
161	27	186	danhmuc-baiviet.danh-muc-bai-viet-cap-2	danhMucCapHai	2
162	27	187	danhmuc-baiviet.danh-muc-bai-viet-cap-2	danhMucCapHai	3
163	27	188	danhmuc-baiviet.danh-muc-bai-viet-cap-2	danhMucCapHai	4
164	27	189	danhmuc-baiviet.danh-muc-bai-viet-cap-2	danhMucCapHai	5
165	27	190	danhmuc-baiviet.danh-muc-bai-viet-cap-2	danhMucCapHai	6
174	29	197	danhmuc-baiviet.danh-muc-bai-viet-cap-2	danhMucCapHai	1
175	29	198	danhmuc-baiviet.danh-muc-bai-viet-cap-2	danhMucCapHai	2
176	29	199	danhmuc-baiviet.danh-muc-bai-viet-cap-2	danhMucCapHai	3
177	29	200	danhmuc-baiviet.danh-muc-bai-viet-cap-2	danhMucCapHai	4
178	29	201	danhmuc-baiviet.danh-muc-bai-viet-cap-2	danhMucCapHai	5
179	29	202	danhmuc-baiviet.danh-muc-bai-viet-cap-2	danhMucCapHai	6
319	39	282	danhmuc-baiviet.danh-muc-bai-viet-cap-2	danhMucCapHai	6
\.


--
-- Data for Name: danh_muc_san_phams; Type: TABLE DATA; Schema: public; Owner: autotuanlinh_user
--

COPY public.danh_muc_san_phams (id, document_id, slug, mo_ta, created_at, updated_at, published_at, created_by_id, updated_by_id, locale, title) FROM stdin;
59	xrm0bdyqcjjh2mji8xivnl9k	djo-choi-xe-hoi	Danh mc cc  chi v ph kin in t cho xe hi chnh hng	2026-01-04 21:31:10.009	2026-01-04 21:31:10.009	\N	\N	\N	\N	 chi xe hi
60	xrm0bdyqcjjh2mji8xivnl9k	djo-choi-xe-hoi	Danh mc cc  chi v ph kin in t cho xe hi chnh hng	2026-01-04 21:31:10.009	2026-01-04 21:31:10.009	2026-01-04 21:31:10.017	\N	\N	\N	 chi xe hi
55	pmc1z2bdsvch7834bmzasmks	phu-kien-noi-that-o-to	Danh mc cc ph kin ni tht  t chnh hng, y  v a dng	2026-01-04 21:31:09.875	2026-01-07 23:47:50.626	\N	\N	1	\N	Ph kin ni tht  t
63	pmc1z2bdsvch7834bmzasmks	phu-kien-noi-that-o-to	Danh mc cc ph kin ni tht  t chnh hng, y  v a dng	2026-01-04 21:31:09.875	2026-01-07 23:47:50.626	2026-01-07 23:47:50.663	\N	1	\N	Ph kin ni tht  t
57	h0xhu2w1s1lsnxev3lprkbwr	phu-kien-ngoai-that-o-to	Danh mc cc ph kin ngoi tht  t chnh hng, y  v a dng	2026-01-04 21:31:09.955	2026-01-07 23:50:26.513	\N	\N	1	\N	Ph kin ngoi tht  t
64	h0xhu2w1s1lsnxev3lprkbwr	phu-kien-ngoai-that-o-to	Danh mc cc ph kin ngoi tht  t chnh hng, y  v a dng	2026-01-04 21:31:09.955	2026-01-07 23:50:26.513	2026-01-07 23:50:26.556	\N	1	\N	Ph kin ngoi tht  t
61	mk2tvcaiy5twjw9x7bihpje3	bao-duong	Danh mc cc sn phm bo dng v ph tng thay th cho  t	2026-01-04 21:31:10.055	2026-01-07 23:50:48.783	\N	\N	1	\N	Bo dng
65	mk2tvcaiy5twjw9x7bihpje3	bao-duong	Danh mc cc sn phm bo dng v ph tng thay th cho  t	2026-01-04 21:31:10.055	2026-01-07 23:50:48.783	2026-01-07 23:50:48.821	\N	1	\N	Bo dng
\.


--
-- Data for Name: danh_muc_san_phams_cmps; Type: TABLE DATA; Schema: public; Owner: autotuanlinh_user
--

COPY public.danh_muc_san_phams_cmps (id, entity_id, cmp_id, component_type, field, "order") FROM stdin;
232	59	1450	shared.seo	seo	\N
233	59	160	danhmuc.danh-muc-cap-2	danhMucCapHai	1
234	59	161	danhmuc.danh-muc-cap-2	danhMucCapHai	2
235	59	162	danhmuc.danh-muc-cap-2	danhMucCapHai	3
236	60	1464	shared.seo	seo	\N
237	60	163	danhmuc.danh-muc-cap-2	danhMucCapHai	1
238	60	164	danhmuc.danh-muc-cap-2	danhMucCapHai	2
239	60	165	danhmuc.danh-muc-cap-2	danhMucCapHai	3
216	55	1370	shared.seo	seo	4
265	65	1702	shared.seo	seo	\N
266	65	176	danhmuc.danh-muc-cap-2	danhMucCapHai	1
267	65	177	danhmuc.danh-muc-cap-2	danhMucCapHai	2
217	55	148	danhmuc.danh-muc-cap-2	danhMucCapHai	1
218	55	149	danhmuc.danh-muc-cap-2	danhMucCapHai	2
219	55	150	danhmuc.danh-muc-cap-2	danhMucCapHai	3
250	63	1662	shared.seo	seo	\N
251	63	170	danhmuc.danh-muc-cap-2	danhMucCapHai	1
252	63	171	danhmuc.danh-muc-cap-2	danhMucCapHai	2
253	63	172	danhmuc.danh-muc-cap-2	danhMucCapHai	3
224	57	1422	shared.seo	seo	4
225	57	154	danhmuc.danh-muc-cap-2	danhMucCapHai	1
226	57	155	danhmuc.danh-muc-cap-2	danhMucCapHai	2
227	57	156	danhmuc.danh-muc-cap-2	danhMucCapHai	3
258	64	1688	shared.seo	seo	\N
259	64	173	danhmuc.danh-muc-cap-2	danhMucCapHai	1
260	64	174	danhmuc.danh-muc-cap-2	danhMucCapHai	2
261	64	175	danhmuc.danh-muc-cap-2	danhMucCapHai	3
240	61	1478	shared.seo	seo	3
241	61	166	danhmuc.danh-muc-cap-2	danhMucCapHai	1
242	61	167	danhmuc.danh-muc-cap-2	danhMucCapHai	2
\.


--
-- Data for Name: don_hangs; Type: TABLE DATA; Schema: public; Owner: autotuanlinh_user
--

COPY public.don_hangs (id, document_id, ma_don_hang, tam_tinh, phi_van_chuyen, tong_cong, trang_thai, ghi_chu_admin, created_at, updated_at, published_at, created_by_id, updated_by_id, locale) FROM stdin;
\.


--
-- Data for Name: don_hangs_cmps; Type: TABLE DATA; Schema: public; Owner: autotuanlinh_user
--

COPY public.don_hangs_cmps (id, entity_id, cmp_id, component_type, field, "order") FROM stdin;
\.


--
-- Data for Name: files; Type: TABLE DATA; Schema: public; Owner: autotuanlinh_user
--

COPY public.files (id, document_id, name, alternative_text, caption, width, height, formats, hash, ext, mime, size, url, preview_url, provider, provider_metadata, folder_path, created_at, updated_at, published_at, created_by_id, updated_by_id, locale) FROM stdin;
1	drtwm61cgtlob28oq0ndnyrx	z7387786859786_cfa1a665afbc0ab9ef3a96e4e14d17e6.jpg	\N	\N	2560	1829	{"large": {"ext": ".jpg", "url": "/uploads/large_z7387786859786_cfa1a665afbc0ab9ef3a96e4e14d17e6_7e0034d2af.jpg", "hash": "large_z7387786859786_cfa1a665afbc0ab9ef3a96e4e14d17e6_7e0034d2af", "mime": "image/jpeg", "name": "large_z7387786859786_cfa1a665afbc0ab9ef3a96e4e14d17e6.jpg", "path": null, "size": 120.12, "width": 1000, "height": 714, "sizeInBytes": 120124}, "small": {"ext": ".jpg", "url": "/uploads/small_z7387786859786_cfa1a665afbc0ab9ef3a96e4e14d17e6_7e0034d2af.jpg", "hash": "small_z7387786859786_cfa1a665afbc0ab9ef3a96e4e14d17e6_7e0034d2af", "mime": "image/jpeg", "name": "small_z7387786859786_cfa1a665afbc0ab9ef3a96e4e14d17e6.jpg", "path": null, "size": 37.53, "width": 500, "height": 357, "sizeInBytes": 37534}, "medium": {"ext": ".jpg", "url": "/uploads/medium_z7387786859786_cfa1a665afbc0ab9ef3a96e4e14d17e6_7e0034d2af.jpg", "hash": "medium_z7387786859786_cfa1a665afbc0ab9ef3a96e4e14d17e6_7e0034d2af", "mime": "image/jpeg", "name": "medium_z7387786859786_cfa1a665afbc0ab9ef3a96e4e14d17e6.jpg", "path": null, "size": 74.65, "width": 750, "height": 536, "sizeInBytes": 74652}, "thumbnail": {"ext": ".jpg", "url": "/uploads/thumbnail_z7387786859786_cfa1a665afbc0ab9ef3a96e4e14d17e6_7e0034d2af.jpg", "hash": "thumbnail_z7387786859786_cfa1a665afbc0ab9ef3a96e4e14d17e6_7e0034d2af", "mime": "image/jpeg", "name": "thumbnail_z7387786859786_cfa1a665afbc0ab9ef3a96e4e14d17e6.jpg", "path": null, "size": 9.3, "width": 219, "height": 156, "sizeInBytes": 9296}}	z7387786859786_cfa1a665afbc0ab9ef3a96e4e14d17e6_7e0034d2af	.jpg	image/jpeg	437.59	/uploads/z7387786859786_cfa1a665afbc0ab9ef3a96e4e14d17e6_7e0034d2af.jpg	\N	local	\N	/	2026-01-04 23:01:43.248	2026-01-04 23:01:43.248	2026-01-04 23:01:43.249	1	1	\N
\.


--
-- Data for Name: files_folder_lnk; Type: TABLE DATA; Schema: public; Owner: autotuanlinh_user
--

COPY public.files_folder_lnk (id, file_id, folder_id, file_ord) FROM stdin;
\.


--
-- Data for Name: files_related_mph; Type: TABLE DATA; Schema: public; Owner: autotuanlinh_user
--

COPY public.files_related_mph (id, file_id, related_id, related_type, field, "order") FROM stdin;
144	1	1621	shared.seo	ogImage	1
145	1	1621	shared.seo	twitterImage	1
3	1	96	shared.seo	ogImage	1
4	1	198	shared.seo	ogImage	1
73	1	111	api::san-pham.san-pham	anhSanPham	1
146	1	49	home.hero-slider	image	1
147	1	50	home.hero-slider	image	1
8	1	847	shared.seo	ogImage	1
9	1	6	shared.contact-info-item	icon	1
148	1	1	shared.image-with-alt	image	1
77	1	112	api::san-pham.san-pham	anhSanPham	1
149	1	1	home.partner-brand	logo	1
150	1	145	home.testimonial	avatar	1
151	1	1	home.service-card	image	1
81	1	113	api::san-pham.san-pham	anhSanPham	1
82	1	1544	shared.seo	ogImage	1
83	1	95	api::san-pham.san-pham	anhSanPham	1
84	1	1627	shared.seo	ogImage	1
85	1	114	api::san-pham.san-pham	anhSanPham	1
152	1	1	home.promotion-card	image	1
153	1	1711	shared.seo	ogImage	1
154	1	1711	shared.seo	twitterImage	1
155	1	51	home.hero-slider	image	1
156	1	1	about.introduction-section	badgeIcon	1
157	1	1	about.introduction-section	image	1
158	1	1	about.core-values-section	badgeIcon	1
159	1	2	home.partner-brand	logo	1
160	1	3	home.partner-brand	logo	1
95	1	56	api::san-pham.san-pham	anhSanPham	1
96	1	115	api::san-pham.san-pham	anhSanPham	1
161	1	1	about.showroom-card	image	1
162	1	2	about.showroom-card	image	1
163	1	2	shared.image-with-alt	image	1
164	1	3	shared.image-with-alt	image	1
165	1	4	shared.image-with-alt	image	1
166	1	5	shared.image-with-alt	image	1
167	1	1	about.store-location	image	1
168	1	1	about.project-card	image	1
169	1	1	about.team-member	avatar	1
170	1	146	home.testimonial	avatar	1
115	1	91	api::blog.blog	avatar	1
116	1	108	api::blog.blog	avatar	1
\.


--
-- Data for Name: footer_contacts; Type: TABLE DATA; Schema: public; Owner: autotuanlinh_user
--

COPY public.footer_contacts (id, document_id, created_at, updated_at, published_at, created_by_id, updated_by_id, locale) FROM stdin;
34	ious1yndgim1374589vzrk5o	2026-01-07 21:39:26.296	2026-01-07 22:42:08.589	2026-01-07 22:42:08.576	1	1	\N
\.


--
-- Data for Name: footer_contacts_cmps; Type: TABLE DATA; Schema: public; Owner: autotuanlinh_user
--

COPY public.footer_contacts_cmps (id, entity_id, cmp_id, component_type, field, "order") FROM stdin;
106	34	100	shared.contact-info-item	contactInfoItems	1
108	34	101	shared.contact-info-item	contactInfoItems	2
109	34	102	shared.contact-info-item	contactInfoItems	3
\.


--
-- Data for Name: footers; Type: TABLE DATA; Schema: public; Owner: autotuanlinh_user
--

COPY public.footers (id, document_id, company_name, company_description, copyright, privacy_policy_url, terms_of_use_url, created_at, updated_at, published_at, created_by_id, updated_by_id, locale) FROM stdin;
34	t8n09xd8pvfsq5nd4ziq07ha	Auto Tuan Linh	sadsadasd	 2025 Auto Tuan Linh. Tt c quyn c bo lu.	dsadasd	dsadasdasd	2026-01-05 00:04:35.345	2026-01-07 23:01:52.409	2026-01-07 23:01:52.38	1	1	\N
\.


--
-- Data for Name: footers_cmps; Type: TABLE DATA; Schema: public; Owner: autotuanlinh_user
--

COPY public.footers_cmps (id, entity_id, cmp_id, component_type, field, "order") FROM stdin;
118	34	10	shared.social-media	socialMedias	1
119	34	11	shared.social-media	socialMedias	2
120	34	100	shared.footer-column	columns	1
121	34	101	shared.footer-column	columns	2
122	34	102	shared.footer-column	columns	3
\.


--
-- Data for Name: homes; Type: TABLE DATA; Schema: public; Owner: autotuanlinh_user
--

COPY public.homes (id, document_id, created_at, updated_at, published_at, created_by_id, updated_by_id, locale) FROM stdin;
49	fh8e1iudblogkgj3no9vkl8g	2026-01-05 00:05:00.724	2026-01-07 22:01:45.438	2026-01-07 22:01:45.292	1	1	vi
\.


--
-- Data for Name: homes_cmps; Type: TABLE DATA; Schema: public; Owner: autotuanlinh_user
--

COPY public.homes_cmps (id, entity_id, cmp_id, component_type, field, "order") FROM stdin;
807	49	49	home.hero-slider	heroSlider	1
864	49	50	home.hero-slider	heroSlider	3
804	49	1621	shared.seo	seo	7
820	49	49	home.why-choose-us	whyChooseUs	8
828	49	49	home.stats-section	statsSection	9
837	49	1	home.gallery-section	gallerySection	10
847	49	1	home.partner-brands-section	partnerBrandsSection	11
860	49	49	home.testimonials-section	testimonialsSection	12
810	49	433	home.feature-card	featureCards	1
811	49	434	home.feature-card	featureCards	2
812	49	435	home.feature-card	featureCards	3
813	49	436	home.feature-card	featureCards	4
858	49	49	home.process-section	processSection	13
861	49	49	home.contact-section	contactSection	14
859	49	49	home.faq-section	faqSection	15
892	49	1	home.professional-services-section	professionalServicesSection	16
925	49	1	home.featured-products-section	featuredProductsSection	17
943	49	1	home.special-promotions-section	specialPromotionsSection	18
962	49	1	home.cta-section	ctaSection	19
982	49	1	home.latest-news-section	latestNewsSection	20
1003	49	1	home.product-categories-section	productCategoriesSection	21
1025	49	1	home.newsletter-section	newsletterSection	22
\.


--
-- Data for Name: i18n_locale; Type: TABLE DATA; Schema: public; Owner: autotuanlinh_user
--

COPY public.i18n_locale (id, document_id, name, code, created_at, updated_at, published_at, created_by_id, updated_by_id, locale) FROM stdin;
2	g238kqtuamk6w3gaf7o4bqhk	Vietnamese (vi)	vi	2026-01-04 21:18:26.342	2026-01-04 21:18:31.833	2026-01-04 21:18:26.343	1	1	\N
\.


--
-- Data for Name: newsletter_subscriptions; Type: TABLE DATA; Schema: public; Owner: autotuanlinh_user
--

COPY public.newsletter_subscriptions (id, document_id, email, is_active, subscribed_at, unsubscribed_at, created_at, updated_at, published_at, created_by_id, updated_by_id, locale) FROM stdin;
\.


--
-- Data for Name: san_phams; Type: TABLE DATA; Schema: public; Owner: autotuanlinh_user
--

COPY public.san_phams (id, document_id, mo_ta_ngan, gia_goc, gia_ban, mo_ta_chi_tiet, created_at, updated_at, published_at, created_by_id, updated_by_id, locale, slug, title, badges, giam_gia, rating, review_count) FROM stdin;
47	l03ai6iesy1vnulltjwvzy7x	Gh da cao cp Mercedes-Benz chnh hng, cht lng cao, bo hnh y . Sn phm c nhp khu trc tip t nh sn xut.	15000000.00	12000000.00	<p>M t chi tit v gh da cao cp mercedes-benz...</p><p>Sn phm chnh hng, cht lng cao, ph hp vi mi dng xe.</p>	2026-01-04 21:31:10.093	2026-01-04 21:31:10.093	\N	\N	\N	\N	ghe-da-cao-cap-mercedes-benz	Gh da cao cp Mercedes-Benz	\N	\N	\N	\N
48	e0gv8t2gv8ql4bnh9nkes9x1	Gi ta u da ln cao cp chnh hng, cht lng cao, bo hnh y . Sn phm c nhp khu trc tip t nh sn xut.	1200000.00	990000.00	<p>M t chi tit v gi ta u da ln cao cp...</p><p>Sn phm chnh hng, cht lng cao, ph hp vi mi dng xe.</p>	2026-01-04 21:31:10.093	2026-01-04 21:31:10.093	\N	\N	\N	\N	goi-tua-djau-da-lon-cao-cap	Gi ta u da ln cao cp	\N	\N	\N	\N
49	b31kj1d6ic5c9le6u5v0lrx9	Gh th thao Recaro chnh hng chnh hng, cht lng cao, bo hnh y . Sn phm c nhp khu trc tip t nh sn xut.	20000000.00	17500000.00	<p>M t chi tit v gh th thao recaro chnh hng...</p><p>Sn phm chnh hng, cht lng cao, ph hp vi mi dng xe.</p>	2026-01-04 21:31:10.093	2026-01-04 21:31:10.093	\N	\N	\N	\N	ghe-the-thao-recaro-chinh-hang	Gh th thao Recaro chnh hng	\N	\N	\N	\N
50	jdi3dp1bjlvrfmw53k5owfir	V lng da Nappa cao cp chnh hng, cht lng cao, bo hnh y . Sn phm c nhp khu trc tip t nh sn xut.	3500000.00	2900000.00	<p>M t chi tit v v lng da nappa cao cp...</p><p>Sn phm chnh hng, cht lng cao, ph hp vi mi dng xe.</p>	2026-01-04 21:31:10.097	2026-01-04 21:31:10.097	\N	\N	\N	\N	vo-lang-da-nappa-cao-cap	V lng da Nappa cao cp	\N	\N	\N	\N
51	ksi5jkead666kx4plyas4b6t	Gi c memory foam chnh hng, cht lng cao, bo hnh y . Sn phm c nhp khu trc tip t nh sn xut.	800000.00	650000.00	<p>M t chi tit v gi c memory foam...</p><p>Sn phm chnh hng, cht lng cao, ph hp vi mi dng xe.</p>	2026-01-04 21:31:10.097	2026-01-04 21:31:10.097	\N	\N	\N	\N	goi-co-memory-foam	Gi c memory foam	\N	\N	\N	\N
52	d8e4fe9425hk67vahkeghxlp	Ta lng massage cho li xe chnh hng, cht lng cao, bo hnh y . Sn phm c nhp khu trc tip t nh sn xut.	2500000.00	1990000.00	<p>M t chi tit v ta lng massage cho li xe...</p><p>Sn phm chnh hng, cht lng cao, ph hp vi mi dng xe.</p>	2026-01-04 21:31:10.098	2026-01-04 21:31:10.098	\N	\N	\N	\N	tua-lung-massage-cho-lai-xe	Ta lng massage cho li xe	\N	\N	\N	\N
53	kt6dh15hzi67wrq0xe02m46z	m gh lt si m chnh hng, cht lng cao, bo hnh y . Sn phm c nhp khu trc tip t nh sn xut.	1800000.00	1490000.00	<p>M t chi tit v m gh lt si m...</p><p>Sn phm chnh hng, cht lng cao, ph hp vi mi dng xe.</p>	2026-01-04 21:31:10.098	2026-01-04 21:31:10.098	\N	\N	\N	\N	djem-ghe-lot-suoi-am	m gh lt si m	\N	\N	\N	\N
54	jhk03kileac5wguzghkuyxh6	Bc gh n cao cp chnh hng, cht lng cao, bo hnh y . Sn phm c nhp khu trc tip t nh sn xut.	4500000.00	3500000.00	<p>M t chi tit v bc gh n cao cp...</p><p>Sn phm chnh hng, cht lng cao, ph hp vi mi dng xe.</p>	2026-01-04 21:31:10.098	2026-01-04 21:31:10.098	\N	\N	\N	\N	boc-ghe-ni-cao-cap	Bc gh n cao cp	\N	\N	\N	\N
55	jsz4ir9rjikjrkzk0t3xcb4n	Bc v lng da ln th thao chnh hng, cht lng cao, bo hnh y . Sn phm c nhp khu trc tip t nh sn xut.	1200000.00	990000.00	<p>M t chi tit v bc v lng da ln th thao...</p><p>Sn phm chnh hng, cht lng cao, ph hp vi mi dng xe.</p>	2026-01-04 21:31:10.099	2026-01-04 21:31:10.099	\N	\N	\N	\N	boc-vo-lang-da-lon-the-thao	Bc v lng da ln th thao	\N	\N	\N	\N
57	jdi3dp1bjlvrfmw53k5owfir	V lng da Nappa cao cp chnh hng, cht lng cao, bo hnh y . Sn phm c nhp khu trc tip t nh sn xut.	3500000.00	2900000.00	<p>M t chi tit v v lng da nappa cao cp...</p><p>Sn phm chnh hng, cht lng cao, ph hp vi mi dng xe.</p>	2026-01-04 21:31:10.097	2026-01-04 21:31:10.097	2026-01-04 21:31:10.109	\N	\N	\N	vo-lang-da-nappa-cao-cap	V lng da Nappa cao cp	\N	\N	\N	\N
58	l03ai6iesy1vnulltjwvzy7x	Gh da cao cp Mercedes-Benz chnh hng, cht lng cao, bo hnh y . Sn phm c nhp khu trc tip t nh sn xut.	15000000.00	12000000.00	<p>M t chi tit v gh da cao cp mercedes-benz...</p><p>Sn phm chnh hng, cht lng cao, ph hp vi mi dng xe.</p>	2026-01-04 21:31:10.093	2026-01-04 21:31:10.093	2026-01-04 21:31:10.111	\N	\N	\N	ghe-da-cao-cap-mercedes-benz	Gh da cao cp Mercedes-Benz	\N	\N	\N	\N
59	b31kj1d6ic5c9le6u5v0lrx9	Gh th thao Recaro chnh hng chnh hng, cht lng cao, bo hnh y . Sn phm c nhp khu trc tip t nh sn xut.	20000000.00	17500000.00	<p>M t chi tit v gh th thao recaro chnh hng...</p><p>Sn phm chnh hng, cht lng cao, ph hp vi mi dng xe.</p>	2026-01-04 21:31:10.093	2026-01-04 21:31:10.093	2026-01-04 21:31:10.115	\N	\N	\N	ghe-the-thao-recaro-chinh-hang	Gh th thao Recaro chnh hng	\N	\N	\N	\N
60	ksi5jkead666kx4plyas4b6t	Gi c memory foam chnh hng, cht lng cao, bo hnh y . Sn phm c nhp khu trc tip t nh sn xut.	800000.00	650000.00	<p>M t chi tit v gi c memory foam...</p><p>Sn phm chnh hng, cht lng cao, ph hp vi mi dng xe.</p>	2026-01-04 21:31:10.097	2026-01-04 21:31:10.097	2026-01-04 21:31:10.114	\N	\N	\N	goi-co-memory-foam	Gi c memory foam	\N	\N	\N	\N
61	e0gv8t2gv8ql4bnh9nkes9x1	Gi ta u da ln cao cp chnh hng, cht lng cao, bo hnh y . Sn phm c nhp khu trc tip t nh sn xut.	1200000.00	990000.00	<p>M t chi tit v gi ta u da ln cao cp...</p><p>Sn phm chnh hng, cht lng cao, ph hp vi mi dng xe.</p>	2026-01-04 21:31:10.093	2026-01-04 21:31:10.093	2026-01-04 21:31:10.111	\N	\N	\N	goi-tua-djau-da-lon-cao-cap	Gi ta u da ln cao cp	\N	\N	\N	\N
62	jsz4ir9rjikjrkzk0t3xcb4n	Bc v lng da ln th thao chnh hng, cht lng cao, bo hnh y . Sn phm c nhp khu trc tip t nh sn xut.	1200000.00	990000.00	<p>M t chi tit v bc v lng da ln th thao...</p><p>Sn phm chnh hng, cht lng cao, ph hp vi mi dng xe.</p>	2026-01-04 21:31:10.099	2026-01-04 21:31:10.099	2026-01-04 21:31:10.119	\N	\N	\N	boc-vo-lang-da-lon-the-thao	Bc v lng da ln th thao	\N	\N	\N	\N
66	kt6dh15hzi67wrq0xe02m46z	m gh lt si m chnh hng, cht lng cao, bo hnh y . Sn phm c nhp khu trc tip t nh sn xut.	1800000.00	1490000.00	<p>M t chi tit v m gh lt si m...</p><p>Sn phm chnh hng, cht lng cao, ph hp vi mi dng xe.</p>	2026-01-04 21:31:10.098	2026-01-04 21:31:10.098	2026-01-04 21:31:10.12	\N	\N	\N	djem-ghe-lot-suoi-am	m gh lt si m	\N	\N	\N	\N
64	d8e4fe9425hk67vahkeghxlp	Ta lng massage cho li xe chnh hng, cht lng cao, bo hnh y . Sn phm c nhp khu trc tip t nh sn xut.	2500000.00	1990000.00	<p>M t chi tit v ta lng massage cho li xe...</p><p>Sn phm chnh hng, cht lng cao, ph hp vi mi dng xe.</p>	2026-01-04 21:31:10.098	2026-01-04 21:31:10.098	2026-01-04 21:31:10.117	\N	\N	\N	tua-lung-massage-cho-lai-xe	Ta lng massage cho li xe	\N	\N	\N	\N
73	qwij6aspovj6db7inbkidioz	Hp ng khn giy g chnh hng, cht lng cao, bo hnh y . Sn phm c nhp khu trc tip t nh sn xut.	450000.00	350000.00	<p>M t chi tit v hp ng khn giy g...</p><p>Sn phm chnh hng, cht lng cao, ph hp vi mi dng xe.</p>	2026-01-04 21:31:10.159	2026-01-04 21:31:10.159	\N	\N	\N	\N	hop-djung-khan-giay-go	Hp ng khn giy g	\N	\N	\N	\N
74	pfg6i5eh2hh3915op1rvjdi3	Cn trc th thao chnh hng, cht lng cao, bo hnh y . Sn phm c nhp khu trc tip t nh sn xut.	12000000.00	9800000.00	<p>M t chi tit v cn trc th thao...</p><p>Sn phm chnh hng, cht lng cao, ph hp vi mi dng xe.</p>	2026-01-04 21:31:10.157	2026-01-04 21:31:10.157	\N	\N	\N	\N	can-truoc-the-thao	Cn trc th thao	\N	\N	\N	\N
84	qwij6aspovj6db7inbkidioz	Hp ng khn giy g chnh hng, cht lng cao, bo hnh y . Sn phm c nhp khu trc tip t nh sn xut.	450000.00	350000.00	<p>M t chi tit v hp ng khn giy g...</p><p>Sn phm chnh hng, cht lng cao, ph hp vi mi dng xe.</p>	2026-01-04 21:31:10.159	2026-01-04 21:31:10.159	2026-01-04 21:31:10.178	\N	\N	\N	hop-djung-khan-giay-go	Hp ng khn giy g	\N	\N	\N	\N
89	pfg6i5eh2hh3915op1rvjdi3	Cn trc th thao chnh hng, cht lng cao, bo hnh y . Sn phm c nhp khu trc tip t nh sn xut.	12000000.00	9800000.00	<p>M t chi tit v cn trc th thao...</p><p>Sn phm chnh hng, cht lng cao, ph hp vi mi dng xe.</p>	2026-01-04 21:31:10.157	2026-01-04 21:31:10.157	2026-01-04 21:31:10.188	\N	\N	\N	can-truoc-the-thao	Cn trc th thao	\N	\N	\N	\N
93	k814cu9gp1qnw8eubnqb4zrw	u DVD Android 10 inch chnh hng, cht lng cao, bo hnh y . Sn phm c nhp khu trc tip t nh sn xut.	8000000.00	6800000.00	<p>M t chi tit v u dvd android 10 inch...</p><p>Sn phm chnh hng, cht lng cao, ph hp vi mi dng xe.</p>	2026-01-04 21:31:10.227	2026-01-04 21:31:10.227	\N	\N	\N	\N	djau-dvd-android-10-inch	u DVD Android 10 inch	\N	\N	\N	\N
96	kqazm57mu9xfkp2go9om303b	B sc USB 4 cng chnh hng, cht lng cao, bo hnh y . Sn phm c nhp khu trc tip t nh sn xut.	450000.00	350000.00	<p>M t chi tit v b sc usb 4 cng...</p><p>Sn phm chnh hng, cht lng cao, ph hp vi mi dng xe.</p>	2026-01-04 21:31:10.239	2026-01-04 21:31:10.239	\N	\N	\N	\N	bo-sac-usb-4-cong	B sc USB 4 cng	\N	\N	\N	\N
105	k814cu9gp1qnw8eubnqb4zrw	u DVD Android 10 inch chnh hng, cht lng cao, bo hnh y . Sn phm c nhp khu trc tip t nh sn xut.	8000000.00	6800000.00	<p>M t chi tit v u dvd android 10 inch...</p><p>Sn phm chnh hng, cht lng cao, ph hp vi mi dng xe.</p>	2026-01-04 21:31:10.227	2026-01-04 21:31:10.227	2026-01-04 21:31:10.251	\N	\N	\N	djau-dvd-android-10-inch	u DVD Android 10 inch	\N	\N	\N	\N
107	kqazm57mu9xfkp2go9om303b	B sc USB 4 cng chnh hng, cht lng cao, bo hnh y . Sn phm c nhp khu trc tip t nh sn xut.	450000.00	350000.00	<p>M t chi tit v b sc usb 4 cng...</p><p>Sn phm chnh hng, cht lng cao, ph hp vi mi dng xe.</p>	2026-01-04 21:31:10.239	2026-01-04 21:31:10.239	2026-01-04 21:31:10.261	\N	\N	\N	bo-sac-usb-4-cong	B sc USB 4 cng	\N	\N	\N	\N
76	cxr6srh31yppzvrj69imjf45	n pha LED H7 chnh hng, cht lng cao, bo hnh y . Sn phm c nhp khu trc tip t nh sn xut.	3500000.00	2800000.00	<p>M t chi tit v n pha led h7...</p><p>Sn phm chnh hng, cht lng cao, ph hp vi mi dng xe.</p>	2026-01-04 21:31:10.161	2026-01-04 21:31:10.161	\N	\N	\N	\N	djen-pha-led-h7	n pha LED H7	\N	\N	\N	\N
88	cxr6srh31yppzvrj69imjf45	n pha LED H7 chnh hng, cht lng cao, bo hnh y . Sn phm c nhp khu trc tip t nh sn xut.	3500000.00	2800000.00	<p>M t chi tit v n pha led h7...</p><p>Sn phm chnh hng, cht lng cao, ph hp vi mi dng xe.</p>	2026-01-04 21:31:10.161	2026-01-04 21:31:10.161	2026-01-04 21:31:10.189	\N	\N	\N	djen-pha-led-h7	n pha LED H7	\N	\N	\N	\N
95	ggm098itpkje0tj1712b13ui	Amply 4 knh 1000W chnh hng, cht lng cao, bo hnh y . Sn phm c nhp khu trc tip t nh sn xut.	5500000.00	4500000.00	<p>M t chi tit v amply 4 knh 1000w...</p><p>Sn phm chnh hng, cht lng cao, ph hp vi mi dng xe.</p>	2026-01-04 21:31:10.236	2026-01-07 21:30:33.868	\N	\N	1	\N	amply-4-kenh-1000w	Amply 4 knh 1000W	Bn chy	10	4.00	10
67	idscheju1ia482jouadturor	V lng carbon fiber chnh hng, cht lng cao, bo hnh y . Sn phm c nhp khu trc tip t nh sn xut.	8000000.00	6800000.00	<p>M t chi tit v v lng carbon fiber...</p><p>Sn phm chnh hng, cht lng cao, ph hp vi mi dng xe.</p>	2026-01-04 21:31:10.142	2026-01-04 21:31:10.142	\N	\N	\N	\N	vo-lang-carbon-fiber	V lng carbon fiber	\N	\N	\N	\N
77	idscheju1ia482jouadturor	V lng carbon fiber chnh hng, cht lng cao, bo hnh y . Sn phm c nhp khu trc tip t nh sn xut.	8000000.00	6800000.00	<p>M t chi tit v v lng carbon fiber...</p><p>Sn phm chnh hng, cht lng cao, ph hp vi mi dng xe.</p>	2026-01-04 21:31:10.142	2026-01-04 21:31:10.142	2026-01-04 21:31:10.162	\N	\N	\N	vo-lang-carbon-fiber	V lng carbon fiber	\N	\N	\N	\N
83	ujjxgbmjelovleabpwftohg4	Gng chiu hu t ng chnh hng, cht lng cao, bo hnh y . Sn phm c nhp khu trc tip t nh sn xut.	2500000.00	1990000.00	<p>M t chi tit v gng chiu hu t ng...</p><p>Sn phm chnh hng, cht lng cao, ph hp vi mi dng xe.</p>	2026-01-04 21:31:10.196	2026-01-04 21:31:10.196	\N	\N	\N	\N	guong-chieu-hau-tu-djong	Gng chiu hu t ng	\N	\N	\N	\N
97	ujjxgbmjelovleabpwftohg4	Gng chiu hu t ng chnh hng, cht lng cao, bo hnh y . Sn phm c nhp khu trc tip t nh sn xut.	2500000.00	1990000.00	<p>M t chi tit v gng chiu hu t ng...</p><p>Sn phm chnh hng, cht lng cao, ph hp vi mi dng xe.</p>	2026-01-04 21:31:10.196	2026-01-04 21:31:10.196	2026-01-04 21:31:10.232	\N	\N	\N	guong-chieu-hau-tu-djong	Gng chiu hu t ng	\N	\N	\N	\N
103	a4mvxk77ea9xwthqw0uikpyv	Sc khng dy 15W chnh hng, cht lng cao, bo hnh y . Sn phm c nhp khu trc tip t nh sn xut.	800000.00	650000.00	<p>M t chi tit v sc khng dy 15w...</p><p>Sn phm chnh hng, cht lng cao, ph hp vi mi dng xe.</p>	2026-01-04 21:31:10.26	2026-01-04 21:31:10.26	\N	\N	\N	\N	sac-khong-day-15w	Sc khng dy 15W	\N	\N	\N	\N
108	a4mvxk77ea9xwthqw0uikpyv	Sc khng dy 15W chnh hng, cht lng cao, bo hnh y . Sn phm c nhp khu trc tip t nh sn xut.	800000.00	650000.00	<p>M t chi tit v sc khng dy 15w...</p><p>Sn phm chnh hng, cht lng cao, ph hp vi mi dng xe.</p>	2026-01-04 21:31:10.26	2026-01-04 21:31:10.26	2026-01-04 21:31:10.273	\N	\N	\N	sac-khong-day-15w	Sc khng dy 15W	\N	\N	\N	\N
68	wpkl99fyb2v3nq2c6di2jxz5	V lng th thao Momo chnh hng, cht lng cao, bo hnh y . Sn phm c nhp khu trc tip t nh sn xut.	5500000.00	4500000.00	<p>M t chi tit v v lng th thao momo...</p><p>Sn phm chnh hng, cht lng cao, ph hp vi mi dng xe.</p>	2026-01-04 21:31:10.143	2026-01-04 21:31:10.143	\N	\N	\N	\N	vo-lang-the-thao-momo	V lng th thao Momo	\N	\N	\N	\N
80	wpkl99fyb2v3nq2c6di2jxz5	V lng th thao Momo chnh hng, cht lng cao, bo hnh y . Sn phm c nhp khu trc tip t nh sn xut.	5500000.00	4500000.00	<p>M t chi tit v v lng th thao momo...</p><p>Sn phm chnh hng, cht lng cao, ph hp vi mi dng xe.</p>	2026-01-04 21:31:10.143	2026-01-04 21:31:10.143	2026-01-04 21:31:10.169	\N	\N	\N	vo-lang-the-thao-momo	V lng th thao Momo	\N	\N	\N	\N
92	wvanupdy151mj9udwl200ci6	Cm bin li 8 im chnh hng, cht lng cao, bo hnh y . Sn phm c nhp khu trc tip t nh sn xut.	2500000.00	1990000.00	<p>M t chi tit v cm bin li 8 im...</p><p>Sn phm chnh hng, cht lng cao, ph hp vi mi dng xe.</p>	2026-01-04 21:31:10.226	2026-01-04 21:31:10.226	\N	\N	\N	\N	cam-bien-lui-8-djiem	Cm bin li 8 im	\N	\N	\N	\N
106	wvanupdy151mj9udwl200ci6	Cm bin li 8 im chnh hng, cht lng cao, bo hnh y . Sn phm c nhp khu trc tip t nh sn xut.	2500000.00	1990000.00	<p>M t chi tit v cm bin li 8 im...</p><p>Sn phm chnh hng, cht lng cao, ph hp vi mi dng xe.</p>	2026-01-04 21:31:10.226	2026-01-04 21:31:10.226	2026-01-04 21:31:10.251	\N	\N	\N	cam-bien-lui-8-djiem	Cm bin li 8 im	\N	\N	\N	\N
69	lcasprax1lf7hf2ht7tmjb9m	V lng g t nhin chnh hng, cht lng cao, bo hnh y . Sn phm c nhp khu trc tip t nh sn xut.	4200000.00	3500000.00	<p>M t chi tit v v lng g t nhin...</p><p>Sn phm chnh hng, cht lng cao, ph hp vi mi dng xe.</p>	2026-01-04 21:31:10.146	2026-01-04 21:31:10.146	\N	\N	\N	\N	vo-lang-go-tu-nhien	V lng g t nhin	\N	\N	\N	\N
78	lcasprax1lf7hf2ht7tmjb9m	V lng g t nhin chnh hng, cht lng cao, bo hnh y . Sn phm c nhp khu trc tip t nh sn xut.	4200000.00	3500000.00	<p>M t chi tit v v lng g t nhin...</p><p>Sn phm chnh hng, cht lng cao, ph hp vi mi dng xe.</p>	2026-01-04 21:31:10.146	2026-01-04 21:31:10.146	2026-01-04 21:31:10.166	\N	\N	\N	vo-lang-go-tu-nhien	V lng g t nhin	\N	\N	\N	\N
86	hz68cwazkyi3n58aai3zkmqs	Logo ni Mercedes-Benz chnh hng, cht lng cao, bo hnh y . Sn phm c nhp khu trc tip t nh sn xut.	1200000.00	990000.00	<p>M t chi tit v logo ni mercedes-benz...</p><p>Sn phm chnh hng, cht lng cao, ph hp vi mi dng xe.</p>	2026-01-04 21:31:10.2	2026-01-04 21:31:10.2	\N	\N	\N	\N	logo-noi-mercedes-benz	Logo ni Mercedes-Benz	\N	\N	\N	\N
98	hz68cwazkyi3n58aai3zkmqs	Logo ni Mercedes-Benz chnh hng, cht lng cao, bo hnh y . Sn phm c nhp khu trc tip t nh sn xut.	1200000.00	990000.00	<p>M t chi tit v logo ni mercedes-benz...</p><p>Sn phm chnh hng, cht lng cao, ph hp vi mi dng xe.</p>	2026-01-04 21:31:10.2	2026-01-04 21:31:10.2	2026-01-04 21:31:10.236	\N	\N	\N	logo-noi-mercedes-benz	Logo ni Mercedes-Benz	\N	\N	\N	\N
70	o12c7cihv45d878dro1cdzpg	Thm sn cao cp 3D chnh hng, cht lng cao, bo hnh y . Sn phm c nhp khu trc tip t nh sn xut.	2500000.00	1990000.00	<p>M t chi tit v thm sn cao cp 3d...</p><p>Sn phm chnh hng, cht lng cao, ph hp vi mi dng xe.</p>	2026-01-04 21:31:10.146	2026-01-04 21:31:10.146	\N	\N	\N	\N	tham-san-cao-cap-3d	Thm sn cao cp 3D	\N	\N	\N	\N
85	o12c7cihv45d878dro1cdzpg	Thm sn cao cp 3D chnh hng, cht lng cao, bo hnh y . Sn phm c nhp khu trc tip t nh sn xut.	2500000.00	1990000.00	<p>M t chi tit v thm sn cao cp 3d...</p><p>Sn phm chnh hng, cht lng cao, ph hp vi mi dng xe.</p>	2026-01-04 21:31:10.146	2026-01-04 21:31:10.146	2026-01-04 21:31:10.174	\N	\N	\N	tham-san-cao-cap-3d	Thm sn cao cp 3D	\N	\N	\N	\N
94	xv95rrcwf8tkm3kbdgzjg7tt	Loa JBL 6.5 inch chnh hng, cht lng cao, bo hnh y . Sn phm c nhp khu trc tip t nh sn xut.	2500000.00	1990000.00	<p>M t chi tit v loa jbl 6.5 inch...</p><p>Sn phm chnh hng, cht lng cao, ph hp vi mi dng xe.</p>	2026-01-04 21:31:10.229	2026-01-04 21:31:10.229	\N	\N	\N	\N	loa-jbl-65-inch	Loa JBL 6.5 inch	\N	\N	\N	\N
101	xv95rrcwf8tkm3kbdgzjg7tt	Loa JBL 6.5 inch chnh hng, cht lng cao, bo hnh y . Sn phm c nhp khu trc tip t nh sn xut.	2500000.00	1990000.00	<p>M t chi tit v loa jbl 6.5 inch...</p><p>Sn phm chnh hng, cht lng cao, ph hp vi mi dng xe.</p>	2026-01-04 21:31:10.229	2026-01-04 21:31:10.229	2026-01-04 21:31:10.246	\N	\N	\N	loa-jbl-65-inch	Loa JBL 6.5 inch	\N	\N	\N	\N
71	hd5ixb4nczk7d8nefaq67bwq	Thm lt sn WeatherTech chnh hng, cht lng cao, bo hnh y . Sn phm c nhp khu trc tip t nh sn xut.	3200000.00	2700000.00	<p>M t chi tit v thm lt sn weathertech...</p><p>Sn phm chnh hng, cht lng cao, ph hp vi mi dng xe.</p>	2026-01-04 21:31:10.151	2026-01-04 21:31:10.151	\N	\N	\N	\N	tham-lot-san-weathertech	Thm lt sn WeatherTech	\N	\N	\N	\N
81	hd5ixb4nczk7d8nefaq67bwq	Thm lt sn WeatherTech chnh hng, cht lng cao, bo hnh y . Sn phm c nhp khu trc tip t nh sn xut.	3200000.00	2700000.00	<p>M t chi tit v thm lt sn weathertech...</p><p>Sn phm chnh hng, cht lng cao, ph hp vi mi dng xe.</p>	2026-01-04 21:31:10.151	2026-01-04 21:31:10.151	2026-01-04 21:31:10.176	\N	\N	\N	tham-lot-san-weathertech	Thm lt sn WeatherTech	\N	\N	\N	\N
90	eguowbu5x8wj7ersy947fwkp	Camera hnh trnh 4K chnh hng, cht lng cao, bo hnh y . Sn phm c nhp khu trc tip t nh sn xut.	3500000.00	2800000.00	<p>M t chi tit v camera hnh trnh 4k...</p><p>Sn phm chnh hng, cht lng cao, ph hp vi mi dng xe.</p>	2026-01-04 21:31:10.223	2026-01-04 21:31:10.223	\N	\N	\N	\N	camera-hanh-trinh-4k	Camera hnh trnh 4K	\N	\N	\N	\N
102	eguowbu5x8wj7ersy947fwkp	Camera hnh trnh 4K chnh hng, cht lng cao, bo hnh y . Sn phm c nhp khu trc tip t nh sn xut.	3500000.00	2800000.00	<p>M t chi tit v camera hnh trnh 4k...</p><p>Sn phm chnh hng, cht lng cao, ph hp vi mi dng xe.</p>	2026-01-04 21:31:10.223	2026-01-04 21:31:10.223	2026-01-04 21:31:10.249	\N	\N	\N	camera-hanh-trinh-4k	Camera hnh trnh 4K	\N	\N	\N	\N
72	cs0qo1tceh8jxd6u4cwbdvph	Ti ng  a nng chnh hng, cht lng cao, bo hnh y . Sn phm c nhp khu trc tip t nh sn xut.	800000.00	650000.00	<p>M t chi tit v ti ng  a nng...</p><p>Sn phm chnh hng, cht lng cao, ph hp vi mi dng xe.</p>	2026-01-04 21:31:10.154	2026-01-04 21:31:10.154	\N	\N	\N	\N	tui-djung-djo-dja-nang	Ti ng  a nng	\N	\N	\N	\N
79	cs0qo1tceh8jxd6u4cwbdvph	Ti ng  a nng chnh hng, cht lng cao, bo hnh y . Sn phm c nhp khu trc tip t nh sn xut.	800000.00	650000.00	<p>M t chi tit v ti ng  a nng...</p><p>Sn phm chnh hng, cht lng cao, ph hp vi mi dng xe.</p>	2026-01-04 21:31:10.154	2026-01-04 21:31:10.154	2026-01-04 21:31:10.171	\N	\N	\N	tui-djung-djo-dja-nang	Ti ng  a nng	\N	\N	\N	\N
87	easnqv7elyohm06pej3xpp2m	Chn bn cao cp chnh hng, cht lng cao, bo hnh y . Sn phm c nhp khu trc tip t nh sn xut.	1800000.00	1490000.00	<p>M t chi tit v chn bn cao cp...</p><p>Sn phm chnh hng, cht lng cao, ph hp vi mi dng xe.</p>	2026-01-04 21:31:10.215	2026-01-04 21:31:10.215	\N	\N	\N	\N	chan-bun-cao-cap	Chn bn cao cp	\N	\N	\N	\N
100	easnqv7elyohm06pej3xpp2m	Chn bn cao cp chnh hng, cht lng cao, bo hnh y . Sn phm c nhp khu trc tip t nh sn xut.	1800000.00	1490000.00	<p>M t chi tit v chn bn cao cp...</p><p>Sn phm chnh hng, cht lng cao, ph hp vi mi dng xe.</p>	2026-01-04 21:31:10.215	2026-01-04 21:31:10.215	2026-01-04 21:31:10.24	\N	\N	\N	chan-bun-cao-cap	Chn bn cao cp	\N	\N	\N	\N
114	ggm098itpkje0tj1712b13ui	Amply 4 knh 1000W chnh hng, cht lng cao, bo hnh y . Sn phm c nhp khu trc tip t nh sn xut.	5500000.00	4500000.00	<p>M t chi tit v amply 4 knh 1000w...</p><p>Sn phm chnh hng, cht lng cao, ph hp vi mi dng xe.</p>	2026-01-04 21:31:10.236	2026-01-07 21:30:33.868	2026-01-07 21:30:33.908	\N	1	\N	amply-4-kenh-1000w	Amply 4 knh 1000W	Bn chy	10	4.00	10
56	iznzagkb8oryg90mx2tofw94	Bc gh da tht cao cp chnh hng, cht lng cao, bo hnh y . Sn phm c nhp khu trc tip t nh sn xut.	8000000.00	6500000.00	<p>M t chi tit v bc gh da tht cao cp...</p><p>Sn phm chnh hng, cht lng cao, ph hp vi mi dng xe.</p>	2026-01-04 21:31:10.1	2026-01-07 21:34:55.628	\N	\N	1	\N	boc-ghe-da-that-cao-cap	Bc gh da tht cao cp	\N	\N	\N	\N
115	iznzagkb8oryg90mx2tofw94	Bc gh da tht cao cp chnh hng, cht lng cao, bo hnh y . Sn phm c nhp khu trc tip t nh sn xut.	8000000.00	6500000.00	<p>M t chi tit v bc gh da tht cao cp...</p><p>Sn phm chnh hng, cht lng cao, ph hp vi mi dng xe.</p>	2026-01-04 21:31:10.1	2026-01-07 21:34:55.628	2026-01-07 21:34:55.657	\N	1	\N	boc-ghe-da-that-cao-cap	Bc gh da tht cao cp	\N	\N	\N	\N
63	jhk03kileac5wguzghkuyxh6	Bc gh n cao cp chnh hng, cht lng cao, bo hnh y . Sn phm c nhp khu trc tip t nh sn xut.	4500000.00	3500000.00	<p>M t chi tit v bc gh n cao cp...</p><p>Sn phm chnh hng, cht lng cao, ph hp vi mi dng xe.</p>	2026-01-04 21:31:10.098	2026-01-04 21:31:10.098	2026-01-04 21:31:10.119	\N	\N	\N	boc-ghe-ni-cao-cap	Bc gh n cao cp	\N	\N	\N	\N
75	vy4l64jtzwfvwvmmpud0ecwx	Cn sau carbon chnh hng, cht lng cao, bo hnh y . Sn phm c nhp khu trc tip t nh sn xut.	15000000.00	12500000.00	<p>M t chi tit v cn sau carbon...</p><p>Sn phm chnh hng, cht lng cao, ph hp vi mi dng xe.</p>	2026-01-04 21:31:10.16	2026-01-04 21:31:10.16	\N	\N	\N	\N	can-sau-carbon	Cn sau carbon	\N	\N	\N	\N
82	vy4l64jtzwfvwvmmpud0ecwx	Cn sau carbon chnh hng, cht lng cao, bo hnh y . Sn phm c nhp khu trc tip t nh sn xut.	15000000.00	12500000.00	<p>M t chi tit v cn sau carbon...</p><p>Sn phm chnh hng, cht lng cao, ph hp vi mi dng xe.</p>	2026-01-04 21:31:10.16	2026-01-04 21:31:10.16	2026-01-04 21:31:10.179	\N	\N	\N	can-sau-carbon	Cn sau carbon	\N	\N	\N	\N
91	jh8ikjwdwf0hfjc6klb4u2uc	HUD hin th thng minh chnh hng, cht lng cao, bo hnh y . Sn phm c nhp khu trc tip t nh sn xut.	4500000.00	3800000.00	<p>M t chi tit v hud hin th thng minh...</p><p>Sn phm chnh hng, cht lng cao, ph hp vi mi dng xe.</p>	2026-01-04 21:31:10.224	2026-01-04 21:31:10.224	\N	\N	\N	\N	hud-hien-thi-thong-minh	HUD hin th thng minh	\N	\N	\N	\N
99	jh8ikjwdwf0hfjc6klb4u2uc	HUD hin th thng minh chnh hng, cht lng cao, bo hnh y . Sn phm c nhp khu trc tip t nh sn xut.	4500000.00	3800000.00	<p>M t chi tit v hud hin th thng minh...</p><p>Sn phm chnh hng, cht lng cao, ph hp vi mi dng xe.</p>	2026-01-04 21:31:10.224	2026-01-04 21:31:10.224	2026-01-04 21:31:10.24	\N	\N	\N	hud-hien-thi-thong-minh	HUD hin th thng minh	\N	\N	\N	\N
\.


--
-- Data for Name: san_phams_cmps; Type: TABLE DATA; Schema: public; Owner: autotuanlinh_user
--

COPY public.san_phams_cmps (id, entity_id, cmp_id, component_type, field, "order") FROM stdin;
168	48	1498	shared.seo	seo	\N
167	47	1496	shared.seo	seo	\N
169	48	123	shared.specification	thongSo	1
170	48	126	shared.specification	thongSo	2
171	48	131	shared.specification	thongSo	3
172	47	121	shared.specification	thongSo	1
173	47	125	shared.specification	thongSo	2
174	47	130	shared.specification	thongSo	3
176	50	1503	shared.seo	seo	\N
175	49	1499	shared.seo	seo	\N
177	50	133	shared.specification	thongSo	1
178	50	140	shared.specification	thongSo	2
179	50	144	shared.specification	thongSo	3
181	52	1500	shared.seo	seo	\N
180	51	1504	shared.seo	seo	\N
182	49	124	shared.specification	thongSo	1
183	49	127	shared.specification	thongSo	2
184	49	132	shared.specification	thongSo	3
185	52	135	shared.specification	thongSo	1
186	52	142	shared.specification	thongSo	2
187	52	146	shared.specification	thongSo	3
188	54	1501	shared.seo	seo	\N
189	53	1502	shared.seo	seo	\N
190	51	134	shared.specification	thongSo	1
191	51	141	shared.specification	thongSo	2
192	51	145	shared.specification	thongSo	3
194	54	128	shared.specification	thongSo	1
195	54	138	shared.specification	thongSo	2
196	54	148	shared.specification	thongSo	3
197	53	129	shared.specification	thongSo	1
198	53	137	shared.specification	thongSo	2
199	53	147	shared.specification	thongSo	3
193	55	1505	shared.seo	seo	\N
201	55	139	shared.specification	thongSo	1
202	55	149	shared.specification	thongSo	2
203	55	150	shared.specification	thongSo	3
207	57	1506	shared.seo	seo	\N
208	57	151	shared.specification	thongSo	1
209	57	152	shared.specification	thongSo	2
210	57	154	shared.specification	thongSo	3
211	58	1507	shared.seo	seo	\N
212	58	153	shared.specification	thongSo	1
213	58	155	shared.specification	thongSo	2
214	58	156	shared.specification	thongSo	3
215	59	1510	shared.seo	seo	\N
216	60	1509	shared.seo	seo	\N
217	61	1508	shared.seo	seo	\N
218	59	159	shared.specification	thongSo	1
219	59	162	shared.specification	thongSo	2
220	59	165	shared.specification	thongSo	3
221	60	157	shared.specification	thongSo	1
222	60	161	shared.specification	thongSo	2
223	60	163	shared.specification	thongSo	3
224	61	158	shared.specification	thongSo	1
225	61	160	shared.specification	thongSo	2
226	61	164	shared.specification	thongSo	3
227	62	1512	shared.seo	seo	\N
228	62	166	shared.specification	thongSo	1
229	62	168	shared.specification	thongSo	2
230	62	171	shared.specification	thongSo	3
231	66	1515	shared.seo	seo	\N
232	63	1513	shared.seo	seo	\N
233	66	175	shared.specification	thongSo	1
235	64	1511	shared.seo	seo	\N
236	66	178	shared.specification	thongSo	2
237	66	180	shared.specification	thongSo	3
241	63	167	shared.specification	thongSo	1
242	63	169	shared.specification	thongSo	2
243	63	173	shared.specification	thongSo	3
244	64	170	shared.specification	thongSo	1
245	64	174	shared.specification	thongSo	2
246	64	177	shared.specification	thongSo	3
247	67	1517	shared.seo	seo	\N
248	67	181	shared.specification	thongSo	1
249	67	183	shared.specification	thongSo	2
250	67	185	shared.specification	thongSo	3
251	68	1516	shared.seo	seo	\N
252	68	182	shared.specification	thongSo	1
253	68	184	shared.specification	thongSo	2
254	68	186	shared.specification	thongSo	3
263	71	1520	shared.seo	seo	\N
264	71	191	shared.specification	thongSo	1
265	71	196	shared.specification	thongSo	2
266	71	198	shared.specification	thongSo	3
267	72	1521	shared.seo	seo	\N
268	72	193	shared.specification	thongSo	1
269	72	195	shared.specification	thongSo	2
270	72	197	shared.specification	thongSo	3
271	73	1522	shared.seo	seo	\N
272	75	1524	shared.seo	seo	\N
273	73	200	shared.specification	thongSo	1
274	73	203	shared.specification	thongSo	2
275	73	207	shared.specification	thongSo	3
276	74	1523	shared.seo	seo	\N
277	75	202	shared.specification	thongSo	1
278	75	206	shared.specification	thongSo	2
255	69	1518	shared.seo	seo	\N
257	69	188	shared.specification	thongSo	1
258	69	190	shared.specification	thongSo	2
259	69	194	shared.specification	thongSo	3
291	78	1527	shared.seo	seo	\N
292	78	214	shared.specification	thongSo	1
293	78	215	shared.specification	thongSo	2
294	78	216	shared.specification	thongSo	3
323	86	1535	shared.seo	seo	\N
324	86	237	shared.specification	thongSo	1
325	86	239	shared.specification	thongSo	2
326	86	240	shared.specification	thongSo	3
371	98	1547	shared.seo	seo	\N
372	98	274	shared.specification	thongSo	1
373	98	275	shared.specification	thongSo	2
374	98	276	shared.specification	thongSo	3
204	56	122	shared.specification	thongSo	1
205	56	136	shared.specification	thongSo	2
206	56	143	shared.specification	thongSo	3
200	56	1497	shared.seo	seo	4
475	115	1628	shared.seo	seo	\N
476	115	325	shared.specification	thongSo	1
477	115	326	shared.specification	thongSo	2
478	115	327	shared.specification	thongSo	3
279	75	209	shared.specification	thongSo	3
304	82	1534	shared.seo	seo	\N
309	82	226	shared.specification	thongSo	1
310	82	230	shared.specification	thongSo	2
311	82	235	shared.specification	thongSo	3
340	91	1541	shared.seo	seo	\N
344	91	251	shared.specification	thongSo	1
345	91	253	shared.specification	thongSo	2
346	91	256	shared.specification	thongSo	3
375	99	1548	shared.seo	seo	\N
376	99	277	shared.specification	thongSo	1
377	99	278	shared.specification	thongSo	2
378	99	279	shared.specification	thongSo	3
280	76	1525	shared.seo	seo	\N
284	76	204	shared.specification	thongSo	1
285	76	208	shared.specification	thongSo	2
286	76	210	shared.specification	thongSo	3
331	88	1538	shared.seo	seo	\N
332	88	245	shared.specification	thongSo	1
333	88	247	shared.specification	thongSo	2
334	88	249	shared.specification	thongSo	3
359	95	1544	shared.seo	seo	5
360	95	265	shared.specification	thongSo	1
361	95	266	shared.specification	thongSo	2
362	95	268	shared.specification	thongSo	4
281	74	199	shared.specification	thongSo	1
282	74	201	shared.specification	thongSo	2
283	74	205	shared.specification	thongSo	3
335	89	1537	shared.seo	seo	\N
336	89	244	shared.specification	thongSo	1
337	89	246	shared.specification	thongSo	2
338	89	250	shared.specification	thongSo	3
363	96	1545	shared.seo	seo	\N
364	96	267	shared.specification	thongSo	1
365	96	269	shared.specification	thongSo	2
366	96	270	shared.specification	thongSo	3
407	107	1556	shared.seo	seo	\N
408	107	301	shared.specification	thongSo	1
409	107	302	shared.specification	thongSo	2
410	107	303	shared.specification	thongSo	3
287	77	1526	shared.seo	seo	\N
288	77	211	shared.specification	thongSo	1
289	77	212	shared.specification	thongSo	2
290	77	213	shared.specification	thongSo	3
308	83	1533	shared.seo	seo	\N
314	83	225	shared.specification	thongSo	1
315	83	229	shared.specification	thongSo	2
316	83	234	shared.specification	thongSo	3
367	97	1546	shared.seo	seo	\N
368	97	271	shared.specification	thongSo	1
369	97	272	shared.specification	thongSo	2
370	97	273	shared.specification	thongSo	3
389	103	1552	shared.seo	seo	\N
394	103	287	shared.specification	thongSo	1
395	103	289	shared.specification	thongSo	2
396	103	293	shared.specification	thongSo	3
411	108	1557	shared.seo	seo	\N
412	108	304	shared.specification	thongSo	1
413	108	305	shared.specification	thongSo	2
414	108	306	shared.specification	thongSo	3
295	79	1529	shared.seo	seo	\N
296	79	217	shared.specification	thongSo	1
297	79	218	shared.specification	thongSo	2
298	79	220	shared.specification	thongSo	3
327	87	1536	shared.seo	seo	\N
328	87	241	shared.specification	thongSo	1
329	87	242	shared.specification	thongSo	2
330	87	243	shared.specification	thongSo	3
379	100	1549	shared.seo	seo	\N
381	100	280	shared.specification	thongSo	1
382	100	281	shared.specification	thongSo	2
383	100	283	shared.specification	thongSo	3
299	80	1528	shared.seo	seo	\N
301	80	219	shared.specification	thongSo	1
302	80	221	shared.specification	thongSo	2
303	80	223	shared.specification	thongSo	3
347	92	1540	shared.seo	seo	\N
348	92	255	shared.specification	thongSo	1
349	92	258	shared.specification	thongSo	2
350	92	260	shared.specification	thongSo	3
403	106	1555	shared.seo	seo	\N
404	106	298	shared.specification	thongSo	1
405	106	299	shared.specification	thongSo	2
406	106	300	shared.specification	thongSo	3
300	81	1531	shared.seo	seo	\N
305	81	224	shared.specification	thongSo	1
306	81	227	shared.specification	thongSo	2
307	81	231	shared.specification	thongSo	3
339	90	1539	shared.seo	seo	\N
341	90	248	shared.specification	thongSo	1
342	90	252	shared.specification	thongSo	2
343	90	254	shared.specification	thongSo	3
387	102	1551	shared.seo	seo	\N
388	102	286	shared.specification	thongSo	1
390	102	288	shared.specification	thongSo	2
391	102	292	shared.specification	thongSo	3
312	84	1532	shared.seo	seo	\N
317	84	232	shared.specification	thongSo	1
318	84	236	shared.specification	thongSo	2
319	84	238	shared.specification	thongSo	3
351	93	1542	shared.seo	seo	\N
352	93	257	shared.specification	thongSo	1
353	93	259	shared.specification	thongSo	2
354	93	261	shared.specification	thongSo	3
393	105	1554	shared.seo	seo	\N
400	105	291	shared.specification	thongSo	1
401	105	295	shared.specification	thongSo	2
402	105	297	shared.specification	thongSo	3
455	95	1	shared.product-review	reviews	1
466	114	1627	shared.seo	seo	\N
467	114	322	shared.specification	thongSo	1
468	114	323	shared.specification	thongSo	2
469	114	324	shared.specification	thongSo	3
470	114	3	shared.product-review	reviews	1
256	70	1519	shared.seo	seo	\N
260	70	187	shared.specification	thongSo	1
261	70	189	shared.specification	thongSo	2
262	70	192	shared.specification	thongSo	3
313	85	1530	shared.seo	seo	\N
320	85	222	shared.specification	thongSo	1
321	85	228	shared.specification	thongSo	2
322	85	233	shared.specification	thongSo	3
355	94	1543	shared.seo	seo	\N
356	94	262	shared.specification	thongSo	1
357	94	263	shared.specification	thongSo	2
358	94	264	shared.specification	thongSo	3
380	101	1550	shared.seo	seo	\N
384	101	282	shared.specification	thongSo	1
385	101	284	shared.specification	thongSo	2
386	101	285	shared.specification	thongSo	3
\.


--
-- Data for Name: strapi_ai_localization_jobs; Type: TABLE DATA; Schema: public; Owner: autotuanlinh_user
--

COPY public.strapi_ai_localization_jobs (id, content_type, related_document_id, source_locale, target_locales, status, created_at, updated_at) FROM stdin;
\.


--
-- Data for Name: strapi_api_token_permissions; Type: TABLE DATA; Schema: public; Owner: autotuanlinh_user
--

COPY public.strapi_api_token_permissions (id, document_id, action, created_at, updated_at, published_at, created_by_id, updated_by_id, locale) FROM stdin;
\.


--
-- Data for Name: strapi_api_token_permissions_token_lnk; Type: TABLE DATA; Schema: public; Owner: autotuanlinh_user
--

COPY public.strapi_api_token_permissions_token_lnk (id, api_token_permission_id, api_token_id, api_token_permission_ord) FROM stdin;
\.


--
-- Data for Name: strapi_api_tokens; Type: TABLE DATA; Schema: public; Owner: autotuanlinh_user
--

COPY public.strapi_api_tokens (id, document_id, name, description, type, access_key, encrypted_key, last_used_at, expires_at, lifespan, created_at, updated_at, published_at, created_by_id, updated_by_id, locale) FROM stdin;
1	ak2ptmo4hay7jeb7we1pxnki	Read Only	A default API token with read-only permissions, only used for accessing resources	read-only	336a5b75617d5d0bfc7c737a06d4aa819eaae5b8adad3db92844e03e25ccc4adcda90de57e7e87c71bc81e6d49262376ddecb25e209c9e760a418d55fe6ddf5c	v1:db233b04b26e42b1e6f967284f7fc819:baa643515bb7725dc09f36a52ecaf3dc359ebcf3bd86a5e145f18388b7fe08c56f83d07355f03b62e117fcab191cd8ecc1529c7af8907faf9ee552fef18bfc84fc5b27bf57d9b078ef03ec2ba10197d51f5ceb45bd5370f412cd4830174bb2a0f6dc22c0d17318635fa0c4309523d4c504151ba7f546af302483a3f1e3c4d77fffb52e84c7e70ddeb08642be45cc6c6ba3a6a508d3af6b2a4e6093fba6551d2532c801acc3781e69fec4f089585c1c8685715c4fdacae8f4487617d755feb716ec5f3278fc4e5ce79b1163dc9dd8905fbe2d5a93a5ee6c657826b432e21992ca2d17a2704b021752860be709b46eabfbb075815031d867db498c59032a3eb9da:24e085c65a44518a101fb28d822def24	\N	\N	\N	2025-12-30 20:11:41.739	2025-12-30 20:11:41.739	2025-12-30 20:11:41.739	\N	\N	\N
2	rw30o0serux7v66zr4g5c9t5	Full Access	A default API token with full access permissions, used for accessing or modifying resources	full-access	5477f17f67ab64e6ce39d2cca493d76e55e01f3b17306b86cb64edb8179eaddf234f11cb8289220f8542cde1b777784a2a8c58f0e7fe3c9fc5e976a1b6a8e864	v1:f6adb303ea480d5cc7d0081fce778622:fed4cf1c54767091380474219f7241249bb200b454e4055c6e173ca4c7f7b909de730d6e63e11e260fec137bcda231a2b168776390510d9f921786e7f9e001f5fe03f8395283e68376154de83fb2483950b7c43230a5e6d54623d5aff19daa08f4bb2961bcc5c8eced96b6f54a1f5c2fed9fdd2057cd68b77594ddf894f832d7ef634722f9b5d840d0b62c31aa64bacc9b0bf894fc18f85299d62480f97862a964df93cc1117638183d53226ebd491e35ca2807a3d0f560f7e373bf16bdda031f2479e8f8617bd06e5e9d9f1947ce9854aa96cd7e2cfa6f33f78a44dd5dbb30b0cc31a5877130891f0760a3d8e950be8dfad0617e1570106f30c936f6ac29e1b:a56023d583ed196ebf6afd22b155f56d	2026-01-08 00:26:23.801	\N	\N	2025-12-30 20:11:41.741	2026-01-08 00:26:23.801	2025-12-30 20:11:41.741	\N	\N	\N
\.


--
-- Data for Name: strapi_core_store_settings; Type: TABLE DATA; Schema: public; Owner: autotuanlinh_user
--

COPY public.strapi_core_store_settings (id, key, value, type, environment, tag) FROM stdin;
1	strapi_unidirectional-join-table-repair-ran	true	boolean	\N	\N
3	plugin_content_manager_configuration_content_types::plugin::upload.file	{"settings":{"bulkable":true,"filterable":true,"searchable":true,"pageSize":10,"mainField":"name","defaultSortBy":"name","defaultSortOrder":"ASC"},"metadatas":{"id":{"edit":{},"list":{"label":"id","searchable":true,"sortable":true}},"name":{"edit":{"label":"name","description":"","placeholder":"","visible":true,"editable":true},"list":{"label":"name","searchable":true,"sortable":true}},"alternativeText":{"edit":{"label":"alternativeText","description":"","placeholder":"","visible":true,"editable":true},"list":{"label":"alternativeText","searchable":true,"sortable":true}},"caption":{"edit":{"label":"caption","description":"","placeholder":"","visible":true,"editable":true},"list":{"label":"caption","searchable":true,"sortable":true}},"width":{"edit":{"label":"width","description":"","placeholder":"","visible":true,"editable":true},"list":{"label":"width","searchable":true,"sortable":true}},"height":{"edit":{"label":"height","description":"","placeholder":"","visible":true,"editable":true},"list":{"label":"height","searchable":true,"sortable":true}},"formats":{"edit":{"label":"formats","description":"","placeholder":"","visible":true,"editable":true},"list":{"label":"formats","searchable":false,"sortable":false}},"hash":{"edit":{"label":"hash","description":"","placeholder":"","visible":true,"editable":true},"list":{"label":"hash","searchable":true,"sortable":true}},"ext":{"edit":{"label":"ext","description":"","placeholder":"","visible":true,"editable":true},"list":{"label":"ext","searchable":true,"sortable":true}},"mime":{"edit":{"label":"mime","description":"","placeholder":"","visible":true,"editable":true},"list":{"label":"mime","searchable":true,"sortable":true}},"size":{"edit":{"label":"size","description":"","placeholder":"","visible":true,"editable":true},"list":{"label":"size","searchable":true,"sortable":true}},"url":{"edit":{"label":"url","description":"","placeholder":"","visible":true,"editable":true},"list":{"label":"url","searchable":true,"sortable":true}},"previewUrl":{"edit":{"label":"previewUrl","description":"","placeholder":"","visible":true,"editable":true},"list":{"label":"previewUrl","searchable":true,"sortable":true}},"provider":{"edit":{"label":"provider","description":"","placeholder":"","visible":true,"editable":true},"list":{"label":"provider","searchable":true,"sortable":true}},"provider_metadata":{"edit":{"label":"provider_metadata","description":"","placeholder":"","visible":true,"editable":true},"list":{"label":"provider_metadata","searchable":false,"sortable":false}},"folder":{"edit":{"label":"folder","description":"","placeholder":"","visible":true,"editable":true,"mainField":"name"},"list":{"label":"folder","searchable":true,"sortable":true}},"folderPath":{"edit":{"label":"folderPath","description":"","placeholder":"","visible":true,"editable":true},"list":{"label":"folderPath","searchable":true,"sortable":true}},"createdAt":{"edit":{"label":"createdAt","description":"","placeholder":"","visible":false,"editable":true},"list":{"label":"createdAt","searchable":true,"sortable":true}},"updatedAt":{"edit":{"label":"updatedAt","description":"","placeholder":"","visible":false,"editable":true},"list":{"label":"updatedAt","searchable":true,"sortable":true}},"createdBy":{"edit":{"label":"createdBy","description":"","placeholder":"","visible":false,"editable":true,"mainField":"firstname"},"list":{"label":"createdBy","searchable":true,"sortable":true}},"updatedBy":{"edit":{"label":"updatedBy","description":"","placeholder":"","visible":false,"editable":true,"mainField":"firstname"},"list":{"label":"updatedBy","searchable":true,"sortable":true}},"documentId":{"edit":{},"list":{"label":"documentId","searchable":true,"sortable":true}}},"layouts":{"list":["id","name","alternativeText","caption"],"edit":[[{"name":"name","size":6},{"name":"alternativeText","size":6}],[{"name":"caption","size":6},{"name":"width","size":4}],[{"name":"height","size":4}],[{"name":"formats","size":12}],[{"name":"hash","size":6},{"name":"ext","size":6}],[{"name":"mime","size":6},{"name":"size","size":4}],[{"name":"url","size":6},{"name":"previewUrl","size":6}],[{"name":"provider","size":6}],[{"name":"provider_metadata","size":12}],[{"name":"folder","size":6},{"name":"folderPath","size":6}]]},"uid":"plugin::upload.file"}	object	\N	\N
4	plugin_content_manager_configuration_content_types::plugin::upload.folder	{"settings":{"bulkable":true,"filterable":true,"searchable":true,"pageSize":10,"mainField":"name","defaultSortBy":"name","defaultSortOrder":"ASC"},"metadatas":{"id":{"edit":{},"list":{"label":"id","searchable":true,"sortable":true}},"name":{"edit":{"label":"name","description":"","placeholder":"","visible":true,"editable":true},"list":{"label":"name","searchable":true,"sortable":true}},"pathId":{"edit":{"label":"pathId","description":"","placeholder":"","visible":true,"editable":true},"list":{"label":"pathId","searchable":true,"sortable":true}},"parent":{"edit":{"label":"parent","description":"","placeholder":"","visible":true,"editable":true,"mainField":"name"},"list":{"label":"parent","searchable":true,"sortable":true}},"children":{"edit":{"label":"children","description":"","placeholder":"","visible":true,"editable":true,"mainField":"name"},"list":{"label":"children","searchable":false,"sortable":false}},"files":{"edit":{"label":"files","description":"","placeholder":"","visible":true,"editable":true,"mainField":"name"},"list":{"label":"files","searchable":false,"sortable":false}},"path":{"edit":{"label":"path","description":"","placeholder":"","visible":true,"editable":true},"list":{"label":"path","searchable":true,"sortable":true}},"createdAt":{"edit":{"label":"createdAt","description":"","placeholder":"","visible":false,"editable":true},"list":{"label":"createdAt","searchable":true,"sortable":true}},"updatedAt":{"edit":{"label":"updatedAt","description":"","placeholder":"","visible":false,"editable":true},"list":{"label":"updatedAt","searchable":true,"sortable":true}},"createdBy":{"edit":{"label":"createdBy","description":"","placeholder":"","visible":false,"editable":true,"mainField":"firstname"},"list":{"label":"createdBy","searchable":true,"sortable":true}},"updatedBy":{"edit":{"label":"updatedBy","description":"","placeholder":"","visible":false,"editable":true,"mainField":"firstname"},"list":{"label":"updatedBy","searchable":true,"sortable":true}},"documentId":{"edit":{},"list":{"label":"documentId","searchable":true,"sortable":true}}},"layouts":{"list":["id","name","pathId","parent"],"edit":[[{"name":"name","size":6},{"name":"pathId","size":4}],[{"name":"parent","size":6},{"name":"children","size":6}],[{"name":"files","size":6},{"name":"path","size":6}]]},"uid":"plugin::upload.folder"}	object	\N	\N
5	plugin_content_manager_configuration_content_types::plugin::content-releases.release	{"settings":{"bulkable":true,"filterable":true,"searchable":true,"pageSize":10,"mainField":"name","defaultSortBy":"name","defaultSortOrder":"ASC"},"metadatas":{"id":{"edit":{},"list":{"label":"id","searchable":true,"sortable":true}},"name":{"edit":{"label":"name","description":"","placeholder":"","visible":true,"editable":true},"list":{"label":"name","searchable":true,"sortable":true}},"releasedAt":{"edit":{"label":"releasedAt","description":"","placeholder":"","visible":true,"editable":true},"list":{"label":"releasedAt","searchable":true,"sortable":true}},"scheduledAt":{"edit":{"label":"scheduledAt","description":"","placeholder":"","visible":true,"editable":true},"list":{"label":"scheduledAt","searchable":true,"sortable":true}},"timezone":{"edit":{"label":"timezone","description":"","placeholder":"","visible":true,"editable":true},"list":{"label":"timezone","searchable":true,"sortable":true}},"status":{"edit":{"label":"status","description":"","placeholder":"","visible":true,"editable":true},"list":{"label":"status","searchable":true,"sortable":true}},"actions":{"edit":{"label":"actions","description":"","placeholder":"","visible":true,"editable":true,"mainField":"contentType"},"list":{"label":"actions","searchable":false,"sortable":false}},"createdAt":{"edit":{"label":"createdAt","description":"","placeholder":"","visible":false,"editable":true},"list":{"label":"createdAt","searchable":true,"sortable":true}},"updatedAt":{"edit":{"label":"updatedAt","description":"","placeholder":"","visible":false,"editable":true},"list":{"label":"updatedAt","searchable":true,"sortable":true}},"createdBy":{"edit":{"label":"createdBy","description":"","placeholder":"","visible":false,"editable":true,"mainField":"firstname"},"list":{"label":"createdBy","searchable":true,"sortable":true}},"updatedBy":{"edit":{"label":"updatedBy","description":"","placeholder":"","visible":false,"editable":true,"mainField":"firstname"},"list":{"label":"updatedBy","searchable":true,"sortable":true}},"documentId":{"edit":{},"list":{"label":"documentId","searchable":true,"sortable":true}}},"layouts":{"list":["id","name","releasedAt","scheduledAt"],"edit":[[{"name":"name","size":6},{"name":"releasedAt","size":6}],[{"name":"scheduledAt","size":6},{"name":"timezone","size":6}],[{"name":"status","size":6},{"name":"actions","size":6}]]},"uid":"plugin::content-releases.release"}	object	\N	\N
6	plugin_content_manager_configuration_content_types::plugin::review-workflows.workflow-stage	{"settings":{"bulkable":true,"filterable":true,"searchable":true,"pageSize":10,"mainField":"name","defaultSortBy":"name","defaultSortOrder":"ASC"},"metadatas":{"id":{"edit":{},"list":{"label":"id","searchable":true,"sortable":true}},"name":{"edit":{"label":"name","description":"","placeholder":"","visible":true,"editable":true},"list":{"label":"name","searchable":true,"sortable":true}},"color":{"edit":{"label":"color","description":"","placeholder":"","visible":true,"editable":true},"list":{"label":"color","searchable":true,"sortable":true}},"workflow":{"edit":{"label":"workflow","description":"","placeholder":"","visible":true,"editable":true,"mainField":"name"},"list":{"label":"workflow","searchable":true,"sortable":true}},"permissions":{"edit":{"label":"permissions","description":"","placeholder":"","visible":true,"editable":true,"mainField":"action"},"list":{"label":"permissions","searchable":false,"sortable":false}},"createdAt":{"edit":{"label":"createdAt","description":"","placeholder":"","visible":false,"editable":true},"list":{"label":"createdAt","searchable":true,"sortable":true}},"updatedAt":{"edit":{"label":"updatedAt","description":"","placeholder":"","visible":false,"editable":true},"list":{"label":"updatedAt","searchable":true,"sortable":true}},"createdBy":{"edit":{"label":"createdBy","description":"","placeholder":"","visible":false,"editable":true,"mainField":"firstname"},"list":{"label":"createdBy","searchable":true,"sortable":true}},"updatedBy":{"edit":{"label":"updatedBy","description":"","placeholder":"","visible":false,"editable":true,"mainField":"firstname"},"list":{"label":"updatedBy","searchable":true,"sortable":true}},"documentId":{"edit":{},"list":{"label":"documentId","searchable":true,"sortable":true}}},"layouts":{"list":["id","name","color","workflow"],"edit":[[{"name":"name","size":6},{"name":"color","size":6}],[{"name":"workflow","size":6},{"name":"permissions","size":6}]]},"uid":"plugin::review-workflows.workflow-stage"}	object	\N	\N
7	plugin_content_manager_configuration_content_types::plugin::i18n.locale	{"settings":{"bulkable":true,"filterable":true,"searchable":true,"pageSize":10,"mainField":"name","defaultSortBy":"name","defaultSortOrder":"ASC"},"metadatas":{"id":{"edit":{},"list":{"label":"id","searchable":true,"sortable":true}},"name":{"edit":{"label":"name","description":"","placeholder":"","visible":true,"editable":true},"list":{"label":"name","searchable":true,"sortable":true}},"code":{"edit":{"label":"code","description":"","placeholder":"","visible":true,"editable":true},"list":{"label":"code","searchable":true,"sortable":true}},"createdAt":{"edit":{"label":"createdAt","description":"","placeholder":"","visible":false,"editable":true},"list":{"label":"createdAt","searchable":true,"sortable":true}},"updatedAt":{"edit":{"label":"updatedAt","description":"","placeholder":"","visible":false,"editable":true},"list":{"label":"updatedAt","searchable":true,"sortable":true}},"createdBy":{"edit":{"label":"createdBy","description":"","placeholder":"","visible":false,"editable":true,"mainField":"firstname"},"list":{"label":"createdBy","searchable":true,"sortable":true}},"updatedBy":{"edit":{"label":"updatedBy","description":"","placeholder":"","visible":false,"editable":true,"mainField":"firstname"},"list":{"label":"updatedBy","searchable":true,"sortable":true}},"documentId":{"edit":{},"list":{"label":"documentId","searchable":true,"sortable":true}}},"layouts":{"list":["id","name","code","createdAt"],"edit":[[{"name":"name","size":6},{"name":"code","size":6}]]},"uid":"plugin::i18n.locale"}	object	\N	\N
8	plugin_content_manager_configuration_content_types::plugin::content-releases.release-action	{"settings":{"bulkable":true,"filterable":true,"searchable":true,"pageSize":10,"mainField":"contentType","defaultSortBy":"contentType","defaultSortOrder":"ASC"},"metadatas":{"id":{"edit":{},"list":{"label":"id","searchable":true,"sortable":true}},"type":{"edit":{"label":"type","description":"","placeholder":"","visible":true,"editable":true},"list":{"label":"type","searchable":true,"sortable":true}},"contentType":{"edit":{"label":"contentType","description":"","placeholder":"","visible":true,"editable":true},"list":{"label":"contentType","searchable":true,"sortable":true}},"entryDocumentId":{"edit":{"label":"entryDocumentId","description":"","placeholder":"","visible":true,"editable":true},"list":{"label":"entryDocumentId","searchable":true,"sortable":true}},"release":{"edit":{"label":"release","description":"","placeholder":"","visible":true,"editable":true,"mainField":"name"},"list":{"label":"release","searchable":true,"sortable":true}},"isEntryValid":{"edit":{"label":"isEntryValid","description":"","placeholder":"","visible":true,"editable":true},"list":{"label":"isEntryValid","searchable":true,"sortable":true}},"createdAt":{"edit":{"label":"createdAt","description":"","placeholder":"","visible":false,"editable":true},"list":{"label":"createdAt","searchable":true,"sortable":true}},"updatedAt":{"edit":{"label":"updatedAt","description":"","placeholder":"","visible":false,"editable":true},"list":{"label":"updatedAt","searchable":true,"sortable":true}},"createdBy":{"edit":{"label":"createdBy","description":"","placeholder":"","visible":false,"editable":true,"mainField":"firstname"},"list":{"label":"createdBy","searchable":true,"sortable":true}},"updatedBy":{"edit":{"label":"updatedBy","description":"","placeholder":"","visible":false,"editable":true,"mainField":"firstname"},"list":{"label":"updatedBy","searchable":true,"sortable":true}},"documentId":{"edit":{},"list":{"label":"documentId","searchable":true,"sortable":true}}},"layouts":{"list":["id","type","contentType","entryDocumentId"],"edit":[[{"name":"type","size":6},{"name":"contentType","size":6}],[{"name":"entryDocumentId","size":6},{"name":"release","size":6}],[{"name":"isEntryValid","size":4}]]},"uid":"plugin::content-releases.release-action"}	object	\N	\N
9	plugin_content_manager_configuration_content_types::plugin::users-permissions.permission	{"settings":{"bulkable":true,"filterable":true,"searchable":true,"pageSize":10,"mainField":"action","defaultSortBy":"action","defaultSortOrder":"ASC"},"metadatas":{"id":{"edit":{},"list":{"label":"id","searchable":true,"sortable":true}},"action":{"edit":{"label":"action","description":"","placeholder":"","visible":true,"editable":true},"list":{"label":"action","searchable":true,"sortable":true}},"role":{"edit":{"label":"role","description":"","placeholder":"","visible":true,"editable":true,"mainField":"name"},"list":{"label":"role","searchable":true,"sortable":true}},"createdAt":{"edit":{"label":"createdAt","description":"","placeholder":"","visible":false,"editable":true},"list":{"label":"createdAt","searchable":true,"sortable":true}},"updatedAt":{"edit":{"label":"updatedAt","description":"","placeholder":"","visible":false,"editable":true},"list":{"label":"updatedAt","searchable":true,"sortable":true}},"createdBy":{"edit":{"label":"createdBy","description":"","placeholder":"","visible":false,"editable":true,"mainField":"firstname"},"list":{"label":"createdBy","searchable":true,"sortable":true}},"updatedBy":{"edit":{"label":"updatedBy","description":"","placeholder":"","visible":false,"editable":true,"mainField":"firstname"},"list":{"label":"updatedBy","searchable":true,"sortable":true}},"documentId":{"edit":{},"list":{"label":"documentId","searchable":true,"sortable":true}}},"layouts":{"list":["id","action","role","createdAt"],"edit":[[{"name":"action","size":6},{"name":"role","size":6}]]},"uid":"plugin::users-permissions.permission"}	object	\N	\N
10	plugin_content_manager_configuration_content_types::admin::user	{"settings":{"bulkable":true,"filterable":true,"searchable":true,"pageSize":10,"mainField":"firstname","defaultSortBy":"firstname","defaultSortOrder":"ASC"},"metadatas":{"id":{"edit":{},"list":{"label":"id","searchable":true,"sortable":true}},"firstname":{"edit":{"label":"firstname","description":"","placeholder":"","visible":true,"editable":true},"list":{"label":"firstname","searchable":true,"sortable":true}},"lastname":{"edit":{"label":"lastname","description":"","placeholder":"","visible":true,"editable":true},"list":{"label":"lastname","searchable":true,"sortable":true}},"username":{"edit":{"label":"username","description":"","placeholder":"","visible":true,"editable":true},"list":{"label":"username","searchable":true,"sortable":true}},"email":{"edit":{"label":"email","description":"","placeholder":"","visible":true,"editable":true},"list":{"label":"email","searchable":true,"sortable":true}},"password":{"edit":{"label":"password","description":"","placeholder":"","visible":true,"editable":true},"list":{"label":"password","searchable":true,"sortable":true}},"resetPasswordToken":{"edit":{"label":"resetPasswordToken","description":"","placeholder":"","visible":false,"editable":true},"list":{"label":"resetPasswordToken","searchable":true,"sortable":true}},"registrationToken":{"edit":{"label":"registrationToken","description":"","placeholder":"","visible":false,"editable":true},"list":{"label":"registrationToken","searchable":true,"sortable":true}},"isActive":{"edit":{"label":"isActive","description":"","placeholder":"","visible":true,"editable":true},"list":{"label":"isActive","searchable":true,"sortable":true}},"roles":{"edit":{"label":"roles","description":"","placeholder":"","visible":true,"editable":true,"mainField":"name"},"list":{"label":"roles","searchable":false,"sortable":false}},"blocked":{"edit":{"label":"blocked","description":"","placeholder":"","visible":true,"editable":true},"list":{"label":"blocked","searchable":true,"sortable":true}},"preferedLanguage":{"edit":{"label":"preferedLanguage","description":"","placeholder":"","visible":true,"editable":true},"list":{"label":"preferedLanguage","searchable":true,"sortable":true}},"createdAt":{"edit":{"label":"createdAt","description":"","placeholder":"","visible":false,"editable":true},"list":{"label":"createdAt","searchable":true,"sortable":true}},"updatedAt":{"edit":{"label":"updatedAt","description":"","placeholder":"","visible":false,"editable":true},"list":{"label":"updatedAt","searchable":true,"sortable":true}},"createdBy":{"edit":{"label":"createdBy","description":"","placeholder":"","visible":false,"editable":true,"mainField":"firstname"},"list":{"label":"createdBy","searchable":true,"sortable":true}},"updatedBy":{"edit":{"label":"updatedBy","description":"","placeholder":"","visible":false,"editable":true,"mainField":"firstname"},"list":{"label":"updatedBy","searchable":true,"sortable":true}},"documentId":{"edit":{},"list":{"label":"documentId","searchable":true,"sortable":true}}},"layouts":{"list":["id","firstname","lastname","username"],"edit":[[{"name":"firstname","size":6},{"name":"lastname","size":6}],[{"name":"username","size":6},{"name":"email","size":6}],[{"name":"password","size":6},{"name":"isActive","size":4}],[{"name":"roles","size":6},{"name":"blocked","size":4}],[{"name":"preferedLanguage","size":6}]]},"uid":"admin::user"}	object	\N	\N
2	strapi_content_types_schema	{"plugin::upload.file":{"collectionName":"files","info":{"singularName":"file","pluralName":"files","displayName":"File","description":""},"options":{"draftAndPublish":false},"pluginOptions":{"content-manager":{"visible":false},"content-type-builder":{"visible":false}},"attributes":{"name":{"type":"string","configurable":false,"required":true},"alternativeText":{"type":"string","configurable":false},"caption":{"type":"string","configurable":false},"width":{"type":"integer","configurable":false},"height":{"type":"integer","configurable":false},"formats":{"type":"json","configurable":false},"hash":{"type":"string","configurable":false,"required":true},"ext":{"type":"string","configurable":false},"mime":{"type":"string","configurable":false,"required":true},"size":{"type":"decimal","configurable":false,"required":true},"url":{"type":"string","configurable":false,"required":true},"previewUrl":{"type":"string","configurable":false},"provider":{"type":"string","configurable":false,"required":true},"provider_metadata":{"type":"json","configurable":false},"related":{"type":"relation","relation":"morphToMany","configurable":false},"folder":{"type":"relation","relation":"manyToOne","target":"plugin::upload.folder","inversedBy":"files","private":true},"folderPath":{"type":"string","minLength":1,"required":true,"private":true,"searchable":false},"createdAt":{"type":"datetime"},"updatedAt":{"type":"datetime"},"publishedAt":{"type":"datetime","configurable":false,"writable":true,"visible":false},"createdBy":{"type":"relation","relation":"oneToOne","target":"admin::user","configurable":false,"writable":false,"visible":false,"useJoinTable":false,"private":true},"updatedBy":{"type":"relation","relation":"oneToOne","target":"admin::user","configurable":false,"writable":false,"visible":false,"useJoinTable":false,"private":true},"locale":{"writable":true,"private":true,"configurable":false,"visible":false,"type":"string"},"localizations":{"type":"relation","relation":"oneToMany","target":"plugin::upload.file","writable":false,"private":true,"configurable":false,"visible":false,"unstable_virtual":true,"joinColumn":{"name":"document_id","referencedColumn":"document_id","referencedTable":"files"}}},"indexes":[{"name":"upload_files_folder_path_index","columns":["folder_path"],"type":null},{"name":"upload_files_created_at_index","columns":["created_at"],"type":null},{"name":"upload_files_updated_at_index","columns":["updated_at"],"type":null},{"name":"upload_files_name_index","columns":["name"],"type":null},{"name":"upload_files_size_index","columns":["size"],"type":null},{"name":"upload_files_ext_index","columns":["ext"],"type":null}],"plugin":"upload","globalId":"UploadFile","uid":"plugin::upload.file","modelType":"contentType","kind":"collectionType","__schema__":{"collectionName":"files","info":{"singularName":"file","pluralName":"files","displayName":"File","description":""},"options":{},"pluginOptions":{"content-manager":{"visible":false},"content-type-builder":{"visible":false}},"attributes":{"name":{"type":"string","configurable":false,"required":true},"alternativeText":{"type":"string","configurable":false},"caption":{"type":"string","configurable":false},"width":{"type":"integer","configurable":false},"height":{"type":"integer","configurable":false},"formats":{"type":"json","configurable":false},"hash":{"type":"string","configurable":false,"required":true},"ext":{"type":"string","configurable":false},"mime":{"type":"string","configurable":false,"required":true},"size":{"type":"decimal","configurable":false,"required":true},"url":{"type":"string","configurable":false,"required":true},"previewUrl":{"type":"string","configurable":false},"provider":{"type":"string","configurable":false,"required":true},"provider_metadata":{"type":"json","configurable":false},"related":{"type":"relation","relation":"morphToMany","configurable":false},"folder":{"type":"relation","relation":"manyToOne","target":"plugin::upload.folder","inversedBy":"files","private":true},"folderPath":{"type":"string","minLength":1,"required":true,"private":true,"searchable":false}},"kind":"collectionType"},"modelName":"file"},"plugin::upload.folder":{"collectionName":"upload_folders","info":{"singularName":"folder","pluralName":"folders","displayName":"Folder"},"options":{"draftAndPublish":false},"pluginOptions":{"content-manager":{"visible":false},"content-type-builder":{"visible":false}},"attributes":{"name":{"type":"string","minLength":1,"required":true},"pathId":{"type":"integer","unique":true,"required":true},"parent":{"type":"relation","relation":"manyToOne","target":"plugin::upload.folder","inversedBy":"children"},"children":{"type":"relation","relation":"oneToMany","target":"plugin::upload.folder","mappedBy":"parent"},"files":{"type":"relation","relation":"oneToMany","target":"plugin::upload.file","mappedBy":"folder"},"path":{"type":"string","minLength":1,"required":true},"createdAt":{"type":"datetime"},"updatedAt":{"type":"datetime"},"publishedAt":{"type":"datetime","configurable":false,"writable":true,"visible":false},"createdBy":{"type":"relation","relation":"oneToOne","target":"admin::user","configurable":false,"writable":false,"visible":false,"useJoinTable":false,"private":true},"updatedBy":{"type":"relation","relation":"oneToOne","target":"admin::user","configurable":false,"writable":false,"visible":false,"useJoinTable":false,"private":true},"locale":{"writable":true,"private":true,"configurable":false,"visible":false,"type":"string"},"localizations":{"type":"relation","relation":"oneToMany","target":"plugin::upload.folder","writable":false,"private":true,"configurable":false,"visible":false,"unstable_virtual":true,"joinColumn":{"name":"document_id","referencedColumn":"document_id","referencedTable":"upload_folders"}}},"indexes":[{"name":"upload_folders_path_id_index","columns":["path_id"],"type":"unique"},{"name":"upload_folders_path_index","columns":["path"],"type":"unique"}],"plugin":"upload","globalId":"UploadFolder","uid":"plugin::upload.folder","modelType":"contentType","kind":"collectionType","__schema__":{"collectionName":"upload_folders","info":{"singularName":"folder","pluralName":"folders","displayName":"Folder"},"options":{},"pluginOptions":{"content-manager":{"visible":false},"content-type-builder":{"visible":false}},"attributes":{"name":{"type":"string","minLength":1,"required":true},"pathId":{"type":"integer","unique":true,"required":true},"parent":{"type":"relation","relation":"manyToOne","target":"plugin::upload.folder","inversedBy":"children"},"children":{"type":"relation","relation":"oneToMany","target":"plugin::upload.folder","mappedBy":"parent"},"files":{"type":"relation","relation":"oneToMany","target":"plugin::upload.file","mappedBy":"folder"},"path":{"type":"string","minLength":1,"required":true}},"kind":"collectionType"},"modelName":"folder"},"plugin::i18n.locale":{"info":{"singularName":"locale","pluralName":"locales","collectionName":"locales","displayName":"Locale","description":""},"options":{"draftAndPublish":false},"pluginOptions":{"content-manager":{"visible":false},"content-type-builder":{"visible":false}},"attributes":{"name":{"type":"string","min":1,"max":50,"configurable":false},"code":{"type":"string","unique":true,"configurable":false},"createdAt":{"type":"datetime"},"updatedAt":{"type":"datetime"},"publishedAt":{"type":"datetime","configurable":false,"writable":true,"visible":false},"createdBy":{"type":"relation","relation":"oneToOne","target":"admin::user","configurable":false,"writable":false,"visible":false,"useJoinTable":false,"private":true},"updatedBy":{"type":"relation","relation":"oneToOne","target":"admin::user","configurable":false,"writable":false,"visible":false,"useJoinTable":false,"private":true},"locale":{"writable":true,"private":true,"configurable":false,"visible":false,"type":"string"},"localizations":{"type":"relation","relation":"oneToMany","target":"plugin::i18n.locale","writable":false,"private":true,"configurable":false,"visible":false,"unstable_virtual":true,"joinColumn":{"name":"document_id","referencedColumn":"document_id","referencedTable":"i18n_locale"}}},"plugin":"i18n","collectionName":"i18n_locale","globalId":"I18NLocale","uid":"plugin::i18n.locale","modelType":"contentType","kind":"collectionType","__schema__":{"collectionName":"i18n_locale","info":{"singularName":"locale","pluralName":"locales","collectionName":"locales","displayName":"Locale","description":""},"options":{},"pluginOptions":{"content-manager":{"visible":false},"content-type-builder":{"visible":false}},"attributes":{"name":{"type":"string","min":1,"max":50,"configurable":false},"code":{"type":"string","unique":true,"configurable":false}},"kind":"collectionType"},"modelName":"locale"},"plugin::content-releases.release":{"collectionName":"strapi_releases","info":{"singularName":"release","pluralName":"releases","displayName":"Release"},"options":{"draftAndPublish":false},"pluginOptions":{"content-manager":{"visible":false},"content-type-builder":{"visible":false}},"attributes":{"name":{"type":"string","required":true},"releasedAt":{"type":"datetime"},"scheduledAt":{"type":"datetime"},"timezone":{"type":"string"},"status":{"type":"enumeration","enum":["ready","blocked","failed","done","empty"],"required":true},"actions":{"type":"relation","relation":"oneToMany","target":"plugin::content-releases.release-action","mappedBy":"release"},"createdAt":{"type":"datetime"},"updatedAt":{"type":"datetime"},"publishedAt":{"type":"datetime","configurable":false,"writable":true,"visible":false},"createdBy":{"type":"relation","relation":"oneToOne","target":"admin::user","configurable":false,"writable":false,"visible":false,"useJoinTable":false,"private":true},"updatedBy":{"type":"relation","relation":"oneToOne","target":"admin::user","configurable":false,"writable":false,"visible":false,"useJoinTable":false,"private":true},"locale":{"writable":true,"private":true,"configurable":false,"visible":false,"type":"string"},"localizations":{"type":"relation","relation":"oneToMany","target":"plugin::content-releases.release","writable":false,"private":true,"configurable":false,"visible":false,"unstable_virtual":true,"joinColumn":{"name":"document_id","referencedColumn":"document_id","referencedTable":"strapi_releases"}}},"plugin":"content-releases","globalId":"ContentReleasesRelease","uid":"plugin::content-releases.release","modelType":"contentType","kind":"collectionType","__schema__":{"collectionName":"strapi_releases","info":{"singularName":"release","pluralName":"releases","displayName":"Release"},"options":{"draftAndPublish":false},"pluginOptions":{"content-manager":{"visible":false},"content-type-builder":{"visible":false}},"attributes":{"name":{"type":"string","required":true},"releasedAt":{"type":"datetime"},"scheduledAt":{"type":"datetime"},"timezone":{"type":"string"},"status":{"type":"enumeration","enum":["ready","blocked","failed","done","empty"],"required":true},"actions":{"type":"relation","relation":"oneToMany","target":"plugin::content-releases.release-action","mappedBy":"release"}},"kind":"collectionType"},"modelName":"release"},"plugin::content-releases.release-action":{"collectionName":"strapi_release_actions","info":{"singularName":"release-action","pluralName":"release-actions","displayName":"Release Action"},"options":{"draftAndPublish":false},"pluginOptions":{"content-manager":{"visible":false},"content-type-builder":{"visible":false}},"attributes":{"type":{"type":"enumeration","enum":["publish","unpublish"],"required":true},"contentType":{"type":"string","required":true},"entryDocumentId":{"type":"string"},"locale":{"writable":true,"private":true,"configurable":false,"visible":false,"type":"string"},"release":{"type":"relation","relation":"manyToOne","target":"plugin::content-releases.release","inversedBy":"actions"},"isEntryValid":{"type":"boolean"},"createdAt":{"type":"datetime"},"updatedAt":{"type":"datetime"},"publishedAt":{"type":"datetime","configurable":false,"writable":true,"visible":false},"createdBy":{"type":"relation","relation":"oneToOne","target":"admin::user","configurable":false,"writable":false,"visible":false,"useJoinTable":false,"private":true},"updatedBy":{"type":"relation","relation":"oneToOne","target":"admin::user","configurable":false,"writable":false,"visible":false,"useJoinTable":false,"private":true},"localizations":{"type":"relation","relation":"oneToMany","target":"plugin::content-releases.release-action","writable":false,"private":true,"configurable":false,"visible":false,"unstable_virtual":true,"joinColumn":{"name":"document_id","referencedColumn":"document_id","referencedTable":"strapi_release_actions"}}},"plugin":"content-releases","globalId":"ContentReleasesReleaseAction","uid":"plugin::content-releases.release-action","modelType":"contentType","kind":"collectionType","__schema__":{"collectionName":"strapi_release_actions","info":{"singularName":"release-action","pluralName":"release-actions","displayName":"Release Action"},"options":{"draftAndPublish":false},"pluginOptions":{"content-manager":{"visible":false},"content-type-builder":{"visible":false}},"attributes":{"type":{"type":"enumeration","enum":["publish","unpublish"],"required":true},"contentType":{"type":"string","required":true},"entryDocumentId":{"type":"string"},"locale":{"type":"string"},"release":{"type":"relation","relation":"manyToOne","target":"plugin::content-releases.release","inversedBy":"actions"},"isEntryValid":{"type":"boolean"}},"kind":"collectionType"},"modelName":"release-action"},"plugin::review-workflows.workflow":{"collectionName":"strapi_workflows","info":{"name":"Workflow","description":"","singularName":"workflow","pluralName":"workflows","displayName":"Workflow"},"options":{"draftAndPublish":false},"pluginOptions":{"content-manager":{"visible":false},"content-type-builder":{"visible":false}},"attributes":{"name":{"type":"string","required":true,"unique":true},"stages":{"type":"relation","target":"plugin::review-workflows.workflow-stage","relation":"oneToMany","mappedBy":"workflow"},"stageRequiredToPublish":{"type":"relation","target":"plugin::review-workflows.workflow-stage","relation":"oneToOne","required":false},"contentTypes":{"type":"json","required":true,"default":"[]"},"createdAt":{"type":"datetime"},"updatedAt":{"type":"datetime"},"publishedAt":{"type":"datetime","configurable":false,"writable":true,"visible":false},"createdBy":{"type":"relation","relation":"oneToOne","target":"admin::user","configurable":false,"writable":false,"visible":false,"useJoinTable":false,"private":true},"updatedBy":{"type":"relation","relation":"oneToOne","target":"admin::user","configurable":false,"writable":false,"visible":false,"useJoinTable":false,"private":true},"locale":{"writable":true,"private":true,"configurable":false,"visible":false,"type":"string"},"localizations":{"type":"relation","relation":"oneToMany","target":"plugin::review-workflows.workflow","writable":false,"private":true,"configurable":false,"visible":false,"unstable_virtual":true,"joinColumn":{"name":"document_id","referencedColumn":"document_id","referencedTable":"strapi_workflows"}}},"plugin":"review-workflows","globalId":"ReviewWorkflowsWorkflow","uid":"plugin::review-workflows.workflow","modelType":"contentType","kind":"collectionType","__schema__":{"collectionName":"strapi_workflows","info":{"name":"Workflow","description":"","singularName":"workflow","pluralName":"workflows","displayName":"Workflow"},"options":{},"pluginOptions":{"content-manager":{"visible":false},"content-type-builder":{"visible":false}},"attributes":{"name":{"type":"string","required":true,"unique":true},"stages":{"type":"relation","target":"plugin::review-workflows.workflow-stage","relation":"oneToMany","mappedBy":"workflow"},"stageRequiredToPublish":{"type":"relation","target":"plugin::review-workflows.workflow-stage","relation":"oneToOne","required":false},"contentTypes":{"type":"json","required":true,"default":"[]"}},"kind":"collectionType"},"modelName":"workflow"},"plugin::review-workflows.workflow-stage":{"collectionName":"strapi_workflows_stages","info":{"name":"Workflow Stage","description":"","singularName":"workflow-stage","pluralName":"workflow-stages","displayName":"Stages"},"options":{"version":"1.1.0","draftAndPublish":false},"pluginOptions":{"content-manager":{"visible":false},"content-type-builder":{"visible":false}},"attributes":{"name":{"type":"string","configurable":false},"color":{"type":"string","configurable":false,"default":"#4945FF"},"workflow":{"type":"relation","target":"plugin::review-workflows.workflow","relation":"manyToOne","inversedBy":"stages","configurable":false},"permissions":{"type":"relation","target":"admin::permission","relation":"manyToMany","configurable":false},"createdAt":{"type":"datetime"},"updatedAt":{"type":"datetime"},"publishedAt":{"type":"datetime","configurable":false,"writable":true,"visible":false},"createdBy":{"type":"relation","relation":"oneToOne","target":"admin::user","configurable":false,"writable":false,"visible":false,"useJoinTable":false,"private":true},"updatedBy":{"type":"relation","relation":"oneToOne","target":"admin::user","configurable":false,"writable":false,"visible":false,"useJoinTable":false,"private":true},"locale":{"writable":true,"private":true,"configurable":false,"visible":false,"type":"string"},"localizations":{"type":"relation","relation":"oneToMany","target":"plugin::review-workflows.workflow-stage","writable":false,"private":true,"configurable":false,"visible":false,"unstable_virtual":true,"joinColumn":{"name":"document_id","referencedColumn":"document_id","referencedTable":"strapi_workflows_stages"}}},"plugin":"review-workflows","globalId":"ReviewWorkflowsWorkflowStage","uid":"plugin::review-workflows.workflow-stage","modelType":"contentType","kind":"collectionType","__schema__":{"collectionName":"strapi_workflows_stages","info":{"name":"Workflow Stage","description":"","singularName":"workflow-stage","pluralName":"workflow-stages","displayName":"Stages"},"options":{"version":"1.1.0"},"pluginOptions":{"content-manager":{"visible":false},"content-type-builder":{"visible":false}},"attributes":{"name":{"type":"string","configurable":false},"color":{"type":"string","configurable":false,"default":"#4945FF"},"workflow":{"type":"relation","target":"plugin::review-workflows.workflow","relation":"manyToOne","inversedBy":"stages","configurable":false},"permissions":{"type":"relation","target":"admin::permission","relation":"manyToMany","configurable":false}},"kind":"collectionType"},"modelName":"workflow-stage"},"plugin::users-permissions.permission":{"collectionName":"up_permissions","info":{"name":"permission","description":"","singularName":"permission","pluralName":"permissions","displayName":"Permission"},"pluginOptions":{"content-manager":{"visible":false},"content-type-builder":{"visible":false}},"attributes":{"action":{"type":"string","required":true,"configurable":false},"role":{"type":"relation","relation":"manyToOne","target":"plugin::users-permissions.role","inversedBy":"permissions","configurable":false},"createdAt":{"type":"datetime"},"updatedAt":{"type":"datetime"},"publishedAt":{"type":"datetime","configurable":false,"writable":true,"visible":false},"createdBy":{"type":"relation","relation":"oneToOne","target":"admin::user","configurable":false,"writable":false,"visible":false,"useJoinTable":false,"private":true},"updatedBy":{"type":"relation","relation":"oneToOne","target":"admin::user","configurable":false,"writable":false,"visible":false,"useJoinTable":false,"private":true},"locale":{"writable":true,"private":true,"configurable":false,"visible":false,"type":"string"},"localizations":{"type":"relation","relation":"oneToMany","target":"plugin::users-permissions.permission","writable":false,"private":true,"configurable":false,"visible":false,"unstable_virtual":true,"joinColumn":{"name":"document_id","referencedColumn":"document_id","referencedTable":"up_permissions"}}},"plugin":"users-permissions","globalId":"UsersPermissionsPermission","uid":"plugin::users-permissions.permission","modelType":"contentType","kind":"collectionType","__schema__":{"collectionName":"up_permissions","info":{"name":"permission","description":"","singularName":"permission","pluralName":"permissions","displayName":"Permission"},"pluginOptions":{"content-manager":{"visible":false},"content-type-builder":{"visible":false}},"attributes":{"action":{"type":"string","required":true,"configurable":false},"role":{"type":"relation","relation":"manyToOne","target":"plugin::users-permissions.role","inversedBy":"permissions","configurable":false}},"kind":"collectionType"},"modelName":"permission","options":{"draftAndPublish":false}},"plugin::users-permissions.role":{"collectionName":"up_roles","info":{"name":"role","description":"","singularName":"role","pluralName":"roles","displayName":"Role"},"pluginOptions":{"content-manager":{"visible":false},"content-type-builder":{"visible":false}},"attributes":{"name":{"type":"string","minLength":3,"required":true,"configurable":false},"description":{"type":"string","configurable":false},"type":{"type":"string","unique":true,"configurable":false},"permissions":{"type":"relation","relation":"oneToMany","target":"plugin::users-permissions.permission","mappedBy":"role","configurable":false},"users":{"type":"relation","relation":"oneToMany","target":"plugin::users-permissions.user","mappedBy":"role","configurable":false},"createdAt":{"type":"datetime"},"updatedAt":{"type":"datetime"},"publishedAt":{"type":"datetime","configurable":false,"writable":true,"visible":false},"createdBy":{"type":"relation","relation":"oneToOne","target":"admin::user","configurable":false,"writable":false,"visible":false,"useJoinTable":false,"private":true},"updatedBy":{"type":"relation","relation":"oneToOne","target":"admin::user","configurable":false,"writable":false,"visible":false,"useJoinTable":false,"private":true},"locale":{"writable":true,"private":true,"configurable":false,"visible":false,"type":"string"},"localizations":{"type":"relation","relation":"oneToMany","target":"plugin::users-permissions.role","writable":false,"private":true,"configurable":false,"visible":false,"unstable_virtual":true,"joinColumn":{"name":"document_id","referencedColumn":"document_id","referencedTable":"up_roles"}}},"plugin":"users-permissions","globalId":"UsersPermissionsRole","uid":"plugin::users-permissions.role","modelType":"contentType","kind":"collectionType","__schema__":{"collectionName":"up_roles","info":{"name":"role","description":"","singularName":"role","pluralName":"roles","displayName":"Role"},"pluginOptions":{"content-manager":{"visible":false},"content-type-builder":{"visible":false}},"attributes":{"name":{"type":"string","minLength":3,"required":true,"configurable":false},"description":{"type":"string","configurable":false},"type":{"type":"string","unique":true,"configurable":false},"permissions":{"type":"relation","relation":"oneToMany","target":"plugin::users-permissions.permission","mappedBy":"role","configurable":false},"users":{"type":"relation","relation":"oneToMany","target":"plugin::users-permissions.user","mappedBy":"role","configurable":false}},"kind":"collectionType"},"modelName":"role","options":{"draftAndPublish":false}},"plugin::users-permissions.user":{"collectionName":"up_users","info":{"name":"user","description":"","singularName":"user","pluralName":"users","displayName":"User"},"options":{"timestamps":true,"draftAndPublish":false},"attributes":{"username":{"type":"string","minLength":3,"unique":true,"configurable":false,"required":true},"email":{"type":"email","minLength":6,"configurable":false,"required":true},"provider":{"type":"string","configurable":false},"password":{"type":"password","minLength":6,"configurable":false,"private":true,"searchable":false},"resetPasswordToken":{"type":"string","configurable":false,"private":true,"searchable":false},"confirmationToken":{"type":"string","configurable":false,"private":true,"searchable":false},"confirmed":{"type":"boolean","default":false,"configurable":false},"blocked":{"type":"boolean","default":false,"configurable":false},"role":{"type":"relation","relation":"manyToOne","target":"plugin::users-permissions.role","inversedBy":"users","configurable":false},"createdAt":{"type":"datetime"},"updatedAt":{"type":"datetime"},"publishedAt":{"type":"datetime","configurable":false,"writable":true,"visible":false},"createdBy":{"type":"relation","relation":"oneToOne","target":"admin::user","configurable":false,"writable":false,"visible":false,"useJoinTable":false,"private":true},"updatedBy":{"type":"relation","relation":"oneToOne","target":"admin::user","configurable":false,"writable":false,"visible":false,"useJoinTable":false,"private":true},"locale":{"writable":true,"private":true,"configurable":false,"visible":false,"type":"string"},"localizations":{"type":"relation","relation":"oneToMany","target":"plugin::users-permissions.user","writable":false,"private":true,"configurable":false,"visible":false,"unstable_virtual":true,"joinColumn":{"name":"document_id","referencedColumn":"document_id","referencedTable":"up_users"}}},"config":{"attributes":{"resetPasswordToken":{"hidden":true},"confirmationToken":{"hidden":true},"provider":{"hidden":true}}},"plugin":"users-permissions","globalId":"UsersPermissionsUser","uid":"plugin::users-permissions.user","modelType":"contentType","kind":"collectionType","__schema__":{"collectionName":"up_users","info":{"name":"user","description":"","singularName":"user","pluralName":"users","displayName":"User"},"options":{"timestamps":true},"attributes":{"username":{"type":"string","minLength":3,"unique":true,"configurable":false,"required":true},"email":{"type":"email","minLength":6,"configurable":false,"required":true},"provider":{"type":"string","configurable":false},"password":{"type":"password","minLength":6,"configurable":false,"private":true,"searchable":false},"resetPasswordToken":{"type":"string","configurable":false,"private":true,"searchable":false},"confirmationToken":{"type":"string","configurable":false,"private":true,"searchable":false},"confirmed":{"type":"boolean","default":false,"configurable":false},"blocked":{"type":"boolean","default":false,"configurable":false},"role":{"type":"relation","relation":"manyToOne","target":"plugin::users-permissions.role","inversedBy":"users","configurable":false}},"kind":"collectionType"},"modelName":"user"},"api::blog.blog":{"kind":"collectionType","collectionName":"blogs","info":{"singularName":"blog","pluralName":"blogs","displayName":"Blog","description":"Collection type  qun l bi vit blog"},"options":{"draftAndPublish":true},"pluginOptions":{},"attributes":{"seo":{"type":"component","component":"shared.seo","repeatable":false,"required":true},"hashtag":{"type":"text","required":false},"title":{"type":"string","required":true,"unique":false},"slug":{"type":"uid","targetField":"title","required":false},"avatar":{"type":"media","multiple":false,"required":false,"allowedTypes":["images"]},"moTaNgan":{"type":"text","required":false},"noiDung":{"type":"richtext","required":false},"topicBlog":{"type":"relation","relation":"manyToOne","target":"api::topic-blog.topic-blog","required":false},"createdAt":{"type":"datetime"},"updatedAt":{"type":"datetime"},"publishedAt":{"type":"datetime","configurable":false,"writable":true,"visible":false},"createdBy":{"type":"relation","relation":"oneToOne","target":"admin::user","configurable":false,"writable":false,"visible":false,"useJoinTable":false,"private":true},"updatedBy":{"type":"relation","relation":"oneToOne","target":"admin::user","configurable":false,"writable":false,"visible":false,"useJoinTable":false,"private":true},"locale":{"writable":true,"private":true,"configurable":false,"visible":false,"type":"string"},"localizations":{"type":"relation","relation":"oneToMany","target":"api::blog.blog","writable":false,"private":true,"configurable":false,"visible":false,"unstable_virtual":true,"joinColumn":{"name":"document_id","referencedColumn":"document_id","referencedTable":"blogs"}}},"apiName":"blog","globalId":"Blog","uid":"api::blog.blog","modelType":"contentType","__schema__":{"collectionName":"blogs","info":{"singularName":"blog","pluralName":"blogs","displayName":"Blog","description":"Collection type  qun l bi vit blog"},"options":{"draftAndPublish":true},"pluginOptions":{},"attributes":{"seo":{"type":"component","component":"shared.seo","repeatable":false,"required":true},"hashtag":{"type":"text","required":false},"title":{"type":"string","required":true,"unique":false},"slug":{"type":"uid","targetField":"title","required":false},"avatar":{"type":"media","multiple":false,"required":false,"allowedTypes":["images"]},"moTaNgan":{"type":"text","required":false},"noiDung":{"type":"richtext","required":false},"topicBlog":{"type":"relation","relation":"manyToOne","target":"api::topic-blog.topic-blog","required":false}},"kind":"collectionType"},"modelName":"blog","actions":{},"lifecycles":{}},"api::danh-muc-bai-viet.danh-muc-bai-viet":{"kind":"collectionType","collectionName":"danh_muc_bai_viets","info":{"singularName":"danh-muc-bai-viet","pluralName":"danh-muc-bai-viets","displayName":"Danh mc bi vit sn phm","description":"Danh mc bi vit sn phm cp 1"},"options":{"draftAndPublish":true},"pluginOptions":{},"attributes":{"seo":{"type":"component","component":"shared.seo","repeatable":false,"required":true},"title":{"type":"string","required":true,"unique":false},"slug":{"type":"uid","targetField":"title","required":false},"moTa":{"type":"text","required":false},"anhDanhMuc":{"type":"media","multiple":false,"required":false,"allowedTypes":["images"]},"danhMucCapHai":{"type":"component","component":"danhmuc-baiviet.danh-muc-bai-viet-cap-2","repeatable":true,"required":false},"createdAt":{"type":"datetime"},"updatedAt":{"type":"datetime"},"publishedAt":{"type":"datetime","configurable":false,"writable":true,"visible":false},"createdBy":{"type":"relation","relation":"oneToOne","target":"admin::user","configurable":false,"writable":false,"visible":false,"useJoinTable":false,"private":true},"updatedBy":{"type":"relation","relation":"oneToOne","target":"admin::user","configurable":false,"writable":false,"visible":false,"useJoinTable":false,"private":true},"locale":{"writable":true,"private":true,"configurable":false,"visible":false,"type":"string"},"localizations":{"type":"relation","relation":"oneToMany","target":"api::danh-muc-bai-viet.danh-muc-bai-viet","writable":false,"private":true,"configurable":false,"visible":false,"unstable_virtual":true,"joinColumn":{"name":"document_id","referencedColumn":"document_id","referencedTable":"danh_muc_bai_viets"}}},"apiName":"danh-muc-bai-viet","globalId":"DanhMucBaiViet","uid":"api::danh-muc-bai-viet.danh-muc-bai-viet","modelType":"contentType","__schema__":{"collectionName":"danh_muc_bai_viets","info":{"singularName":"danh-muc-bai-viet","pluralName":"danh-muc-bai-viets","displayName":"Danh mc bi vit sn phm","description":"Danh mc bi vit sn phm cp 1"},"options":{"draftAndPublish":true},"pluginOptions":{},"attributes":{"seo":{"type":"component","component":"shared.seo","repeatable":false,"required":true},"title":{"type":"string","required":true,"unique":false},"slug":{"type":"uid","targetField":"title","required":false},"moTa":{"type":"text","required":false},"anhDanhMuc":{"type":"media","multiple":false,"required":false,"allowedTypes":["images"]},"danhMucCapHai":{"type":"component","component":"danhmuc-baiviet.danh-muc-bai-viet-cap-2","repeatable":true,"required":false}},"kind":"collectionType"},"modelName":"danh-muc-bai-viet","actions":{},"lifecycles":{}},"api::danh-muc-bai-viet-dich-vu.danh-muc-bai-viet-dich-vu":{"kind":"collectionType","collectionName":"danh_muc_bai_viet_dich_vus","info":{"singularName":"danh-muc-bai-viet-dich-vu","pluralName":"danh-muc-bai-viet-dich-vus","displayName":"Danh mc bi vit dch v","description":"Danh mc bi vit dch v cp 1"},"options":{"draftAndPublish":true},"pluginOptions":{},"attributes":{"seo":{"type":"component","component":"shared.seo","repeatable":false,"required":true},"title":{"type":"string","required":true,"unique":false},"slug":{"type":"uid","targetField":"title","required":false},"moTa":{"type":"text","required":false},"anhDanhMuc":{"type":"media","multiple":false,"required":false,"allowedTypes":["images"]},"danhMucCapHai":{"type":"component","component":"danhmuc-baiviet.danh-muc-bai-viet-cap-2","repeatable":true,"required":false},"createdAt":{"type":"datetime"},"updatedAt":{"type":"datetime"},"publishedAt":{"type":"datetime","configurable":false,"writable":true,"visible":false},"createdBy":{"type":"relation","relation":"oneToOne","target":"admin::user","configurable":false,"writable":false,"visible":false,"useJoinTable":false,"private":true},"updatedBy":{"type":"relation","relation":"oneToOne","target":"admin::user","configurable":false,"writable":false,"visible":false,"useJoinTable":false,"private":true},"locale":{"writable":true,"private":true,"configurable":false,"visible":false,"type":"string"},"localizations":{"type":"relation","relation":"oneToMany","target":"api::danh-muc-bai-viet-dich-vu.danh-muc-bai-viet-dich-vu","writable":false,"private":true,"configurable":false,"visible":false,"unstable_virtual":true,"joinColumn":{"name":"document_id","referencedColumn":"document_id","referencedTable":"danh_muc_bai_viet_dich_vus"}}},"apiName":"danh-muc-bai-viet-dich-vu","globalId":"DanhMucBaiVietDichVu","uid":"api::danh-muc-bai-viet-dich-vu.danh-muc-bai-viet-dich-vu","modelType":"contentType","__schema__":{"collectionName":"danh_muc_bai_viet_dich_vus","info":{"singularName":"danh-muc-bai-viet-dich-vu","pluralName":"danh-muc-bai-viet-dich-vus","displayName":"Danh mc bi vit dch v","description":"Danh mc bi vit dch v cp 1"},"options":{"draftAndPublish":true},"pluginOptions":{},"attributes":{"seo":{"type":"component","component":"shared.seo","repeatable":false,"required":true},"title":{"type":"string","required":true,"unique":false},"slug":{"type":"uid","targetField":"title","required":false},"moTa":{"type":"text","required":false},"anhDanhMuc":{"type":"media","multiple":false,"required":false,"allowedTypes":["images"]},"danhMucCapHai":{"type":"component","component":"danhmuc-baiviet.danh-muc-bai-viet-cap-2","repeatable":true,"required":false}},"kind":"collectionType"},"modelName":"danh-muc-bai-viet-dich-vu","actions":{},"lifecycles":{}},"api::danh-muc-san-pham.danh-muc-san-pham":{"kind":"collectionType","collectionName":"danh_muc_san_phams","info":{"singularName":"danh-muc-san-pham","pluralName":"danh-muc-san-phams","displayName":"Danh mc sn phm","description":"Danh mc sn phm cp 1"},"options":{"draftAndPublish":true},"pluginOptions":{},"attributes":{"seo":{"type":"component","component":"shared.seo","repeatable":false,"required":true},"title":{"type":"string","required":true,"unique":false},"slug":{"type":"uid","targetField":"title","required":false},"moTa":{"type":"text","required":false},"anhDanhMuc":{"type":"media","multiple":false,"required":false,"allowedTypes":["images"]},"danhMucCapHai":{"type":"component","component":"danhmuc.danh-muc-cap-2","repeatable":true},"createdAt":{"type":"datetime"},"updatedAt":{"type":"datetime"},"publishedAt":{"type":"datetime","configurable":false,"writable":true,"visible":false},"createdBy":{"type":"relation","relation":"oneToOne","target":"admin::user","configurable":false,"writable":false,"visible":false,"useJoinTable":false,"private":true},"updatedBy":{"type":"relation","relation":"oneToOne","target":"admin::user","configurable":false,"writable":false,"visible":false,"useJoinTable":false,"private":true},"locale":{"writable":true,"private":true,"configurable":false,"visible":false,"type":"string"},"localizations":{"type":"relation","relation":"oneToMany","target":"api::danh-muc-san-pham.danh-muc-san-pham","writable":false,"private":true,"configurable":false,"visible":false,"unstable_virtual":true,"joinColumn":{"name":"document_id","referencedColumn":"document_id","referencedTable":"danh_muc_san_phams"}}},"apiName":"danh-muc-san-pham","globalId":"DanhMucSanPham","uid":"api::danh-muc-san-pham.danh-muc-san-pham","modelType":"contentType","__schema__":{"collectionName":"danh_muc_san_phams","info":{"singularName":"danh-muc-san-pham","pluralName":"danh-muc-san-phams","displayName":"Danh mc sn phm","description":"Danh mc sn phm cp 1"},"options":{"draftAndPublish":true},"pluginOptions":{},"attributes":{"seo":{"type":"component","component":"shared.seo","repeatable":false,"required":true},"title":{"type":"string","required":true,"unique":false},"slug":{"type":"uid","targetField":"title","required":false},"moTa":{"type":"text","required":false},"anhDanhMuc":{"type":"media","multiple":false,"required":false,"allowedTypes":["images"]},"danhMucCapHai":{"type":"component","component":"danhmuc.danh-muc-cap-2","repeatable":true}},"kind":"collectionType"},"modelName":"danh-muc-san-pham","actions":{},"lifecycles":{}},"api::don-hang.don-hang":{"kind":"collectionType","collectionName":"don_hangs","info":{"singularName":"don-hang","pluralName":"don-hangs","displayName":"n hng","description":"Collection type  qun l n hng"},"options":{"draftAndPublish":false},"pluginOptions":{},"attributes":{"maDonHang":{"type":"string","required":true,"unique":true},"thongTinKhachHang":{"type":"component","component":"shared.customer-info","repeatable":false,"required":true},"sanPhams":{"type":"component","component":"shared.order-item","repeatable":true,"required":true,"min":1},"tamTinh":{"type":"decimal","required":true,"min":0},"phiVanChuyen":{"type":"decimal","required":true,"min":0,"default":0},"tongCong":{"type":"decimal","required":true,"min":0},"phuongThucThanhToan":{"type":"component","component":"shared.payment-method","repeatable":false,"required":true},"trangThai":{"type":"enumeration","enum":["cho_xac_nhan","da_xac_nhan","dang_giao_hang","da_giao_hang","da_huy"],"default":"cho_xac_nhan","required":true},"ghiChuAdmin":{"type":"text","required":false},"createdAt":{"type":"datetime"},"updatedAt":{"type":"datetime"},"publishedAt":{"type":"datetime","configurable":false,"writable":true,"visible":false},"createdBy":{"type":"relation","relation":"oneToOne","target":"admin::user","configurable":false,"writable":false,"visible":false,"useJoinTable":false,"private":true},"updatedBy":{"type":"relation","relation":"oneToOne","target":"admin::user","configurable":false,"writable":false,"visible":false,"useJoinTable":false,"private":true},"locale":{"writable":true,"private":true,"configurable":false,"visible":false,"type":"string"},"localizations":{"type":"relation","relation":"oneToMany","target":"api::don-hang.don-hang","writable":false,"private":true,"configurable":false,"visible":false,"unstable_virtual":true,"joinColumn":{"name":"document_id","referencedColumn":"document_id","referencedTable":"don_hangs"}}},"apiName":"don-hang","globalId":"DonHang","uid":"api::don-hang.don-hang","modelType":"contentType","__schema__":{"collectionName":"don_hangs","info":{"singularName":"don-hang","pluralName":"don-hangs","displayName":"n hng","description":"Collection type  qun l n hng"},"options":{"draftAndPublish":false},"pluginOptions":{},"attributes":{"maDonHang":{"type":"string","required":true,"unique":true},"thongTinKhachHang":{"type":"component","component":"shared.customer-info","repeatable":false,"required":true},"sanPhams":{"type":"component","component":"shared.order-item","repeatable":true,"required":true,"min":1},"tamTinh":{"type":"decimal","required":true,"min":0},"phiVanChuyen":{"type":"decimal","required":true,"min":0,"default":0},"tongCong":{"type":"decimal","required":true,"min":0},"phuongThucThanhToan":{"type":"component","component":"shared.payment-method","repeatable":false,"required":true},"trangThai":{"type":"enumeration","enum":["cho_xac_nhan","da_xac_nhan","dang_giao_hang","da_giao_hang","da_huy"],"default":"cho_xac_nhan","required":true},"ghiChuAdmin":{"type":"text","required":false}},"kind":"collectionType"},"modelName":"don-hang","actions":{},"lifecycles":{}},"api::footer.footer":{"kind":"singleType","collectionName":"footers","info":{"singularName":"footer","pluralName":"footers","displayName":"Footer","description":"Single type  qun l thng tin footer"},"options":{"draftAndPublish":false},"pluginOptions":{},"attributes":{"companyName":{"type":"string","default":"Auto Tuan Linh","required":false},"companyDescription":{"type":"text","required":false},"socialMedias":{"type":"component","component":"shared.social-media","repeatable":true,"required":false},"columns":{"type":"component","component":"shared.footer-column","repeatable":true,"required":false},"copyright":{"type":"string","default":" 2025 Auto Tuan Linh. Tt c quyn c bo lu.","required":false},"privacyPolicyUrl":{"type":"string","required":false},"termsOfUseUrl":{"type":"string","required":false},"createdAt":{"type":"datetime"},"updatedAt":{"type":"datetime"},"publishedAt":{"type":"datetime","configurable":false,"writable":true,"visible":false},"createdBy":{"type":"relation","relation":"oneToOne","target":"admin::user","configurable":false,"writable":false,"visible":false,"useJoinTable":false,"private":true},"updatedBy":{"type":"relation","relation":"oneToOne","target":"admin::user","configurable":false,"writable":false,"visible":false,"useJoinTable":false,"private":true},"locale":{"writable":true,"private":true,"configurable":false,"visible":false,"type":"string"},"localizations":{"type":"relation","relation":"oneToMany","target":"api::footer.footer","writable":false,"private":true,"configurable":false,"visible":false,"unstable_virtual":true,"joinColumn":{"name":"document_id","referencedColumn":"document_id","referencedTable":"footers"}}},"apiName":"footer","globalId":"Footer","uid":"api::footer.footer","modelType":"contentType","__schema__":{"collectionName":"footers","info":{"singularName":"footer","pluralName":"footers","displayName":"Footer","description":"Single type  qun l thng tin footer"},"options":{"draftAndPublish":false},"pluginOptions":{},"attributes":{"companyName":{"type":"string","default":"Auto Tuan Linh","required":false},"companyDescription":{"type":"text","required":false},"socialMedias":{"type":"component","component":"shared.social-media","repeatable":true,"required":false},"columns":{"type":"component","component":"shared.footer-column","repeatable":true,"required":false},"copyright":{"type":"string","default":" 2025 Auto Tuan Linh. Tt c quyn c bo lu.","required":false},"privacyPolicyUrl":{"type":"string","required":false},"termsOfUseUrl":{"type":"string","required":false}},"kind":"singleType"},"modelName":"footer","actions":{},"lifecycles":{}},"api::footer-contact.footer-contact":{"kind":"singleType","collectionName":"footer_contacts","info":{"singularName":"footer-contact","pluralName":"footer-contacts","displayName":"Footer Contact","description":"Single type  qun l thng tin lin h hin th  footer"},"options":{"draftAndPublish":false},"pluginOptions":{},"attributes":{"contactInfoItems":{"type":"component","component":"shared.contact-info-item","repeatable":true,"required":false},"createdAt":{"type":"datetime"},"updatedAt":{"type":"datetime"},"publishedAt":{"type":"datetime","configurable":false,"writable":true,"visible":false},"createdBy":{"type":"relation","relation":"oneToOne","target":"admin::user","configurable":false,"writable":false,"visible":false,"useJoinTable":false,"private":true},"updatedBy":{"type":"relation","relation":"oneToOne","target":"admin::user","configurable":false,"writable":false,"visible":false,"useJoinTable":false,"private":true},"locale":{"writable":true,"private":true,"configurable":false,"visible":false,"type":"string"},"localizations":{"type":"relation","relation":"oneToMany","target":"api::footer-contact.footer-contact","writable":false,"private":true,"configurable":false,"visible":false,"unstable_virtual":true,"joinColumn":{"name":"document_id","referencedColumn":"document_id","referencedTable":"footer_contacts"}}},"apiName":"footer-contact","globalId":"FooterContact","uid":"api::footer-contact.footer-contact","modelType":"contentType","__schema__":{"collectionName":"footer_contacts","info":{"singularName":"footer-contact","pluralName":"footer-contacts","displayName":"Footer Contact","description":"Single type  qun l thng tin lin h hin th  footer"},"options":{"draftAndPublish":false},"pluginOptions":{},"attributes":{"contactInfoItems":{"type":"component","component":"shared.contact-info-item","repeatable":true,"required":false}},"kind":"singleType"},"modelName":"footer-contact","actions":{},"lifecycles":{}},"api::home.home":{"kind":"singleType","collectionName":"homes","info":{"singularName":"home","pluralName":"homes","displayName":"Home"},"options":{"draftAndPublish":false},"pluginOptions":{"i18n":{"localized":true}},"attributes":{"seo":{"type":"component","pluginOptions":{"i18n":{"localized":true}},"component":"shared.seo","repeatable":false,"required":true},"heroSlider":{"type":"component","pluginOptions":{"i18n":{"localized":true}},"component":"home.hero-slider","repeatable":true,"required":false},"featureCards":{"type":"component","pluginOptions":{"i18n":{"localized":true}},"component":"home.feature-card","repeatable":true,"required":false},"whyChooseUs":{"type":"component","pluginOptions":{"i18n":{"localized":true}},"component":"home.why-choose-us","repeatable":false,"required":false},"statsSection":{"type":"component","pluginOptions":{"i18n":{"localized":true}},"component":"home.stats-section","repeatable":false,"required":false},"gallerySection":{"type":"component","pluginOptions":{"i18n":{"localized":true}},"component":"home.gallery-section","repeatable":false,"required":false},"partnerBrandsSection":{"type":"component","pluginOptions":{"i18n":{"localized":true}},"component":"home.partner-brands-section","repeatable":false,"required":false},"processSection":{"type":"component","pluginOptions":{"i18n":{"localized":true}},"component":"home.process-section","repeatable":false,"required":false},"faqSection":{"type":"component","pluginOptions":{"i18n":{"localized":true}},"component":"home.faq-section","repeatable":false,"required":false},"testimonialsSection":{"type":"component","pluginOptions":{"i18n":{"localized":true}},"component":"home.testimonials-section","repeatable":false,"required":false},"contactSection":{"type":"component","pluginOptions":{"i18n":{"localized":true}},"component":"home.contact-section","repeatable":false,"required":false},"professionalServicesSection":{"type":"component","pluginOptions":{"i18n":{"localized":true}},"component":"home.professional-services-section","repeatable":false,"required":false},"featuredProductsSection":{"type":"component","pluginOptions":{"i18n":{"localized":true}},"component":"home.featured-products-section","repeatable":false,"required":false},"specialPromotionsSection":{"type":"component","pluginOptions":{"i18n":{"localized":true}},"component":"home.special-promotions-section","repeatable":false,"required":false},"ctaSection":{"type":"component","pluginOptions":{"i18n":{"localized":true}},"component":"home.cta-section","repeatable":false,"required":false},"latestNewsSection":{"type":"component","pluginOptions":{"i18n":{"localized":true}},"component":"home.latest-news-section","repeatable":false,"required":false},"productCategoriesSection":{"type":"component","pluginOptions":{"i18n":{"localized":true}},"component":"home.product-categories-section","repeatable":false,"required":false},"newsletterSection":{"type":"component","pluginOptions":{"i18n":{"localized":true}},"component":"home.newsletter-section","repeatable":false,"required":false},"createdAt":{"type":"datetime"},"updatedAt":{"type":"datetime"},"publishedAt":{"type":"datetime","configurable":false,"writable":true,"visible":false},"createdBy":{"type":"relation","relation":"oneToOne","target":"admin::user","configurable":false,"writable":false,"visible":false,"useJoinTable":false,"private":true},"updatedBy":{"type":"relation","relation":"oneToOne","target":"admin::user","configurable":false,"writable":false,"visible":false,"useJoinTable":false,"private":true},"locale":{"writable":true,"private":false,"configurable":false,"visible":false,"type":"string"},"localizations":{"type":"relation","relation":"oneToMany","target":"api::home.home","writable":false,"private":false,"configurable":false,"visible":false,"unstable_virtual":true,"joinColumn":{"name":"document_id","referencedColumn":"document_id","referencedTable":"homes"}}},"apiName":"home","globalId":"Home","uid":"api::home.home","modelType":"contentType","__schema__":{"collectionName":"homes","info":{"singularName":"home","pluralName":"homes","displayName":"Home"},"options":{"draftAndPublish":false},"pluginOptions":{"i18n":{"localized":true}},"attributes":{"seo":{"type":"component","pluginOptions":{"i18n":{"localized":true}},"component":"shared.seo","repeatable":false,"required":true},"heroSlider":{"type":"component","pluginOptions":{"i18n":{"localized":true}},"component":"home.hero-slider","repeatable":true,"required":false},"featureCards":{"type":"component","pluginOptions":{"i18n":{"localized":true}},"component":"home.feature-card","repeatable":true,"required":false},"whyChooseUs":{"type":"component","pluginOptions":{"i18n":{"localized":true}},"component":"home.why-choose-us","repeatable":false,"required":false},"statsSection":{"type":"component","pluginOptions":{"i18n":{"localized":true}},"component":"home.stats-section","repeatable":false,"required":false},"gallerySection":{"type":"component","pluginOptions":{"i18n":{"localized":true}},"component":"home.gallery-section","repeatable":false,"required":false},"partnerBrandsSection":{"type":"component","pluginOptions":{"i18n":{"localized":true}},"component":"home.partner-brands-section","repeatable":false,"required":false},"processSection":{"type":"component","pluginOptions":{"i18n":{"localized":true}},"component":"home.process-section","repeatable":false,"required":false},"faqSection":{"type":"component","pluginOptions":{"i18n":{"localized":true}},"component":"home.faq-section","repeatable":false,"required":false},"testimonialsSection":{"type":"component","pluginOptions":{"i18n":{"localized":true}},"component":"home.testimonials-section","repeatable":false,"required":false},"contactSection":{"type":"component","pluginOptions":{"i18n":{"localized":true}},"component":"home.contact-section","repeatable":false,"required":false},"professionalServicesSection":{"type":"component","pluginOptions":{"i18n":{"localized":true}},"component":"home.professional-services-section","repeatable":false,"required":false},"featuredProductsSection":{"type":"component","pluginOptions":{"i18n":{"localized":true}},"component":"home.featured-products-section","repeatable":false,"required":false},"specialPromotionsSection":{"type":"component","pluginOptions":{"i18n":{"localized":true}},"component":"home.special-promotions-section","repeatable":false,"required":false},"ctaSection":{"type":"component","pluginOptions":{"i18n":{"localized":true}},"component":"home.cta-section","repeatable":false,"required":false},"latestNewsSection":{"type":"component","pluginOptions":{"i18n":{"localized":true}},"component":"home.latest-news-section","repeatable":false,"required":false},"productCategoriesSection":{"type":"component","pluginOptions":{"i18n":{"localized":true}},"component":"home.product-categories-section","repeatable":false,"required":false},"newsletterSection":{"type":"component","pluginOptions":{"i18n":{"localized":true}},"component":"home.newsletter-section","repeatable":false,"required":false}},"kind":"singleType"},"modelName":"home","actions":{},"lifecycles":{}},"api::newsletter-subscription.newsletter-subscription":{"kind":"collectionType","collectionName":"newsletter_subscriptions","info":{"singularName":"newsletter-subscription","pluralName":"newsletter-subscriptions","displayName":"Newsletter Subscription","description":"Collection type  lu email ng k nhn tin"},"options":{"draftAndPublish":false},"pluginOptions":{},"attributes":{"email":{"type":"email","required":true,"unique":true},"isActive":{"type":"boolean","required":false,"default":true},"subscribedAt":{"type":"datetime","required":false},"unsubscribedAt":{"type":"datetime","required":false},"createdAt":{"type":"datetime"},"updatedAt":{"type":"datetime"},"publishedAt":{"type":"datetime","configurable":false,"writable":true,"visible":false},"createdBy":{"type":"relation","relation":"oneToOne","target":"admin::user","configurable":false,"writable":false,"visible":false,"useJoinTable":false,"private":true},"updatedBy":{"type":"relation","relation":"oneToOne","target":"admin::user","configurable":false,"writable":false,"visible":false,"useJoinTable":false,"private":true},"locale":{"writable":true,"private":true,"configurable":false,"visible":false,"type":"string"},"localizations":{"type":"relation","relation":"oneToMany","target":"api::newsletter-subscription.newsletter-subscription","writable":false,"private":true,"configurable":false,"visible":false,"unstable_virtual":true,"joinColumn":{"name":"document_id","referencedColumn":"document_id","referencedTable":"newsletter_subscriptions"}}},"apiName":"newsletter-subscription","globalId":"NewsletterSubscription","uid":"api::newsletter-subscription.newsletter-subscription","modelType":"contentType","__schema__":{"collectionName":"newsletter_subscriptions","info":{"singularName":"newsletter-subscription","pluralName":"newsletter-subscriptions","displayName":"Newsletter Subscription","description":"Collection type  lu email ng k nhn tin"},"options":{"draftAndPublish":false},"pluginOptions":{},"attributes":{"email":{"type":"email","required":true,"unique":true},"isActive":{"type":"boolean","required":false,"default":true},"subscribedAt":{"type":"datetime","required":false},"unsubscribedAt":{"type":"datetime","required":false}},"kind":"collectionType"},"modelName":"newsletter-subscription","actions":{},"lifecycles":{}},"api::san-pham.san-pham":{"kind":"collectionType","collectionName":"san_phams","info":{"singularName":"san-pham","pluralName":"san-phams","displayName":"Sn phm","description":"Collection type  qun l sn phm"},"options":{"draftAndPublish":true},"pluginOptions":{},"attributes":{"seo":{"type":"component","repeatable":false,"component":"shared.seo","required":true},"title":{"type":"string","required":true,"unique":false},"slug":{"type":"uid","targetField":"title","required":false},"moTaNgan":{"type":"text","required":false},"anhSanPham":{"type":"media","multiple":true,"required":false,"allowedTypes":["images"]},"giaGoc":{"type":"decimal","required":false,"min":0},"giaBan":{"type":"decimal","required":false,"min":0},"moTaChiTiet":{"type":"richtext","required":false},"thongSo":{"type":"component","repeatable":true,"component":"shared.specification","required":false},"badges":{"type":"enumeration","enum":["Bn chy","Hot","Mi"],"required":false},"giamGia":{"type":"integer","required":false,"min":0,"max":100},"reviews":{"type":"component","component":"shared.product-review","repeatable":true,"required":false},"rating":{"type":"decimal","required":false,"min":0,"max":5},"reviewCount":{"type":"integer","required":false,"min":0},"createdAt":{"type":"datetime"},"updatedAt":{"type":"datetime"},"publishedAt":{"type":"datetime","configurable":false,"writable":true,"visible":false},"createdBy":{"type":"relation","relation":"oneToOne","target":"admin::user","configurable":false,"writable":false,"visible":false,"useJoinTable":false,"private":true},"updatedBy":{"type":"relation","relation":"oneToOne","target":"admin::user","configurable":false,"writable":false,"visible":false,"useJoinTable":false,"private":true},"locale":{"writable":true,"private":true,"configurable":false,"visible":false,"type":"string"},"localizations":{"type":"relation","relation":"oneToMany","target":"api::san-pham.san-pham","writable":false,"private":true,"configurable":false,"visible":false,"unstable_virtual":true,"joinColumn":{"name":"document_id","referencedColumn":"document_id","referencedTable":"san_phams"}}},"apiName":"san-pham","globalId":"SanPham","uid":"api::san-pham.san-pham","modelType":"contentType","__schema__":{"collectionName":"san_phams","info":{"singularName":"san-pham","pluralName":"san-phams","displayName":"Sn phm","description":"Collection type  qun l sn phm"},"options":{"draftAndPublish":true},"pluginOptions":{},"attributes":{"seo":{"type":"component","repeatable":false,"component":"shared.seo","required":true},"title":{"type":"string","required":true,"unique":false},"slug":{"type":"uid","targetField":"title","required":false},"moTaNgan":{"type":"text","required":false},"anhSanPham":{"type":"media","multiple":true,"required":false,"allowedTypes":["images"]},"giaGoc":{"type":"decimal","required":false,"min":0},"giaBan":{"type":"decimal","required":false,"min":0},"moTaChiTiet":{"type":"richtext","required":false},"thongSo":{"type":"component","repeatable":true,"component":"shared.specification","required":false},"badges":{"type":"enumeration","enum":["Bn chy","Hot","Mi"],"required":false},"giamGia":{"type":"integer","required":false,"min":0,"max":100},"reviews":{"type":"component","component":"shared.product-review","repeatable":true,"required":false},"rating":{"type":"decimal","required":false,"min":0,"max":5},"reviewCount":{"type":"integer","required":false,"min":0}},"kind":"collectionType"},"modelName":"san-pham","actions":{},"lifecycles":{}},"api::topic-blog.topic-blog":{"kind":"collectionType","collectionName":"topic_blogs","info":{"singularName":"topic-blog","pluralName":"topic-blogs","displayName":"Topic Blog","description":"Collection type  qun l cc topic/ch  cho blog"},"options":{"draftAndPublish":true},"pluginOptions":{},"attributes":{"name":{"type":"string","required":true,"unique":false},"createdAt":{"type":"datetime"},"updatedAt":{"type":"datetime"},"publishedAt":{"type":"datetime","configurable":false,"writable":true,"visible":false},"createdBy":{"type":"relation","relation":"oneToOne","target":"admin::user","configurable":false,"writable":false,"visible":false,"useJoinTable":false,"private":true},"updatedBy":{"type":"relation","relation":"oneToOne","target":"admin::user","configurable":false,"writable":false,"visible":false,"useJoinTable":false,"private":true},"locale":{"writable":true,"private":true,"configurable":false,"visible":false,"type":"string"},"localizations":{"type":"relation","relation":"oneToMany","target":"api::topic-blog.topic-blog","writable":false,"private":true,"configurable":false,"visible":false,"unstable_virtual":true,"joinColumn":{"name":"document_id","referencedColumn":"document_id","referencedTable":"topic_blogs"}}},"apiName":"topic-blog","globalId":"TopicBlog","uid":"api::topic-blog.topic-blog","modelType":"contentType","__schema__":{"collectionName":"topic_blogs","info":{"singularName":"topic-blog","pluralName":"topic-blogs","displayName":"Topic Blog","description":"Collection type  qun l cc topic/ch  cho blog"},"options":{"draftAndPublish":true},"pluginOptions":{},"attributes":{"name":{"type":"string","required":true,"unique":false}},"kind":"collectionType"},"modelName":"topic-blog","actions":{},"lifecycles":{}},"api::ve-chung-toi.ve-chung-toi":{"kind":"singleType","collectionName":"ve_chung_tois","info":{"singularName":"ve-chung-toi","pluralName":"ve-chung-tois","displayName":"V chng ti","description":"Single type  qun l trang v chng ti"},"options":{"draftAndPublish":false},"pluginOptions":{},"attributes":{"seo":{"type":"component","component":"shared.seo","repeatable":false,"required":true},"heroSection":{"type":"component","component":"home.hero-slider","repeatable":false,"required":false},"introductionSection":{"type":"component","component":"about.introduction-section","repeatable":false,"required":false},"achievementsSection":{"type":"component","component":"home.stats-section","repeatable":false,"required":false},"coreValuesSection":{"type":"component","component":"about.core-values-section","repeatable":false,"required":false},"historyTimelineSection":{"type":"component","component":"about.history-timeline-section","repeatable":false,"required":false},"commitmentsSection":{"type":"component","component":"about.commitments-section","repeatable":false,"required":false},"partnersSection":{"type":"component","component":"home.partner-brands-section","repeatable":false,"required":false},"certificationsSection":{"type":"component","component":"about.certifications-section","repeatable":false,"required":false},"showroomSection":{"type":"component","component":"about.showroom-section","repeatable":false,"required":false},"workshopSection":{"type":"component","component":"about.workshop-section","repeatable":false,"required":false},"storeLocationsSection":{"type":"component","component":"about.store-locations-section","repeatable":false,"required":false},"processSection":{"type":"component","component":"home.process-section","repeatable":false,"required":false},"beforeAfterSection":{"type":"component","component":"about.before-after-section","repeatable":false,"required":false},"teamSection":{"type":"component","component":"about.team-section","repeatable":false,"required":false},"testimonialsSection":{"type":"component","component":"home.testimonials-section","repeatable":false,"required":false},"ctaSection":{"type":"component","component":"about.cta-section","repeatable":false,"required":false},"createdAt":{"type":"datetime"},"updatedAt":{"type":"datetime"},"publishedAt":{"type":"datetime","configurable":false,"writable":true,"visible":false},"createdBy":{"type":"relation","relation":"oneToOne","target":"admin::user","configurable":false,"writable":false,"visible":false,"useJoinTable":false,"private":true},"updatedBy":{"type":"relation","relation":"oneToOne","target":"admin::user","configurable":false,"writable":false,"visible":false,"useJoinTable":false,"private":true},"locale":{"writable":true,"private":true,"configurable":false,"visible":false,"type":"string"},"localizations":{"type":"relation","relation":"oneToMany","target":"api::ve-chung-toi.ve-chung-toi","writable":false,"private":true,"configurable":false,"visible":false,"unstable_virtual":true,"joinColumn":{"name":"document_id","referencedColumn":"document_id","referencedTable":"ve_chung_tois"}}},"apiName":"ve-chung-toi","globalId":"VeChungToi","uid":"api::ve-chung-toi.ve-chung-toi","modelType":"contentType","__schema__":{"collectionName":"ve_chung_tois","info":{"singularName":"ve-chung-toi","pluralName":"ve-chung-tois","displayName":"V chng ti","description":"Single type  qun l trang v chng ti"},"options":{"draftAndPublish":false},"pluginOptions":{},"attributes":{"seo":{"type":"component","component":"shared.seo","repeatable":false,"required":true},"heroSection":{"type":"component","component":"home.hero-slider","repeatable":false,"required":false},"introductionSection":{"type":"component","component":"about.introduction-section","repeatable":false,"required":false},"achievementsSection":{"type":"component","component":"home.stats-section","repeatable":false,"required":false},"coreValuesSection":{"type":"component","component":"about.core-values-section","repeatable":false,"required":false},"historyTimelineSection":{"type":"component","component":"about.history-timeline-section","repeatable":false,"required":false},"commitmentsSection":{"type":"component","component":"about.commitments-section","repeatable":false,"required":false},"partnersSection":{"type":"component","component":"home.partner-brands-section","repeatable":false,"required":false},"certificationsSection":{"type":"component","component":"about.certifications-section","repeatable":false,"required":false},"showroomSection":{"type":"component","component":"about.showroom-section","repeatable":false,"required":false},"workshopSection":{"type":"component","component":"about.workshop-section","repeatable":false,"required":false},"storeLocationsSection":{"type":"component","component":"about.store-locations-section","repeatable":false,"required":false},"processSection":{"type":"component","component":"home.process-section","repeatable":false,"required":false},"beforeAfterSection":{"type":"component","component":"about.before-after-section","repeatable":false,"required":false},"teamSection":{"type":"component","component":"about.team-section","repeatable":false,"required":false},"testimonialsSection":{"type":"component","component":"home.testimonials-section","repeatable":false,"required":false},"ctaSection":{"type":"component","component":"about.cta-section","repeatable":false,"required":false}},"kind":"singleType"},"modelName":"ve-chung-toi","actions":{},"lifecycles":{}},"admin::permission":{"collectionName":"admin_permissions","info":{"name":"Permission","description":"","singularName":"permission","pluralName":"permissions","displayName":"Permission"},"options":{"draftAndPublish":false},"pluginOptions":{"content-manager":{"visible":false},"content-type-builder":{"visible":false}},"attributes":{"action":{"type":"string","minLength":1,"configurable":false,"required":true},"actionParameters":{"type":"json","configurable":false,"required":false,"default":{}},"subject":{"type":"string","minLength":1,"configurable":false,"required":false},"properties":{"type":"json","configurable":false,"required":false,"default":{}},"conditions":{"type":"json","configurable":false,"required":false,"default":[]},"role":{"configurable":false,"type":"relation","relation":"manyToOne","inversedBy":"permissions","target":"admin::role"},"createdAt":{"type":"datetime"},"updatedAt":{"type":"datetime"},"publishedAt":{"type":"datetime","configurable":false,"writable":true,"visible":false},"createdBy":{"type":"relation","relation":"oneToOne","target":"admin::user","configurable":false,"writable":false,"visible":false,"useJoinTable":false,"private":true},"updatedBy":{"type":"relation","relation":"oneToOne","target":"admin::user","configurable":false,"writable":false,"visible":false,"useJoinTable":false,"private":true},"locale":{"writable":true,"private":true,"configurable":false,"visible":false,"type":"string"},"localizations":{"type":"relation","relation":"oneToMany","target":"admin::permission","writable":false,"private":true,"configurable":false,"visible":false,"unstable_virtual":true,"joinColumn":{"name":"document_id","referencedColumn":"document_id","referencedTable":"admin_permissions"}}},"plugin":"admin","globalId":"AdminPermission","uid":"admin::permission","modelType":"contentType","kind":"collectionType","__schema__":{"collectionName":"admin_permissions","info":{"name":"Permission","description":"","singularName":"permission","pluralName":"permissions","displayName":"Permission"},"options":{},"pluginOptions":{"content-manager":{"visible":false},"content-type-builder":{"visible":false}},"attributes":{"action":{"type":"string","minLength":1,"configurable":false,"required":true},"actionParameters":{"type":"json","configurable":false,"required":false,"default":{}},"subject":{"type":"string","minLength":1,"configurable":false,"required":false},"properties":{"type":"json","configurable":false,"required":false,"default":{}},"conditions":{"type":"json","configurable":false,"required":false,"default":[]},"role":{"configurable":false,"type":"relation","relation":"manyToOne","inversedBy":"permissions","target":"admin::role"}},"kind":"collectionType"},"modelName":"permission"},"admin::user":{"collectionName":"admin_users","info":{"name":"User","description":"","singularName":"user","pluralName":"users","displayName":"User"},"pluginOptions":{"content-manager":{"visible":false},"content-type-builder":{"visible":false}},"attributes":{"firstname":{"type":"string","unique":false,"minLength":1,"configurable":false,"required":false},"lastname":{"type":"string","unique":false,"minLength":1,"configurable":false,"required":false},"username":{"type":"string","unique":false,"configurable":false,"required":false},"email":{"type":"email","minLength":6,"configurable":false,"required":true,"unique":true,"private":true},"password":{"type":"password","minLength":6,"configurable":false,"required":false,"private":true,"searchable":false},"resetPasswordToken":{"type":"string","configurable":false,"private":true,"searchable":false},"registrationToken":{"type":"string","configurable":false,"private":true,"searchable":false},"isActive":{"type":"boolean","default":false,"configurable":false,"private":true},"roles":{"configurable":false,"private":true,"type":"relation","relation":"manyToMany","inversedBy":"users","target":"admin::role","collectionName":"strapi_users_roles"},"blocked":{"type":"boolean","default":false,"configurable":false,"private":true},"preferedLanguage":{"type":"string","configurable":false,"required":false,"searchable":false},"createdAt":{"type":"datetime"},"updatedAt":{"type":"datetime"},"publishedAt":{"type":"datetime","configurable":false,"writable":true,"visible":false},"createdBy":{"type":"relation","relation":"oneToOne","target":"admin::user","configurable":false,"writable":false,"visible":false,"useJoinTable":false,"private":true},"updatedBy":{"type":"relation","relation":"oneToOne","target":"admin::user","configurable":false,"writable":false,"visible":false,"useJoinTable":false,"private":true},"locale":{"writable":true,"private":true,"configurable":false,"visible":false,"type":"string"},"localizations":{"type":"relation","relation":"oneToMany","target":"admin::user","writable":false,"private":true,"configurable":false,"visible":false,"unstable_virtual":true,"joinColumn":{"name":"document_id","referencedColumn":"document_id","referencedTable":"admin_users"}}},"config":{"attributes":{"resetPasswordToken":{"hidden":true},"registrationToken":{"hidden":true}}},"plugin":"admin","globalId":"AdminUser","uid":"admin::user","modelType":"contentType","kind":"collectionType","__schema__":{"collectionName":"admin_users","info":{"name":"User","description":"","singularName":"user","pluralName":"users","displayName":"User"},"pluginOptions":{"content-manager":{"visible":false},"content-type-builder":{"visible":false}},"attributes":{"firstname":{"type":"string","unique":false,"minLength":1,"configurable":false,"required":false},"lastname":{"type":"string","unique":false,"minLength":1,"configurable":false,"required":false},"username":{"type":"string","unique":false,"configurable":false,"required":false},"email":{"type":"email","minLength":6,"configurable":false,"required":true,"unique":true,"private":true},"password":{"type":"password","minLength":6,"configurable":false,"required":false,"private":true,"searchable":false},"resetPasswordToken":{"type":"string","configurable":false,"private":true,"searchable":false},"registrationToken":{"type":"string","configurable":false,"private":true,"searchable":false},"isActive":{"type":"boolean","default":false,"configurable":false,"private":true},"roles":{"configurable":false,"private":true,"type":"relation","relation":"manyToMany","inversedBy":"users","target":"admin::role","collectionName":"strapi_users_roles"},"blocked":{"type":"boolean","default":false,"configurable":false,"private":true},"preferedLanguage":{"type":"string","configurable":false,"required":false,"searchable":false}},"kind":"collectionType"},"modelName":"user","options":{"draftAndPublish":false}},"admin::role":{"collectionName":"admin_roles","info":{"name":"Role","description":"","singularName":"role","pluralName":"roles","displayName":"Role"},"options":{"draftAndPublish":false},"pluginOptions":{"content-manager":{"visible":false},"content-type-builder":{"visible":false}},"attributes":{"name":{"type":"string","minLength":1,"unique":true,"configurable":false,"required":true},"code":{"type":"string","minLength":1,"unique":true,"configurable":false,"required":true},"description":{"type":"string","configurable":false},"users":{"configurable":false,"type":"relation","relation":"manyToMany","mappedBy":"roles","target":"admin::user"},"permissions":{"configurable":false,"type":"relation","relation":"oneToMany","mappedBy":"role","target":"admin::permission"},"createdAt":{"type":"datetime"},"updatedAt":{"type":"datetime"},"publishedAt":{"type":"datetime","configurable":false,"writable":true,"visible":false},"createdBy":{"type":"relation","relation":"oneToOne","target":"admin::user","configurable":false,"writable":false,"visible":false,"useJoinTable":false,"private":true},"updatedBy":{"type":"relation","relation":"oneToOne","target":"admin::user","configurable":false,"writable":false,"visible":false,"useJoinTable":false,"private":true},"locale":{"writable":true,"private":true,"configurable":false,"visible":false,"type":"string"},"localizations":{"type":"relation","relation":"oneToMany","target":"admin::role","writable":false,"private":true,"configurable":false,"visible":false,"unstable_virtual":true,"joinColumn":{"name":"document_id","referencedColumn":"document_id","referencedTable":"admin_roles"}}},"plugin":"admin","globalId":"AdminRole","uid":"admin::role","modelType":"contentType","kind":"collectionType","__schema__":{"collectionName":"admin_roles","info":{"name":"Role","description":"","singularName":"role","pluralName":"roles","displayName":"Role"},"options":{},"pluginOptions":{"content-manager":{"visible":false},"content-type-builder":{"visible":false}},"attributes":{"name":{"type":"string","minLength":1,"unique":true,"configurable":false,"required":true},"code":{"type":"string","minLength":1,"unique":true,"configurable":false,"required":true},"description":{"type":"string","configurable":false},"users":{"configurable":false,"type":"relation","relation":"manyToMany","mappedBy":"roles","target":"admin::user"},"permissions":{"configurable":false,"type":"relation","relation":"oneToMany","mappedBy":"role","target":"admin::permission"}},"kind":"collectionType"},"modelName":"role"},"admin::api-token":{"collectionName":"strapi_api_tokens","info":{"name":"Api Token","singularName":"api-token","pluralName":"api-tokens","displayName":"Api Token","description":""},"options":{"draftAndPublish":false},"pluginOptions":{"content-manager":{"visible":false},"content-type-builder":{"visible":false}},"attributes":{"name":{"type":"string","minLength":1,"configurable":false,"required":true,"unique":true},"description":{"type":"string","minLength":1,"configurable":false,"required":false,"default":""},"type":{"type":"enumeration","enum":["read-only","full-access","custom"],"configurable":false,"required":true,"default":"read-only"},"accessKey":{"type":"string","minLength":1,"configurable":false,"required":true,"searchable":false},"encryptedKey":{"type":"text","minLength":1,"configurable":false,"required":false,"searchable":false},"lastUsedAt":{"type":"datetime","configurable":false,"required":false},"permissions":{"type":"relation","target":"admin::api-token-permission","relation":"oneToMany","mappedBy":"token","configurable":false,"required":false},"expiresAt":{"type":"datetime","configurable":false,"required":false},"lifespan":{"type":"biginteger","configurable":false,"required":false},"createdAt":{"type":"datetime"},"updatedAt":{"type":"datetime"},"publishedAt":{"type":"datetime","configurable":false,"writable":true,"visible":false},"createdBy":{"type":"relation","relation":"oneToOne","target":"admin::user","configurable":false,"writable":false,"visible":false,"useJoinTable":false,"private":true},"updatedBy":{"type":"relation","relation":"oneToOne","target":"admin::user","configurable":false,"writable":false,"visible":false,"useJoinTable":false,"private":true},"locale":{"writable":true,"private":true,"configurable":false,"visible":false,"type":"string"},"localizations":{"type":"relation","relation":"oneToMany","target":"admin::api-token","writable":false,"private":true,"configurable":false,"visible":false,"unstable_virtual":true,"joinColumn":{"name":"document_id","referencedColumn":"document_id","referencedTable":"strapi_api_tokens"}}},"plugin":"admin","globalId":"AdminApiToken","uid":"admin::api-token","modelType":"contentType","kind":"collectionType","__schema__":{"collectionName":"strapi_api_tokens","info":{"name":"Api Token","singularName":"api-token","pluralName":"api-tokens","displayName":"Api Token","description":""},"options":{},"pluginOptions":{"content-manager":{"visible":false},"content-type-builder":{"visible":false}},"attributes":{"name":{"type":"string","minLength":1,"configurable":false,"required":true,"unique":true},"description":{"type":"string","minLength":1,"configurable":false,"required":false,"default":""},"type":{"type":"enumeration","enum":["read-only","full-access","custom"],"configurable":false,"required":true,"default":"read-only"},"accessKey":{"type":"string","minLength":1,"configurable":false,"required":true,"searchable":false},"encryptedKey":{"type":"text","minLength":1,"configurable":false,"required":false,"searchable":false},"lastUsedAt":{"type":"datetime","configurable":false,"required":false},"permissions":{"type":"relation","target":"admin::api-token-permission","relation":"oneToMany","mappedBy":"token","configurable":false,"required":false},"expiresAt":{"type":"datetime","configurable":false,"required":false},"lifespan":{"type":"biginteger","configurable":false,"required":false}},"kind":"collectionType"},"modelName":"api-token"},"admin::api-token-permission":{"collectionName":"strapi_api_token_permissions","info":{"name":"API Token Permission","description":"","singularName":"api-token-permission","pluralName":"api-token-permissions","displayName":"API Token Permission"},"options":{"draftAndPublish":false},"pluginOptions":{"content-manager":{"visible":false},"content-type-builder":{"visible":false}},"attributes":{"action":{"type":"string","minLength":1,"configurable":false,"required":true},"token":{"configurable":false,"type":"relation","relation":"manyToOne","inversedBy":"permissions","target":"admin::api-token"},"createdAt":{"type":"datetime"},"updatedAt":{"type":"datetime"},"publishedAt":{"type":"datetime","configurable":false,"writable":true,"visible":false},"createdBy":{"type":"relation","relation":"oneToOne","target":"admin::user","configurable":false,"writable":false,"visible":false,"useJoinTable":false,"private":true},"updatedBy":{"type":"relation","relation":"oneToOne","target":"admin::user","configurable":false,"writable":false,"visible":false,"useJoinTable":false,"private":true},"locale":{"writable":true,"private":true,"configurable":false,"visible":false,"type":"string"},"localizations":{"type":"relation","relation":"oneToMany","target":"admin::api-token-permission","writable":false,"private":true,"configurable":false,"visible":false,"unstable_virtual":true,"joinColumn":{"name":"document_id","referencedColumn":"document_id","referencedTable":"strapi_api_token_permissions"}}},"plugin":"admin","globalId":"AdminApiTokenPermission","uid":"admin::api-token-permission","modelType":"contentType","kind":"collectionType","__schema__":{"collectionName":"strapi_api_token_permissions","info":{"name":"API Token Permission","description":"","singularName":"api-token-permission","pluralName":"api-token-permissions","displayName":"API Token Permission"},"options":{},"pluginOptions":{"content-manager":{"visible":false},"content-type-builder":{"visible":false}},"attributes":{"action":{"type":"string","minLength":1,"configurable":false,"required":true},"token":{"configurable":false,"type":"relation","relation":"manyToOne","inversedBy":"permissions","target":"admin::api-token"}},"kind":"collectionType"},"modelName":"api-token-permission"},"admin::transfer-token":{"collectionName":"strapi_transfer_tokens","info":{"name":"Transfer Token","singularName":"transfer-token","pluralName":"transfer-tokens","displayName":"Transfer Token","description":""},"options":{"draftAndPublish":false},"pluginOptions":{"content-manager":{"visible":false},"content-type-builder":{"visible":false}},"attributes":{"name":{"type":"string","minLength":1,"configurable":false,"required":true,"unique":true},"description":{"type":"string","minLength":1,"configurable":false,"required":false,"default":""},"accessKey":{"type":"string","minLength":1,"configurable":false,"required":true},"lastUsedAt":{"type":"datetime","configurable":false,"required":false},"permissions":{"type":"relation","target":"admin::transfer-token-permission","relation":"oneToMany","mappedBy":"token","configurable":false,"required":false},"expiresAt":{"type":"datetime","configurable":false,"required":false},"lifespan":{"type":"biginteger","configurable":false,"required":false},"createdAt":{"type":"datetime"},"updatedAt":{"type":"datetime"},"publishedAt":{"type":"datetime","configurable":false,"writable":true,"visible":false},"createdBy":{"type":"relation","relation":"oneToOne","target":"admin::user","configurable":false,"writable":false,"visible":false,"useJoinTable":false,"private":true},"updatedBy":{"type":"relation","relation":"oneToOne","target":"admin::user","configurable":false,"writable":false,"visible":false,"useJoinTable":false,"private":true},"locale":{"writable":true,"private":true,"configurable":false,"visible":false,"type":"string"},"localizations":{"type":"relation","relation":"oneToMany","target":"admin::transfer-token","writable":false,"private":true,"configurable":false,"visible":false,"unstable_virtual":true,"joinColumn":{"name":"document_id","referencedColumn":"document_id","referencedTable":"strapi_transfer_tokens"}}},"plugin":"admin","globalId":"AdminTransferToken","uid":"admin::transfer-token","modelType":"contentType","kind":"collectionType","__schema__":{"collectionName":"strapi_transfer_tokens","info":{"name":"Transfer Token","singularName":"transfer-token","pluralName":"transfer-tokens","displayName":"Transfer Token","description":""},"options":{},"pluginOptions":{"content-manager":{"visible":false},"content-type-builder":{"visible":false}},"attributes":{"name":{"type":"string","minLength":1,"configurable":false,"required":true,"unique":true},"description":{"type":"string","minLength":1,"configurable":false,"required":false,"default":""},"accessKey":{"type":"string","minLength":1,"configurable":false,"required":true},"lastUsedAt":{"type":"datetime","configurable":false,"required":false},"permissions":{"type":"relation","target":"admin::transfer-token-permission","relation":"oneToMany","mappedBy":"token","configurable":false,"required":false},"expiresAt":{"type":"datetime","configurable":false,"required":false},"lifespan":{"type":"biginteger","configurable":false,"required":false}},"kind":"collectionType"},"modelName":"transfer-token"},"admin::transfer-token-permission":{"collectionName":"strapi_transfer_token_permissions","info":{"name":"Transfer Token Permission","description":"","singularName":"transfer-token-permission","pluralName":"transfer-token-permissions","displayName":"Transfer Token Permission"},"options":{"draftAndPublish":false},"pluginOptions":{"content-manager":{"visible":false},"content-type-builder":{"visible":false}},"attributes":{"action":{"type":"string","minLength":1,"configurable":false,"required":true},"token":{"configurable":false,"type":"relation","relation":"manyToOne","inversedBy":"permissions","target":"admin::transfer-token"},"createdAt":{"type":"datetime"},"updatedAt":{"type":"datetime"},"publishedAt":{"type":"datetime","configurable":false,"writable":true,"visible":false},"createdBy":{"type":"relation","relation":"oneToOne","target":"admin::user","configurable":false,"writable":false,"visible":false,"useJoinTable":false,"private":true},"updatedBy":{"type":"relation","relation":"oneToOne","target":"admin::user","configurable":false,"writable":false,"visible":false,"useJoinTable":false,"private":true},"locale":{"writable":true,"private":true,"configurable":false,"visible":false,"type":"string"},"localizations":{"type":"relation","relation":"oneToMany","target":"admin::transfer-token-permission","writable":false,"private":true,"configurable":false,"visible":false,"unstable_virtual":true,"joinColumn":{"name":"document_id","referencedColumn":"document_id","referencedTable":"strapi_transfer_token_permissions"}}},"plugin":"admin","globalId":"AdminTransferTokenPermission","uid":"admin::transfer-token-permission","modelType":"contentType","kind":"collectionType","__schema__":{"collectionName":"strapi_transfer_token_permissions","info":{"name":"Transfer Token Permission","description":"","singularName":"transfer-token-permission","pluralName":"transfer-token-permissions","displayName":"Transfer Token Permission"},"options":{},"pluginOptions":{"content-manager":{"visible":false},"content-type-builder":{"visible":false}},"attributes":{"action":{"type":"string","minLength":1,"configurable":false,"required":true},"token":{"configurable":false,"type":"relation","relation":"manyToOne","inversedBy":"permissions","target":"admin::transfer-token"}},"kind":"collectionType"},"modelName":"transfer-token-permission"},"admin::session":{"collectionName":"strapi_sessions","info":{"name":"Session","description":"Session Manager storage","singularName":"session","pluralName":"sessions","displayName":"Session"},"options":{"draftAndPublish":false},"pluginOptions":{"content-manager":{"visible":false},"content-type-builder":{"visible":false},"i18n":{"localized":false}},"attributes":{"userId":{"type":"string","required":true,"configurable":false,"private":true,"searchable":false},"sessionId":{"type":"string","unique":true,"required":true,"configurable":false,"private":true,"searchable":false},"childId":{"type":"string","configurable":false,"private":true,"searchable":false},"deviceId":{"type":"string","required":true,"configurable":false,"private":true,"searchable":false},"origin":{"type":"string","required":true,"configurable":false,"private":true,"searchable":false},"expiresAt":{"type":"datetime","required":true,"configurable":false,"private":true,"searchable":false},"absoluteExpiresAt":{"type":"datetime","configurable":false,"private":true,"searchable":false},"status":{"type":"string","configurable":false,"private":true,"searchable":false},"type":{"type":"string","configurable":false,"private":true,"searchable":false},"createdAt":{"type":"datetime"},"updatedAt":{"type":"datetime"},"publishedAt":{"type":"datetime","configurable":false,"writable":true,"visible":false},"createdBy":{"type":"relation","relation":"oneToOne","target":"admin::user","configurable":false,"writable":false,"visible":false,"useJoinTable":false,"private":true},"updatedBy":{"type":"relation","relation":"oneToOne","target":"admin::user","configurable":false,"writable":false,"visible":false,"useJoinTable":false,"private":true},"locale":{"writable":true,"private":true,"configurable":false,"visible":false,"type":"string"},"localizations":{"type":"relation","relation":"oneToMany","target":"admin::session","writable":false,"private":true,"configurable":false,"visible":false,"unstable_virtual":true,"joinColumn":{"name":"document_id","referencedColumn":"document_id","referencedTable":"strapi_sessions"}}},"plugin":"admin","globalId":"AdminSession","uid":"admin::session","modelType":"contentType","kind":"collectionType","__schema__":{"collectionName":"strapi_sessions","info":{"name":"Session","description":"Session Manager storage","singularName":"session","pluralName":"sessions","displayName":"Session"},"options":{"draftAndPublish":false},"pluginOptions":{"content-manager":{"visible":false},"content-type-builder":{"visible":false},"i18n":{"localized":false}},"attributes":{"userId":{"type":"string","required":true,"configurable":false,"private":true,"searchable":false},"sessionId":{"type":"string","unique":true,"required":true,"configurable":false,"private":true,"searchable":false},"childId":{"type":"string","configurable":false,"private":true,"searchable":false},"deviceId":{"type":"string","required":true,"configurable":false,"private":true,"searchable":false},"origin":{"type":"string","required":true,"configurable":false,"private":true,"searchable":false},"expiresAt":{"type":"datetime","required":true,"configurable":false,"private":true,"searchable":false},"absoluteExpiresAt":{"type":"datetime","configurable":false,"private":true,"searchable":false},"status":{"type":"string","configurable":false,"private":true,"searchable":false},"type":{"type":"string","configurable":false,"private":true,"searchable":false}},"kind":"collectionType"},"modelName":"session"}}	object	\N	\N
13	plugin_content_manager_configuration_content_types::admin::api-token-permission	{"settings":{"bulkable":true,"filterable":true,"searchable":true,"pageSize":10,"mainField":"action","defaultSortBy":"action","defaultSortOrder":"ASC"},"metadatas":{"id":{"edit":{},"list":{"label":"id","searchable":true,"sortable":true}},"action":{"edit":{"label":"action","description":"","placeholder":"","visible":true,"editable":true},"list":{"label":"action","searchable":true,"sortable":true}},"token":{"edit":{"label":"token","description":"","placeholder":"","visible":true,"editable":true,"mainField":"name"},"list":{"label":"token","searchable":true,"sortable":true}},"createdAt":{"edit":{"label":"createdAt","description":"","placeholder":"","visible":false,"editable":true},"list":{"label":"createdAt","searchable":true,"sortable":true}},"updatedAt":{"edit":{"label":"updatedAt","description":"","placeholder":"","visible":false,"editable":true},"list":{"label":"updatedAt","searchable":true,"sortable":true}},"createdBy":{"edit":{"label":"createdBy","description":"","placeholder":"","visible":false,"editable":true,"mainField":"firstname"},"list":{"label":"createdBy","searchable":true,"sortable":true}},"updatedBy":{"edit":{"label":"updatedBy","description":"","placeholder":"","visible":false,"editable":true,"mainField":"firstname"},"list":{"label":"updatedBy","searchable":true,"sortable":true}},"documentId":{"edit":{},"list":{"label":"documentId","searchable":true,"sortable":true}}},"layouts":{"list":["id","action","token","createdAt"],"edit":[[{"name":"action","size":6},{"name":"token","size":6}]]},"uid":"admin::api-token-permission"}	object	\N	\N
18	plugin_content_manager_configuration_content_types::admin::permission	{"settings":{"bulkable":true,"filterable":true,"searchable":true,"pageSize":10,"mainField":"action","defaultSortBy":"action","defaultSortOrder":"ASC"},"metadatas":{"id":{"edit":{},"list":{"label":"id","searchable":true,"sortable":true}},"action":{"edit":{"label":"action","description":"","placeholder":"","visible":true,"editable":true},"list":{"label":"action","searchable":true,"sortable":true}},"actionParameters":{"edit":{"label":"actionParameters","description":"","placeholder":"","visible":true,"editable":true},"list":{"label":"actionParameters","searchable":false,"sortable":false}},"subject":{"edit":{"label":"subject","description":"","placeholder":"","visible":true,"editable":true},"list":{"label":"subject","searchable":true,"sortable":true}},"properties":{"edit":{"label":"properties","description":"","placeholder":"","visible":true,"editable":true},"list":{"label":"properties","searchable":false,"sortable":false}},"conditions":{"edit":{"label":"conditions","description":"","placeholder":"","visible":true,"editable":true},"list":{"label":"conditions","searchable":false,"sortable":false}},"role":{"edit":{"label":"role","description":"","placeholder":"","visible":true,"editable":true,"mainField":"name"},"list":{"label":"role","searchable":true,"sortable":true}},"createdAt":{"edit":{"label":"createdAt","description":"","placeholder":"","visible":false,"editable":true},"list":{"label":"createdAt","searchable":true,"sortable":true}},"updatedAt":{"edit":{"label":"updatedAt","description":"","placeholder":"","visible":false,"editable":true},"list":{"label":"updatedAt","searchable":true,"sortable":true}},"createdBy":{"edit":{"label":"createdBy","description":"","placeholder":"","visible":false,"editable":true,"mainField":"firstname"},"list":{"label":"createdBy","searchable":true,"sortable":true}},"updatedBy":{"edit":{"label":"updatedBy","description":"","placeholder":"","visible":false,"editable":true,"mainField":"firstname"},"list":{"label":"updatedBy","searchable":true,"sortable":true}},"documentId":{"edit":{},"list":{"label":"documentId","searchable":true,"sortable":true}}},"layouts":{"list":["id","action","subject","role"],"edit":[[{"name":"action","size":6}],[{"name":"actionParameters","size":12}],[{"name":"subject","size":6}],[{"name":"properties","size":12}],[{"name":"conditions","size":12}],[{"name":"role","size":6}]]},"uid":"admin::permission"}	object	\N	\N
36	plugin_content_manager_configuration_components::danhmuc.danh-muc-cap-2	{"settings":{"bulkable":true,"filterable":true,"searchable":true,"pageSize":10,"mainField":"documentId","defaultSortBy":"documentId","defaultSortOrder":"ASC"},"metadatas":{"id":{"edit":{},"list":{"label":"id","searchable":false,"sortable":false}},"seo":{"edit":{"label":"seo","description":"","placeholder":"","visible":true,"editable":true},"list":{"label":"seo","searchable":false,"sortable":false}},"title":{"edit":{"label":"title","description":"","placeholder":"","visible":true,"editable":true},"list":{"label":"title","searchable":true,"sortable":true}},"slug":{"edit":{"label":"slug","description":"","placeholder":"","visible":true,"editable":true},"list":{"label":"slug","searchable":true,"sortable":true}},"danhMucCapBa":{"edit":{"label":"danhMucCapBa","description":"","placeholder":"","visible":true,"editable":true},"list":{"label":"danhMucCapBa","searchable":false,"sortable":false}},"documentId":{"edit":{},"list":{"label":"documentId","searchable":true,"sortable":true}}},"layouts":{"list":["id","title","slug","seo"],"edit":[[{"name":"title","size":6}],[{"name":"slug","size":6}],[{"name":"danhMucCapBa","size":12}],[{"name":"seo","size":12}]]},"uid":"danhmuc.danh-muc-cap-2","isComponent":true}	object	\N	\N
42	plugin_content_manager_configuration_content_types::api::danh-muc-bai-viet-dich-vu.danh-muc-bai-viet-dich-vu	{"settings":{"bulkable":true,"filterable":true,"searchable":true,"pageSize":10,"mainField":"title","defaultSortBy":"title","defaultSortOrder":"ASC"},"metadatas":{"id":{"edit":{},"list":{"label":"id","searchable":true,"sortable":true}},"seo":{"edit":{"label":"seo","description":"","placeholder":"","visible":true,"editable":true},"list":{"label":"seo","searchable":false,"sortable":false}},"title":{"edit":{"label":"title","description":"","placeholder":"","visible":true,"editable":true},"list":{"label":"title","searchable":true,"sortable":true}},"slug":{"edit":{"label":"slug","description":"","placeholder":"","visible":true,"editable":true},"list":{"label":"slug","searchable":true,"sortable":true}},"moTa":{"edit":{"label":"moTa","description":"","placeholder":"","visible":true,"editable":true},"list":{"label":"moTa","searchable":true,"sortable":true}},"anhDanhMuc":{"edit":{"label":"anhDanhMuc","description":"","placeholder":"","visible":true,"editable":true},"list":{"label":"anhDanhMuc","searchable":false,"sortable":false}},"danhMucCapHai":{"edit":{"label":"danhMucCapHai","description":"","placeholder":"","visible":true,"editable":true},"list":{"label":"danhMucCapHai","searchable":false,"sortable":false}},"createdAt":{"edit":{"label":"createdAt","description":"","placeholder":"","visible":false,"editable":true},"list":{"label":"createdAt","searchable":true,"sortable":true}},"updatedAt":{"edit":{"label":"updatedAt","description":"","placeholder":"","visible":false,"editable":true},"list":{"label":"updatedAt","searchable":true,"sortable":true}},"createdBy":{"edit":{"label":"createdBy","description":"","placeholder":"","visible":false,"editable":true,"mainField":"firstname"},"list":{"label":"createdBy","searchable":true,"sortable":true}},"updatedBy":{"edit":{"label":"updatedBy","description":"","placeholder":"","visible":false,"editable":true,"mainField":"firstname"},"list":{"label":"updatedBy","searchable":true,"sortable":true}},"documentId":{"edit":{},"list":{"label":"documentId","searchable":true,"sortable":true}}},"layouts":{"list":["id","seo","title","slug"],"edit":[[{"name":"seo","size":12}],[{"name":"title","size":6},{"name":"slug","size":6}],[{"name":"moTa","size":6},{"name":"anhDanhMuc","size":6}],[{"name":"danhMucCapHai","size":12}]]},"uid":"api::danh-muc-bai-viet-dich-vu.danh-muc-bai-viet-dich-vu"}	object	\N	\N
39	plugin_content_manager_configuration_components::danhmuc-baiviet.danh-muc-bai-viet-cap-3	{"settings":{"bulkable":true,"filterable":true,"searchable":true,"pageSize":10,"mainField":"documentId","defaultSortBy":"documentId","defaultSortOrder":"ASC"},"metadatas":{"id":{"edit":{},"list":{"label":"id","searchable":false,"sortable":false}},"seo":{"edit":{"label":"seo","description":"","placeholder":"","visible":true,"editable":true},"list":{"label":"seo","searchable":false,"sortable":false}},"title":{"edit":{"label":"title","description":"","placeholder":"","visible":true,"editable":true},"list":{"label":"title","searchable":true,"sortable":true}},"slug":{"edit":{"label":"slug","description":"","placeholder":"","visible":true,"editable":true},"list":{"label":"slug","searchable":true,"sortable":true}},"baiViets":{"edit":{"label":"baiViets","description":"","placeholder":"","visible":true,"editable":true,"mainField":"title"},"list":{"label":"baiViets","searchable":false,"sortable":false}},"documentId":{"edit":{},"list":{"label":"documentId","searchable":true,"sortable":true}}},"layouts":{"list":["id","seo","title","slug"],"edit":[[{"name":"seo","size":12}],[{"name":"title","size":6},{"name":"slug","size":6}],[{"name":"baiViets","size":6}]]},"uid":"danhmuc-baiviet.danh-muc-bai-viet-cap-3","isComponent":true}	object	\N	\N
14	plugin_content_manager_configuration_content_types::admin::transfer-token-permission	{"settings":{"bulkable":true,"filterable":true,"searchable":true,"pageSize":10,"mainField":"action","defaultSortBy":"action","defaultSortOrder":"ASC"},"metadatas":{"id":{"edit":{},"list":{"label":"id","searchable":true,"sortable":true}},"action":{"edit":{"label":"action","description":"","placeholder":"","visible":true,"editable":true},"list":{"label":"action","searchable":true,"sortable":true}},"token":{"edit":{"label":"token","description":"","placeholder":"","visible":true,"editable":true,"mainField":"name"},"list":{"label":"token","searchable":true,"sortable":true}},"createdAt":{"edit":{"label":"createdAt","description":"","placeholder":"","visible":false,"editable":true},"list":{"label":"createdAt","searchable":true,"sortable":true}},"updatedAt":{"edit":{"label":"updatedAt","description":"","placeholder":"","visible":false,"editable":true},"list":{"label":"updatedAt","searchable":true,"sortable":true}},"createdBy":{"edit":{"label":"createdBy","description":"","placeholder":"","visible":false,"editable":true,"mainField":"firstname"},"list":{"label":"createdBy","searchable":true,"sortable":true}},"updatedBy":{"edit":{"label":"updatedBy","description":"","placeholder":"","visible":false,"editable":true,"mainField":"firstname"},"list":{"label":"updatedBy","searchable":true,"sortable":true}},"documentId":{"edit":{},"list":{"label":"documentId","searchable":true,"sortable":true}}},"layouts":{"list":["id","action","token","createdAt"],"edit":[[{"name":"action","size":6},{"name":"token","size":6}]]},"uid":"admin::transfer-token-permission"}	object	\N	\N
11	plugin_content_manager_configuration_content_types::plugin::users-permissions.user	{"settings":{"bulkable":true,"filterable":true,"searchable":true,"pageSize":10,"mainField":"username","defaultSortBy":"username","defaultSortOrder":"ASC"},"metadatas":{"id":{"edit":{},"list":{"label":"id","searchable":true,"sortable":true}},"username":{"edit":{"label":"username","description":"","placeholder":"","visible":true,"editable":true},"list":{"label":"username","searchable":true,"sortable":true}},"email":{"edit":{"label":"email","description":"","placeholder":"","visible":true,"editable":true},"list":{"label":"email","searchable":true,"sortable":true}},"provider":{"edit":{"label":"provider","description":"","placeholder":"","visible":false,"editable":true},"list":{"label":"provider","searchable":true,"sortable":true}},"password":{"edit":{"label":"password","description":"","placeholder":"","visible":true,"editable":true},"list":{"label":"password","searchable":true,"sortable":true}},"resetPasswordToken":{"edit":{"label":"resetPasswordToken","description":"","placeholder":"","visible":false,"editable":true},"list":{"label":"resetPasswordToken","searchable":true,"sortable":true}},"confirmationToken":{"edit":{"label":"confirmationToken","description":"","placeholder":"","visible":false,"editable":true},"list":{"label":"confirmationToken","searchable":true,"sortable":true}},"confirmed":{"edit":{"label":"confirmed","description":"","placeholder":"","visible":true,"editable":true},"list":{"label":"confirmed","searchable":true,"sortable":true}},"blocked":{"edit":{"label":"blocked","description":"","placeholder":"","visible":true,"editable":true},"list":{"label":"blocked","searchable":true,"sortable":true}},"role":{"edit":{"label":"role","description":"","placeholder":"","visible":true,"editable":true,"mainField":"name"},"list":{"label":"role","searchable":true,"sortable":true}},"createdAt":{"edit":{"label":"createdAt","description":"","placeholder":"","visible":false,"editable":true},"list":{"label":"createdAt","searchable":true,"sortable":true}},"updatedAt":{"edit":{"label":"updatedAt","description":"","placeholder":"","visible":false,"editable":true},"list":{"label":"updatedAt","searchable":true,"sortable":true}},"createdBy":{"edit":{"label":"createdBy","description":"","placeholder":"","visible":false,"editable":true,"mainField":"firstname"},"list":{"label":"createdBy","searchable":true,"sortable":true}},"updatedBy":{"edit":{"label":"updatedBy","description":"","placeholder":"","visible":false,"editable":true,"mainField":"firstname"},"list":{"label":"updatedBy","searchable":true,"sortable":true}},"documentId":{"edit":{},"list":{"label":"documentId","searchable":true,"sortable":true}}},"layouts":{"list":["id","username","email","confirmed"],"edit":[[{"name":"username","size":6},{"name":"email","size":6}],[{"name":"password","size":6},{"name":"confirmed","size":4}],[{"name":"blocked","size":4},{"name":"role","size":6}]]},"uid":"plugin::users-permissions.user"}	object	\N	\N
20	plugin_content_manager_configuration_content_types::admin::transfer-token	{"settings":{"bulkable":true,"filterable":true,"searchable":true,"pageSize":10,"mainField":"name","defaultSortBy":"name","defaultSortOrder":"ASC"},"metadatas":{"id":{"edit":{},"list":{"label":"id","searchable":true,"sortable":true}},"name":{"edit":{"label":"name","description":"","placeholder":"","visible":true,"editable":true},"list":{"label":"name","searchable":true,"sortable":true}},"description":{"edit":{"label":"description","description":"","placeholder":"","visible":true,"editable":true},"list":{"label":"description","searchable":true,"sortable":true}},"accessKey":{"edit":{"label":"accessKey","description":"","placeholder":"","visible":true,"editable":true},"list":{"label":"accessKey","searchable":true,"sortable":true}},"lastUsedAt":{"edit":{"label":"lastUsedAt","description":"","placeholder":"","visible":true,"editable":true},"list":{"label":"lastUsedAt","searchable":true,"sortable":true}},"permissions":{"edit":{"label":"permissions","description":"","placeholder":"","visible":true,"editable":true,"mainField":"action"},"list":{"label":"permissions","searchable":false,"sortable":false}},"expiresAt":{"edit":{"label":"expiresAt","description":"","placeholder":"","visible":true,"editable":true},"list":{"label":"expiresAt","searchable":true,"sortable":true}},"lifespan":{"edit":{"label":"lifespan","description":"","placeholder":"","visible":true,"editable":true},"list":{"label":"lifespan","searchable":true,"sortable":true}},"createdAt":{"edit":{"label":"createdAt","description":"","placeholder":"","visible":false,"editable":true},"list":{"label":"createdAt","searchable":true,"sortable":true}},"updatedAt":{"edit":{"label":"updatedAt","description":"","placeholder":"","visible":false,"editable":true},"list":{"label":"updatedAt","searchable":true,"sortable":true}},"createdBy":{"edit":{"label":"createdBy","description":"","placeholder":"","visible":false,"editable":true,"mainField":"firstname"},"list":{"label":"createdBy","searchable":true,"sortable":true}},"updatedBy":{"edit":{"label":"updatedBy","description":"","placeholder":"","visible":false,"editable":true,"mainField":"firstname"},"list":{"label":"updatedBy","searchable":true,"sortable":true}},"documentId":{"edit":{},"list":{"label":"documentId","searchable":true,"sortable":true}}},"layouts":{"list":["id","name","description","accessKey"],"edit":[[{"name":"name","size":6},{"name":"description","size":6}],[{"name":"accessKey","size":6},{"name":"lastUsedAt","size":6}],[{"name":"permissions","size":6},{"name":"expiresAt","size":6}],[{"name":"lifespan","size":4}]]},"uid":"admin::transfer-token"}	object	\N	\N
21	plugin_upload_settings	{"sizeOptimization":true,"responsiveDimensions":true,"autoOrientation":false,"aiMetadata":true}	object	\N	\N
22	plugin_upload_view_configuration	{"pageSize":10,"sort":"createdAt:DESC"}	object	\N	\N
25	plugin_users-permissions_grant	{"email":{"icon":"envelope","enabled":true},"discord":{"icon":"discord","enabled":false,"key":"","secret":"","callbackUrl":"api/auth/discord/callback","scope":["identify","email"]},"facebook":{"icon":"facebook-square","enabled":false,"key":"","secret":"","callbackUrl":"api/auth/facebook/callback","scope":["email"]},"google":{"icon":"google","enabled":false,"key":"","secret":"","callbackUrl":"api/auth/google/callback","scope":["email"]},"github":{"icon":"github","enabled":false,"key":"","secret":"","callbackUrl":"api/auth/github/callback","scope":["user","user:email"]},"microsoft":{"icon":"windows","enabled":false,"key":"","secret":"","callbackUrl":"api/auth/microsoft/callback","scope":["user.read"]},"twitter":{"icon":"twitter","enabled":false,"key":"","secret":"","callbackUrl":"api/auth/twitter/callback"},"instagram":{"icon":"instagram","enabled":false,"key":"","secret":"","callbackUrl":"api/auth/instagram/callback","scope":["user_profile"]},"vk":{"icon":"vk","enabled":false,"key":"","secret":"","callbackUrl":"api/auth/vk/callback","scope":["email"]},"twitch":{"icon":"twitch","enabled":false,"key":"","secret":"","callbackUrl":"api/auth/twitch/callback","scope":["user:read:email"]},"linkedin":{"icon":"linkedin","enabled":false,"key":"","secret":"","callbackUrl":"api/auth/linkedin/callback","scope":["r_liteprofile","r_emailaddress"]},"cognito":{"icon":"aws","enabled":false,"key":"","secret":"","subdomain":"my.subdomain.com","callback":"api/auth/cognito/callback","scope":["email","openid","profile"]},"reddit":{"icon":"reddit","enabled":false,"key":"","secret":"","callback":"api/auth/reddit/callback","scope":["identity"]},"auth0":{"icon":"","enabled":false,"key":"","secret":"","subdomain":"my-tenant.eu","callback":"api/auth/auth0/callback","scope":["openid","email","profile"]},"cas":{"icon":"book","enabled":false,"key":"","secret":"","callback":"api/auth/cas/callback","scope":["openid email"],"subdomain":"my.subdomain.com/cas"},"patreon":{"icon":"","enabled":false,"key":"","secret":"","callback":"api/auth/patreon/callback","scope":["identity","identity[email]"]},"keycloak":{"icon":"","enabled":false,"key":"","secret":"","subdomain":"myKeycloakProvider.com/realms/myrealm","callback":"api/auth/keycloak/callback","scope":["openid","email","profile"]}}	object	\N	\N
26	plugin_users-permissions_email	{"reset_password":{"display":"Email.template.reset_password","icon":"sync","options":{"from":{"name":"Administration Panel","email":"no-reply@strapi.io"},"response_email":"","object":"Reset password","message":"<p>We heard that you lost your password. Sorry about that!</p>\\n\\n<p>But dont worry! You can use the following link to reset your password:</p>\\n<p><%= URL %>?code=<%= TOKEN %></p>\\n\\n<p>Thanks.</p>"}},"email_confirmation":{"display":"Email.template.email_confirmation","icon":"check-square","options":{"from":{"name":"Administration Panel","email":"no-reply@strapi.io"},"response_email":"","object":"Account confirmation","message":"<p>Thank you for registering!</p>\\n\\n<p>You have to confirm your email address. Please click on the link below.</p>\\n\\n<p><%= URL %>?confirmation=<%= CODE %></p>\\n\\n<p>Thanks.</p>"}}}	object	\N	\N
27	plugin_users-permissions_advanced	{"unique_email":true,"allow_register":true,"email_confirmation":false,"email_reset_password":null,"email_confirmation_redirection":null,"default_role":"authenticated"}	object	\N	\N
104	plugin_content_manager_configuration_components::shared.product-review	{"settings":{"bulkable":true,"filterable":true,"searchable":true,"pageSize":10,"mainField":"customerName","defaultSortBy":"customerName","defaultSortOrder":"ASC"},"metadatas":{"id":{"edit":{},"list":{"label":"id","searchable":false,"sortable":false}},"customerName":{"edit":{"label":"customerName","description":"","placeholder":"","visible":true,"editable":true},"list":{"label":"customerName","searchable":true,"sortable":true}},"email":{"edit":{"label":"email","description":"","placeholder":"","visible":true,"editable":true},"list":{"label":"email","searchable":true,"sortable":true}},"rating":{"edit":{"label":"rating","description":"","placeholder":"","visible":true,"editable":true},"list":{"label":"rating","searchable":true,"sortable":true}},"content":{"edit":{"label":"content","description":"","placeholder":"","visible":true,"editable":true},"list":{"label":"content","searchable":true,"sortable":true}},"isApproved":{"edit":{"label":"isApproved","description":"","placeholder":"","visible":true,"editable":true},"list":{"label":"isApproved","searchable":true,"sortable":true}},"documentId":{"edit":{},"list":{"label":"documentId","searchable":true,"sortable":true}}},"layouts":{"list":["id","customerName","email","rating"],"edit":[[{"name":"customerName","size":6},{"name":"email","size":6}],[{"name":"rating","size":4},{"name":"content","size":6}],[{"name":"isApproved","size":4}]]},"uid":"shared.product-review","isComponent":true}	object	\N	\N
70	plugin_content_manager_configuration_components::shared.customer-info	{"settings":{"bulkable":true,"filterable":true,"searchable":true,"pageSize":10,"mainField":"hoVaTen","defaultSortBy":"hoVaTen","defaultSortOrder":"ASC"},"metadatas":{"id":{"edit":{},"list":{"label":"id","searchable":false,"sortable":false}},"hoVaTen":{"edit":{"label":"hoVaTen","description":"","placeholder":"","visible":true,"editable":true},"list":{"label":"hoVaTen","searchable":true,"sortable":true}},"soDienThoai":{"edit":{"label":"soDienThoai","description":"","placeholder":"","visible":true,"editable":true},"list":{"label":"soDienThoai","searchable":true,"sortable":true}},"email":{"edit":{"label":"email","description":"","placeholder":"","visible":true,"editable":true},"list":{"label":"email","searchable":true,"sortable":true}},"diaChi":{"edit":{"label":"diaChi","description":"","placeholder":"","visible":true,"editable":true},"list":{"label":"diaChi","searchable":true,"sortable":true}},"tinhThanhPho":{"edit":{"label":"tinhThanhPho","description":"","placeholder":"","visible":true,"editable":true},"list":{"label":"tinhThanhPho","searchable":true,"sortable":true}},"quanHuyen":{"edit":{"label":"quanHuyen","description":"","placeholder":"","visible":true,"editable":true},"list":{"label":"quanHuyen","searchable":true,"sortable":true}},"phuongXa":{"edit":{"label":"phuongXa","description":"","placeholder":"","visible":true,"editable":true},"list":{"label":"phuongXa","searchable":true,"sortable":true}},"ghiChu":{"edit":{"label":"ghiChu","description":"","placeholder":"","visible":true,"editable":true},"list":{"label":"ghiChu","searchable":true,"sortable":true}},"documentId":{"edit":{},"list":{"label":"documentId","searchable":true,"sortable":true}}},"layouts":{"list":["id","hoVaTen","soDienThoai","email"],"edit":[[{"name":"hoVaTen","size":6},{"name":"soDienThoai","size":6}],[{"name":"email","size":6},{"name":"diaChi","size":6}],[{"name":"tinhThanhPho","size":6},{"name":"quanHuyen","size":6}],[{"name":"phuongXa","size":6},{"name":"ghiChu","size":6}]]},"uid":"shared.customer-info","isComponent":true}	object	\N	\N
24	plugin_i18n_default_locale	"vi"	string	\N	\N
23	plugin_upload_metrics	{"weeklySchedule":"56 11 20 * * 2","lastWeeklyUpdate":1767705402488}	object	\N	\N
16	plugin_content_manager_configuration_content_types::plugin::users-permissions.role	{"settings":{"bulkable":true,"filterable":true,"searchable":true,"pageSize":10,"mainField":"name","defaultSortBy":"name","defaultSortOrder":"ASC"},"metadatas":{"id":{"edit":{},"list":{"label":"id","searchable":true,"sortable":true}},"name":{"edit":{"label":"name","description":"","placeholder":"","visible":true,"editable":true},"list":{"label":"name","searchable":true,"sortable":true}},"description":{"edit":{"label":"description","description":"","placeholder":"","visible":true,"editable":true},"list":{"label":"description","searchable":true,"sortable":true}},"type":{"edit":{"label":"type","description":"","placeholder":"","visible":true,"editable":true},"list":{"label":"type","searchable":true,"sortable":true}},"permissions":{"edit":{"label":"permissions","description":"","placeholder":"","visible":true,"editable":true,"mainField":"action"},"list":{"label":"permissions","searchable":false,"sortable":false}},"users":{"edit":{"label":"users","description":"","placeholder":"","visible":true,"editable":true,"mainField":"username"},"list":{"label":"users","searchable":false,"sortable":false}},"createdAt":{"edit":{"label":"createdAt","description":"","placeholder":"","visible":false,"editable":true},"list":{"label":"createdAt","searchable":true,"sortable":true}},"updatedAt":{"edit":{"label":"updatedAt","description":"","placeholder":"","visible":false,"editable":true},"list":{"label":"updatedAt","searchable":true,"sortable":true}},"createdBy":{"edit":{"label":"createdBy","description":"","placeholder":"","visible":false,"editable":true,"mainField":"firstname"},"list":{"label":"createdBy","searchable":true,"sortable":true}},"updatedBy":{"edit":{"label":"updatedBy","description":"","placeholder":"","visible":false,"editable":true,"mainField":"firstname"},"list":{"label":"updatedBy","searchable":true,"sortable":true}},"documentId":{"edit":{},"list":{"label":"documentId","searchable":true,"sortable":true}}},"layouts":{"list":["id","name","description","type"],"edit":[[{"name":"name","size":6},{"name":"description","size":6}],[{"name":"type","size":6},{"name":"permissions","size":6}],[{"name":"users","size":6}]]},"uid":"plugin::users-permissions.role"}	object	\N	\N
19	plugin_content_manager_configuration_content_types::admin::session	{"settings":{"bulkable":true,"filterable":true,"searchable":true,"pageSize":10,"mainField":"userId","defaultSortBy":"userId","defaultSortOrder":"ASC"},"metadatas":{"id":{"edit":{},"list":{"label":"id","searchable":true,"sortable":true}},"userId":{"edit":{"label":"userId","description":"","placeholder":"","visible":true,"editable":true},"list":{"label":"userId","searchable":true,"sortable":true}},"sessionId":{"edit":{"label":"sessionId","description":"","placeholder":"","visible":true,"editable":true},"list":{"label":"sessionId","searchable":true,"sortable":true}},"childId":{"edit":{"label":"childId","description":"","placeholder":"","visible":true,"editable":true},"list":{"label":"childId","searchable":true,"sortable":true}},"deviceId":{"edit":{"label":"deviceId","description":"","placeholder":"","visible":true,"editable":true},"list":{"label":"deviceId","searchable":true,"sortable":true}},"origin":{"edit":{"label":"origin","description":"","placeholder":"","visible":true,"editable":true},"list":{"label":"origin","searchable":true,"sortable":true}},"expiresAt":{"edit":{"label":"expiresAt","description":"","placeholder":"","visible":true,"editable":true},"list":{"label":"expiresAt","searchable":true,"sortable":true}},"absoluteExpiresAt":{"edit":{"label":"absoluteExpiresAt","description":"","placeholder":"","visible":true,"editable":true},"list":{"label":"absoluteExpiresAt","searchable":true,"sortable":true}},"status":{"edit":{"label":"status","description":"","placeholder":"","visible":true,"editable":true},"list":{"label":"status","searchable":true,"sortable":true}},"type":{"edit":{"label":"type","description":"","placeholder":"","visible":true,"editable":true},"list":{"label":"type","searchable":true,"sortable":true}},"createdAt":{"edit":{"label":"createdAt","description":"","placeholder":"","visible":false,"editable":true},"list":{"label":"createdAt","searchable":true,"sortable":true}},"updatedAt":{"edit":{"label":"updatedAt","description":"","placeholder":"","visible":false,"editable":true},"list":{"label":"updatedAt","searchable":true,"sortable":true}},"createdBy":{"edit":{"label":"createdBy","description":"","placeholder":"","visible":false,"editable":true,"mainField":"firstname"},"list":{"label":"createdBy","searchable":true,"sortable":true}},"updatedBy":{"edit":{"label":"updatedBy","description":"","placeholder":"","visible":false,"editable":true,"mainField":"firstname"},"list":{"label":"updatedBy","searchable":true,"sortable":true}},"documentId":{"edit":{},"list":{"label":"documentId","searchable":true,"sortable":true}}},"layouts":{"list":["id","userId","sessionId","childId"],"edit":[[{"name":"userId","size":6},{"name":"sessionId","size":6}],[{"name":"childId","size":6},{"name":"deviceId","size":6}],[{"name":"origin","size":6},{"name":"expiresAt","size":6}],[{"name":"absoluteExpiresAt","size":6},{"name":"status","size":6}],[{"name":"type","size":6}]]},"uid":"admin::session"}	object	\N	\N
37	plugin_content_manager_configuration_components::danhmuc.danh-muc-cap-3	{"settings":{"bulkable":true,"filterable":true,"searchable":true,"pageSize":10,"mainField":"documentId","defaultSortBy":"documentId","defaultSortOrder":"ASC"},"metadatas":{"id":{"edit":{},"list":{"label":"id","searchable":false,"sortable":false}},"seo":{"edit":{"label":"seo","description":"","placeholder":"","visible":true,"editable":true},"list":{"label":"seo","searchable":false,"sortable":false}},"title":{"edit":{"label":"title","description":"","placeholder":"","visible":true,"editable":true},"list":{"label":"title","searchable":true,"sortable":true}},"slug":{"edit":{"label":"slug","description":"","placeholder":"","visible":true,"editable":true},"list":{"label":"slug","searchable":true,"sortable":true}},"san_phams":{"edit":{"label":"san_phams","description":"","placeholder":"","visible":true,"editable":true,"mainField":"title"},"list":{"label":"san_phams","searchable":false,"sortable":false}},"documentId":{"edit":{},"list":{"label":"documentId","searchable":true,"sortable":true}}},"layouts":{"list":["id","seo","title","slug"],"edit":[[{"name":"seo","size":12}],[{"name":"title","size":6},{"name":"slug","size":6}],[{"name":"san_phams","size":6}]]},"uid":"danhmuc.danh-muc-cap-3","isComponent":true}	object	\N	\N
41	plugin_content_manager_configuration_content_types::api::danh-muc-bai-viet.danh-muc-bai-viet	{"settings":{"bulkable":true,"filterable":true,"searchable":true,"pageSize":10,"mainField":"title","defaultSortBy":"title","defaultSortOrder":"ASC"},"metadatas":{"id":{"edit":{},"list":{"label":"id","searchable":true,"sortable":true}},"seo":{"edit":{"label":"seo","description":"","placeholder":"","visible":true,"editable":true},"list":{"label":"seo","searchable":false,"sortable":false}},"title":{"edit":{"label":"title","description":"","placeholder":"","visible":true,"editable":true},"list":{"label":"title","searchable":true,"sortable":true}},"slug":{"edit":{"label":"slug","description":"","placeholder":"","visible":true,"editable":true},"list":{"label":"slug","searchable":true,"sortable":true}},"moTa":{"edit":{"label":"moTa","description":"","placeholder":"","visible":true,"editable":true},"list":{"label":"moTa","searchable":true,"sortable":true}},"anhDanhMuc":{"edit":{"label":"anhDanhMuc","description":"","placeholder":"","visible":true,"editable":true},"list":{"label":"anhDanhMuc","searchable":false,"sortable":false}},"danhMucCapHai":{"edit":{"label":"danhMucCapHai","description":"","placeholder":"","visible":true,"editable":true},"list":{"label":"danhMucCapHai","searchable":false,"sortable":false}},"createdAt":{"edit":{"label":"createdAt","description":"","placeholder":"","visible":false,"editable":true},"list":{"label":"createdAt","searchable":true,"sortable":true}},"updatedAt":{"edit":{"label":"updatedAt","description":"","placeholder":"","visible":false,"editable":true},"list":{"label":"updatedAt","searchable":true,"sortable":true}},"createdBy":{"edit":{"label":"createdBy","description":"","placeholder":"","visible":false,"editable":true,"mainField":"firstname"},"list":{"label":"createdBy","searchable":true,"sortable":true}},"updatedBy":{"edit":{"label":"updatedBy","description":"","placeholder":"","visible":false,"editable":true,"mainField":"firstname"},"list":{"label":"updatedBy","searchable":true,"sortable":true}},"documentId":{"edit":{},"list":{"label":"documentId","searchable":true,"sortable":true}}},"layouts":{"list":["id","seo","slug","title"],"edit":[[{"name":"seo","size":12}],[{"name":"slug","size":6}],[{"name":"moTa","size":6},{"name":"anhDanhMuc","size":6}],[{"name":"danhMucCapHai","size":12}],[{"name":"title","size":6}]]},"uid":"api::danh-muc-bai-viet.danh-muc-bai-viet"}	object	\N	\N
43	plugin_content_manager_configuration_content_types::api::topic-blog.topic-blog	{"settings":{"bulkable":true,"filterable":true,"searchable":true,"pageSize":10,"mainField":"name","defaultSortBy":"name","defaultSortOrder":"ASC"},"metadatas":{"id":{"edit":{},"list":{"label":"id","searchable":true,"sortable":true}},"name":{"edit":{"label":"name","description":"","placeholder":"","visible":true,"editable":true},"list":{"label":"name","searchable":true,"sortable":true}},"createdAt":{"edit":{"label":"createdAt","description":"","placeholder":"","visible":false,"editable":true},"list":{"label":"createdAt","searchable":true,"sortable":true}},"updatedAt":{"edit":{"label":"updatedAt","description":"","placeholder":"","visible":false,"editable":true},"list":{"label":"updatedAt","searchable":true,"sortable":true}},"createdBy":{"edit":{"label":"createdBy","description":"","placeholder":"","visible":false,"editable":true,"mainField":"firstname"},"list":{"label":"createdBy","searchable":true,"sortable":true}},"updatedBy":{"edit":{"label":"updatedBy","description":"","placeholder":"","visible":false,"editable":true,"mainField":"firstname"},"list":{"label":"updatedBy","searchable":true,"sortable":true}},"documentId":{"edit":{},"list":{"label":"documentId","searchable":true,"sortable":true}}},"layouts":{"list":["id","name"],"edit":[[{"name":"name","size":6}]]},"uid":"api::topic-blog.topic-blog"}	object	\N	\N
69	plugin_content_manager_configuration_components::shared.order-item	{"settings":{"bulkable":true,"filterable":true,"searchable":true,"pageSize":10,"mainField":"documentId","defaultSortBy":"documentId","defaultSortOrder":"ASC"},"metadatas":{"id":{"edit":{},"list":{"label":"id","searchable":false,"sortable":false}},"sanPham":{"edit":{"label":"sanPham","description":"","placeholder":"","visible":true,"editable":true,"mainField":"title"},"list":{"label":"sanPham","searchable":true,"sortable":true}},"soLuong":{"edit":{"label":"soLuong","description":"","placeholder":"","visible":true,"editable":true},"list":{"label":"soLuong","searchable":true,"sortable":true}},"giaBan":{"edit":{"label":"giaBan","description":"","placeholder":"","visible":true,"editable":true},"list":{"label":"giaBan","searchable":true,"sortable":true}},"thanhTien":{"edit":{"label":"thanhTien","description":"","placeholder":"","visible":true,"editable":true},"list":{"label":"thanhTien","searchable":true,"sortable":true}},"documentId":{"edit":{},"list":{"label":"documentId","searchable":true,"sortable":true}}},"layouts":{"list":["id","sanPham","soLuong","giaBan"],"edit":[[{"name":"sanPham","size":6},{"name":"soLuong","size":4}],[{"name":"giaBan","size":4},{"name":"thanhTien","size":4}]]},"uid":"shared.order-item","isComponent":true}	object	\N	\N
105	plugin_content_manager_configuration_components::home.promotion-card	{"settings":{"bulkable":true,"filterable":true,"searchable":true,"pageSize":10,"mainField":"discount","defaultSortBy":"discount","defaultSortOrder":"ASC"},"metadatas":{"id":{"edit":{},"list":{"label":"id","searchable":false,"sortable":false}},"image":{"edit":{"label":"image","description":"","placeholder":"","visible":true,"editable":true},"list":{"label":"image","searchable":false,"sortable":false}},"badge":{"edit":{"label":"badge","description":"","placeholder":"","visible":true,"editable":true},"list":{"label":"badge","searchable":true,"sortable":true}},"discount":{"edit":{"label":"discount","description":"","placeholder":"","visible":true,"editable":true},"list":{"label":"discount","searchable":true,"sortable":true}},"isFree":{"edit":{"label":"isFree","description":"","placeholder":"","visible":true,"editable":true},"list":{"label":"isFree","searchable":true,"sortable":true}},"endDate":{"edit":{"label":"endDate","description":"","placeholder":"","visible":true,"editable":true},"list":{"label":"endDate","searchable":true,"sortable":true}},"title":{"edit":{"label":"title","description":"","placeholder":"","visible":true,"editable":true},"list":{"label":"title","searchable":true,"sortable":true}},"description":{"edit":{"label":"description","description":"","placeholder":"","visible":true,"editable":true},"list":{"label":"description","searchable":true,"sortable":true}},"link":{"edit":{"label":"link","description":"","placeholder":"","visible":true,"editable":true},"list":{"label":"link","searchable":true,"sortable":true}},"buttonText":{"edit":{"label":"buttonText","description":"","placeholder":"","visible":true,"editable":true},"list":{"label":"buttonText","searchable":true,"sortable":true}},"documentId":{"edit":{},"list":{"label":"documentId","searchable":true,"sortable":true}}},"layouts":{"list":["id","image","badge","discount"],"edit":[[{"name":"image","size":6},{"name":"badge","size":6}],[{"name":"discount","size":6},{"name":"isFree","size":4}],[{"name":"endDate","size":4},{"name":"title","size":6}],[{"name":"description","size":6},{"name":"link","size":6}],[{"name":"buttonText","size":6}]]},"uid":"home.promotion-card","isComponent":true}	object	\N	\N
17	plugin_content_manager_configuration_content_types::admin::role	{"settings":{"bulkable":true,"filterable":true,"searchable":true,"pageSize":10,"mainField":"name","defaultSortBy":"name","defaultSortOrder":"ASC"},"metadatas":{"id":{"edit":{},"list":{"label":"id","searchable":true,"sortable":true}},"name":{"edit":{"label":"name","description":"","placeholder":"","visible":true,"editable":true},"list":{"label":"name","searchable":true,"sortable":true}},"code":{"edit":{"label":"code","description":"","placeholder":"","visible":true,"editable":true},"list":{"label":"code","searchable":true,"sortable":true}},"description":{"edit":{"label":"description","description":"","placeholder":"","visible":true,"editable":true},"list":{"label":"description","searchable":true,"sortable":true}},"users":{"edit":{"label":"users","description":"","placeholder":"","visible":true,"editable":true,"mainField":"firstname"},"list":{"label":"users","searchable":false,"sortable":false}},"permissions":{"edit":{"label":"permissions","description":"","placeholder":"","visible":true,"editable":true,"mainField":"action"},"list":{"label":"permissions","searchable":false,"sortable":false}},"createdAt":{"edit":{"label":"createdAt","description":"","placeholder":"","visible":false,"editable":true},"list":{"label":"createdAt","searchable":true,"sortable":true}},"updatedAt":{"edit":{"label":"updatedAt","description":"","placeholder":"","visible":false,"editable":true},"list":{"label":"updatedAt","searchable":true,"sortable":true}},"createdBy":{"edit":{"label":"createdBy","description":"","placeholder":"","visible":false,"editable":true,"mainField":"firstname"},"list":{"label":"createdBy","searchable":true,"sortable":true}},"updatedBy":{"edit":{"label":"updatedBy","description":"","placeholder":"","visible":false,"editable":true,"mainField":"firstname"},"list":{"label":"updatedBy","searchable":true,"sortable":true}},"documentId":{"edit":{},"list":{"label":"documentId","searchable":true,"sortable":true}}},"layouts":{"list":["id","name","code","description"],"edit":[[{"name":"name","size":6},{"name":"code","size":6}],[{"name":"description","size":6},{"name":"users","size":6}],[{"name":"permissions","size":6}]]},"uid":"admin::role"}	object	\N	\N
38	plugin_content_manager_configuration_content_types::api::blog.blog	{"settings":{"bulkable":true,"filterable":true,"searchable":true,"pageSize":10,"mainField":"title","defaultSortBy":"title","defaultSortOrder":"ASC"},"metadatas":{"id":{"edit":{},"list":{"label":"id","searchable":true,"sortable":true}},"seo":{"edit":{"label":"seo","description":"","placeholder":"","visible":true,"editable":true},"list":{"label":"seo","searchable":false,"sortable":false}},"hashtag":{"edit":{"label":"hashtag","description":"","placeholder":"","visible":true,"editable":true},"list":{"label":"hashtag","searchable":true,"sortable":true}},"title":{"edit":{"label":"title","description":"","placeholder":"","visible":true,"editable":true},"list":{"label":"title","searchable":true,"sortable":true}},"slug":{"edit":{"label":"slug","description":"","placeholder":"","visible":true,"editable":true},"list":{"label":"slug","searchable":true,"sortable":true}},"avatar":{"edit":{"label":"avatar","description":"","placeholder":"","visible":true,"editable":true},"list":{"label":"avatar","searchable":false,"sortable":false}},"moTaNgan":{"edit":{"label":"moTaNgan","description":"","placeholder":"","visible":true,"editable":true},"list":{"label":"moTaNgan","searchable":true,"sortable":true}},"noiDung":{"edit":{"label":"noiDung","description":"","placeholder":"","visible":true,"editable":true},"list":{"label":"noiDung","searchable":false,"sortable":false}},"topicBlog":{"edit":{"label":"topicBlog","description":"","placeholder":"","visible":true,"editable":true,"mainField":"name"},"list":{"label":"topicBlog","searchable":true,"sortable":true}},"createdAt":{"edit":{"label":"createdAt","description":"","placeholder":"","visible":false,"editable":true},"list":{"label":"createdAt","searchable":true,"sortable":true}},"updatedAt":{"edit":{"label":"updatedAt","description":"","placeholder":"","visible":false,"editable":true},"list":{"label":"updatedAt","searchable":true,"sortable":true}},"createdBy":{"edit":{"label":"createdBy","description":"","placeholder":"","visible":false,"editable":true,"mainField":"firstname"},"list":{"label":"createdBy","searchable":true,"sortable":true}},"updatedBy":{"edit":{"label":"updatedBy","description":"","placeholder":"","visible":false,"editable":true,"mainField":"firstname"},"list":{"label":"updatedBy","searchable":true,"sortable":true}},"documentId":{"edit":{},"list":{"label":"documentId","searchable":true,"sortable":true}}},"layouts":{"list":["id","seo","hashtag","title"],"edit":[[{"name":"seo","size":12}],[{"name":"hashtag","size":6},{"name":"title","size":6}],[{"name":"slug","size":6},{"name":"avatar","size":6}],[{"name":"moTaNgan","size":6}],[{"name":"noiDung","size":12}],[{"name":"topicBlog","size":6}]]},"uid":"api::blog.blog"}	object	\N	\N
29	plugin_content_manager_configuration_components::shared.seo	{"settings":{"bulkable":true,"filterable":true,"searchable":true,"pageSize":10,"mainField":"metaTitle","defaultSortBy":"metaTitle","defaultSortOrder":"ASC"},"metadatas":{"id":{"edit":{},"list":{"label":"id","searchable":false,"sortable":false}},"metaTitle":{"edit":{"label":"metaTitle","description":"","placeholder":"","visible":true,"editable":true},"list":{"label":"metaTitle","searchable":true,"sortable":true}},"metaDescription":{"edit":{"label":"metaDescription","description":"","placeholder":"","visible":true,"editable":true},"list":{"label":"metaDescription","searchable":true,"sortable":true}},"metaKeywords":{"edit":{"label":"metaKeywords","description":"","placeholder":"","visible":true,"editable":true},"list":{"label":"metaKeywords","searchable":true,"sortable":true}},"canonicalUrl":{"edit":{"label":"canonicalUrl","description":"","placeholder":"","visible":true,"editable":true},"list":{"label":"canonicalUrl","searchable":true,"sortable":true}},"ogTitle":{"edit":{"label":"ogTitle","description":"","placeholder":"","visible":true,"editable":true},"list":{"label":"ogTitle","searchable":true,"sortable":true}},"ogDescription":{"edit":{"label":"ogDescription","description":"","placeholder":"","visible":true,"editable":true},"list":{"label":"ogDescription","searchable":true,"sortable":true}},"ogImage":{"edit":{"label":"ogImage","description":"","placeholder":"","visible":true,"editable":true},"list":{"label":"ogImage","searchable":false,"sortable":false}},"ogType":{"edit":{"label":"ogType","description":"","placeholder":"","visible":true,"editable":true},"list":{"label":"ogType","searchable":true,"sortable":true}},"ogUrl":{"edit":{"label":"ogUrl","description":"","placeholder":"","visible":true,"editable":true},"list":{"label":"ogUrl","searchable":true,"sortable":true}},"ogSiteName":{"edit":{"label":"ogSiteName","description":"","placeholder":"","visible":true,"editable":true},"list":{"label":"ogSiteName","searchable":true,"sortable":true}},"twitterCard":{"edit":{"label":"twitterCard","description":"","placeholder":"","visible":true,"editable":true},"list":{"label":"twitterCard","searchable":true,"sortable":true}},"twitterTitle":{"edit":{"label":"twitterTitle","description":"","placeholder":"","visible":true,"editable":true},"list":{"label":"twitterTitle","searchable":true,"sortable":true}},"twitterDescription":{"edit":{"label":"twitterDescription","description":"","placeholder":"","visible":true,"editable":true},"list":{"label":"twitterDescription","searchable":true,"sortable":true}},"twitterImage":{"edit":{"label":"twitterImage","description":"","placeholder":"","visible":true,"editable":true},"list":{"label":"twitterImage","searchable":false,"sortable":false}},"twitterSite":{"edit":{"label":"twitterSite","description":"","placeholder":"","visible":true,"editable":true},"list":{"label":"twitterSite","searchable":true,"sortable":true}},"twitterCreator":{"edit":{"label":"twitterCreator","description":"","placeholder":"","visible":true,"editable":true},"list":{"label":"twitterCreator","searchable":true,"sortable":true}},"robots":{"edit":{"label":"robots","description":"","placeholder":"","visible":true,"editable":true},"list":{"label":"robots","searchable":true,"sortable":true}},"structuredData":{"edit":{"label":"structuredData","description":"","placeholder":"","visible":true,"editable":true},"list":{"label":"structuredData","searchable":false,"sortable":false}},"documentId":{"edit":{},"list":{"label":"documentId","searchable":true,"sortable":true}}},"layouts":{"list":["id","metaTitle","metaDescription","metaKeywords"],"edit":[[{"name":"metaTitle","size":6},{"name":"metaDescription","size":6}],[{"name":"metaKeywords","size":6},{"name":"canonicalUrl","size":6}],[{"name":"ogTitle","size":6},{"name":"ogDescription","size":6}],[{"name":"ogImage","size":6},{"name":"ogType","size":6}],[{"name":"ogUrl","size":6},{"name":"ogSiteName","size":6}],[{"name":"twitterCard","size":6},{"name":"twitterTitle","size":6}],[{"name":"twitterDescription","size":6},{"name":"twitterImage","size":6}],[{"name":"twitterSite","size":6},{"name":"twitterCreator","size":6}],[{"name":"robots","size":6}],[{"name":"structuredData","size":12}]]},"uid":"shared.seo","isComponent":true}	object	\N	\N
71	plugin_content_manager_configuration_components::shared.payment-method	{"settings":{"bulkable":true,"filterable":true,"searchable":true,"pageSize":10,"mainField":"ten","defaultSortBy":"ten","defaultSortOrder":"ASC"},"metadatas":{"id":{"edit":{},"list":{"label":"id","searchable":false,"sortable":false}},"loai":{"edit":{"label":"loai","description":"","placeholder":"","visible":true,"editable":true},"list":{"label":"loai","searchable":true,"sortable":true}},"ten":{"edit":{"label":"ten","description":"","placeholder":"","visible":true,"editable":true},"list":{"label":"ten","searchable":true,"sortable":true}},"moTa":{"edit":{"label":"moTa","description":"","placeholder":"","visible":true,"editable":true},"list":{"label":"moTa","searchable":true,"sortable":true}},"documentId":{"edit":{},"list":{"label":"documentId","searchable":true,"sortable":true}}},"layouts":{"list":["id","loai","ten","moTa"],"edit":[[{"name":"loai","size":6},{"name":"ten","size":6}],[{"name":"moTa","size":6}]]},"uid":"shared.payment-method","isComponent":true}	object	\N	\N
106	plugin_content_manager_configuration_components::home.special-promotions-section	{"settings":{"bulkable":true,"filterable":true,"searchable":true,"pageSize":10,"mainField":"title","defaultSortBy":"title","defaultSortOrder":"ASC"},"metadatas":{"id":{"edit":{},"list":{"label":"id","searchable":false,"sortable":false}},"title":{"edit":{"label":"title","description":"","placeholder":"","visible":true,"editable":true},"list":{"label":"title","searchable":true,"sortable":true}},"subtitle":{"edit":{"label":"subtitle","description":"","placeholder":"","visible":true,"editable":true},"list":{"label":"subtitle","searchable":true,"sortable":true}},"promotionCards":{"edit":{"label":"promotionCards","description":"","placeholder":"","visible":true,"editable":true},"list":{"label":"promotionCards","searchable":false,"sortable":false}},"documentId":{"edit":{},"list":{"label":"documentId","searchable":true,"sortable":true}}},"layouts":{"list":["id","title","subtitle","promotionCards"],"edit":[[{"name":"title","size":6},{"name":"subtitle","size":6}],[{"name":"promotionCards","size":12}]]},"uid":"home.special-promotions-section","isComponent":true}	object	\N	\N
40	plugin_content_manager_configuration_components::danhmuc-baiviet.danh-muc-bai-viet-cap-2	{"settings":{"bulkable":true,"filterable":true,"searchable":true,"pageSize":10,"mainField":"documentId","defaultSortBy":"documentId","defaultSortOrder":"ASC"},"metadatas":{"id":{"edit":{},"list":{"label":"id","searchable":false,"sortable":false}},"seo":{"edit":{"label":"seo","description":"","placeholder":"","visible":true,"editable":true},"list":{"label":"seo","searchable":false,"sortable":false}},"title":{"edit":{"label":"title","description":"","placeholder":"","visible":true,"editable":true},"list":{"label":"title","searchable":true,"sortable":true}},"slug":{"edit":{"label":"slug","description":"","placeholder":"","visible":true,"editable":true},"list":{"label":"slug","searchable":true,"sortable":true}},"baiViets":{"edit":{"label":"baiViets","description":"","placeholder":"","visible":true,"editable":true,"mainField":"title"},"list":{"label":"baiViets","searchable":false,"sortable":false}},"documentId":{"edit":{},"list":{"label":"documentId","searchable":true,"sortable":true}}},"layouts":{"list":["id","title","slug","seo"],"edit":[[{"name":"title","size":6},{"name":"slug","size":6}],[{"name":"seo","size":12}],[{"name":"baiViets","size":6}]]},"uid":"danhmuc-baiviet.danh-muc-bai-viet-cap-2","isComponent":true}	object	\N	\N
30	plugin_content_manager_configuration_components::shared.specification	{"settings":{"bulkable":true,"filterable":true,"searchable":true,"pageSize":10,"mainField":"label","defaultSortBy":"label","defaultSortOrder":"ASC"},"metadatas":{"id":{"edit":{},"list":{"label":"id","searchable":false,"sortable":false}},"label":{"edit":{"label":"label","description":"","placeholder":"","visible":true,"editable":true},"list":{"label":"label","searchable":true,"sortable":true}},"value":{"edit":{"label":"value","description":"","placeholder":"","visible":true,"editable":true},"list":{"label":"value","searchable":true,"sortable":true}},"documentId":{"edit":{},"list":{"label":"documentId","searchable":true,"sortable":true}}},"layouts":{"list":["id","label","value"],"edit":[[{"name":"label","size":6},{"name":"value","size":6}]]},"uid":"shared.specification","isComponent":true}	object	\N	\N
45	plugin_content_manager_configuration_components::home.hero-slider	{"settings":{"bulkable":true,"filterable":true,"searchable":true,"pageSize":10,"mainField":"title","defaultSortBy":"title","defaultSortOrder":"ASC"},"metadatas":{"id":{"edit":{},"list":{"label":"id","searchable":false,"sortable":false}},"title":{"edit":{"label":"title","description":"","placeholder":"","visible":true,"editable":true},"list":{"label":"title","searchable":true,"sortable":true}},"specialTitle":{"edit":{"label":"specialTitle","description":"","placeholder":"","visible":true,"editable":true},"list":{"label":"specialTitle","searchable":true,"sortable":true}},"subtitle":{"edit":{"label":"subtitle","description":"","placeholder":"","visible":true,"editable":true},"list":{"label":"subtitle","searchable":true,"sortable":true}},"description":{"edit":{"label":"description","description":"","placeholder":"","visible":true,"editable":true},"list":{"label":"description","searchable":true,"sortable":true}},"url":{"edit":{"label":"url","description":"","placeholder":"","visible":true,"editable":true},"list":{"label":"url","searchable":true,"sortable":true}},"image":{"edit":{"label":"image","description":"","placeholder":"","visible":true,"editable":true},"list":{"label":"image","searchable":false,"sortable":false}},"documentId":{"edit":{},"list":{"label":"documentId","searchable":true,"sortable":true}}},"layouts":{"list":["id","title","specialTitle","subtitle"],"edit":[[{"name":"title","size":6},{"name":"specialTitle","size":6}],[{"name":"subtitle","size":6},{"name":"description","size":6}],[{"name":"url","size":6},{"name":"image","size":6}]]},"uid":"home.hero-slider","isComponent":true}	object	\N	\N
72	plugin_content_manager_configuration_content_types::api::don-hang.don-hang	{"settings":{"bulkable":true,"filterable":true,"searchable":true,"pageSize":10,"mainField":"maDonHang","defaultSortBy":"maDonHang","defaultSortOrder":"ASC"},"metadatas":{"id":{"edit":{},"list":{"label":"id","searchable":true,"sortable":true}},"maDonHang":{"edit":{"label":"maDonHang","description":"","placeholder":"","visible":true,"editable":true},"list":{"label":"maDonHang","searchable":true,"sortable":true}},"thongTinKhachHang":{"edit":{"label":"thongTinKhachHang","description":"","placeholder":"","visible":true,"editable":true},"list":{"label":"thongTinKhachHang","searchable":false,"sortable":false}},"sanPhams":{"edit":{"label":"sanPhams","description":"","placeholder":"","visible":true,"editable":true},"list":{"label":"sanPhams","searchable":false,"sortable":false}},"tamTinh":{"edit":{"label":"tamTinh","description":"","placeholder":"","visible":true,"editable":true},"list":{"label":"tamTinh","searchable":true,"sortable":true}},"phiVanChuyen":{"edit":{"label":"phiVanChuyen","description":"","placeholder":"","visible":true,"editable":true},"list":{"label":"phiVanChuyen","searchable":true,"sortable":true}},"tongCong":{"edit":{"label":"tongCong","description":"","placeholder":"","visible":true,"editable":true},"list":{"label":"tongCong","searchable":true,"sortable":true}},"phuongThucThanhToan":{"edit":{"label":"phuongThucThanhToan","description":"","placeholder":"","visible":true,"editable":true},"list":{"label":"phuongThucThanhToan","searchable":false,"sortable":false}},"trangThai":{"edit":{"label":"trangThai","description":"","placeholder":"","visible":true,"editable":true},"list":{"label":"trangThai","searchable":true,"sortable":true}},"ghiChuAdmin":{"edit":{"label":"ghiChuAdmin","description":"","placeholder":"","visible":true,"editable":true},"list":{"label":"ghiChuAdmin","searchable":true,"sortable":true}},"createdAt":{"edit":{"label":"createdAt","description":"","placeholder":"","visible":false,"editable":true},"list":{"label":"createdAt","searchable":true,"sortable":true}},"updatedAt":{"edit":{"label":"updatedAt","description":"","placeholder":"","visible":false,"editable":true},"list":{"label":"updatedAt","searchable":true,"sortable":true}},"createdBy":{"edit":{"label":"createdBy","description":"","placeholder":"","visible":false,"editable":true,"mainField":"firstname"},"list":{"label":"createdBy","searchable":true,"sortable":true}},"updatedBy":{"edit":{"label":"updatedBy","description":"","placeholder":"","visible":false,"editable":true,"mainField":"firstname"},"list":{"label":"updatedBy","searchable":true,"sortable":true}},"documentId":{"edit":{},"list":{"label":"documentId","searchable":true,"sortable":true}}},"layouts":{"list":["id","maDonHang","thongTinKhachHang","sanPhams"],"edit":[[{"name":"maDonHang","size":6}],[{"name":"thongTinKhachHang","size":12}],[{"name":"sanPhams","size":12}],[{"name":"tamTinh","size":4},{"name":"phiVanChuyen","size":4},{"name":"tongCong","size":4}],[{"name":"phuongThucThanhToan","size":12}],[{"name":"trangThai","size":6},{"name":"ghiChuAdmin","size":6}]]},"uid":"api::don-hang.don-hang"}	object	\N	\N
107	plugin_content_manager_configuration_components::shared.cta-button	{"settings":{"bulkable":true,"filterable":true,"searchable":true,"pageSize":10,"mainField":"text","defaultSortBy":"text","defaultSortOrder":"ASC"},"metadatas":{"id":{"edit":{},"list":{"label":"id","searchable":false,"sortable":false}},"text":{"edit":{"label":"text","description":"","placeholder":"","visible":true,"editable":true},"list":{"label":"text","searchable":true,"sortable":true}},"url":{"edit":{"label":"url","description":"","placeholder":"","visible":true,"editable":true},"list":{"label":"url","searchable":true,"sortable":true}},"icon":{"edit":{"label":"icon","description":"","placeholder":"","visible":true,"editable":true},"list":{"label":"icon","searchable":true,"sortable":true}},"style":{"edit":{"label":"style","description":"","placeholder":"","visible":true,"editable":true},"list":{"label":"style","searchable":true,"sortable":true}},"documentId":{"edit":{},"list":{"label":"documentId","searchable":true,"sortable":true}}},"layouts":{"list":["id","text","url","icon"],"edit":[[{"name":"text","size":6},{"name":"url","size":6}],[{"name":"icon","size":6},{"name":"style","size":6}]]},"uid":"shared.cta-button","isComponent":true}	object	\N	\N
46	plugin_content_manager_configuration_components::home.feature-card	{"settings":{"bulkable":true,"filterable":true,"searchable":true,"pageSize":10,"mainField":"title","defaultSortBy":"title","defaultSortOrder":"ASC"},"metadatas":{"id":{"edit":{},"list":{"label":"id","searchable":false,"sortable":false}},"icon":{"edit":{"label":"icon","description":"","placeholder":"","visible":true,"editable":true},"list":{"label":"icon","searchable":false,"sortable":false}},"title":{"edit":{"label":"title","description":"","placeholder":"","visible":true,"editable":true},"list":{"label":"title","searchable":true,"sortable":true}},"description":{"edit":{"label":"description","description":"","placeholder":"","visible":true,"editable":true},"list":{"label":"description","searchable":true,"sortable":true}},"documentId":{"edit":{},"list":{"label":"documentId","searchable":true,"sortable":true}}},"layouts":{"list":["id","icon","title","description"],"edit":[[{"name":"icon","size":6},{"name":"title","size":6}],[{"name":"description","size":6}]]},"uid":"home.feature-card","isComponent":true}	object	\N	\N
73	core_admin_homepage-layout:1	{"version":1,"widgets":[{"uid":"plugin::admin.profile-info","width":6},{"uid":"plugin::content-manager.chart-entries","width":6},{"uid":"plugin::admin.key-statistics","width":12}],"updatedAt":"2026-01-04T14:19:12.564Z"}	object	\N	\N
31	plugin_content_manager_configuration_content_types::api::san-pham.san-pham	{"settings":{"bulkable":true,"filterable":true,"searchable":true,"pageSize":10,"mainField":"title","defaultSortBy":"title","defaultSortOrder":"ASC"},"metadatas":{"id":{"edit":{},"list":{"label":"id","searchable":true,"sortable":true}},"seo":{"edit":{"label":"seo","description":"","placeholder":"","visible":true,"editable":true},"list":{"label":"seo","searchable":false,"sortable":false}},"title":{"edit":{"label":"title","description":"","placeholder":"","visible":true,"editable":true},"list":{"label":"title","searchable":true,"sortable":true}},"slug":{"edit":{"label":"slug","description":"","placeholder":"","visible":true,"editable":true},"list":{"label":"slug","searchable":true,"sortable":true}},"moTaNgan":{"edit":{"label":"moTaNgan","description":"","placeholder":"","visible":true,"editable":true},"list":{"label":"moTaNgan","searchable":true,"sortable":true}},"anhSanPham":{"edit":{"label":"anhSanPham","description":"","placeholder":"","visible":true,"editable":true},"list":{"label":"anhSanPham","searchable":false,"sortable":false}},"giaGoc":{"edit":{"label":"giaGoc","description":"","placeholder":"","visible":true,"editable":true},"list":{"label":"giaGoc","searchable":true,"sortable":true}},"giaBan":{"edit":{"label":"giaBan","description":"","placeholder":"","visible":true,"editable":true},"list":{"label":"giaBan","searchable":true,"sortable":true}},"moTaChiTiet":{"edit":{"label":"moTaChiTiet","description":"","placeholder":"","visible":true,"editable":true},"list":{"label":"moTaChiTiet","searchable":false,"sortable":false}},"thongSo":{"edit":{"label":"thongSo","description":"","placeholder":"","visible":true,"editable":true},"list":{"label":"thongSo","searchable":false,"sortable":false}},"badges":{"edit":{"label":"badges","description":"","placeholder":"","visible":true,"editable":true},"list":{"label":"badges","searchable":true,"sortable":true}},"giamGia":{"edit":{"label":"giamGia","description":"","placeholder":"","visible":true,"editable":true},"list":{"label":"giamGia","searchable":true,"sortable":true}},"reviews":{"edit":{"label":"reviews","description":"","placeholder":"","visible":true,"editable":true},"list":{"label":"reviews","searchable":false,"sortable":false}},"rating":{"edit":{"label":"rating","description":"","placeholder":"","visible":true,"editable":true},"list":{"label":"rating","searchable":true,"sortable":true}},"reviewCount":{"edit":{"label":"reviewCount","description":"","placeholder":"","visible":true,"editable":true},"list":{"label":"reviewCount","searchable":true,"sortable":true}},"createdAt":{"edit":{"label":"createdAt","description":"","placeholder":"","visible":false,"editable":true},"list":{"label":"createdAt","searchable":true,"sortable":true}},"updatedAt":{"edit":{"label":"updatedAt","description":"","placeholder":"","visible":false,"editable":true},"list":{"label":"updatedAt","searchable":true,"sortable":true}},"createdBy":{"edit":{"label":"createdBy","description":"","placeholder":"","visible":false,"editable":true,"mainField":"firstname"},"list":{"label":"createdBy","searchable":true,"sortable":true}},"updatedBy":{"edit":{"label":"updatedBy","description":"","placeholder":"","visible":false,"editable":true,"mainField":"firstname"},"list":{"label":"updatedBy","searchable":true,"sortable":true}},"documentId":{"edit":{},"list":{"label":"documentId","searchable":true,"sortable":true}}},"layouts":{"list":["id","moTaNgan","anhSanPham","title"],"edit":[[{"name":"moTaNgan","size":6}],[{"name":"anhSanPham","size":6},{"name":"giaGoc","size":4}],[{"name":"giaBan","size":4}],[{"name":"moTaChiTiet","size":12}],[{"name":"thongSo","size":12}],[{"name":"seo","size":12}],[{"name":"slug","size":6},{"name":"title","size":6}],[{"name":"badges","size":6},{"name":"giamGia","size":4}],[{"name":"reviews","size":12}],[{"name":"rating","size":4},{"name":"reviewCount","size":4}]]},"uid":"api::san-pham.san-pham"}	object	\N	\N
108	plugin_content_manager_configuration_components::home.cta-section	{"settings":{"bulkable":true,"filterable":true,"searchable":true,"pageSize":10,"mainField":"title","defaultSortBy":"title","defaultSortOrder":"ASC"},"metadatas":{"id":{"edit":{},"list":{"label":"id","searchable":false,"sortable":false}},"title":{"edit":{"label":"title","description":"","placeholder":"","visible":true,"editable":true},"list":{"label":"title","searchable":true,"sortable":true}},"subtitle":{"edit":{"label":"subtitle","description":"","placeholder":"","visible":true,"editable":true},"list":{"label":"subtitle","searchable":true,"sortable":true}},"primaryButton":{"edit":{"label":"primaryButton","description":"","placeholder":"","visible":true,"editable":true},"list":{"label":"primaryButton","searchable":false,"sortable":false}},"secondaryButton":{"edit":{"label":"secondaryButton","description":"","placeholder":"","visible":true,"editable":true},"list":{"label":"secondaryButton","searchable":false,"sortable":false}},"documentId":{"edit":{},"list":{"label":"documentId","searchable":true,"sortable":true}}},"layouts":{"list":["id","title","subtitle","primaryButton"],"edit":[[{"name":"title","size":6},{"name":"subtitle","size":6}],[{"name":"primaryButton","size":12}],[{"name":"secondaryButton","size":12}]]},"uid":"home.cta-section","isComponent":true}	object	\N	\N
47	plugin_content_manager_configuration_components::home.why-choose-us	{"settings":{"bulkable":true,"filterable":true,"searchable":true,"pageSize":10,"mainField":"title","defaultSortBy":"title","defaultSortOrder":"ASC"},"metadatas":{"id":{"edit":{},"list":{"label":"id","searchable":false,"sortable":false}},"title":{"edit":{"label":"title","description":"","placeholder":"","visible":true,"editable":true},"list":{"label":"title","searchable":true,"sortable":true}},"subtitle":{"edit":{"label":"subtitle","description":"","placeholder":"","visible":true,"editable":true},"list":{"label":"subtitle","searchable":true,"sortable":true}},"featureCards":{"edit":{"label":"featureCards","description":"","placeholder":"","visible":true,"editable":true},"list":{"label":"featureCards","searchable":false,"sortable":false}},"documentId":{"edit":{},"list":{"label":"documentId","searchable":true,"sortable":true}}},"layouts":{"list":["id","title","subtitle","featureCards"],"edit":[[{"name":"title","size":6},{"name":"subtitle","size":6}],[{"name":"featureCards","size":12}]]},"uid":"home.why-choose-us","isComponent":true}	object	\N	\N
74	plugin_content_manager_configuration_components::about.workshop-section	{"settings":{"bulkable":true,"filterable":true,"searchable":true,"pageSize":10,"mainField":"badge","defaultSortBy":"badge","defaultSortOrder":"ASC"},"metadatas":{"id":{"edit":{},"list":{"label":"id","searchable":false,"sortable":false}},"badge":{"edit":{"label":"badge","description":"","placeholder":"","visible":true,"editable":true},"list":{"label":"badge","searchable":true,"sortable":true}},"badgeIcon":{"edit":{"label":"badgeIcon","description":"","placeholder":"","visible":true,"editable":true},"list":{"label":"badgeIcon","searchable":false,"sortable":false}},"title":{"edit":{"label":"title","description":"","placeholder":"","visible":true,"editable":true},"list":{"label":"title","searchable":true,"sortable":true}},"titleHighlight":{"edit":{"label":"titleHighlight","description":"","placeholder":"","visible":true,"editable":true},"list":{"label":"titleHighlight","searchable":true,"sortable":true}},"subtitle":{"edit":{"label":"subtitle","description":"","placeholder":"","visible":true,"editable":true},"list":{"label":"subtitle","searchable":true,"sortable":true}},"featuredImage":{"edit":{"label":"featuredImage","description":"","placeholder":"","visible":true,"editable":true},"list":{"label":"featuredImage","searchable":false,"sortable":false}},"galleryImages":{"edit":{"label":"galleryImages","description":"","placeholder":"","visible":true,"editable":true},"list":{"label":"galleryImages","searchable":false,"sortable":false}},"documentId":{"edit":{},"list":{"label":"documentId","searchable":true,"sortable":true}}},"layouts":{"list":["id","badge","badgeIcon","title"],"edit":[[{"name":"badge","size":6},{"name":"badgeIcon","size":6}],[{"name":"title","size":6},{"name":"titleHighlight","size":6}],[{"name":"subtitle","size":6}],[{"name":"featuredImage","size":12}],[{"name":"galleryImages","size":12}]]},"uid":"about.workshop-section","isComponent":true}	object	\N	\N
109	plugin_content_manager_configuration_components::home.blog-card	{"settings":{"bulkable":true,"filterable":true,"searchable":true,"pageSize":10,"mainField":"readingTime","defaultSortBy":"readingTime","defaultSortOrder":"ASC"},"metadatas":{"id":{"edit":{},"list":{"label":"id","searchable":false,"sortable":false}},"image":{"edit":{"label":"image","description":"","placeholder":"","visible":true,"editable":true},"list":{"label":"image","searchable":false,"sortable":false}},"isFeatured":{"edit":{"label":"isFeatured","description":"","placeholder":"","visible":true,"editable":true},"list":{"label":"isFeatured","searchable":true,"sortable":true}},"publishedDate":{"edit":{"label":"publishedDate","description":"","placeholder":"","visible":true,"editable":true},"list":{"label":"publishedDate","searchable":true,"sortable":true}},"readingTime":{"edit":{"label":"readingTime","description":"","placeholder":"","visible":true,"editable":true},"list":{"label":"readingTime","searchable":true,"sortable":true}},"title":{"edit":{"label":"title","description":"","placeholder":"","visible":true,"editable":true},"list":{"label":"title","searchable":true,"sortable":true}},"description":{"edit":{"label":"description","description":"","placeholder":"","visible":true,"editable":true},"list":{"label":"description","searchable":true,"sortable":true}},"link":{"edit":{"label":"link","description":"","placeholder":"","visible":true,"editable":true},"list":{"label":"link","searchable":true,"sortable":true}},"blog":{"edit":{"label":"blog","description":"","placeholder":"","visible":true,"editable":true,"mainField":"title"},"list":{"label":"blog","searchable":true,"sortable":true}},"documentId":{"edit":{},"list":{"label":"documentId","searchable":true,"sortable":true}}},"layouts":{"list":["id","image","isFeatured","publishedDate"],"edit":[[{"name":"image","size":6},{"name":"isFeatured","size":4}],[{"name":"publishedDate","size":4},{"name":"readingTime","size":6}],[{"name":"title","size":6},{"name":"description","size":6}],[{"name":"link","size":6},{"name":"blog","size":6}]]},"uid":"home.blog-card","isComponent":true}	object	\N	\N
33	plugin_content_manager_configuration_content_types::api::danh-muc-san-pham.danh-muc-san-pham	{"settings":{"bulkable":true,"filterable":true,"searchable":true,"pageSize":10,"mainField":"title","defaultSortBy":"title","defaultSortOrder":"ASC"},"metadatas":{"id":{"edit":{},"list":{"label":"id","searchable":true,"sortable":true}},"seo":{"edit":{"label":"seo","description":"","placeholder":"","visible":true,"editable":true},"list":{"label":"seo","searchable":false,"sortable":false}},"title":{"edit":{"label":"title","description":"","placeholder":"","visible":true,"editable":true},"list":{"label":"title","searchable":true,"sortable":true}},"slug":{"edit":{"label":"slug","description":"","placeholder":"","visible":true,"editable":true},"list":{"label":"slug","searchable":true,"sortable":true}},"moTa":{"edit":{"label":"moTa","description":"","placeholder":"","visible":true,"editable":true},"list":{"label":"moTa","searchable":true,"sortable":true}},"anhDanhMuc":{"edit":{"label":"anhDanhMuc","description":"","placeholder":"","visible":true,"editable":true},"list":{"label":"anhDanhMuc","searchable":false,"sortable":false}},"danhMucCapHai":{"edit":{"label":"danhMucCapHai","description":"","placeholder":"","visible":true,"editable":true},"list":{"label":"danhMucCapHai","searchable":false,"sortable":false}},"createdAt":{"edit":{"label":"createdAt","description":"","placeholder":"","visible":false,"editable":true},"list":{"label":"createdAt","searchable":true,"sortable":true}},"updatedAt":{"edit":{"label":"updatedAt","description":"","placeholder":"","visible":false,"editable":true},"list":{"label":"updatedAt","searchable":true,"sortable":true}},"createdBy":{"edit":{"label":"createdBy","description":"","placeholder":"","visible":false,"editable":true,"mainField":"firstname"},"list":{"label":"createdBy","searchable":true,"sortable":true}},"updatedBy":{"edit":{"label":"updatedBy","description":"","placeholder":"","visible":false,"editable":true,"mainField":"firstname"},"list":{"label":"updatedBy","searchable":true,"sortable":true}},"documentId":{"edit":{},"list":{"label":"documentId","searchable":true,"sortable":true}}},"layouts":{"list":["id","seo","slug","title"],"edit":[[{"name":"seo","size":12}],[{"name":"slug","size":6}],[{"name":"moTa","size":6},{"name":"anhDanhMuc","size":6}],[{"name":"danhMucCapHai","size":12}],[{"name":"title","size":6}]]},"uid":"api::danh-muc-san-pham.danh-muc-san-pham"}	object	\N	\N
48	plugin_content_manager_configuration_components::home.stat-card	{"settings":{"bulkable":true,"filterable":true,"searchable":true,"pageSize":10,"mainField":"number","defaultSortBy":"number","defaultSortOrder":"ASC"},"metadatas":{"id":{"edit":{},"list":{"label":"id","searchable":false,"sortable":false}},"icon":{"edit":{"label":"icon","description":"","placeholder":"","visible":true,"editable":true},"list":{"label":"icon","searchable":false,"sortable":false}},"number":{"edit":{"label":"number","description":"","placeholder":"","visible":true,"editable":true},"list":{"label":"number","searchable":true,"sortable":true}},"text":{"edit":{"label":"text","description":"","placeholder":"","visible":true,"editable":true},"list":{"label":"text","searchable":true,"sortable":true}},"documentId":{"edit":{},"list":{"label":"documentId","searchable":true,"sortable":true}}},"layouts":{"list":["id","icon","number","text"],"edit":[[{"name":"icon","size":6},{"name":"number","size":6}],[{"name":"text","size":6}]]},"uid":"home.stat-card","isComponent":true}	object	\N	\N
75	plugin_content_manager_configuration_components::about.timeline-milestone	{"settings":{"bulkable":true,"filterable":true,"searchable":true,"pageSize":10,"mainField":"year","defaultSortBy":"year","defaultSortOrder":"ASC"},"metadatas":{"id":{"edit":{},"list":{"label":"id","searchable":false,"sortable":false}},"year":{"edit":{"label":"year","description":"","placeholder":"","visible":true,"editable":true},"list":{"label":"year","searchable":true,"sortable":true}},"title":{"edit":{"label":"title","description":"","placeholder":"","visible":true,"editable":true},"list":{"label":"title","searchable":true,"sortable":true}},"description":{"edit":{"label":"description","description":"","placeholder":"","visible":true,"editable":true},"list":{"label":"description","searchable":true,"sortable":true}},"position":{"edit":{"label":"position","description":"","placeholder":"","visible":true,"editable":true},"list":{"label":"position","searchable":true,"sortable":true}},"documentId":{"edit":{},"list":{"label":"documentId","searchable":true,"sortable":true}}},"layouts":{"list":["id","year","title","description"],"edit":[[{"name":"year","size":6},{"name":"title","size":6}],[{"name":"description","size":6},{"name":"position","size":6}]]},"uid":"about.timeline-milestone","isComponent":true}	object	\N	\N
85	plugin_content_manager_configuration_components::about.core-values-section	{"settings":{"bulkable":true,"filterable":true,"searchable":true,"pageSize":10,"mainField":"badge","defaultSortBy":"badge","defaultSortOrder":"ASC"},"metadatas":{"id":{"edit":{},"list":{"label":"id","searchable":false,"sortable":false}},"badge":{"edit":{"label":"badge","description":"","placeholder":"","visible":true,"editable":true},"list":{"label":"badge","searchable":true,"sortable":true}},"badgeIcon":{"edit":{"label":"badgeIcon","description":"","placeholder":"","visible":true,"editable":true},"list":{"label":"badgeIcon","searchable":false,"sortable":false}},"title":{"edit":{"label":"title","description":"","placeholder":"","visible":true,"editable":true},"list":{"label":"title","searchable":true,"sortable":true}},"titleHighlight":{"edit":{"label":"titleHighlight","description":"","placeholder":"","visible":true,"editable":true},"list":{"label":"titleHighlight","searchable":true,"sortable":true}},"subtitle":{"edit":{"label":"subtitle","description":"","placeholder":"","visible":true,"editable":true},"list":{"label":"subtitle","searchable":true,"sortable":true}},"valueCards":{"edit":{"label":"valueCards","description":"","placeholder":"","visible":true,"editable":true},"list":{"label":"valueCards","searchable":false,"sortable":false}},"documentId":{"edit":{},"list":{"label":"documentId","searchable":true,"sortable":true}}},"layouts":{"list":["id","badge","badgeIcon","title"],"edit":[[{"name":"badge","size":6},{"name":"badgeIcon","size":6}],[{"name":"title","size":6},{"name":"titleHighlight","size":6}],[{"name":"subtitle","size":6}],[{"name":"valueCards","size":12}]]},"uid":"about.core-values-section","isComponent":true}	object	\N	\N
94	plugin_content_manager_configuration_components::about.button	{"settings":{"bulkable":true,"filterable":true,"searchable":true,"pageSize":10,"mainField":"text","defaultSortBy":"text","defaultSortOrder":"ASC"},"metadatas":{"id":{"edit":{},"list":{"label":"id","searchable":false,"sortable":false}},"text":{"edit":{"label":"text","description":"","placeholder":"","visible":true,"editable":true},"list":{"label":"text","searchable":true,"sortable":true}},"url":{"edit":{"label":"url","description":"","placeholder":"","visible":true,"editable":true},"list":{"label":"url","searchable":true,"sortable":true}},"icon":{"edit":{"label":"icon","description":"","placeholder":"","visible":true,"editable":true},"list":{"label":"icon","searchable":true,"sortable":true}},"documentId":{"edit":{},"list":{"label":"documentId","searchable":true,"sortable":true}}},"layouts":{"list":["id","text","url","icon"],"edit":[[{"name":"text","size":6},{"name":"url","size":6}],[{"name":"icon","size":6}]]},"uid":"about.button","isComponent":true}	object	\N	\N
49	plugin_content_manager_configuration_components::home.stats-section	{"settings":{"bulkable":true,"filterable":true,"searchable":true,"pageSize":10,"mainField":"documentId","defaultSortBy":"documentId","defaultSortOrder":"ASC"},"metadatas":{"id":{"edit":{},"list":{"label":"id","searchable":false,"sortable":false}},"statCards":{"edit":{"label":"statCards","description":"","placeholder":"","visible":true,"editable":true},"list":{"label":"statCards","searchable":false,"sortable":false}},"documentId":{"edit":{},"list":{"label":"documentId","searchable":true,"sortable":true}}},"layouts":{"list":["id","statCards"],"edit":[[{"name":"statCards","size":12}]]},"uid":"home.stats-section","isComponent":true}	object	\N	\N
76	plugin_content_manager_configuration_components::about.value-card	{"settings":{"bulkable":true,"filterable":true,"searchable":true,"pageSize":10,"mainField":"title","defaultSortBy":"title","defaultSortOrder":"ASC"},"metadatas":{"id":{"edit":{},"list":{"label":"id","searchable":false,"sortable":false}},"icon":{"edit":{"label":"icon","description":"","placeholder":"","visible":true,"editable":true},"list":{"label":"icon","searchable":false,"sortable":false}},"title":{"edit":{"label":"title","description":"","placeholder":"","visible":true,"editable":true},"list":{"label":"title","searchable":true,"sortable":true}},"description":{"edit":{"label":"description","description":"","placeholder":"","visible":true,"editable":true},"list":{"label":"description","searchable":true,"sortable":true}},"documentId":{"edit":{},"list":{"label":"documentId","searchable":true,"sortable":true}}},"layouts":{"list":["id","icon","title","description"],"edit":[[{"name":"icon","size":6},{"name":"title","size":6}],[{"name":"description","size":6}]]},"uid":"about.value-card","isComponent":true}	object	\N	\N
86	plugin_content_manager_configuration_components::about.commitments-section	{"settings":{"bulkable":true,"filterable":true,"searchable":true,"pageSize":10,"mainField":"badge","defaultSortBy":"badge","defaultSortOrder":"ASC"},"metadatas":{"id":{"edit":{},"list":{"label":"id","searchable":false,"sortable":false}},"badge":{"edit":{"label":"badge","description":"","placeholder":"","visible":true,"editable":true},"list":{"label":"badge","searchable":true,"sortable":true}},"badgeIcon":{"edit":{"label":"badgeIcon","description":"","placeholder":"","visible":true,"editable":true},"list":{"label":"badgeIcon","searchable":false,"sortable":false}},"title":{"edit":{"label":"title","description":"","placeholder":"","visible":true,"editable":true},"list":{"label":"title","searchable":true,"sortable":true}},"titleHighlight":{"edit":{"label":"titleHighlight","description":"","placeholder":"","visible":true,"editable":true},"list":{"label":"titleHighlight","searchable":true,"sortable":true}},"subtitle":{"edit":{"label":"subtitle","description":"","placeholder":"","visible":true,"editable":true},"list":{"label":"subtitle","searchable":true,"sortable":true}},"commitmentCards":{"edit":{"label":"commitmentCards","description":"","placeholder":"","visible":true,"editable":true},"list":{"label":"commitmentCards","searchable":false,"sortable":false}},"documentId":{"edit":{},"list":{"label":"documentId","searchable":true,"sortable":true}}},"layouts":{"list":["id","badge","badgeIcon","title"],"edit":[[{"name":"badge","size":6},{"name":"badgeIcon","size":6}],[{"name":"title","size":6},{"name":"titleHighlight","size":6}],[{"name":"subtitle","size":6}],[{"name":"commitmentCards","size":12}]]},"uid":"about.commitments-section","isComponent":true}	object	\N	\N
110	plugin_content_manager_configuration_components::home.latest-news-section	{"settings":{"bulkable":true,"filterable":true,"searchable":true,"pageSize":10,"mainField":"title","defaultSortBy":"title","defaultSortOrder":"ASC"},"metadatas":{"id":{"edit":{},"list":{"label":"id","searchable":false,"sortable":false}},"title":{"edit":{"label":"title","description":"","placeholder":"","visible":true,"editable":true},"list":{"label":"title","searchable":true,"sortable":true}},"subtitle":{"edit":{"label":"subtitle","description":"","placeholder":"","visible":true,"editable":true},"list":{"label":"subtitle","searchable":true,"sortable":true}},"viewAllButton":{"edit":{"label":"viewAllButton","description":"","placeholder":"","visible":true,"editable":true},"list":{"label":"viewAllButton","searchable":false,"sortable":false}},"blogs":{"edit":{"label":"blogs","description":"","placeholder":"","visible":true,"editable":true,"mainField":"title"},"list":{"label":"blogs","searchable":false,"sortable":false}},"documentId":{"edit":{},"list":{"label":"documentId","searchable":true,"sortable":true}}},"layouts":{"list":["id","title","subtitle","viewAllButton"],"edit":[[{"name":"title","size":6},{"name":"subtitle","size":6}],[{"name":"viewAllButton","size":12}],[{"name":"blogs","size":6}]]},"uid":"home.latest-news-section","isComponent":true}	object	\N	\N
50	plugin_content_manager_configuration_components::home.gallery-section	{"settings":{"bulkable":true,"filterable":true,"searchable":true,"pageSize":10,"mainField":"title","defaultSortBy":"title","defaultSortOrder":"ASC"},"metadatas":{"id":{"edit":{},"list":{"label":"id","searchable":false,"sortable":false}},"title":{"edit":{"label":"title","description":"","placeholder":"","visible":true,"editable":true},"list":{"label":"title","searchable":true,"sortable":true}},"subtitle":{"edit":{"label":"subtitle","description":"","placeholder":"","visible":true,"editable":true},"list":{"label":"subtitle","searchable":true,"sortable":true}},"images":{"edit":{"label":"images","description":"","placeholder":"","visible":true,"editable":true},"list":{"label":"images","searchable":false,"sortable":false}},"documentId":{"edit":{},"list":{"label":"documentId","searchable":true,"sortable":true}}},"layouts":{"list":["id","title","subtitle","images"],"edit":[[{"name":"title","size":6},{"name":"subtitle","size":6}],[{"name":"images","size":12}]]},"uid":"home.gallery-section","isComponent":true}	object	\N	\N
95	plugin_content_manager_configuration_content_types::api::ve-chung-toi.ve-chung-toi	{"settings":{"bulkable":true,"filterable":true,"searchable":true,"pageSize":10,"mainField":"documentId","defaultSortBy":"documentId","defaultSortOrder":"ASC"},"metadatas":{"id":{"edit":{},"list":{"label":"id","searchable":true,"sortable":true}},"seo":{"edit":{"label":"seo","description":"","placeholder":"","visible":true,"editable":true},"list":{"label":"seo","searchable":false,"sortable":false}},"heroSection":{"edit":{"label":"heroSection","description":"","placeholder":"","visible":true,"editable":true},"list":{"label":"heroSection","searchable":false,"sortable":false}},"introductionSection":{"edit":{"label":"introductionSection","description":"","placeholder":"","visible":true,"editable":true},"list":{"label":"introductionSection","searchable":false,"sortable":false}},"achievementsSection":{"edit":{"label":"achievementsSection","description":"","placeholder":"","visible":true,"editable":true},"list":{"label":"achievementsSection","searchable":false,"sortable":false}},"coreValuesSection":{"edit":{"label":"coreValuesSection","description":"","placeholder":"","visible":true,"editable":true},"list":{"label":"coreValuesSection","searchable":false,"sortable":false}},"historyTimelineSection":{"edit":{"label":"historyTimelineSection","description":"","placeholder":"","visible":true,"editable":true},"list":{"label":"historyTimelineSection","searchable":false,"sortable":false}},"commitmentsSection":{"edit":{"label":"commitmentsSection","description":"","placeholder":"","visible":true,"editable":true},"list":{"label":"commitmentsSection","searchable":false,"sortable":false}},"partnersSection":{"edit":{"label":"partnersSection","description":"","placeholder":"","visible":true,"editable":true},"list":{"label":"partnersSection","searchable":false,"sortable":false}},"certificationsSection":{"edit":{"label":"certificationsSection","description":"","placeholder":"","visible":true,"editable":true},"list":{"label":"certificationsSection","searchable":false,"sortable":false}},"showroomSection":{"edit":{"label":"showroomSection","description":"","placeholder":"","visible":true,"editable":true},"list":{"label":"showroomSection","searchable":false,"sortable":false}},"workshopSection":{"edit":{"label":"workshopSection","description":"","placeholder":"","visible":true,"editable":true},"list":{"label":"workshopSection","searchable":false,"sortable":false}},"storeLocationsSection":{"edit":{"label":"storeLocationsSection","description":"","placeholder":"","visible":true,"editable":true},"list":{"label":"storeLocationsSection","searchable":false,"sortable":false}},"processSection":{"edit":{"label":"processSection","description":"","placeholder":"","visible":true,"editable":true},"list":{"label":"processSection","searchable":false,"sortable":false}},"beforeAfterSection":{"edit":{"label":"beforeAfterSection","description":"","placeholder":"","visible":true,"editable":true},"list":{"label":"beforeAfterSection","searchable":false,"sortable":false}},"teamSection":{"edit":{"label":"teamSection","description":"","placeholder":"","visible":true,"editable":true},"list":{"label":"teamSection","searchable":false,"sortable":false}},"testimonialsSection":{"edit":{"label":"testimonialsSection","description":"","placeholder":"","visible":true,"editable":true},"list":{"label":"testimonialsSection","searchable":false,"sortable":false}},"ctaSection":{"edit":{"label":"ctaSection","description":"","placeholder":"","visible":true,"editable":true},"list":{"label":"ctaSection","searchable":false,"sortable":false}},"createdAt":{"edit":{"label":"createdAt","description":"","placeholder":"","visible":false,"editable":true},"list":{"label":"createdAt","searchable":true,"sortable":true}},"updatedAt":{"edit":{"label":"updatedAt","description":"","placeholder":"","visible":false,"editable":true},"list":{"label":"updatedAt","searchable":true,"sortable":true}},"createdBy":{"edit":{"label":"createdBy","description":"","placeholder":"","visible":false,"editable":true,"mainField":"firstname"},"list":{"label":"createdBy","searchable":true,"sortable":true}},"updatedBy":{"edit":{"label":"updatedBy","description":"","placeholder":"","visible":false,"editable":true,"mainField":"firstname"},"list":{"label":"updatedBy","searchable":true,"sortable":true}},"documentId":{"edit":{},"list":{"label":"documentId","searchable":true,"sortable":true}}},"layouts":{"list":["id","seo","heroSection","introductionSection"],"edit":[[{"name":"seo","size":12}],[{"name":"heroSection","size":12}],[{"name":"introductionSection","size":12}],[{"name":"achievementsSection","size":12}],[{"name":"coreValuesSection","size":12}],[{"name":"historyTimelineSection","size":12}],[{"name":"commitmentsSection","size":12}],[{"name":"partnersSection","size":12}],[{"name":"certificationsSection","size":12}],[{"name":"showroomSection","size":12}],[{"name":"workshopSection","size":12}],[{"name":"storeLocationsSection","size":12}],[{"name":"processSection","size":12}],[{"name":"beforeAfterSection","size":12}],[{"name":"teamSection","size":12}],[{"name":"testimonialsSection","size":12}],[{"name":"ctaSection","size":12}]]},"uid":"api::ve-chung-toi.ve-chung-toi"}	object	\N	\N
77	plugin_content_manager_configuration_components::about.team-section	{"settings":{"bulkable":true,"filterable":true,"searchable":true,"pageSize":10,"mainField":"badge","defaultSortBy":"badge","defaultSortOrder":"ASC"},"metadatas":{"id":{"edit":{},"list":{"label":"id","searchable":false,"sortable":false}},"badge":{"edit":{"label":"badge","description":"","placeholder":"","visible":true,"editable":true},"list":{"label":"badge","searchable":true,"sortable":true}},"badgeIcon":{"edit":{"label":"badgeIcon","description":"","placeholder":"","visible":true,"editable":true},"list":{"label":"badgeIcon","searchable":false,"sortable":false}},"title":{"edit":{"label":"title","description":"","placeholder":"","visible":true,"editable":true},"list":{"label":"title","searchable":true,"sortable":true}},"titleHighlight":{"edit":{"label":"titleHighlight","description":"","placeholder":"","visible":true,"editable":true},"list":{"label":"titleHighlight","searchable":true,"sortable":true}},"subtitle":{"edit":{"label":"subtitle","description":"","placeholder":"","visible":true,"editable":true},"list":{"label":"subtitle","searchable":true,"sortable":true}},"members":{"edit":{"label":"members","description":"","placeholder":"","visible":true,"editable":true},"list":{"label":"members","searchable":false,"sortable":false}},"documentId":{"edit":{},"list":{"label":"documentId","searchable":true,"sortable":true}}},"layouts":{"list":["id","badge","badgeIcon","title"],"edit":[[{"name":"badge","size":6},{"name":"badgeIcon","size":6}],[{"name":"title","size":6},{"name":"titleHighlight","size":6}],[{"name":"subtitle","size":6}],[{"name":"members","size":12}]]},"uid":"about.team-section","isComponent":true}	object	\N	\N
111	plugin_content_manager_configuration_components::home.product-category-card	{"settings":{"bulkable":true,"filterable":true,"searchable":true,"pageSize":10,"mainField":"documentId","defaultSortBy":"documentId","defaultSortOrder":"ASC"},"metadatas":{"id":{"edit":{},"list":{"label":"id","searchable":false,"sortable":false}},"danhMucSanPham":{"edit":{"label":"danhMucSanPham","description":"","placeholder":"","visible":true,"editable":true,"mainField":"title"},"list":{"label":"danhMucSanPham","searchable":true,"sortable":true}},"documentId":{"edit":{},"list":{"label":"documentId","searchable":true,"sortable":true}}},"layouts":{"list":["id"],"edit":[[{"name":"danhMucSanPham","size":6}]]},"uid":"home.product-category-card","isComponent":true}	object	\N	\N
51	plugin_content_manager_configuration_components::shared.image-with-alt	{"settings":{"bulkable":true,"filterable":true,"searchable":true,"pageSize":10,"mainField":"alt","defaultSortBy":"alt","defaultSortOrder":"ASC"},"metadatas":{"id":{"edit":{},"list":{"label":"id","searchable":false,"sortable":false}},"image":{"edit":{"label":"image","description":"","placeholder":"","visible":true,"editable":true},"list":{"label":"image","searchable":false,"sortable":false}},"alt":{"edit":{"label":"alt","description":"","placeholder":"","visible":true,"editable":true},"list":{"label":"alt","searchable":true,"sortable":true}},"documentId":{"edit":{},"list":{"label":"documentId","searchable":true,"sortable":true}}},"layouts":{"list":["id","image","alt"],"edit":[[{"name":"image","size":6},{"name":"alt","size":6}]]},"uid":"shared.image-with-alt","isComponent":true}	object	\N	\N
78	plugin_content_manager_configuration_components::about.team-member	{"settings":{"bulkable":true,"filterable":true,"searchable":true,"pageSize":10,"mainField":"name","defaultSortBy":"name","defaultSortOrder":"ASC"},"metadatas":{"id":{"edit":{},"list":{"label":"id","searchable":false,"sortable":false}},"avatar":{"edit":{"label":"avatar","description":"","placeholder":"","visible":true,"editable":true},"list":{"label":"avatar","searchable":false,"sortable":false}},"name":{"edit":{"label":"name","description":"","placeholder":"","visible":true,"editable":true},"list":{"label":"name","searchable":true,"sortable":true}},"position":{"edit":{"label":"position","description":"","placeholder":"","visible":true,"editable":true},"list":{"label":"position","searchable":true,"sortable":true}},"documentId":{"edit":{},"list":{"label":"documentId","searchable":true,"sortable":true}}},"layouts":{"list":["id","avatar","name","position"],"edit":[[{"name":"avatar","size":6},{"name":"name","size":6}],[{"name":"position","size":6}]]},"uid":"about.team-member","isComponent":true}	object	\N	\N
92	plugin_content_manager_configuration_components::about.before-after-section	{"settings":{"bulkable":true,"filterable":true,"searchable":true,"pageSize":10,"mainField":"badge","defaultSortBy":"badge","defaultSortOrder":"ASC"},"metadatas":{"id":{"edit":{},"list":{"label":"id","searchable":false,"sortable":false}},"badge":{"edit":{"label":"badge","description":"","placeholder":"","visible":true,"editable":true},"list":{"label":"badge","searchable":true,"sortable":true}},"badgeIcon":{"edit":{"label":"badgeIcon","description":"","placeholder":"","visible":true,"editable":true},"list":{"label":"badgeIcon","searchable":false,"sortable":false}},"title":{"edit":{"label":"title","description":"","placeholder":"","visible":true,"editable":true},"list":{"label":"title","searchable":true,"sortable":true}},"titleHighlight":{"edit":{"label":"titleHighlight","description":"","placeholder":"","visible":true,"editable":true},"list":{"label":"titleHighlight","searchable":true,"sortable":true}},"subtitle":{"edit":{"label":"subtitle","description":"","placeholder":"","visible":true,"editable":true},"list":{"label":"subtitle","searchable":true,"sortable":true}},"projects":{"edit":{"label":"projects","description":"","placeholder":"","visible":true,"editable":true},"list":{"label":"projects","searchable":false,"sortable":false}},"documentId":{"edit":{},"list":{"label":"documentId","searchable":true,"sortable":true}}},"layouts":{"list":["id","badge","badgeIcon","title"],"edit":[[{"name":"badge","size":6},{"name":"badgeIcon","size":6}],[{"name":"title","size":6},{"name":"titleHighlight","size":6}],[{"name":"subtitle","size":6}],[{"name":"projects","size":12}]]},"uid":"about.before-after-section","isComponent":true}	object	\N	\N
112	plugin_content_manager_configuration_components::home.product-categories-section	{"settings":{"bulkable":true,"filterable":true,"searchable":true,"pageSize":10,"mainField":"title","defaultSortBy":"title","defaultSortOrder":"ASC"},"metadatas":{"id":{"edit":{},"list":{"label":"id","searchable":false,"sortable":false}},"title":{"edit":{"label":"title","description":"","placeholder":"","visible":true,"editable":true},"list":{"label":"title","searchable":true,"sortable":true}},"subtitle":{"edit":{"label":"subtitle","description":"","placeholder":"","visible":true,"editable":true},"list":{"label":"subtitle","searchable":true,"sortable":true}},"danhMucSanPhams":{"edit":{"label":"danhMucSanPhams","description":"","placeholder":"","visible":true,"editable":true,"mainField":"title"},"list":{"label":"danhMucSanPhams","searchable":false,"sortable":false}},"documentId":{"edit":{},"list":{"label":"documentId","searchable":true,"sortable":true}}},"layouts":{"list":["id","title","subtitle","danhMucSanPhams"],"edit":[[{"name":"title","size":6},{"name":"subtitle","size":6}],[{"name":"danhMucSanPhams","size":6}]]},"uid":"home.product-categories-section","isComponent":true}	object	\N	\N
52	plugin_content_manager_configuration_components::home.partner-brand	{"settings":{"bulkable":true,"filterable":true,"searchable":true,"pageSize":10,"mainField":"name","defaultSortBy":"name","defaultSortOrder":"ASC"},"metadatas":{"id":{"edit":{},"list":{"label":"id","searchable":false,"sortable":false}},"name":{"edit":{"label":"name","description":"","placeholder":"","visible":true,"editable":true},"list":{"label":"name","searchable":true,"sortable":true}},"logo":{"edit":{"label":"logo","description":"","placeholder":"","visible":true,"editable":true},"list":{"label":"logo","searchable":false,"sortable":false}},"url":{"edit":{"label":"url","description":"","placeholder":"","visible":true,"editable":true},"list":{"label":"url","searchable":true,"sortable":true}},"documentId":{"edit":{},"list":{"label":"documentId","searchable":true,"sortable":true}}},"layouts":{"list":["id","name","logo","url"],"edit":[[{"name":"name","size":6},{"name":"logo","size":6}],[{"name":"url","size":6}]]},"uid":"home.partner-brand","isComponent":true}	object	\N	\N
79	plugin_content_manager_configuration_components::about.store-locations-section	{"settings":{"bulkable":true,"filterable":true,"searchable":true,"pageSize":10,"mainField":"badge","defaultSortBy":"badge","defaultSortOrder":"ASC"},"metadatas":{"id":{"edit":{},"list":{"label":"id","searchable":false,"sortable":false}},"badge":{"edit":{"label":"badge","description":"","placeholder":"","visible":true,"editable":true},"list":{"label":"badge","searchable":true,"sortable":true}},"badgeIcon":{"edit":{"label":"badgeIcon","description":"","placeholder":"","visible":true,"editable":true},"list":{"label":"badgeIcon","searchable":false,"sortable":false}},"title":{"edit":{"label":"title","description":"","placeholder":"","visible":true,"editable":true},"list":{"label":"title","searchable":true,"sortable":true}},"titleHighlight":{"edit":{"label":"titleHighlight","description":"","placeholder":"","visible":true,"editable":true},"list":{"label":"titleHighlight","searchable":true,"sortable":true}},"subtitle":{"edit":{"label":"subtitle","description":"","placeholder":"","visible":true,"editable":true},"list":{"label":"subtitle","searchable":true,"sortable":true}},"stores":{"edit":{"label":"stores","description":"","placeholder":"","visible":true,"editable":true},"list":{"label":"stores","searchable":false,"sortable":false}},"documentId":{"edit":{},"list":{"label":"documentId","searchable":true,"sortable":true}}},"layouts":{"list":["id","badge","badgeIcon","title"],"edit":[[{"name":"badge","size":6},{"name":"badgeIcon","size":6}],[{"name":"title","size":6},{"name":"titleHighlight","size":6}],[{"name":"subtitle","size":6}],[{"name":"stores","size":12}]]},"uid":"about.store-locations-section","isComponent":true}	object	\N	\N
93	plugin_content_manager_configuration_components::about.commitment-card	{"settings":{"bulkable":true,"filterable":true,"searchable":true,"pageSize":10,"mainField":"title","defaultSortBy":"title","defaultSortOrder":"ASC"},"metadatas":{"id":{"edit":{},"list":{"label":"id","searchable":false,"sortable":false}},"icon":{"edit":{"label":"icon","description":"","placeholder":"","visible":true,"editable":true},"list":{"label":"icon","searchable":false,"sortable":false}},"title":{"edit":{"label":"title","description":"","placeholder":"","visible":true,"editable":true},"list":{"label":"title","searchable":true,"sortable":true}},"description":{"edit":{"label":"description","description":"","placeholder":"","visible":true,"editable":true},"list":{"label":"description","searchable":true,"sortable":true}},"documentId":{"edit":{},"list":{"label":"documentId","searchable":true,"sortable":true}}},"layouts":{"list":["id","icon","title","description"],"edit":[[{"name":"icon","size":6},{"name":"title","size":6}],[{"name":"description","size":6}]]},"uid":"about.commitment-card","isComponent":true}	object	\N	\N
113	plugin_content_manager_configuration_components::home.newsletter-section	{"settings":{"bulkable":true,"filterable":true,"searchable":true,"pageSize":10,"mainField":"title","defaultSortBy":"title","defaultSortOrder":"ASC"},"metadatas":{"id":{"edit":{},"list":{"label":"id","searchable":false,"sortable":false}},"icon":{"edit":{"label":"icon","description":"","placeholder":"","visible":true,"editable":true},"list":{"label":"icon","searchable":false,"sortable":false}},"title":{"edit":{"label":"title","description":"","placeholder":"","visible":true,"editable":true},"list":{"label":"title","searchable":true,"sortable":true}},"subtitle":{"edit":{"label":"subtitle","description":"","placeholder":"","visible":true,"editable":true},"list":{"label":"subtitle","searchable":true,"sortable":true}},"buttonText":{"edit":{"label":"buttonText","description":"","placeholder":"","visible":true,"editable":true},"list":{"label":"buttonText","searchable":true,"sortable":true}},"privacyText":{"edit":{"label":"privacyText","description":"","placeholder":"","visible":true,"editable":true},"list":{"label":"privacyText","searchable":true,"sortable":true}},"documentId":{"edit":{},"list":{"label":"documentId","searchable":true,"sortable":true}}},"layouts":{"list":["id","icon","title","subtitle"],"edit":[[{"name":"icon","size":6},{"name":"title","size":6}],[{"name":"subtitle","size":6},{"name":"buttonText","size":6}],[{"name":"privacyText","size":6}]]},"uid":"home.newsletter-section","isComponent":true}	object	\N	\N
53	plugin_content_manager_configuration_components::home.partner-brands-section	{"settings":{"bulkable":true,"filterable":true,"searchable":true,"pageSize":10,"mainField":"title","defaultSortBy":"title","defaultSortOrder":"ASC"},"metadatas":{"id":{"edit":{},"list":{"label":"id","searchable":false,"sortable":false}},"title":{"edit":{"label":"title","description":"","placeholder":"","visible":true,"editable":true},"list":{"label":"title","searchable":true,"sortable":true}},"subtitle":{"edit":{"label":"subtitle","description":"","placeholder":"","visible":true,"editable":true},"list":{"label":"subtitle","searchable":true,"sortable":true}},"partnerBrands":{"edit":{"label":"partnerBrands","description":"","placeholder":"","visible":true,"editable":true},"list":{"label":"partnerBrands","searchable":false,"sortable":false}},"documentId":{"edit":{},"list":{"label":"documentId","searchable":true,"sortable":true}}},"layouts":{"list":["id","title","subtitle","partnerBrands"],"edit":[[{"name":"title","size":6},{"name":"subtitle","size":6}],[{"name":"partnerBrands","size":12}]]},"uid":"home.partner-brands-section","isComponent":true}	object	\N	\N
80	plugin_content_manager_configuration_components::about.project-card	{"settings":{"bulkable":true,"filterable":true,"searchable":true,"pageSize":10,"mainField":"title","defaultSortBy":"title","defaultSortOrder":"ASC"},"metadatas":{"id":{"edit":{},"list":{"label":"id","searchable":false,"sortable":false}},"image":{"edit":{"label":"image","description":"","placeholder":"","visible":true,"editable":true},"list":{"label":"image","searchable":false,"sortable":false}},"title":{"edit":{"label":"title","description":"","placeholder":"","visible":true,"editable":true},"list":{"label":"title","searchable":true,"sortable":true}},"description":{"edit":{"label":"description","description":"","placeholder":"","visible":true,"editable":true},"list":{"label":"description","searchable":true,"sortable":true}},"documentId":{"edit":{},"list":{"label":"documentId","searchable":true,"sortable":true}}},"layouts":{"list":["id","image","title","description"],"edit":[[{"name":"image","size":6},{"name":"title","size":6}],[{"name":"description","size":6}]]},"uid":"about.project-card","isComponent":true}	object	\N	\N
90	plugin_content_manager_configuration_components::about.certification-card	{"settings":{"bulkable":true,"filterable":true,"searchable":true,"pageSize":10,"mainField":"title","defaultSortBy":"title","defaultSortOrder":"ASC"},"metadatas":{"id":{"edit":{},"list":{"label":"id","searchable":false,"sortable":false}},"icon":{"edit":{"label":"icon","description":"","placeholder":"","visible":true,"editable":true},"list":{"label":"icon","searchable":false,"sortable":false}},"title":{"edit":{"label":"title","description":"","placeholder":"","visible":true,"editable":true},"list":{"label":"title","searchable":true,"sortable":true}},"subtitle":{"edit":{"label":"subtitle","description":"","placeholder":"","visible":true,"editable":true},"list":{"label":"subtitle","searchable":true,"sortable":true}},"documentId":{"edit":{},"list":{"label":"documentId","searchable":true,"sortable":true}}},"layouts":{"list":["id","icon","title","subtitle"],"edit":[[{"name":"icon","size":6},{"name":"title","size":6}],[{"name":"subtitle","size":6}]]},"uid":"about.certification-card","isComponent":true}	object	\N	\N
114	plugin_content_manager_configuration_content_types::api::newsletter-subscription.newsletter-subscription	{"settings":{"bulkable":true,"filterable":true,"searchable":true,"pageSize":10,"mainField":"documentId","defaultSortBy":"documentId","defaultSortOrder":"ASC"},"metadatas":{"id":{"edit":{},"list":{"label":"id","searchable":true,"sortable":true}},"email":{"edit":{"label":"email","description":"","placeholder":"","visible":true,"editable":true},"list":{"label":"email","searchable":true,"sortable":true}},"isActive":{"edit":{"label":"isActive","description":"","placeholder":"","visible":true,"editable":true},"list":{"label":"isActive","searchable":true,"sortable":true}},"subscribedAt":{"edit":{"label":"subscribedAt","description":"","placeholder":"","visible":true,"editable":true},"list":{"label":"subscribedAt","searchable":true,"sortable":true}},"unsubscribedAt":{"edit":{"label":"unsubscribedAt","description":"","placeholder":"","visible":true,"editable":true},"list":{"label":"unsubscribedAt","searchable":true,"sortable":true}},"createdAt":{"edit":{"label":"createdAt","description":"","placeholder":"","visible":false,"editable":true},"list":{"label":"createdAt","searchable":true,"sortable":true}},"updatedAt":{"edit":{"label":"updatedAt","description":"","placeholder":"","visible":false,"editable":true},"list":{"label":"updatedAt","searchable":true,"sortable":true}},"createdBy":{"edit":{"label":"createdBy","description":"","placeholder":"","visible":false,"editable":true,"mainField":"firstname"},"list":{"label":"createdBy","searchable":true,"sortable":true}},"updatedBy":{"edit":{"label":"updatedBy","description":"","placeholder":"","visible":false,"editable":true,"mainField":"firstname"},"list":{"label":"updatedBy","searchable":true,"sortable":true}},"documentId":{"edit":{},"list":{"label":"documentId","searchable":true,"sortable":true}}},"layouts":{"list":["id","email","isActive","subscribedAt"],"edit":[[{"name":"email","size":6},{"name":"isActive","size":4}],[{"name":"subscribedAt","size":6},{"name":"unsubscribedAt","size":6}]]},"uid":"api::newsletter-subscription.newsletter-subscription"}	object	\N	\N
54	plugin_content_manager_configuration_components::home.process-step	{"settings":{"bulkable":true,"filterable":true,"searchable":true,"pageSize":10,"mainField":"title","defaultSortBy":"title","defaultSortOrder":"ASC"},"metadatas":{"id":{"edit":{},"list":{"label":"id","searchable":false,"sortable":false}},"stepNumber":{"edit":{"label":"stepNumber","description":"","placeholder":"","visible":true,"editable":true},"list":{"label":"stepNumber","searchable":true,"sortable":true}},"icon":{"edit":{"label":"icon","description":"","placeholder":"","visible":true,"editable":true},"list":{"label":"icon","searchable":false,"sortable":false}},"title":{"edit":{"label":"title","description":"","placeholder":"","visible":true,"editable":true},"list":{"label":"title","searchable":true,"sortable":true}},"description":{"edit":{"label":"description","description":"","placeholder":"","visible":true,"editable":true},"list":{"label":"description","searchable":true,"sortable":true}},"documentId":{"edit":{},"list":{"label":"documentId","searchable":true,"sortable":true}}},"layouts":{"list":["id","stepNumber","icon","title"],"edit":[[{"name":"stepNumber","size":4},{"name":"icon","size":6}],[{"name":"title","size":6},{"name":"description","size":6}]]},"uid":"home.process-step","isComponent":true}	object	\N	\N
81	plugin_content_manager_configuration_components::about.showroom-card	{"settings":{"bulkable":true,"filterable":true,"searchable":true,"pageSize":10,"mainField":"title","defaultSortBy":"title","defaultSortOrder":"ASC"},"metadatas":{"id":{"edit":{},"list":{"label":"id","searchable":false,"sortable":false}},"image":{"edit":{"label":"image","description":"","placeholder":"","visible":true,"editable":true},"list":{"label":"image","searchable":false,"sortable":false}},"title":{"edit":{"label":"title","description":"","placeholder":"","visible":true,"editable":true},"list":{"label":"title","searchable":true,"sortable":true}},"subtitle":{"edit":{"label":"subtitle","description":"","placeholder":"","visible":true,"editable":true},"list":{"label":"subtitle","searchable":true,"sortable":true}},"documentId":{"edit":{},"list":{"label":"documentId","searchable":true,"sortable":true}}},"layouts":{"list":["id","image","title","subtitle"],"edit":[[{"name":"image","size":6},{"name":"title","size":6}],[{"name":"subtitle","size":6}]]},"uid":"about.showroom-card","isComponent":true}	object	\N	\N
91	plugin_content_manager_configuration_components::about.introduction-section	{"settings":{"bulkable":true,"filterable":true,"searchable":true,"pageSize":10,"mainField":"badge","defaultSortBy":"badge","defaultSortOrder":"ASC"},"metadatas":{"id":{"edit":{},"list":{"label":"id","searchable":false,"sortable":false}},"badge":{"edit":{"label":"badge","description":"","placeholder":"","visible":true,"editable":true},"list":{"label":"badge","searchable":true,"sortable":true}},"badgeIcon":{"edit":{"label":"badgeIcon","description":"","placeholder":"","visible":true,"editable":true},"list":{"label":"badgeIcon","searchable":false,"sortable":false}},"title":{"edit":{"label":"title","description":"","placeholder":"","visible":true,"editable":true},"list":{"label":"title","searchable":true,"sortable":true}},"titleHighlight":{"edit":{"label":"titleHighlight","description":"","placeholder":"","visible":true,"editable":true},"list":{"label":"titleHighlight","searchable":true,"sortable":true}},"paragraphs":{"edit":{"label":"paragraphs","description":"","placeholder":"","visible":true,"editable":true},"list":{"label":"paragraphs","searchable":true,"sortable":true}},"image":{"edit":{"label":"image","description":"","placeholder":"","visible":true,"editable":true},"list":{"label":"image","searchable":false,"sortable":false}},"imageOverlay":{"edit":{"label":"imageOverlay","description":"","placeholder":"","visible":true,"editable":true},"list":{"label":"imageOverlay","searchable":false,"sortable":false}},"documentId":{"edit":{},"list":{"label":"documentId","searchable":true,"sortable":true}}},"layouts":{"list":["id","badge","badgeIcon","title"],"edit":[[{"name":"badge","size":6},{"name":"badgeIcon","size":6}],[{"name":"title","size":6},{"name":"titleHighlight","size":6}],[{"name":"paragraphs","size":6},{"name":"image","size":6}],[{"name":"imageOverlay","size":12}]]},"uid":"about.introduction-section","isComponent":true}	object	\N	\N
55	plugin_content_manager_configuration_components::home.process-section	{"settings":{"bulkable":true,"filterable":true,"searchable":true,"pageSize":10,"mainField":"title","defaultSortBy":"title","defaultSortOrder":"ASC"},"metadatas":{"id":{"edit":{},"list":{"label":"id","searchable":false,"sortable":false}},"title":{"edit":{"label":"title","description":"","placeholder":"","visible":true,"editable":true},"list":{"label":"title","searchable":true,"sortable":true}},"subtitle":{"edit":{"label":"subtitle","description":"","placeholder":"","visible":true,"editable":true},"list":{"label":"subtitle","searchable":true,"sortable":true}},"steps":{"edit":{"label":"steps","description":"","placeholder":"","visible":true,"editable":true},"list":{"label":"steps","searchable":false,"sortable":false}},"documentId":{"edit":{},"list":{"label":"documentId","searchable":true,"sortable":true}}},"layouts":{"list":["id","title","subtitle","steps"],"edit":[[{"name":"title","size":6},{"name":"subtitle","size":6}],[{"name":"steps","size":12}]]},"uid":"home.process-section","isComponent":true}	object	\N	\N
82	plugin_content_manager_configuration_components::about.image-overlay	{"settings":{"bulkable":true,"filterable":true,"searchable":true,"pageSize":10,"mainField":"title","defaultSortBy":"title","defaultSortOrder":"ASC"},"metadatas":{"id":{"edit":{},"list":{"label":"id","searchable":false,"sortable":false}},"title":{"edit":{"label":"title","description":"","placeholder":"","visible":true,"editable":true},"list":{"label":"title","searchable":true,"sortable":true}},"subtitle":{"edit":{"label":"subtitle","description":"","placeholder":"","visible":true,"editable":true},"list":{"label":"subtitle","searchable":true,"sortable":true}},"documentId":{"edit":{},"list":{"label":"documentId","searchable":true,"sortable":true}}},"layouts":{"list":["id","title","subtitle"],"edit":[[{"name":"title","size":6},{"name":"subtitle","size":6}]]},"uid":"about.image-overlay","isComponent":true}	object	\N	\N
87	plugin_content_manager_configuration_components::about.store-location	{"settings":{"bulkable":true,"filterable":true,"searchable":true,"pageSize":10,"mainField":"name","defaultSortBy":"name","defaultSortOrder":"ASC"},"metadatas":{"id":{"edit":{},"list":{"label":"id","searchable":false,"sortable":false}},"image":{"edit":{"label":"image","description":"","placeholder":"","visible":true,"editable":true},"list":{"label":"image","searchable":false,"sortable":false}},"name":{"edit":{"label":"name","description":"","placeholder":"","visible":true,"editable":true},"list":{"label":"name","searchable":true,"sortable":true}},"address":{"edit":{"label":"address","description":"","placeholder":"","visible":true,"editable":true},"list":{"label":"address","searchable":true,"sortable":true}},"phone":{"edit":{"label":"phone","description":"","placeholder":"","visible":true,"editable":true},"list":{"label":"phone","searchable":true,"sortable":true}},"operatingHours":{"edit":{"label":"operatingHours","description":"","placeholder":"","visible":true,"editable":true},"list":{"label":"operatingHours","searchable":true,"sortable":true}},"mapUrl":{"edit":{"label":"mapUrl","description":"","placeholder":"","visible":true,"editable":true},"list":{"label":"mapUrl","searchable":true,"sortable":true}},"documentId":{"edit":{},"list":{"label":"documentId","searchable":true,"sortable":true}}},"layouts":{"list":["id","image","name","address"],"edit":[[{"name":"image","size":6},{"name":"name","size":6}],[{"name":"address","size":6},{"name":"phone","size":6}],[{"name":"operatingHours","size":6},{"name":"mapUrl","size":6}]]},"uid":"about.store-location","isComponent":true}	object	\N	\N
15	plugin_content_manager_configuration_content_types::admin::api-token	{"settings":{"bulkable":true,"filterable":true,"searchable":true,"pageSize":10,"mainField":"name","defaultSortBy":"name","defaultSortOrder":"ASC"},"metadatas":{"id":{"edit":{},"list":{"label":"id","searchable":true,"sortable":true}},"name":{"edit":{"label":"name","description":"","placeholder":"","visible":true,"editable":true},"list":{"label":"name","searchable":true,"sortable":true}},"description":{"edit":{"label":"description","description":"","placeholder":"","visible":true,"editable":true},"list":{"label":"description","searchable":true,"sortable":true}},"type":{"edit":{"label":"type","description":"","placeholder":"","visible":true,"editable":true},"list":{"label":"type","searchable":true,"sortable":true}},"accessKey":{"edit":{"label":"accessKey","description":"","placeholder":"","visible":true,"editable":true},"list":{"label":"accessKey","searchable":true,"sortable":true}},"encryptedKey":{"edit":{"label":"encryptedKey","description":"","placeholder":"","visible":true,"editable":true},"list":{"label":"encryptedKey","searchable":true,"sortable":true}},"lastUsedAt":{"edit":{"label":"lastUsedAt","description":"","placeholder":"","visible":true,"editable":true},"list":{"label":"lastUsedAt","searchable":true,"sortable":true}},"permissions":{"edit":{"label":"permissions","description":"","placeholder":"","visible":true,"editable":true,"mainField":"action"},"list":{"label":"permissions","searchable":false,"sortable":false}},"expiresAt":{"edit":{"label":"expiresAt","description":"","placeholder":"","visible":true,"editable":true},"list":{"label":"expiresAt","searchable":true,"sortable":true}},"lifespan":{"edit":{"label":"lifespan","description":"","placeholder":"","visible":true,"editable":true},"list":{"label":"lifespan","searchable":true,"sortable":true}},"createdAt":{"edit":{"label":"createdAt","description":"","placeholder":"","visible":false,"editable":true},"list":{"label":"createdAt","searchable":true,"sortable":true}},"updatedAt":{"edit":{"label":"updatedAt","description":"","placeholder":"","visible":false,"editable":true},"list":{"label":"updatedAt","searchable":true,"sortable":true}},"createdBy":{"edit":{"label":"createdBy","description":"","placeholder":"","visible":false,"editable":true,"mainField":"firstname"},"list":{"label":"createdBy","searchable":true,"sortable":true}},"updatedBy":{"edit":{"label":"updatedBy","description":"","placeholder":"","visible":false,"editable":true,"mainField":"firstname"},"list":{"label":"updatedBy","searchable":true,"sortable":true}},"documentId":{"edit":{},"list":{"label":"documentId","searchable":true,"sortable":true}}},"layouts":{"list":["id","name","description","type"],"edit":[[{"name":"name","size":6},{"name":"description","size":6}],[{"name":"type","size":6},{"name":"accessKey","size":6}],[{"name":"encryptedKey","size":6},{"name":"lastUsedAt","size":6}],[{"name":"permissions","size":6},{"name":"expiresAt","size":6}],[{"name":"lifespan","size":4}]]},"uid":"admin::api-token"}	object	\N	\N
56	plugin_content_manager_configuration_components::home.faq-item	{"settings":{"bulkable":true,"filterable":true,"searchable":true,"pageSize":10,"mainField":"question","defaultSortBy":"question","defaultSortOrder":"ASC"},"metadatas":{"id":{"edit":{},"list":{"label":"id","searchable":false,"sortable":false}},"question":{"edit":{"label":"question","description":"","placeholder":"","visible":true,"editable":true},"list":{"label":"question","searchable":true,"sortable":true}},"answer":{"edit":{"label":"answer","description":"","placeholder":"","visible":true,"editable":true},"list":{"label":"answer","searchable":false,"sortable":false}},"documentId":{"edit":{},"list":{"label":"documentId","searchable":true,"sortable":true}}},"layouts":{"list":["id","question"],"edit":[[{"name":"question","size":6}],[{"name":"answer","size":12}]]},"uid":"home.faq-item","isComponent":true}	object	\N	\N
28	core_admin_auth	{"providers":{"autoRegister":false,"defaultRole":null,"ssoLockedRoles":null}}	object	\N	\N
57	plugin_content_manager_configuration_components::home.faq-section	{"settings":{"bulkable":true,"filterable":true,"searchable":true,"pageSize":10,"mainField":"title","defaultSortBy":"title","defaultSortOrder":"ASC"},"metadatas":{"id":{"edit":{},"list":{"label":"id","searchable":false,"sortable":false}},"icon":{"edit":{"label":"icon","description":"","placeholder":"","visible":true,"editable":true},"list":{"label":"icon","searchable":false,"sortable":false}},"title":{"edit":{"label":"title","description":"","placeholder":"","visible":true,"editable":true},"list":{"label":"title","searchable":true,"sortable":true}},"subtitle":{"edit":{"label":"subtitle","description":"","placeholder":"","visible":true,"editable":true},"list":{"label":"subtitle","searchable":true,"sortable":true}},"faqItems":{"edit":{"label":"faqItems","description":"","placeholder":"","visible":true,"editable":true},"list":{"label":"faqItems","searchable":false,"sortable":false}},"documentId":{"edit":{},"list":{"label":"documentId","searchable":true,"sortable":true}}},"layouts":{"list":["id","icon","title","subtitle"],"edit":[[{"name":"icon","size":6},{"name":"title","size":6}],[{"name":"subtitle","size":6}],[{"name":"faqItems","size":12}]]},"uid":"home.faq-section","isComponent":true}	object	\N	\N
89	plugin_content_manager_configuration_components::about.certifications-section	{"settings":{"bulkable":true,"filterable":true,"searchable":true,"pageSize":10,"mainField":"badge","defaultSortBy":"badge","defaultSortOrder":"ASC"},"metadatas":{"id":{"edit":{},"list":{"label":"id","searchable":false,"sortable":false}},"badge":{"edit":{"label":"badge","description":"","placeholder":"","visible":true,"editable":true},"list":{"label":"badge","searchable":true,"sortable":true}},"badgeIcon":{"edit":{"label":"badgeIcon","description":"","placeholder":"","visible":true,"editable":true},"list":{"label":"badgeIcon","searchable":false,"sortable":false}},"title":{"edit":{"label":"title","description":"","placeholder":"","visible":true,"editable":true},"list":{"label":"title","searchable":true,"sortable":true}},"titleHighlight":{"edit":{"label":"titleHighlight","description":"","placeholder":"","visible":true,"editable":true},"list":{"label":"titleHighlight","searchable":true,"sortable":true}},"subtitle":{"edit":{"label":"subtitle","description":"","placeholder":"","visible":true,"editable":true},"list":{"label":"subtitle","searchable":true,"sortable":true}},"certificationCards":{"edit":{"label":"certificationCards","description":"","placeholder":"","visible":true,"editable":true},"list":{"label":"certificationCards","searchable":false,"sortable":false}},"documentId":{"edit":{},"list":{"label":"documentId","searchable":true,"sortable":true}}},"layouts":{"list":["id","badge","badgeIcon","title"],"edit":[[{"name":"badge","size":6},{"name":"badgeIcon","size":6}],[{"name":"title","size":6},{"name":"titleHighlight","size":6}],[{"name":"subtitle","size":6}],[{"name":"certificationCards","size":12}]]},"uid":"about.certifications-section","isComponent":true}	object	\N	\N
58	plugin_content_manager_configuration_components::home.testimonial	{"settings":{"bulkable":true,"filterable":true,"searchable":true,"pageSize":10,"mainField":"customerName","defaultSortBy":"customerName","defaultSortOrder":"ASC"},"metadatas":{"id":{"edit":{},"list":{"label":"id","searchable":false,"sortable":false}},"rating":{"edit":{"label":"rating","description":"","placeholder":"","visible":true,"editable":true},"list":{"label":"rating","searchable":true,"sortable":true}},"testimonial":{"edit":{"label":"testimonial","description":"","placeholder":"","visible":true,"editable":true},"list":{"label":"testimonial","searchable":true,"sortable":true}},"customerName":{"edit":{"label":"customerName","description":"","placeholder":"","visible":true,"editable":true},"list":{"label":"customerName","searchable":true,"sortable":true}},"avatar":{"edit":{"label":"avatar","description":"","placeholder":"","visible":true,"editable":true},"list":{"label":"avatar","searchable":false,"sortable":false}},"documentId":{"edit":{},"list":{"label":"documentId","searchable":true,"sortable":true}}},"layouts":{"list":["id","rating","testimonial","customerName"],"edit":[[{"name":"rating","size":4},{"name":"testimonial","size":6}],[{"name":"customerName","size":6},{"name":"avatar","size":6}]]},"uid":"home.testimonial","isComponent":true}	object	\N	\N
88	plugin_content_manager_configuration_components::about.showroom-section	{"settings":{"bulkable":true,"filterable":true,"searchable":true,"pageSize":10,"mainField":"badge","defaultSortBy":"badge","defaultSortOrder":"ASC"},"metadatas":{"id":{"edit":{},"list":{"label":"id","searchable":false,"sortable":false}},"badge":{"edit":{"label":"badge","description":"","placeholder":"","visible":true,"editable":true},"list":{"label":"badge","searchable":true,"sortable":true}},"badgeIcon":{"edit":{"label":"badgeIcon","description":"","placeholder":"","visible":true,"editable":true},"list":{"label":"badgeIcon","searchable":false,"sortable":false}},"title":{"edit":{"label":"title","description":"","placeholder":"","visible":true,"editable":true},"list":{"label":"title","searchable":true,"sortable":true}},"titleHighlight":{"edit":{"label":"titleHighlight","description":"","placeholder":"","visible":true,"editable":true},"list":{"label":"titleHighlight","searchable":true,"sortable":true}},"subtitle":{"edit":{"label":"subtitle","description":"","placeholder":"","visible":true,"editable":true},"list":{"label":"subtitle","searchable":true,"sortable":true}},"showroomCards":{"edit":{"label":"showroomCards","description":"","placeholder":"","visible":true,"editable":true},"list":{"label":"showroomCards","searchable":false,"sortable":false}},"documentId":{"edit":{},"list":{"label":"documentId","searchable":true,"sortable":true}}},"layouts":{"list":["id","badge","badgeIcon","title"],"edit":[[{"name":"badge","size":6},{"name":"badgeIcon","size":6}],[{"name":"title","size":6},{"name":"titleHighlight","size":6}],[{"name":"subtitle","size":6}],[{"name":"showroomCards","size":12}]]},"uid":"about.showroom-section","isComponent":true}	object	\N	\N
59	plugin_content_manager_configuration_components::home.testimonials-section	{"settings":{"bulkable":true,"filterable":true,"searchable":true,"pageSize":10,"mainField":"title","defaultSortBy":"title","defaultSortOrder":"ASC"},"metadatas":{"id":{"edit":{},"list":{"label":"id","searchable":false,"sortable":false}},"title":{"edit":{"label":"title","description":"","placeholder":"","visible":true,"editable":true},"list":{"label":"title","searchable":true,"sortable":true}},"subtitle":{"edit":{"label":"subtitle","description":"","placeholder":"","visible":true,"editable":true},"list":{"label":"subtitle","searchable":true,"sortable":true}},"testimonials":{"edit":{"label":"testimonials","description":"","placeholder":"","visible":true,"editable":true},"list":{"label":"testimonials","searchable":false,"sortable":false}},"documentId":{"edit":{},"list":{"label":"documentId","searchable":true,"sortable":true}}},"layouts":{"list":["id","title","subtitle","testimonials"],"edit":[[{"name":"title","size":6},{"name":"subtitle","size":6}],[{"name":"testimonials","size":12}]]},"uid":"home.testimonials-section","isComponent":true}	object	\N	\N
83	plugin_content_manager_configuration_components::about.history-timeline-section	{"settings":{"bulkable":true,"filterable":true,"searchable":true,"pageSize":10,"mainField":"badge","defaultSortBy":"badge","defaultSortOrder":"ASC"},"metadatas":{"id":{"edit":{},"list":{"label":"id","searchable":false,"sortable":false}},"badge":{"edit":{"label":"badge","description":"","placeholder":"","visible":true,"editable":true},"list":{"label":"badge","searchable":true,"sortable":true}},"badgeIcon":{"edit":{"label":"badgeIcon","description":"","placeholder":"","visible":true,"editable":true},"list":{"label":"badgeIcon","searchable":false,"sortable":false}},"title":{"edit":{"label":"title","description":"","placeholder":"","visible":true,"editable":true},"list":{"label":"title","searchable":true,"sortable":true}},"titleHighlight":{"edit":{"label":"titleHighlight","description":"","placeholder":"","visible":true,"editable":true},"list":{"label":"titleHighlight","searchable":true,"sortable":true}},"subtitle":{"edit":{"label":"subtitle","description":"","placeholder":"","visible":true,"editable":true},"list":{"label":"subtitle","searchable":true,"sortable":true}},"milestones":{"edit":{"label":"milestones","description":"","placeholder":"","visible":true,"editable":true},"list":{"label":"milestones","searchable":false,"sortable":false}},"documentId":{"edit":{},"list":{"label":"documentId","searchable":true,"sortable":true}}},"layouts":{"list":["id","badge","badgeIcon","title"],"edit":[[{"name":"badge","size":6},{"name":"badgeIcon","size":6}],[{"name":"title","size":6},{"name":"titleHighlight","size":6}],[{"name":"subtitle","size":6}],[{"name":"milestones","size":12}]]},"uid":"about.history-timeline-section","isComponent":true}	object	\N	\N
60	plugin_content_manager_configuration_components::home.contact-info-card	{"settings":{"bulkable":true,"filterable":true,"searchable":true,"pageSize":10,"mainField":"title","defaultSortBy":"title","defaultSortOrder":"ASC"},"metadatas":{"id":{"edit":{},"list":{"label":"id","searchable":false,"sortable":false}},"icon":{"edit":{"label":"icon","description":"","placeholder":"","visible":true,"editable":true},"list":{"label":"icon","searchable":false,"sortable":false}},"title":{"edit":{"label":"title","description":"","placeholder":"","visible":true,"editable":true},"list":{"label":"title","searchable":true,"sortable":true}},"details":{"edit":{"label":"details","description":"","placeholder":"","visible":true,"editable":true},"list":{"label":"details","searchable":true,"sortable":true}},"ctaText":{"edit":{"label":"ctaText","description":"","placeholder":"","visible":true,"editable":true},"list":{"label":"ctaText","searchable":true,"sortable":true}},"ctaUrl":{"edit":{"label":"ctaUrl","description":"","placeholder":"","visible":true,"editable":true},"list":{"label":"ctaUrl","searchable":true,"sortable":true}},"documentId":{"edit":{},"list":{"label":"documentId","searchable":true,"sortable":true}}},"layouts":{"list":["id","icon","title","details"],"edit":[[{"name":"icon","size":6},{"name":"title","size":6}],[{"name":"details","size":6},{"name":"ctaText","size":6}],[{"name":"ctaUrl","size":6}]]},"uid":"home.contact-info-card","isComponent":true}	object	\N	\N
84	plugin_content_manager_configuration_components::about.cta-section	{"settings":{"bulkable":true,"filterable":true,"searchable":true,"pageSize":10,"mainField":"badge","defaultSortBy":"badge","defaultSortOrder":"ASC"},"metadatas":{"id":{"edit":{},"list":{"label":"id","searchable":false,"sortable":false}},"badge":{"edit":{"label":"badge","description":"","placeholder":"","visible":true,"editable":true},"list":{"label":"badge","searchable":true,"sortable":true}},"badgeIcon":{"edit":{"label":"badgeIcon","description":"","placeholder":"","visible":true,"editable":true},"list":{"label":"badgeIcon","searchable":false,"sortable":false}},"title":{"edit":{"label":"title","description":"","placeholder":"","visible":true,"editable":true},"list":{"label":"title","searchable":true,"sortable":true}},"titleHighlight":{"edit":{"label":"titleHighlight","description":"","placeholder":"","visible":true,"editable":true},"list":{"label":"titleHighlight","searchable":true,"sortable":true}},"description":{"edit":{"label":"description","description":"","placeholder":"","visible":true,"editable":true},"list":{"label":"description","searchable":true,"sortable":true}},"primaryButton":{"edit":{"label":"primaryButton","description":"","placeholder":"","visible":true,"editable":true},"list":{"label":"primaryButton","searchable":false,"sortable":false}},"secondaryButton":{"edit":{"label":"secondaryButton","description":"","placeholder":"","visible":true,"editable":true},"list":{"label":"secondaryButton","searchable":false,"sortable":false}},"documentId":{"edit":{},"list":{"label":"documentId","searchable":true,"sortable":true}}},"layouts":{"list":["id","badge","badgeIcon","title"],"edit":[[{"name":"badge","size":6},{"name":"badgeIcon","size":6}],[{"name":"title","size":6},{"name":"titleHighlight","size":6}],[{"name":"description","size":6}],[{"name":"primaryButton","size":12}],[{"name":"secondaryButton","size":12}]]},"uid":"about.cta-section","isComponent":true}	object	\N	\N
61	plugin_content_manager_configuration_components::home.contact-section	{"settings":{"bulkable":true,"filterable":true,"searchable":true,"pageSize":10,"mainField":"title","defaultSortBy":"title","defaultSortOrder":"ASC"},"metadatas":{"id":{"edit":{},"list":{"label":"id","searchable":false,"sortable":false}},"title":{"edit":{"label":"title","description":"","placeholder":"","visible":true,"editable":true},"list":{"label":"title","searchable":true,"sortable":true}},"subtitle":{"edit":{"label":"subtitle","description":"","placeholder":"","visible":true,"editable":true},"list":{"label":"subtitle","searchable":true,"sortable":true}},"contactInfoCards":{"edit":{"label":"contactInfoCards","description":"","placeholder":"","visible":true,"editable":true},"list":{"label":"contactInfoCards","searchable":false,"sortable":false}},"documentId":{"edit":{},"list":{"label":"documentId","searchable":true,"sortable":true}}},"layouts":{"list":["id","title","subtitle","contactInfoCards"],"edit":[[{"name":"title","size":6},{"name":"subtitle","size":6}],[{"name":"contactInfoCards","size":12}]]},"uid":"home.contact-section","isComponent":true}	object	\N	\N
62	plugin_content_manager_configuration_components::shared.footer-link	{"settings":{"bulkable":true,"filterable":true,"searchable":true,"pageSize":10,"mainField":"text","defaultSortBy":"text","defaultSortOrder":"ASC"},"metadatas":{"id":{"edit":{},"list":{"label":"id","searchable":false,"sortable":false}},"text":{"edit":{"label":"text","description":"","placeholder":"","visible":true,"editable":true},"list":{"label":"text","searchable":true,"sortable":true}},"url":{"edit":{"label":"url","description":"","placeholder":"","visible":true,"editable":true},"list":{"label":"url","searchable":true,"sortable":true}},"documentId":{"edit":{},"list":{"label":"documentId","searchable":true,"sortable":true}}},"layouts":{"list":["id","text","url"],"edit":[[{"name":"text","size":6},{"name":"url","size":6}]]},"uid":"shared.footer-link","isComponent":true}	object	\N	\N
63	plugin_content_manager_configuration_components::shared.footer-column	{"settings":{"bulkable":true,"filterable":true,"searchable":true,"pageSize":10,"mainField":"heading","defaultSortBy":"heading","defaultSortOrder":"ASC"},"metadatas":{"id":{"edit":{},"list":{"label":"id","searchable":false,"sortable":false}},"heading":{"edit":{"label":"heading","description":"","placeholder":"","visible":true,"editable":true},"list":{"label":"heading","searchable":true,"sortable":true}},"links":{"edit":{"label":"links","description":"","placeholder":"","visible":true,"editable":true},"list":{"label":"links","searchable":false,"sortable":false}},"documentId":{"edit":{},"list":{"label":"documentId","searchable":true,"sortable":true}}},"layouts":{"list":["id","heading","links"],"edit":[[{"name":"heading","size":6}],[{"name":"links","size":12}]]},"uid":"shared.footer-column","isComponent":true}	object	\N	\N
64	plugin_content_manager_configuration_components::shared.social-media	{"settings":{"bulkable":true,"filterable":true,"searchable":true,"pageSize":10,"mainField":"url","defaultSortBy":"url","defaultSortOrder":"ASC"},"metadatas":{"id":{"edit":{},"list":{"label":"id","searchable":false,"sortable":false}},"icon":{"edit":{"label":"icon","description":"","placeholder":"","visible":true,"editable":true},"list":{"label":"icon","searchable":false,"sortable":false}},"url":{"edit":{"label":"url","description":"","placeholder":"","visible":true,"editable":true},"list":{"label":"url","searchable":true,"sortable":true}},"documentId":{"edit":{},"list":{"label":"documentId","searchable":true,"sortable":true}}},"layouts":{"list":["id","icon","url"],"edit":[[{"name":"icon","size":6},{"name":"url","size":6}]]},"uid":"shared.social-media","isComponent":true}	object	\N	\N
99	plugin_content_manager_configuration_components::home.professional-services-section	{"settings":{"bulkable":true,"filterable":true,"searchable":true,"pageSize":10,"mainField":"title","defaultSortBy":"title","defaultSortOrder":"ASC"},"metadatas":{"id":{"edit":{},"list":{"label":"id","searchable":false,"sortable":false}},"title":{"edit":{"label":"title","description":"","placeholder":"","visible":true,"editable":true},"list":{"label":"title","searchable":true,"sortable":true}},"subtitle":{"edit":{"label":"subtitle","description":"","placeholder":"","visible":true,"editable":true},"list":{"label":"subtitle","searchable":true,"sortable":true}},"serviceCards":{"edit":{"label":"serviceCards","description":"","placeholder":"","visible":true,"editable":true},"list":{"label":"serviceCards","searchable":false,"sortable":false}},"documentId":{"edit":{},"list":{"label":"documentId","searchable":true,"sortable":true}}},"layouts":{"list":["id","title","subtitle","serviceCards"],"edit":[[{"name":"title","size":6},{"name":"subtitle","size":6}],[{"name":"serviceCards","size":12}]]},"uid":"home.professional-services-section","isComponent":true}	object	\N	\N
65	plugin_content_manager_configuration_content_types::api::footer.footer	{"settings":{"bulkable":true,"filterable":true,"searchable":true,"pageSize":10,"mainField":"documentId","defaultSortBy":"companyName","defaultSortOrder":"ASC"},"metadatas":{"id":{"edit":{},"list":{"label":"id","searchable":true,"sortable":true}},"companyName":{"edit":{"label":"companyName","description":"","placeholder":"","visible":true,"editable":true},"list":{"label":"companyName","searchable":true,"sortable":true}},"companyDescription":{"edit":{"label":"companyDescription","description":"","placeholder":"","visible":true,"editable":true},"list":{"label":"companyDescription","searchable":true,"sortable":true}},"socialMedias":{"edit":{"label":"socialMedias","description":"","placeholder":"","visible":true,"editable":true},"list":{"label":"socialMedias","searchable":false,"sortable":false}},"columns":{"edit":{"label":"columns","description":"","placeholder":"","visible":true,"editable":true},"list":{"label":"columns","searchable":false,"sortable":false}},"copyright":{"edit":{"label":"copyright","description":"","placeholder":"","visible":true,"editable":true},"list":{"label":"copyright","searchable":true,"sortable":true}},"privacyPolicyUrl":{"edit":{"label":"privacyPolicyUrl","description":"","placeholder":"","visible":true,"editable":true},"list":{"label":"privacyPolicyUrl","searchable":true,"sortable":true}},"termsOfUseUrl":{"edit":{"label":"termsOfUseUrl","description":"","placeholder":"","visible":true,"editable":true},"list":{"label":"termsOfUseUrl","searchable":true,"sortable":true}},"createdAt":{"edit":{"label":"createdAt","description":"","placeholder":"","visible":false,"editable":true},"list":{"label":"createdAt","searchable":true,"sortable":true}},"updatedAt":{"edit":{"label":"updatedAt","description":"","placeholder":"","visible":false,"editable":true},"list":{"label":"updatedAt","searchable":true,"sortable":true}},"createdBy":{"edit":{"label":"createdBy","description":"","placeholder":"","visible":false,"editable":true,"mainField":"firstname"},"list":{"label":"createdBy","searchable":true,"sortable":true}},"updatedBy":{"edit":{"label":"updatedBy","description":"","placeholder":"","visible":false,"editable":true,"mainField":"firstname"},"list":{"label":"updatedBy","searchable":true,"sortable":true}},"documentId":{"edit":{},"list":{"label":"documentId","searchable":true,"sortable":true}}},"layouts":{"list":["id","companyName","companyDescription","socialMedias"],"edit":[[{"name":"companyName","size":6},{"name":"companyDescription","size":6}],[{"name":"socialMedias","size":12}],[{"name":"columns","size":12}],[{"name":"copyright","size":6},{"name":"privacyPolicyUrl","size":6}],[{"name":"termsOfUseUrl","size":6}]]},"uid":"api::footer.footer"}	object	\N	\N
100	plugin_content_manager_configuration_components::home.service-feature	{"settings":{"bulkable":true,"filterable":true,"searchable":true,"pageSize":10,"mainField":"text","defaultSortBy":"text","defaultSortOrder":"ASC"},"metadatas":{"id":{"edit":{},"list":{"label":"id","searchable":false,"sortable":false}},"text":{"edit":{"label":"text","description":"","placeholder":"","visible":true,"editable":true},"list":{"label":"text","searchable":true,"sortable":true}},"documentId":{"edit":{},"list":{"label":"documentId","searchable":true,"sortable":true}}},"layouts":{"list":["id","text"],"edit":[[{"name":"text","size":6}]]},"uid":"home.service-feature","isComponent":true}	object	\N	\N
66	plugin_content_manager_configuration_components::shared.contact-info-item	{"settings":{"bulkable":true,"filterable":true,"searchable":true,"pageSize":10,"mainField":"title","defaultSortBy":"title","defaultSortOrder":"ASC"},"metadatas":{"id":{"edit":{},"list":{"label":"id","searchable":false,"sortable":false}},"icon":{"edit":{"label":"icon","description":"","placeholder":"","visible":true,"editable":true},"list":{"label":"icon","searchable":false,"sortable":false}},"title":{"edit":{"label":"title","description":"","placeholder":"","visible":true,"editable":true},"list":{"label":"title","searchable":true,"sortable":true}},"value":{"edit":{"label":"value","description":"","placeholder":"","visible":true,"editable":true},"list":{"label":"value","searchable":true,"sortable":true}},"url":{"edit":{"label":"url","description":"","placeholder":"","visible":true,"editable":true},"list":{"label":"url","searchable":true,"sortable":true}},"documentId":{"edit":{},"list":{"label":"documentId","searchable":true,"sortable":true}}},"layouts":{"list":["id","icon","title","value"],"edit":[[{"name":"icon","size":6},{"name":"title","size":6}],[{"name":"value","size":6},{"name":"url","size":6}]]},"uid":"shared.contact-info-item","isComponent":true}	object	\N	\N
98	plugin_content_manager_configuration_components::home.service-card	{"settings":{"bulkable":true,"filterable":true,"searchable":true,"pageSize":10,"mainField":"title","defaultSortBy":"title","defaultSortOrder":"ASC"},"metadatas":{"id":{"edit":{},"list":{"label":"id","searchable":false,"sortable":false}},"icon":{"edit":{"label":"icon","description":"","placeholder":"","visible":true,"editable":true},"list":{"label":"icon","searchable":false,"sortable":false}},"image":{"edit":{"label":"image","description":"","placeholder":"","visible":true,"editable":true},"list":{"label":"image","searchable":false,"sortable":false}},"title":{"edit":{"label":"title","description":"","placeholder":"","visible":true,"editable":true},"list":{"label":"title","searchable":true,"sortable":true}},"description":{"edit":{"label":"description","description":"","placeholder":"","visible":true,"editable":true},"list":{"label":"description","searchable":true,"sortable":true}},"features":{"edit":{"label":"features","description":"","placeholder":"","visible":true,"editable":true},"list":{"label":"features","searchable":false,"sortable":false}},"link":{"edit":{"label":"link","description":"","placeholder":"","visible":true,"editable":true},"list":{"label":"link","searchable":true,"sortable":true}},"documentId":{"edit":{},"list":{"label":"documentId","searchable":true,"sortable":true}}},"layouts":{"list":["id","icon","image","title"],"edit":[[{"name":"icon","size":6},{"name":"image","size":6}],[{"name":"title","size":6},{"name":"description","size":6}],[{"name":"link","size":6}],[{"name":"features","size":12}]]},"uid":"home.service-card","isComponent":true}	object	\N	\N
101	plugin_content_manager_configuration_components::home.product-badge	{"settings":{"bulkable":true,"filterable":true,"searchable":true,"pageSize":10,"mainField":"text","defaultSortBy":"text","defaultSortOrder":"ASC"},"metadatas":{"id":{"edit":{},"list":{"label":"id","searchable":false,"sortable":false}},"text":{"edit":{"label":"text","description":"","placeholder":"","visible":true,"editable":true},"list":{"label":"text","searchable":true,"sortable":true}},"type":{"edit":{"label":"type","description":"","placeholder":"","visible":true,"editable":true},"list":{"label":"type","searchable":true,"sortable":true}},"documentId":{"edit":{},"list":{"label":"documentId","searchable":true,"sortable":true}}},"layouts":{"list":["id","text","type"],"edit":[[{"name":"text","size":6},{"name":"type","size":6}]]},"uid":"home.product-badge","isComponent":true}	object	\N	\N
68	plugin_content_manager_configuration_content_types::api::footer-contact.footer-contact	{"settings":{"bulkable":true,"filterable":true,"searchable":true,"pageSize":10,"mainField":"documentId","defaultSortBy":"documentId","defaultSortOrder":"ASC"},"metadatas":{"id":{"edit":{},"list":{"label":"id","searchable":true,"sortable":true}},"contactInfoItems":{"edit":{"label":"contactInfoItems","description":"","placeholder":"","visible":true,"editable":true},"list":{"label":"contactInfoItems","searchable":false,"sortable":false}},"createdAt":{"edit":{"label":"createdAt","description":"","placeholder":"","visible":false,"editable":true},"list":{"label":"createdAt","searchable":true,"sortable":true}},"updatedAt":{"edit":{"label":"updatedAt","description":"","placeholder":"","visible":false,"editable":true},"list":{"label":"updatedAt","searchable":true,"sortable":true}},"createdBy":{"edit":{"label":"createdBy","description":"","placeholder":"","visible":false,"editable":true,"mainField":"firstname"},"list":{"label":"createdBy","searchable":true,"sortable":true}},"updatedBy":{"edit":{"label":"updatedBy","description":"","placeholder":"","visible":false,"editable":true,"mainField":"firstname"},"list":{"label":"updatedBy","searchable":true,"sortable":true}},"documentId":{"edit":{},"list":{"label":"documentId","searchable":true,"sortable":true}}},"layouts":{"list":["id","contactInfoItems","createdAt","updatedAt"],"edit":[[{"name":"contactInfoItems","size":12}]]},"uid":"api::footer-contact.footer-contact"}	object	\N	\N
102	plugin_content_manager_configuration_components::home.featured-product-card	{"settings":{"bulkable":true,"filterable":true,"searchable":true,"pageSize":10,"mainField":"title","defaultSortBy":"title","defaultSortOrder":"ASC"},"metadatas":{"id":{"edit":{},"list":{"label":"id","searchable":false,"sortable":false}},"image":{"edit":{"label":"image","description":"","placeholder":"","visible":true,"editable":true},"list":{"label":"image","searchable":false,"sortable":false}},"badges":{"edit":{"label":"badges","description":"","placeholder":"","visible":true,"editable":true},"list":{"label":"badges","searchable":false,"sortable":false}},"title":{"edit":{"label":"title","description":"","placeholder":"","visible":true,"editable":true},"list":{"label":"title","searchable":true,"sortable":true}},"rating":{"edit":{"label":"rating","description":"","placeholder":"","visible":true,"editable":true},"list":{"label":"rating","searchable":true,"sortable":true}},"reviewCount":{"edit":{"label":"reviewCount","description":"","placeholder":"","visible":true,"editable":true},"list":{"label":"reviewCount","searchable":true,"sortable":true}},"price":{"edit":{"label":"price","description":"","placeholder":"","visible":true,"editable":true},"list":{"label":"price","searchable":true,"sortable":true}},"originalPrice":{"edit":{"label":"originalPrice","description":"","placeholder":"","visible":true,"editable":true},"list":{"label":"originalPrice","searchable":true,"sortable":true}},"buttonText":{"edit":{"label":"buttonText","description":"","placeholder":"","visible":true,"editable":true},"list":{"label":"buttonText","searchable":true,"sortable":true}},"sanPham":{"edit":{"label":"sanPham","description":"","placeholder":"","visible":true,"editable":true,"mainField":"title"},"list":{"label":"sanPham","searchable":true,"sortable":true}},"documentId":{"edit":{},"list":{"label":"documentId","searchable":true,"sortable":true}}},"layouts":{"list":["id","image","badges","title"],"edit":[[{"name":"image","size":6}],[{"name":"badges","size":12}],[{"name":"title","size":6},{"name":"rating","size":4}],[{"name":"reviewCount","size":4},{"name":"price","size":4},{"name":"originalPrice","size":4}],[{"name":"buttonText","size":6},{"name":"sanPham","size":6}]]},"uid":"home.featured-product-card","isComponent":true}	object	\N	\N
103	plugin_content_manager_configuration_components::home.featured-products-section	{"settings":{"bulkable":true,"filterable":true,"searchable":true,"pageSize":10,"mainField":"title","defaultSortBy":"title","defaultSortOrder":"ASC"},"metadatas":{"id":{"edit":{},"list":{"label":"id","searchable":false,"sortable":false}},"title":{"edit":{"label":"title","description":"","placeholder":"","visible":true,"editable":true},"list":{"label":"title","searchable":true,"sortable":true}},"subtitle":{"edit":{"label":"subtitle","description":"","placeholder":"","visible":true,"editable":true},"list":{"label":"subtitle","searchable":true,"sortable":true}},"products":{"edit":{"label":"products","description":"","placeholder":"","visible":true,"editable":true,"mainField":"title"},"list":{"label":"products","searchable":false,"sortable":false}},"documentId":{"edit":{},"list":{"label":"documentId","searchable":true,"sortable":true}}},"layouts":{"list":["id","title","subtitle","products"],"edit":[[{"name":"title","size":6},{"name":"subtitle","size":6}],[{"name":"products","size":12}]]},"uid":"home.featured-products-section","isComponent":true}	object	\N	\N
44	plugin_content_manager_configuration_content_types::api::home.home	{"settings":{"bulkable":true,"filterable":true,"searchable":true,"pageSize":10,"mainField":"documentId","defaultSortBy":"documentId","defaultSortOrder":"ASC"},"metadatas":{"id":{"edit":{},"list":{"label":"id","searchable":true,"sortable":true}},"seo":{"edit":{"label":"seo","description":"","placeholder":"","visible":true,"editable":true},"list":{"label":"seo","searchable":false,"sortable":false}},"heroSlider":{"edit":{"label":"heroSlider","description":"","placeholder":"","visible":true,"editable":true},"list":{"label":"heroSlider","searchable":false,"sortable":false}},"featureCards":{"edit":{"label":"featureCards","description":"","placeholder":"","visible":true,"editable":true},"list":{"label":"featureCards","searchable":false,"sortable":false}},"whyChooseUs":{"edit":{"label":"whyChooseUs","description":"","placeholder":"","visible":true,"editable":true},"list":{"label":"whyChooseUs","searchable":false,"sortable":false}},"statsSection":{"edit":{"label":"statsSection","description":"","placeholder":"","visible":true,"editable":true},"list":{"label":"statsSection","searchable":false,"sortable":false}},"gallerySection":{"edit":{"label":"gallerySection","description":"","placeholder":"","visible":true,"editable":true},"list":{"label":"gallerySection","searchable":false,"sortable":false}},"partnerBrandsSection":{"edit":{"label":"partnerBrandsSection","description":"","placeholder":"","visible":true,"editable":true},"list":{"label":"partnerBrandsSection","searchable":false,"sortable":false}},"processSection":{"edit":{"label":"processSection","description":"","placeholder":"","visible":true,"editable":true},"list":{"label":"processSection","searchable":false,"sortable":false}},"faqSection":{"edit":{"label":"faqSection","description":"","placeholder":"","visible":true,"editable":true},"list":{"label":"faqSection","searchable":false,"sortable":false}},"testimonialsSection":{"edit":{"label":"testimonialsSection","description":"","placeholder":"","visible":true,"editable":true},"list":{"label":"testimonialsSection","searchable":false,"sortable":false}},"contactSection":{"edit":{"label":"contactSection","description":"","placeholder":"","visible":true,"editable":true},"list":{"label":"contactSection","searchable":false,"sortable":false}},"professionalServicesSection":{"edit":{"label":"professionalServicesSection","description":"","placeholder":"","visible":true,"editable":true},"list":{"label":"professionalServicesSection","searchable":false,"sortable":false}},"featuredProductsSection":{"edit":{"label":"featuredProductsSection","description":"","placeholder":"","visible":true,"editable":true},"list":{"label":"featuredProductsSection","searchable":false,"sortable":false}},"specialPromotionsSection":{"edit":{"label":"specialPromotionsSection","description":"","placeholder":"","visible":true,"editable":true},"list":{"label":"specialPromotionsSection","searchable":false,"sortable":false}},"ctaSection":{"edit":{"label":"ctaSection","description":"","placeholder":"","visible":true,"editable":true},"list":{"label":"ctaSection","searchable":false,"sortable":false}},"latestNewsSection":{"edit":{"label":"latestNewsSection","description":"","placeholder":"","visible":true,"editable":true},"list":{"label":"latestNewsSection","searchable":false,"sortable":false}},"productCategoriesSection":{"edit":{"label":"productCategoriesSection","description":"","placeholder":"","visible":true,"editable":true},"list":{"label":"productCategoriesSection","searchable":false,"sortable":false}},"newsletterSection":{"edit":{"label":"newsletterSection","description":"","placeholder":"","visible":true,"editable":true},"list":{"label":"newsletterSection","searchable":false,"sortable":false}},"createdAt":{"edit":{"label":"createdAt","description":"","placeholder":"","visible":false,"editable":true},"list":{"label":"createdAt","searchable":true,"sortable":true}},"updatedAt":{"edit":{"label":"updatedAt","description":"","placeholder":"","visible":false,"editable":true},"list":{"label":"updatedAt","searchable":true,"sortable":true}},"createdBy":{"edit":{"label":"createdBy","description":"","placeholder":"","visible":false,"editable":true,"mainField":"firstname"},"list":{"label":"createdBy","searchable":true,"sortable":true}},"updatedBy":{"edit":{"label":"updatedBy","description":"","placeholder":"","visible":false,"editable":true,"mainField":"firstname"},"list":{"label":"updatedBy","searchable":true,"sortable":true}},"documentId":{"edit":{},"list":{"label":"documentId","searchable":true,"sortable":true}}},"layouts":{"list":["id","seo","createdAt","updatedAt"],"edit":[[{"name":"seo","size":12}],[{"name":"heroSlider","size":12}],[{"name":"featureCards","size":12}],[{"name":"whyChooseUs","size":12}],[{"name":"statsSection","size":12}],[{"name":"gallerySection","size":12}],[{"name":"partnerBrandsSection","size":12}],[{"name":"processSection","size":12}],[{"name":"faqSection","size":12}],[{"name":"testimonialsSection","size":12}],[{"name":"contactSection","size":12}],[{"name":"professionalServicesSection","size":12}],[{"name":"featuredProductsSection","size":12}],[{"name":"specialPromotionsSection","size":12}],[{"name":"ctaSection","size":12}],[{"name":"latestNewsSection","size":12}],[{"name":"productCategoriesSection","size":12}],[{"name":"newsletterSection","size":12}]]},"uid":"api::home.home"}	object	\N	\N
12	plugin_content_manager_configuration_content_types::plugin::review-workflows.workflow	{"settings":{"bulkable":true,"filterable":true,"searchable":true,"pageSize":10,"mainField":"name","defaultSortBy":"name","defaultSortOrder":"ASC"},"metadatas":{"id":{"edit":{},"list":{"label":"id","searchable":true,"sortable":true}},"name":{"edit":{"label":"name","description":"","placeholder":"","visible":true,"editable":true},"list":{"label":"name","searchable":true,"sortable":true}},"stages":{"edit":{"label":"stages","description":"","placeholder":"","visible":true,"editable":true,"mainField":"name"},"list":{"label":"stages","searchable":false,"sortable":false}},"stageRequiredToPublish":{"edit":{"label":"stageRequiredToPublish","description":"","placeholder":"","visible":true,"editable":true,"mainField":"name"},"list":{"label":"stageRequiredToPublish","searchable":true,"sortable":true}},"contentTypes":{"edit":{"label":"contentTypes","description":"","placeholder":"","visible":true,"editable":true},"list":{"label":"contentTypes","searchable":false,"sortable":false}},"createdAt":{"edit":{"label":"createdAt","description":"","placeholder":"","visible":false,"editable":true},"list":{"label":"createdAt","searchable":true,"sortable":true}},"updatedAt":{"edit":{"label":"updatedAt","description":"","placeholder":"","visible":false,"editable":true},"list":{"label":"updatedAt","searchable":true,"sortable":true}},"createdBy":{"edit":{"label":"createdBy","description":"","placeholder":"","visible":false,"editable":true,"mainField":"firstname"},"list":{"label":"createdBy","searchable":true,"sortable":true}},"updatedBy":{"edit":{"label":"updatedBy","description":"","placeholder":"","visible":false,"editable":true,"mainField":"firstname"},"list":{"label":"updatedBy","searchable":true,"sortable":true}},"documentId":{"edit":{},"list":{"label":"documentId","searchable":true,"sortable":true}}},"layouts":{"list":["id","name","stages","stageRequiredToPublish"],"edit":[[{"name":"name","size":6},{"name":"stages","size":6}],[{"name":"stageRequiredToPublish","size":6}],[{"name":"contentTypes","size":12}]]},"uid":"plugin::review-workflows.workflow"}	object	\N	\N
\.


--
-- Data for Name: strapi_database_schema; Type: TABLE DATA; Schema: public; Owner: autotuanlinh_user
--

COPY public.strapi_database_schema (id, schema, "time", hash) FROM stdin;
291	{"tables":[{"name":"files","indexes":[{"name":"upload_files_folder_path_index","columns":["folder_path"],"type":null},{"name":"upload_files_created_at_index","columns":["created_at"],"type":null},{"name":"upload_files_updated_at_index","columns":["updated_at"],"type":null},{"name":"upload_files_name_index","columns":["name"],"type":null},{"name":"upload_files_size_index","columns":["size"],"type":null},{"name":"upload_files_ext_index","columns":["ext"],"type":null},{"name":"files_documents_idx","columns":["document_id","locale","published_at"]},{"name":"files_created_by_id_fk","columns":["created_by_id"]},{"name":"files_updated_by_id_fk","columns":["updated_by_id"]}],"foreignKeys":[{"name":"files_created_by_id_fk","columns":["created_by_id"],"referencedTable":"admin_users","referencedColumns":["id"],"onDelete":"SET NULL"},{"name":"files_updated_by_id_fk","columns":["updated_by_id"],"referencedTable":"admin_users","referencedColumns":["id"],"onDelete":"SET NULL"}],"columns":[{"name":"id","type":"increments","args":[{"primary":true,"primaryKey":true}],"defaultTo":null,"notNullable":true,"unsigned":false},{"name":"document_id","type":"string","args":[],"defaultTo":null,"notNullable":false,"unsigned":false},{"name":"name","type":"string","args":[],"defaultTo":null,"notNullable":false,"unsigned":false},{"name":"alternative_text","type":"string","args":[],"defaultTo":null,"notNullable":false,"unsigned":false},{"name":"caption","type":"string","args":[],"defaultTo":null,"notNullable":false,"unsigned":false},{"name":"width","type":"integer","args":[],"defaultTo":null,"notNullable":false,"unsigned":false},{"name":"height","type":"integer","args":[],"defaultTo":null,"notNullable":false,"unsigned":false},{"name":"formats","type":"jsonb","args":[],"defaultTo":null,"notNullable":false,"unsigned":false},{"name":"hash","type":"string","args":[],"defaultTo":null,"notNullable":false,"unsigned":false},{"name":"ext","type":"string","args":[],"defaultTo":null,"notNullable":false,"unsigned":false},{"name":"mime","type":"string","args":[],"defaultTo":null,"notNullable":false,"unsigned":false},{"name":"size","type":"decimal","args":[10,2],"defaultTo":null,"notNullable":false,"unsigned":false},{"name":"url","type":"string","args":[],"defaultTo":null,"notNullable":false,"unsigned":false},{"name":"preview_url","type":"string","args":[],"defaultTo":null,"notNullable":false,"unsigned":false},{"name":"provider","type":"string","args":[],"defaultTo":null,"notNullable":false,"unsigned":false},{"name":"provider_metadata","type":"jsonb","args":[],"defaultTo":null,"notNullable":false,"unsigned":false},{"name":"folder_path","type":"string","args":[],"defaultTo":null,"notNullable":false,"unsigned":false},{"name":"created_at","type":"datetime","args":[{"useTz":false,"precision":6}],"defaultTo":null,"notNullable":false,"unsigned":false},{"name":"updated_at","type":"datetime","args":[{"useTz":false,"precision":6}],"defaultTo":null,"notNullable":false,"unsigned":false},{"name":"published_at","type":"datetime","args":[{"useTz":false,"precision":6}],"defaultTo":null,"notNullable":false,"unsigned":false},{"name":"created_by_id","type":"integer","args":[],"defaultTo":null,"notNullable":false,"unsigned":true},{"name":"updated_by_id","type":"integer","args":[],"defaultTo":null,"notNullable":false,"unsigned":true},{"name":"locale","type":"string","args":[],"defaultTo":null,"notNullable":false,"unsigned":false}]},{"name":"upload_folders","indexes":[{"name":"upload_folders_path_id_index","columns":["path_id"],"type":"unique"},{"name":"upload_folders_path_index","columns":["path"],"type":"unique"},{"name":"upload_folders_documents_idx","columns":["document_id","locale","published_at"]},{"name":"upload_folders_created_by_id_fk","columns":["created_by_id"]},{"name":"upload_folders_updated_by_id_fk","columns":["updated_by_id"]}],"foreignKeys":[{"name":"upload_folders_created_by_id_fk","columns":["created_by_id"],"referencedTable":"admin_users","referencedColumns":["id"],"onDelete":"SET NULL"},{"name":"upload_folders_updated_by_id_fk","columns":["updated_by_id"],"referencedTable":"admin_users","referencedColumns":["id"],"onDelete":"SET NULL"}],"columns":[{"name":"id","type":"increments","args":[{"primary":true,"primaryKey":true}],"defaultTo":null,"notNullable":true,"unsigned":false},{"name":"document_id","type":"string","args":[],"defaultTo":null,"notNullable":false,"unsigned":false},{"name":"name","type":"string","args":[],"defaultTo":null,"notNullable":false,"unsigned":false},{"name":"path_id","type":"integer","args":[],"defaultTo":null,"notNullable":false,"unsigned":false},{"name":"path","type":"string","args":[],"defaultTo":null,"notNullable":false,"unsigned":false},{"name":"created_at","type":"datetime","args":[{"useTz":false,"precision":6}],"defaultTo":null,"notNullable":false,"unsigned":false},{"name":"updated_at","type":"datetime","args":[{"useTz":false,"precision":6}],"defaultTo":null,"notNullable":false,"unsigned":false},{"name":"published_at","type":"datetime","args":[{"useTz":false,"precision":6}],"defaultTo":null,"notNullable":false,"unsigned":false},{"name":"created_by_id","type":"integer","args":[],"defaultTo":null,"notNullable":false,"unsigned":true},{"name":"updated_by_id","type":"integer","args":[],"defaultTo":null,"notNullable":false,"unsigned":true},{"name":"locale","type":"string","args":[],"defaultTo":null,"notNullable":false,"unsigned":false}]},{"name":"i18n_locale","indexes":[{"name":"i18n_locale_documents_idx","columns":["document_id","locale","published_at"]},{"name":"i18n_locale_created_by_id_fk","columns":["created_by_id"]},{"name":"i18n_locale_updated_by_id_fk","columns":["updated_by_id"]}],"foreignKeys":[{"name":"i18n_locale_created_by_id_fk","columns":["created_by_id"],"referencedTable":"admin_users","referencedColumns":["id"],"onDelete":"SET NULL"},{"name":"i18n_locale_updated_by_id_fk","columns":["updated_by_id"],"referencedTable":"admin_users","referencedColumns":["id"],"onDelete":"SET NULL"}],"columns":[{"name":"id","type":"increments","args":[{"primary":true,"primaryKey":true}],"defaultTo":null,"notNullable":true,"unsigned":false},{"name":"document_id","type":"string","args":[],"defaultTo":null,"notNullable":false,"unsigned":false},{"name":"name","type":"string","args":[],"defaultTo":null,"notNullable":false,"unsigned":false},{"name":"code","type":"string","args":[],"defaultTo":null,"notNullable":false,"unsigned":false},{"name":"created_at","type":"datetime","args":[{"useTz":false,"precision":6}],"defaultTo":null,"notNullable":false,"unsigned":false},{"name":"updated_at","type":"datetime","args":[{"useTz":false,"precision":6}],"defaultTo":null,"notNullable":false,"unsigned":false},{"name":"published_at","type":"datetime","args":[{"useTz":false,"precision":6}],"defaultTo":null,"notNullable":false,"unsigned":false},{"name":"created_by_id","type":"integer","args":[],"defaultTo":null,"notNullable":false,"unsigned":true},{"name":"updated_by_id","type":"integer","args":[],"defaultTo":null,"notNullable":false,"unsigned":true},{"name":"locale","type":"string","args":[],"defaultTo":null,"notNullable":false,"unsigned":false}]},{"name":"strapi_releases","indexes":[{"name":"strapi_releases_documents_idx","columns":["document_id","locale","published_at"]},{"name":"strapi_releases_created_by_id_fk","columns":["created_by_id"]},{"name":"strapi_releases_updated_by_id_fk","columns":["updated_by_id"]}],"foreignKeys":[{"name":"strapi_releases_created_by_id_fk","columns":["created_by_id"],"referencedTable":"admin_users","referencedColumns":["id"],"onDelete":"SET NULL"},{"name":"strapi_releases_updated_by_id_fk","columns":["updated_by_id"],"referencedTable":"admin_users","referencedColumns":["id"],"onDelete":"SET NULL"}],"columns":[{"name":"id","type":"increments","args":[{"primary":true,"primaryKey":true}],"defaultTo":null,"notNullable":true,"unsigned":false},{"name":"document_id","type":"string","args":[],"defaultTo":null,"notNullable":false,"unsigned":false},{"name":"name","type":"string","args":[],"defaultTo":null,"notNullable":false,"unsigned":false},{"name":"released_at","type":"datetime","args":[{"useTz":false,"precision":6}],"defaultTo":null,"notNullable":false,"unsigned":false},{"name":"scheduled_at","type":"datetime","args":[{"useTz":false,"precision":6}],"defaultTo":null,"notNullable":false,"unsigned":false},{"name":"timezone","type":"string","args":[],"defaultTo":null,"notNullable":false,"unsigned":false},{"name":"status","type":"string","args":[],"defaultTo":null,"notNullable":false,"unsigned":false},{"name":"created_at","type":"datetime","args":[{"useTz":false,"precision":6}],"defaultTo":null,"notNullable":false,"unsigned":false},{"name":"updated_at","type":"datetime","args":[{"useTz":false,"precision":6}],"defaultTo":null,"notNullable":false,"unsigned":false},{"name":"published_at","type":"datetime","args":[{"useTz":false,"precision":6}],"defaultTo":null,"notNullable":false,"unsigned":false},{"name":"created_by_id","type":"integer","args":[],"defaultTo":null,"notNullable":false,"unsigned":true},{"name":"updated_by_id","type":"integer","args":[],"defaultTo":null,"notNullable":false,"unsigned":true},{"name":"locale","type":"string","args":[],"defaultTo":null,"notNullable":false,"unsigned":false}]},{"name":"strapi_release_actions","indexes":[{"name":"strapi_release_actions_documents_idx","columns":["document_id","locale","published_at"]},{"name":"strapi_release_actions_created_by_id_fk","columns":["created_by_id"]},{"name":"strapi_release_actions_updated_by_id_fk","columns":["updated_by_id"]}],"foreignKeys":[{"name":"strapi_release_actions_created_by_id_fk","columns":["created_by_id"],"referencedTable":"admin_users","referencedColumns":["id"],"onDelete":"SET NULL"},{"name":"strapi_release_actions_updated_by_id_fk","columns":["updated_by_id"],"referencedTable":"admin_users","referencedColumns":["id"],"onDelete":"SET NULL"}],"columns":[{"name":"id","type":"increments","args":[{"primary":true,"primaryKey":true}],"defaultTo":null,"notNullable":true,"unsigned":false},{"name":"document_id","type":"string","args":[],"defaultTo":null,"notNullable":false,"unsigned":false},{"name":"type","type":"string","args":[],"defaultTo":null,"notNullable":false,"unsigned":false},{"name":"content_type","type":"string","args":[],"defaultTo":null,"notNullable":false,"unsigned":false},{"name":"entry_document_id","type":"string","args":[],"defaultTo":null,"notNullable":false,"unsigned":false},{"name":"locale","type":"string","args":[],"defaultTo":null,"notNullable":false,"unsigned":false},{"name":"is_entry_valid","type":"boolean","args":[],"defaultTo":null,"notNullable":false,"unsigned":false},{"name":"created_at","type":"datetime","args":[{"useTz":false,"precision":6}],"defaultTo":null,"notNullable":false,"unsigned":false},{"name":"updated_at","type":"datetime","args":[{"useTz":false,"precision":6}],"defaultTo":null,"notNullable":false,"unsigned":false},{"name":"published_at","type":"datetime","args":[{"useTz":false,"precision":6}],"defaultTo":null,"notNullable":false,"unsigned":false},{"name":"created_by_id","type":"integer","args":[],"defaultTo":null,"notNullable":false,"unsigned":true},{"name":"updated_by_id","type":"integer","args":[],"defaultTo":null,"notNullable":false,"unsigned":true}]},{"name":"strapi_workflows","indexes":[{"name":"strapi_workflows_documents_idx","columns":["document_id","locale","published_at"]},{"name":"strapi_workflows_created_by_id_fk","columns":["created_by_id"]},{"name":"strapi_workflows_updated_by_id_fk","columns":["updated_by_id"]}],"foreignKeys":[{"name":"strapi_workflows_created_by_id_fk","columns":["created_by_id"],"referencedTable":"admin_users","referencedColumns":["id"],"onDelete":"SET NULL"},{"name":"strapi_workflows_updated_by_id_fk","columns":["updated_by_id"],"referencedTable":"admin_users","referencedColumns":["id"],"onDelete":"SET NULL"}],"columns":[{"name":"id","type":"increments","args":[{"primary":true,"primaryKey":true}],"defaultTo":null,"notNullable":true,"unsigned":false},{"name":"document_id","type":"string","args":[],"defaultTo":null,"notNullable":false,"unsigned":false},{"name":"name","type":"string","args":[],"defaultTo":null,"notNullable":false,"unsigned":false},{"name":"content_types","type":"jsonb","args":[],"defaultTo":null,"notNullable":false,"unsigned":false},{"name":"created_at","type":"datetime","args":[{"useTz":false,"precision":6}],"defaultTo":null,"notNullable":false,"unsigned":false},{"name":"updated_at","type":"datetime","args":[{"useTz":false,"precision":6}],"defaultTo":null,"notNullable":false,"unsigned":false},{"name":"published_at","type":"datetime","args":[{"useTz":false,"precision":6}],"defaultTo":null,"notNullable":false,"unsigned":false},{"name":"created_by_id","type":"integer","args":[],"defaultTo":null,"notNullable":false,"unsigned":true},{"name":"updated_by_id","type":"integer","args":[],"defaultTo":null,"notNullable":false,"unsigned":true},{"name":"locale","type":"string","args":[],"defaultTo":null,"notNullable":false,"unsigned":false}]},{"name":"strapi_workflows_stages","indexes":[{"name":"strapi_workflows_stages_documents_idx","columns":["document_id","locale","published_at"]},{"name":"strapi_workflows_stages_created_by_id_fk","columns":["created_by_id"]},{"name":"strapi_workflows_stages_updated_by_id_fk","columns":["updated_by_id"]}],"foreignKeys":[{"name":"strapi_workflows_stages_created_by_id_fk","columns":["created_by_id"],"referencedTable":"admin_users","referencedColumns":["id"],"onDelete":"SET NULL"},{"name":"strapi_workflows_stages_updated_by_id_fk","columns":["updated_by_id"],"referencedTable":"admin_users","referencedColumns":["id"],"onDelete":"SET NULL"}],"columns":[{"name":"id","type":"increments","args":[{"primary":true,"primaryKey":true}],"defaultTo":null,"notNullable":true,"unsigned":false},{"name":"document_id","type":"string","args":[],"defaultTo":null,"notNullable":false,"unsigned":false},{"name":"name","type":"string","args":[],"defaultTo":null,"notNullable":false,"unsigned":false},{"name":"color","type":"string","args":[],"defaultTo":null,"notNullable":false,"unsigned":false},{"name":"created_at","type":"datetime","args":[{"useTz":false,"precision":6}],"defaultTo":null,"notNullable":false,"unsigned":false},{"name":"updated_at","type":"datetime","args":[{"useTz":false,"precision":6}],"defaultTo":null,"notNullable":false,"unsigned":false},{"name":"published_at","type":"datetime","args":[{"useTz":false,"precision":6}],"defaultTo":null,"notNullable":false,"unsigned":false},{"name":"created_by_id","type":"integer","args":[],"defaultTo":null,"notNullable":false,"unsigned":true},{"name":"updated_by_id","type":"integer","args":[],"defaultTo":null,"notNullable":false,"unsigned":true},{"name":"locale","type":"string","args":[],"defaultTo":null,"notNullable":false,"unsigned":false}]},{"name":"up_permissions","indexes":[{"name":"up_permissions_documents_idx","columns":["document_id","locale","published_at"]},{"name":"up_permissions_created_by_id_fk","columns":["created_by_id"]},{"name":"up_permissions_updated_by_id_fk","columns":["updated_by_id"]}],"foreignKeys":[{"name":"up_permissions_created_by_id_fk","columns":["created_by_id"],"referencedTable":"admin_users","referencedColumns":["id"],"onDelete":"SET NULL"},{"name":"up_permissions_updated_by_id_fk","columns":["updated_by_id"],"referencedTable":"admin_users","referencedColumns":["id"],"onDelete":"SET NULL"}],"columns":[{"name":"id","type":"increments","args":[{"primary":true,"primaryKey":true}],"defaultTo":null,"notNullable":true,"unsigned":false},{"name":"document_id","type":"string","args":[],"defaultTo":null,"notNullable":false,"unsigned":false},{"name":"action","type":"string","args":[],"defaultTo":null,"notNullable":false,"unsigned":false},{"name":"created_at","type":"datetime","args":[{"useTz":false,"precision":6}],"defaultTo":null,"notNullable":false,"unsigned":false},{"name":"updated_at","type":"datetime","args":[{"useTz":false,"precision":6}],"defaultTo":null,"notNullable":false,"unsigned":false},{"name":"published_at","type":"datetime","args":[{"useTz":false,"precision":6}],"defaultTo":null,"notNullable":false,"unsigned":false},{"name":"created_by_id","type":"integer","args":[],"defaultTo":null,"notNullable":false,"unsigned":true},{"name":"updated_by_id","type":"integer","args":[],"defaultTo":null,"notNullable":false,"unsigned":true},{"name":"locale","type":"string","args":[],"defaultTo":null,"notNullable":false,"unsigned":false}]},{"name":"up_roles","indexes":[{"name":"up_roles_documents_idx","columns":["document_id","locale","published_at"]},{"name":"up_roles_created_by_id_fk","columns":["created_by_id"]},{"name":"up_roles_updated_by_id_fk","columns":["updated_by_id"]}],"foreignKeys":[{"name":"up_roles_created_by_id_fk","columns":["created_by_id"],"referencedTable":"admin_users","referencedColumns":["id"],"onDelete":"SET NULL"},{"name":"up_roles_updated_by_id_fk","columns":["updated_by_id"],"referencedTable":"admin_users","referencedColumns":["id"],"onDelete":"SET NULL"}],"columns":[{"name":"id","type":"increments","args":[{"primary":true,"primaryKey":true}],"defaultTo":null,"notNullable":true,"unsigned":false},{"name":"document_id","type":"string","args":[],"defaultTo":null,"notNullable":false,"unsigned":false},{"name":"name","type":"string","args":[],"defaultTo":null,"notNullable":false,"unsigned":false},{"name":"description","type":"string","args":[],"defaultTo":null,"notNullable":false,"unsigned":false},{"name":"type","type":"string","args":[],"defaultTo":null,"notNullable":false,"unsigned":false},{"name":"created_at","type":"datetime","args":[{"useTz":false,"precision":6}],"defaultTo":null,"notNullable":false,"unsigned":false},{"name":"updated_at","type":"datetime","args":[{"useTz":false,"precision":6}],"defaultTo":null,"notNullable":false,"unsigned":false},{"name":"published_at","type":"datetime","args":[{"useTz":false,"precision":6}],"defaultTo":null,"notNullable":false,"unsigned":false},{"name":"created_by_id","type":"integer","args":[],"defaultTo":null,"notNullable":false,"unsigned":true},{"name":"updated_by_id","type":"integer","args":[],"defaultTo":null,"notNullable":false,"unsigned":true},{"name":"locale","type":"string","args":[],"defaultTo":null,"notNullable":false,"unsigned":false}]},{"name":"up_users","indexes":[{"name":"up_users_documents_idx","columns":["document_id","locale","published_at"]},{"name":"up_users_created_by_id_fk","columns":["created_by_id"]},{"name":"up_users_updated_by_id_fk","columns":["updated_by_id"]}],"foreignKeys":[{"name":"up_users_created_by_id_fk","columns":["created_by_id"],"referencedTable":"admin_users","referencedColumns":["id"],"onDelete":"SET NULL"},{"name":"up_users_updated_by_id_fk","columns":["updated_by_id"],"referencedTable":"admin_users","referencedColumns":["id"],"onDelete":"SET NULL"}],"columns":[{"name":"id","type":"increments","args":[{"primary":true,"primaryKey":true}],"defaultTo":null,"notNullable":true,"unsigned":false},{"name":"document_id","type":"string","args":[],"defaultTo":null,"notNullable":false,"unsigned":false},{"name":"username","type":"string","args":[],"defaultTo":null,"notNullable":false,"unsigned":false},{"name":"email","type":"string","args":[],"defaultTo":null,"notNullable":false,"unsigned":false},{"name":"provider","type":"string","args":[],"defaultTo":null,"notNullable":false,"unsigned":false},{"name":"password","type":"string","args":[],"defaultTo":null,"notNullable":false,"unsigned":false},{"name":"reset_password_token","type":"string","args":[],"defaultTo":null,"notNullable":false,"unsigned":false},{"name":"confirmation_token","type":"string","args":[],"defaultTo":null,"notNullable":false,"unsigned":false},{"name":"confirmed","type":"boolean","args":[],"defaultTo":null,"notNullable":false,"unsigned":false},{"name":"blocked","type":"boolean","args":[],"defaultTo":null,"notNullable":false,"unsigned":false},{"name":"created_at","type":"datetime","args":[{"useTz":false,"precision":6}],"defaultTo":null,"notNullable":false,"unsigned":false},{"name":"updated_at","type":"datetime","args":[{"useTz":false,"precision":6}],"defaultTo":null,"notNullable":false,"unsigned":false},{"name":"published_at","type":"datetime","args":[{"useTz":false,"precision":6}],"defaultTo":null,"notNullable":false,"unsigned":false},{"name":"created_by_id","type":"integer","args":[],"defaultTo":null,"notNullable":false,"unsigned":true},{"name":"updated_by_id","type":"integer","args":[],"defaultTo":null,"notNullable":false,"unsigned":true},{"name":"locale","type":"string","args":[],"defaultTo":null,"notNullable":false,"unsigned":false}]},{"name":"blogs_cmps","indexes":[{"name":"blogs_field_idx","columns":["field"]},{"name":"blogs_component_type_idx","columns":["component_type"]},{"name":"blogs_entity_fk","columns":["entity_id"]},{"name":"blogs_uq","columns":["entity_id","cmp_id","field","component_type"],"type":"unique"}],"foreignKeys":[{"name":"blogs_entity_fk","columns":["entity_id"],"referencedColumns":["id"],"referencedTable":"blogs","onDelete":"CASCADE"}],"columns":[{"name":"id","type":"increments","args":[{"primary":true,"primaryKey":true}],"defaultTo":null,"notNullable":true,"unsigned":false},{"name":"entity_id","type":"integer","args":[],"defaultTo":null,"notNullable":false,"unsigned":true},{"name":"cmp_id","type":"integer","args":[],"defaultTo":null,"notNullable":false,"unsigned":true},{"name":"component_type","type":"string","args":[],"defaultTo":null,"notNullable":false,"unsigned":false},{"name":"field","type":"string","args":[],"defaultTo":null,"notNullable":false,"unsigned":false},{"name":"order","type":"double","args":[],"defaultTo":null,"notNullable":false,"unsigned":true}]},{"name":"blogs","indexes":[{"name":"blogs_documents_idx","columns":["document_id","locale","published_at"]},{"name":"blogs_created_by_id_fk","columns":["created_by_id"]},{"name":"blogs_updated_by_id_fk","columns":["updated_by_id"]}],"foreignKeys":[{"name":"blogs_created_by_id_fk","columns":["created_by_id"],"referencedTable":"admin_users","referencedColumns":["id"],"onDelete":"SET NULL"},{"name":"blogs_updated_by_id_fk","columns":["updated_by_id"],"referencedTable":"admin_users","referencedColumns":["id"],"onDelete":"SET NULL"}],"columns":[{"name":"id","type":"increments","args":[{"primary":true,"primaryKey":true}],"defaultTo":null,"notNullable":true,"unsigned":false},{"name":"document_id","type":"string","args":[],"defaultTo":null,"notNullable":false,"unsigned":false},{"name":"hashtag","type":"text","args":["longtext"],"defaultTo":null,"notNullable":false,"unsigned":false},{"name":"title","type":"string","args":[],"defaultTo":null,"notNullable":false,"unsigned":false},{"name":"slug","type":"string","args":[],"defaultTo":null,"notNullable":false,"unsigned":false},{"name":"mo_ta_ngan","type":"text","args":["longtext"],"defaultTo":null,"notNullable":false,"unsigned":false},{"name":"noi_dung","type":"text","args":["longtext"],"defaultTo":null,"notNullable":false,"unsigned":false},{"name":"created_at","type":"datetime","args":[{"useTz":false,"precision":6}],"defaultTo":null,"notNullable":false,"unsigned":false},{"name":"updated_at","type":"datetime","args":[{"useTz":false,"precision":6}],"defaultTo":null,"notNullable":false,"unsigned":false},{"name":"published_at","type":"datetime","args":[{"useTz":false,"precision":6}],"defaultTo":null,"notNullable":false,"unsigned":false},{"name":"created_by_id","type":"integer","args":[],"defaultTo":null,"notNullable":false,"unsigned":true},{"name":"updated_by_id","type":"integer","args":[],"defaultTo":null,"notNullable":false,"unsigned":true},{"name":"locale","type":"string","args":[],"defaultTo":null,"notNullable":false,"unsigned":false}]},{"name":"danh_muc_bai_viets_cmps","indexes":[{"name":"danh_muc_bai_viets_field_idx","columns":["field"]},{"name":"danh_muc_bai_viets_component_type_idx","columns":["component_type"]},{"name":"danh_muc_bai_viets_entity_fk","columns":["entity_id"]},{"name":"danh_muc_bai_viets_uq","columns":["entity_id","cmp_id","field","component_type"],"type":"unique"}],"foreignKeys":[{"name":"danh_muc_bai_viets_entity_fk","columns":["entity_id"],"referencedColumns":["id"],"referencedTable":"danh_muc_bai_viets","onDelete":"CASCADE"}],"columns":[{"name":"id","type":"increments","args":[{"primary":true,"primaryKey":true}],"defaultTo":null,"notNullable":true,"unsigned":false},{"name":"entity_id","type":"integer","args":[],"defaultTo":null,"notNullable":false,"unsigned":true},{"name":"cmp_id","type":"integer","args":[],"defaultTo":null,"notNullable":false,"unsigned":true},{"name":"component_type","type":"string","args":[],"defaultTo":null,"notNullable":false,"unsigned":false},{"name":"field","type":"string","args":[],"defaultTo":null,"notNullable":false,"unsigned":false},{"name":"order","type":"double","args":[],"defaultTo":null,"notNullable":false,"unsigned":true}]},{"name":"danh_muc_bai_viets","indexes":[{"name":"danh_muc_bai_viets_documents_idx","columns":["document_id","locale","published_at"]},{"name":"danh_muc_bai_viets_created_by_id_fk","columns":["created_by_id"]},{"name":"danh_muc_bai_viets_updated_by_id_fk","columns":["updated_by_id"]}],"foreignKeys":[{"name":"danh_muc_bai_viets_created_by_id_fk","columns":["created_by_id"],"referencedTable":"admin_users","referencedColumns":["id"],"onDelete":"SET NULL"},{"name":"danh_muc_bai_viets_updated_by_id_fk","columns":["updated_by_id"],"referencedTable":"admin_users","referencedColumns":["id"],"onDelete":"SET NULL"}],"columns":[{"name":"id","type":"increments","args":[{"primary":true,"primaryKey":true}],"defaultTo":null,"notNullable":true,"unsigned":false},{"name":"document_id","type":"string","args":[],"defaultTo":null,"notNullable":false,"unsigned":false},{"name":"title","type":"string","args":[],"defaultTo":null,"notNullable":false,"unsigned":false},{"name":"slug","type":"string","args":[],"defaultTo":null,"notNullable":false,"unsigned":false},{"name":"mo_ta","type":"text","args":["longtext"],"defaultTo":null,"notNullable":false,"unsigned":false},{"name":"created_at","type":"datetime","args":[{"useTz":false,"precision":6}],"defaultTo":null,"notNullable":false,"unsigned":false},{"name":"updated_at","type":"datetime","args":[{"useTz":false,"precision":6}],"defaultTo":null,"notNullable":false,"unsigned":false},{"name":"published_at","type":"datetime","args":[{"useTz":false,"precision":6}],"defaultTo":null,"notNullable":false,"unsigned":false},{"name":"created_by_id","type":"integer","args":[],"defaultTo":null,"notNullable":false,"unsigned":true},{"name":"updated_by_id","type":"integer","args":[],"defaultTo":null,"notNullable":false,"unsigned":true},{"name":"locale","type":"string","args":[],"defaultTo":null,"notNullable":false,"unsigned":false}]},{"name":"danh_muc_bai_viet_dich_vus_cmps","indexes":[{"name":"danh_muc_bai_viet_dich_vus_field_idx","columns":["field"]},{"name":"danh_muc_bai_viet_dich_vus_component_type_idx","columns":["component_type"]},{"name":"danh_muc_bai_viet_dich_vus_entity_fk","columns":["entity_id"]},{"name":"danh_muc_bai_viet_dich_vus_uq","columns":["entity_id","cmp_id","field","component_type"],"type":"unique"}],"foreignKeys":[{"name":"danh_muc_bai_viet_dich_vus_entity_fk","columns":["entity_id"],"referencedColumns":["id"],"referencedTable":"danh_muc_bai_viet_dich_vus","onDelete":"CASCADE"}],"columns":[{"name":"id","type":"increments","args":[{"primary":true,"primaryKey":true}],"defaultTo":null,"notNullable":true,"unsigned":false},{"name":"entity_id","type":"integer","args":[],"defaultTo":null,"notNullable":false,"unsigned":true},{"name":"cmp_id","type":"integer","args":[],"defaultTo":null,"notNullable":false,"unsigned":true},{"name":"component_type","type":"string","args":[],"defaultTo":null,"notNullable":false,"unsigned":false},{"name":"field","type":"string","args":[],"defaultTo":null,"notNullable":false,"unsigned":false},{"name":"order","type":"double","args":[],"defaultTo":null,"notNullable":false,"unsigned":true}]},{"name":"danh_muc_bai_viet_dich_vus","indexes":[{"name":"danh_muc_bai_viet_dich_vus_documents_idx","columns":["document_id","locale","published_at"]},{"name":"danh_muc_bai_viet_dich_vus_created_by_id_fk","columns":["created_by_id"]},{"name":"danh_muc_bai_viet_dich_vus_updated_by_id_fk","columns":["updated_by_id"]}],"foreignKeys":[{"name":"danh_muc_bai_viet_dich_vus_created_by_id_fk","columns":["created_by_id"],"referencedTable":"admin_users","referencedColumns":["id"],"onDelete":"SET NULL"},{"name":"danh_muc_bai_viet_dich_vus_updated_by_id_fk","columns":["updated_by_id"],"referencedTable":"admin_users","referencedColumns":["id"],"onDelete":"SET NULL"}],"columns":[{"name":"id","type":"increments","args":[{"primary":true,"primaryKey":true}],"defaultTo":null,"notNullable":true,"unsigned":false},{"name":"document_id","type":"string","args":[],"defaultTo":null,"notNullable":false,"unsigned":false},{"name":"title","type":"string","args":[],"defaultTo":null,"notNullable":false,"unsigned":false},{"name":"slug","type":"string","args":[],"defaultTo":null,"notNullable":false,"unsigned":false},{"name":"mo_ta","type":"text","args":["longtext"],"defaultTo":null,"notNullable":false,"unsigned":false},{"name":"created_at","type":"datetime","args":[{"useTz":false,"precision":6}],"defaultTo":null,"notNullable":false,"unsigned":false},{"name":"updated_at","type":"datetime","args":[{"useTz":false,"precision":6}],"defaultTo":null,"notNullable":false,"unsigned":false},{"name":"published_at","type":"datetime","args":[{"useTz":false,"precision":6}],"defaultTo":null,"notNullable":false,"unsigned":false},{"name":"created_by_id","type":"integer","args":[],"defaultTo":null,"notNullable":false,"unsigned":true},{"name":"updated_by_id","type":"integer","args":[],"defaultTo":null,"notNullable":false,"unsigned":true},{"name":"locale","type":"string","args":[],"defaultTo":null,"notNullable":false,"unsigned":false}]},{"name":"danh_muc_san_phams_cmps","indexes":[{"name":"danh_muc_san_phams_field_idx","columns":["field"]},{"name":"danh_muc_san_phams_component_type_idx","columns":["component_type"]},{"name":"danh_muc_san_phams_entity_fk","columns":["entity_id"]},{"name":"danh_muc_san_phams_uq","columns":["entity_id","cmp_id","field","component_type"],"type":"unique"}],"foreignKeys":[{"name":"danh_muc_san_phams_entity_fk","columns":["entity_id"],"referencedColumns":["id"],"referencedTable":"danh_muc_san_phams","onDelete":"CASCADE"}],"columns":[{"name":"id","type":"increments","args":[{"primary":true,"primaryKey":true}],"defaultTo":null,"notNullable":true,"unsigned":false},{"name":"entity_id","type":"integer","args":[],"defaultTo":null,"notNullable":false,"unsigned":true},{"name":"cmp_id","type":"integer","args":[],"defaultTo":null,"notNullable":false,"unsigned":true},{"name":"component_type","type":"string","args":[],"defaultTo":null,"notNullable":false,"unsigned":false},{"name":"field","type":"string","args":[],"defaultTo":null,"notNullable":false,"unsigned":false},{"name":"order","type":"double","args":[],"defaultTo":null,"notNullable":false,"unsigned":true}]},{"name":"danh_muc_san_phams","indexes":[{"name":"danh_muc_san_phams_documents_idx","columns":["document_id","locale","published_at"]},{"name":"danh_muc_san_phams_created_by_id_fk","columns":["created_by_id"]},{"name":"danh_muc_san_phams_updated_by_id_fk","columns":["updated_by_id"]}],"foreignKeys":[{"name":"danh_muc_san_phams_created_by_id_fk","columns":["created_by_id"],"referencedTable":"admin_users","referencedColumns":["id"],"onDelete":"SET NULL"},{"name":"danh_muc_san_phams_updated_by_id_fk","columns":["updated_by_id"],"referencedTable":"admin_users","referencedColumns":["id"],"onDelete":"SET NULL"}],"columns":[{"name":"id","type":"increments","args":[{"primary":true,"primaryKey":true}],"defaultTo":null,"notNullable":true,"unsigned":false},{"name":"document_id","type":"string","args":[],"defaultTo":null,"notNullable":false,"unsigned":false},{"name":"title","type":"string","args":[],"defaultTo":null,"notNullable":false,"unsigned":false},{"name":"slug","type":"string","args":[],"defaultTo":null,"notNullable":false,"unsigned":false},{"name":"mo_ta","type":"text","args":["longtext"],"defaultTo":null,"notNullable":false,"unsigned":false},{"name":"created_at","type":"datetime","args":[{"useTz":false,"precision":6}],"defaultTo":null,"notNullable":false,"unsigned":false},{"name":"updated_at","type":"datetime","args":[{"useTz":false,"precision":6}],"defaultTo":null,"notNullable":false,"unsigned":false},{"name":"published_at","type":"datetime","args":[{"useTz":false,"precision":6}],"defaultTo":null,"notNullable":false,"unsigned":false},{"name":"created_by_id","type":"integer","args":[],"defaultTo":null,"notNullable":false,"unsigned":true},{"name":"updated_by_id","type":"integer","args":[],"defaultTo":null,"notNullable":false,"unsigned":true},{"name":"locale","type":"string","args":[],"defaultTo":null,"notNullable":false,"unsigned":false}]},{"name":"don_hangs_cmps","indexes":[{"name":"don_hangs_field_idx","columns":["field"]},{"name":"don_hangs_component_type_idx","columns":["component_type"]},{"name":"don_hangs_entity_fk","columns":["entity_id"]},{"name":"don_hangs_uq","columns":["entity_id","cmp_id","field","component_type"],"type":"unique"}],"foreignKeys":[{"name":"don_hangs_entity_fk","columns":["entity_id"],"referencedColumns":["id"],"referencedTable":"don_hangs","onDelete":"CASCADE"}],"columns":[{"name":"id","type":"increments","args":[{"primary":true,"primaryKey":true}],"defaultTo":null,"notNullable":true,"unsigned":false},{"name":"entity_id","type":"integer","args":[],"defaultTo":null,"notNullable":false,"unsigned":true},{"name":"cmp_id","type":"integer","args":[],"defaultTo":null,"notNullable":false,"unsigned":true},{"name":"component_type","type":"string","args":[],"defaultTo":null,"notNullable":false,"unsigned":false},{"name":"field","type":"string","args":[],"defaultTo":null,"notNullable":false,"unsigned":false},{"name":"order","type":"double","args":[],"defaultTo":null,"notNullable":false,"unsigned":true}]},{"name":"don_hangs","indexes":[{"name":"don_hangs_documents_idx","columns":["document_id","locale","published_at"]},{"name":"don_hangs_created_by_id_fk","columns":["created_by_id"]},{"name":"don_hangs_updated_by_id_fk","columns":["updated_by_id"]}],"foreignKeys":[{"name":"don_hangs_created_by_id_fk","columns":["created_by_id"],"referencedTable":"admin_users","referencedColumns":["id"],"onDelete":"SET NULL"},{"name":"don_hangs_updated_by_id_fk","columns":["updated_by_id"],"referencedTable":"admin_users","referencedColumns":["id"],"onDelete":"SET NULL"}],"columns":[{"name":"id","type":"increments","args":[{"primary":true,"primaryKey":true}],"defaultTo":null,"notNullable":true,"unsigned":false},{"name":"document_id","type":"string","args":[],"defaultTo":null,"notNullable":false,"unsigned":false},{"name":"ma_don_hang","type":"string","args":[],"defaultTo":null,"notNullable":false,"unsigned":false},{"name":"tam_tinh","type":"decimal","args":[10,2],"defaultTo":null,"notNullable":false,"unsigned":false},{"name":"phi_van_chuyen","type":"decimal","args":[10,2],"defaultTo":null,"notNullable":false,"unsigned":false},{"name":"tong_cong","type":"decimal","args":[10,2],"defaultTo":null,"notNullable":false,"unsigned":false},{"name":"trang_thai","type":"string","args":[],"defaultTo":null,"notNullable":false,"unsigned":false},{"name":"ghi_chu_admin","type":"text","args":["longtext"],"defaultTo":null,"notNullable":false,"unsigned":false},{"name":"created_at","type":"datetime","args":[{"useTz":false,"precision":6}],"defaultTo":null,"notNullable":false,"unsigned":false},{"name":"updated_at","type":"datetime","args":[{"useTz":false,"precision":6}],"defaultTo":null,"notNullable":false,"unsigned":false},{"name":"published_at","type":"datetime","args":[{"useTz":false,"precision":6}],"defaultTo":null,"notNullable":false,"unsigned":false},{"name":"created_by_id","type":"integer","args":[],"defaultTo":null,"notNullable":false,"unsigned":true},{"name":"updated_by_id","type":"integer","args":[],"defaultTo":null,"notNullable":false,"unsigned":true},{"name":"locale","type":"string","args":[],"defaultTo":null,"notNullable":false,"unsigned":false}]},{"name":"footers_cmps","indexes":[{"name":"footers_field_idx","columns":["field"]},{"name":"footers_component_type_idx","columns":["component_type"]},{"name":"footers_entity_fk","columns":["entity_id"]},{"name":"footers_uq","columns":["entity_id","cmp_id","field","component_type"],"type":"unique"}],"foreignKeys":[{"name":"footers_entity_fk","columns":["entity_id"],"referencedColumns":["id"],"referencedTable":"footers","onDelete":"CASCADE"}],"columns":[{"name":"id","type":"increments","args":[{"primary":true,"primaryKey":true}],"defaultTo":null,"notNullable":true,"unsigned":false},{"name":"entity_id","type":"integer","args":[],"defaultTo":null,"notNullable":false,"unsigned":true},{"name":"cmp_id","type":"integer","args":[],"defaultTo":null,"notNullable":false,"unsigned":true},{"name":"component_type","type":"string","args":[],"defaultTo":null,"notNullable":false,"unsigned":false},{"name":"field","type":"string","args":[],"defaultTo":null,"notNullable":false,"unsigned":false},{"name":"order","type":"double","args":[],"defaultTo":null,"notNullable":false,"unsigned":true}]},{"name":"footers","indexes":[{"name":"footers_documents_idx","columns":["document_id","locale","published_at"]},{"name":"footers_created_by_id_fk","columns":["created_by_id"]},{"name":"footers_updated_by_id_fk","columns":["updated_by_id"]}],"foreignKeys":[{"name":"footers_created_by_id_fk","columns":["created_by_id"],"referencedTable":"admin_users","referencedColumns":["id"],"onDelete":"SET NULL"},{"name":"footers_updated_by_id_fk","columns":["updated_by_id"],"referencedTable":"admin_users","referencedColumns":["id"],"onDelete":"SET NULL"}],"columns":[{"name":"id","type":"increments","args":[{"primary":true,"primaryKey":true}],"defaultTo":null,"notNullable":true,"unsigned":false},{"name":"document_id","type":"string","args":[],"defaultTo":null,"notNullable":false,"unsigned":false},{"name":"company_name","type":"string","args":[],"defaultTo":null,"notNullable":false,"unsigned":false},{"name":"company_description","type":"text","args":["longtext"],"defaultTo":null,"notNullable":false,"unsigned":false},{"name":"copyright","type":"string","args":[],"defaultTo":null,"notNullable":false,"unsigned":false},{"name":"privacy_policy_url","type":"string","args":[],"defaultTo":null,"notNullable":false,"unsigned":false},{"name":"terms_of_use_url","type":"string","args":[],"defaultTo":null,"notNullable":false,"unsigned":false},{"name":"created_at","type":"datetime","args":[{"useTz":false,"precision":6}],"defaultTo":null,"notNullable":false,"unsigned":false},{"name":"updated_at","type":"datetime","args":[{"useTz":false,"precision":6}],"defaultTo":null,"notNullable":false,"unsigned":false},{"name":"published_at","type":"datetime","args":[{"useTz":false,"precision":6}],"defaultTo":null,"notNullable":false,"unsigned":false},{"name":"created_by_id","type":"integer","args":[],"defaultTo":null,"notNullable":false,"unsigned":true},{"name":"updated_by_id","type":"integer","args":[],"defaultTo":null,"notNullable":false,"unsigned":true},{"name":"locale","type":"string","args":[],"defaultTo":null,"notNullable":false,"unsigned":false}]},{"name":"footer_contacts_cmps","indexes":[{"name":"footer_contacts_field_idx","columns":["field"]},{"name":"footer_contacts_component_type_idx","columns":["component_type"]},{"name":"footer_contacts_entity_fk","columns":["entity_id"]},{"name":"footer_contacts_uq","columns":["entity_id","cmp_id","field","component_type"],"type":"unique"}],"foreignKeys":[{"name":"footer_contacts_entity_fk","columns":["entity_id"],"referencedColumns":["id"],"referencedTable":"footer_contacts","onDelete":"CASCADE"}],"columns":[{"name":"id","type":"increments","args":[{"primary":true,"primaryKey":true}],"defaultTo":null,"notNullable":true,"unsigned":false},{"name":"entity_id","type":"integer","args":[],"defaultTo":null,"notNullable":false,"unsigned":true},{"name":"cmp_id","type":"integer","args":[],"defaultTo":null,"notNullable":false,"unsigned":true},{"name":"component_type","type":"string","args":[],"defaultTo":null,"notNullable":false,"unsigned":false},{"name":"field","type":"string","args":[],"defaultTo":null,"notNullable":false,"unsigned":false},{"name":"order","type":"double","args":[],"defaultTo":null,"notNullable":false,"unsigned":true}]},{"name":"footer_contacts","indexes":[{"name":"footer_contacts_documents_idx","columns":["document_id","locale","published_at"]},{"name":"footer_contacts_created_by_id_fk","columns":["created_by_id"]},{"name":"footer_contacts_updated_by_id_fk","columns":["updated_by_id"]}],"foreignKeys":[{"name":"footer_contacts_created_by_id_fk","columns":["created_by_id"],"referencedTable":"admin_users","referencedColumns":["id"],"onDelete":"SET NULL"},{"name":"footer_contacts_updated_by_id_fk","columns":["updated_by_id"],"referencedTable":"admin_users","referencedColumns":["id"],"onDelete":"SET NULL"}],"columns":[{"name":"id","type":"increments","args":[{"primary":true,"primaryKey":true}],"defaultTo":null,"notNullable":true,"unsigned":false},{"name":"document_id","type":"string","args":[],"defaultTo":null,"notNullable":false,"unsigned":false},{"name":"created_at","type":"datetime","args":[{"useTz":false,"precision":6}],"defaultTo":null,"notNullable":false,"unsigned":false},{"name":"updated_at","type":"datetime","args":[{"useTz":false,"precision":6}],"defaultTo":null,"notNullable":false,"unsigned":false},{"name":"published_at","type":"datetime","args":[{"useTz":false,"precision":6}],"defaultTo":null,"notNullable":false,"unsigned":false},{"name":"created_by_id","type":"integer","args":[],"defaultTo":null,"notNullable":false,"unsigned":true},{"name":"updated_by_id","type":"integer","args":[],"defaultTo":null,"notNullable":false,"unsigned":true},{"name":"locale","type":"string","args":[],"defaultTo":null,"notNullable":false,"unsigned":false}]},{"name":"homes_cmps","indexes":[{"name":"homes_field_idx","columns":["field"]},{"name":"homes_component_type_idx","columns":["component_type"]},{"name":"homes_entity_fk","columns":["entity_id"]},{"name":"homes_uq","columns":["entity_id","cmp_id","field","component_type"],"type":"unique"}],"foreignKeys":[{"name":"homes_entity_fk","columns":["entity_id"],"referencedColumns":["id"],"referencedTable":"homes","onDelete":"CASCADE"}],"columns":[{"name":"id","type":"increments","args":[{"primary":true,"primaryKey":true}],"defaultTo":null,"notNullable":true,"unsigned":false},{"name":"entity_id","type":"integer","args":[],"defaultTo":null,"notNullable":false,"unsigned":true},{"name":"cmp_id","type":"integer","args":[],"defaultTo":null,"notNullable":false,"unsigned":true},{"name":"component_type","type":"string","args":[],"defaultTo":null,"notNullable":false,"unsigned":false},{"name":"field","type":"string","args":[],"defaultTo":null,"notNullable":false,"unsigned":false},{"name":"order","type":"double","args":[],"defaultTo":null,"notNullable":false,"unsigned":true}]},{"name":"homes","indexes":[{"name":"homes_documents_idx","columns":["document_id","locale","published_at"]},{"name":"homes_created_by_id_fk","columns":["created_by_id"]},{"name":"homes_updated_by_id_fk","columns":["updated_by_id"]}],"foreignKeys":[{"name":"homes_created_by_id_fk","columns":["created_by_id"],"referencedTable":"admin_users","referencedColumns":["id"],"onDelete":"SET NULL"},{"name":"homes_updated_by_id_fk","columns":["updated_by_id"],"referencedTable":"admin_users","referencedColumns":["id"],"onDelete":"SET NULL"}],"columns":[{"name":"id","type":"increments","args":[{"primary":true,"primaryKey":true}],"defaultTo":null,"notNullable":true,"unsigned":false},{"name":"document_id","type":"string","args":[],"defaultTo":null,"notNullable":false,"unsigned":false},{"name":"created_at","type":"datetime","args":[{"useTz":false,"precision":6}],"defaultTo":null,"notNullable":false,"unsigned":false},{"name":"updated_at","type":"datetime","args":[{"useTz":false,"precision":6}],"defaultTo":null,"notNullable":false,"unsigned":false},{"name":"published_at","type":"datetime","args":[{"useTz":false,"precision":6}],"defaultTo":null,"notNullable":false,"unsigned":false},{"name":"created_by_id","type":"integer","args":[],"defaultTo":null,"notNullable":false,"unsigned":true},{"name":"updated_by_id","type":"integer","args":[],"defaultTo":null,"notNullable":false,"unsigned":true},{"name":"locale","type":"string","args":[],"defaultTo":null,"notNullable":false,"unsigned":false}]},{"name":"newsletter_subscriptions","indexes":[{"name":"newsletter_subscriptions_documents_idx","columns":["document_id","locale","published_at"]},{"name":"newsletter_subscriptions_created_by_id_fk","columns":["created_by_id"]},{"name":"newsletter_subscriptions_updated_by_id_fk","columns":["updated_by_id"]}],"foreignKeys":[{"name":"newsletter_subscriptions_created_by_id_fk","columns":["created_by_id"],"referencedTable":"admin_users","referencedColumns":["id"],"onDelete":"SET NULL"},{"name":"newsletter_subscriptions_updated_by_id_fk","columns":["updated_by_id"],"referencedTable":"admin_users","referencedColumns":["id"],"onDelete":"SET NULL"}],"columns":[{"name":"id","type":"increments","args":[{"primary":true,"primaryKey":true}],"defaultTo":null,"notNullable":true,"unsigned":false},{"name":"document_id","type":"string","args":[],"defaultTo":null,"notNullable":false,"unsigned":false},{"name":"email","type":"string","args":[],"defaultTo":null,"notNullable":false,"unsigned":false},{"name":"is_active","type":"boolean","args":[],"defaultTo":null,"notNullable":false,"unsigned":false},{"name":"subscribed_at","type":"datetime","args":[{"useTz":false,"precision":6}],"defaultTo":null,"notNullable":false,"unsigned":false},{"name":"unsubscribed_at","type":"datetime","args":[{"useTz":false,"precision":6}],"defaultTo":null,"notNullable":false,"unsigned":false},{"name":"created_at","type":"datetime","args":[{"useTz":false,"precision":6}],"defaultTo":null,"notNullable":false,"unsigned":false},{"name":"updated_at","type":"datetime","args":[{"useTz":false,"precision":6}],"defaultTo":null,"notNullable":false,"unsigned":false},{"name":"published_at","type":"datetime","args":[{"useTz":false,"precision":6}],"defaultTo":null,"notNullable":false,"unsigned":false},{"name":"created_by_id","type":"integer","args":[],"defaultTo":null,"notNullable":false,"unsigned":true},{"name":"updated_by_id","type":"integer","args":[],"defaultTo":null,"notNullable":false,"unsigned":true},{"name":"locale","type":"string","args":[],"defaultTo":null,"notNullable":false,"unsigned":false}]},{"name":"san_phams_cmps","indexes":[{"name":"san_phams_field_idx","columns":["field"]},{"name":"san_phams_component_type_idx","columns":["component_type"]},{"name":"san_phams_entity_fk","columns":["entity_id"]},{"name":"san_phams_uq","columns":["entity_id","cmp_id","field","component_type"],"type":"unique"}],"foreignKeys":[{"name":"san_phams_entity_fk","columns":["entity_id"],"referencedColumns":["id"],"referencedTable":"san_phams","onDelete":"CASCADE"}],"columns":[{"name":"id","type":"increments","args":[{"primary":true,"primaryKey":true}],"defaultTo":null,"notNullable":true,"unsigned":false},{"name":"entity_id","type":"integer","args":[],"defaultTo":null,"notNullable":false,"unsigned":true},{"name":"cmp_id","type":"integer","args":[],"defaultTo":null,"notNullable":false,"unsigned":true},{"name":"component_type","type":"string","args":[],"defaultTo":null,"notNullable":false,"unsigned":false},{"name":"field","type":"string","args":[],"defaultTo":null,"notNullable":false,"unsigned":false},{"name":"order","type":"double","args":[],"defaultTo":null,"notNullable":false,"unsigned":true}]},{"name":"san_phams","indexes":[{"name":"san_phams_documents_idx","columns":["document_id","locale","published_at"]},{"name":"san_phams_created_by_id_fk","columns":["created_by_id"]},{"name":"san_phams_updated_by_id_fk","columns":["updated_by_id"]}],"foreignKeys":[{"name":"san_phams_created_by_id_fk","columns":["created_by_id"],"referencedTable":"admin_users","referencedColumns":["id"],"onDelete":"SET NULL"},{"name":"san_phams_updated_by_id_fk","columns":["updated_by_id"],"referencedTable":"admin_users","referencedColumns":["id"],"onDelete":"SET NULL"}],"columns":[{"name":"id","type":"increments","args":[{"primary":true,"primaryKey":true}],"defaultTo":null,"notNullable":true,"unsigned":false},{"name":"document_id","type":"string","args":[],"defaultTo":null,"notNullable":false,"unsigned":false},{"name":"title","type":"string","args":[],"defaultTo":null,"notNullable":false,"unsigned":false},{"name":"slug","type":"string","args":[],"defaultTo":null,"notNullable":false,"unsigned":false},{"name":"mo_ta_ngan","type":"text","args":["longtext"],"defaultTo":null,"notNullable":false,"unsigned":false},{"name":"gia_goc","type":"decimal","args":[10,2],"defaultTo":null,"notNullable":false,"unsigned":false},{"name":"gia_ban","type":"decimal","args":[10,2],"defaultTo":null,"notNullable":false,"unsigned":false},{"name":"mo_ta_chi_tiet","type":"text","args":["longtext"],"defaultTo":null,"notNullable":false,"unsigned":false},{"name":"badges","type":"string","args":[],"defaultTo":null,"notNullable":false,"unsigned":false},{"name":"giam_gia","type":"integer","args":[],"defaultTo":null,"notNullable":false,"unsigned":false},{"name":"rating","type":"decimal","args":[10,2],"defaultTo":null,"notNullable":false,"unsigned":false},{"name":"review_count","type":"integer","args":[],"defaultTo":null,"notNullable":false,"unsigned":false},{"name":"created_at","type":"datetime","args":[{"useTz":false,"precision":6}],"defaultTo":null,"notNullable":false,"unsigned":false},{"name":"updated_at","type":"datetime","args":[{"useTz":false,"precision":6}],"defaultTo":null,"notNullable":false,"unsigned":false},{"name":"published_at","type":"datetime","args":[{"useTz":false,"precision":6}],"defaultTo":null,"notNullable":false,"unsigned":false},{"name":"created_by_id","type":"integer","args":[],"defaultTo":null,"notNullable":false,"unsigned":true},{"name":"updated_by_id","type":"integer","args":[],"defaultTo":null,"notNullable":false,"unsigned":true},{"name":"locale","type":"string","args":[],"defaultTo":null,"notNullable":false,"unsigned":false}]},{"name":"topic_blogs","indexes":[{"name":"topic_blogs_documents_idx","columns":["document_id","locale","published_at"]},{"name":"topic_blogs_created_by_id_fk","columns":["created_by_id"]},{"name":"topic_blogs_updated_by_id_fk","columns":["updated_by_id"]}],"foreignKeys":[{"name":"topic_blogs_created_by_id_fk","columns":["created_by_id"],"referencedTable":"admin_users","referencedColumns":["id"],"onDelete":"SET NULL"},{"name":"topic_blogs_updated_by_id_fk","columns":["updated_by_id"],"referencedTable":"admin_users","referencedColumns":["id"],"onDelete":"SET NULL"}],"columns":[{"name":"id","type":"increments","args":[{"primary":true,"primaryKey":true}],"defaultTo":null,"notNullable":true,"unsigned":false},{"name":"document_id","type":"string","args":[],"defaultTo":null,"notNullable":false,"unsigned":false},{"name":"name","type":"string","args":[],"defaultTo":null,"notNullable":false,"unsigned":false},{"name":"created_at","type":"datetime","args":[{"useTz":false,"precision":6}],"defaultTo":null,"notNullable":false,"unsigned":false},{"name":"updated_at","type":"datetime","args":[{"useTz":false,"precision":6}],"defaultTo":null,"notNullable":false,"unsigned":false},{"name":"published_at","type":"datetime","args":[{"useTz":false,"precision":6}],"defaultTo":null,"notNullable":false,"unsigned":false},{"name":"created_by_id","type":"integer","args":[],"defaultTo":null,"notNullable":false,"unsigned":true},{"name":"updated_by_id","type":"integer","args":[],"defaultTo":null,"notNullable":false,"unsigned":true},{"name":"locale","type":"string","args":[],"defaultTo":null,"notNullable":false,"unsigned":false}]},{"name":"ve_chung_tois_cmps","indexes":[{"name":"ve_chung_tois_field_idx","columns":["field"]},{"name":"ve_chung_tois_component_type_idx","columns":["component_type"]},{"name":"ve_chung_tois_entity_fk","columns":["entity_id"]},{"name":"ve_chung_tois_uq","columns":["entity_id","cmp_id","field","component_type"],"type":"unique"}],"foreignKeys":[{"name":"ve_chung_tois_entity_fk","columns":["entity_id"],"referencedColumns":["id"],"referencedTable":"ve_chung_tois","onDelete":"CASCADE"}],"columns":[{"name":"id","type":"increments","args":[{"primary":true,"primaryKey":true}],"defaultTo":null,"notNullable":true,"unsigned":false},{"name":"entity_id","type":"integer","args":[],"defaultTo":null,"notNullable":false,"unsigned":true},{"name":"cmp_id","type":"integer","args":[],"defaultTo":null,"notNullable":false,"unsigned":true},{"name":"component_type","type":"string","args":[],"defaultTo":null,"notNullable":false,"unsigned":false},{"name":"field","type":"string","args":[],"defaultTo":null,"notNullable":false,"unsigned":false},{"name":"order","type":"double","args":[],"defaultTo":null,"notNullable":false,"unsigned":true}]},{"name":"ve_chung_tois","indexes":[{"name":"ve_chung_tois_documents_idx","columns":["document_id","locale","published_at"]},{"name":"ve_chung_tois_created_by_id_fk","columns":["created_by_id"]},{"name":"ve_chung_tois_updated_by_id_fk","columns":["updated_by_id"]}],"foreignKeys":[{"name":"ve_chung_tois_created_by_id_fk","columns":["created_by_id"],"referencedTable":"admin_users","referencedColumns":["id"],"onDelete":"SET NULL"},{"name":"ve_chung_tois_updated_by_id_fk","columns":["updated_by_id"],"referencedTable":"admin_users","referencedColumns":["id"],"onDelete":"SET NULL"}],"columns":[{"name":"id","type":"increments","args":[{"primary":true,"primaryKey":true}],"defaultTo":null,"notNullable":true,"unsigned":false},{"name":"document_id","type":"string","args":[],"defaultTo":null,"notNullable":false,"unsigned":false},{"name":"created_at","type":"datetime","args":[{"useTz":false,"precision":6}],"defaultTo":null,"notNullable":false,"unsigned":false},{"name":"updated_at","type":"datetime","args":[{"useTz":false,"precision":6}],"defaultTo":null,"notNullable":false,"unsigned":false},{"name":"published_at","type":"datetime","args":[{"useTz":false,"precision":6}],"defaultTo":null,"notNullable":false,"unsigned":false},{"name":"created_by_id","type":"integer","args":[],"defaultTo":null,"notNullable":false,"unsigned":true},{"name":"updated_by_id","type":"integer","args":[],"defaultTo":null,"notNullable":false,"unsigned":true},{"name":"locale","type":"string","args":[],"defaultTo":null,"notNullable":false,"unsigned":false}]},{"name":"admin_permissions","indexes":[{"name":"admin_permissions_documents_idx","columns":["document_id","locale","published_at"]},{"name":"admin_permissions_created_by_id_fk","columns":["created_by_id"]},{"name":"admin_permissions_updated_by_id_fk","columns":["updated_by_id"]}],"foreignKeys":[{"name":"admin_permissions_created_by_id_fk","columns":["created_by_id"],"referencedTable":"admin_users","referencedColumns":["id"],"onDelete":"SET NULL"},{"name":"admin_permissions_updated_by_id_fk","columns":["updated_by_id"],"referencedTable":"admin_users","referencedColumns":["id"],"onDelete":"SET NULL"}],"columns":[{"name":"id","type":"increments","args":[{"primary":true,"primaryKey":true}],"defaultTo":null,"notNullable":true,"unsigned":false},{"name":"document_id","type":"string","args":[],"defaultTo":null,"notNullable":false,"unsigned":false},{"name":"action","type":"string","args":[],"defaultTo":null,"notNullable":false,"unsigned":false},{"name":"action_parameters","type":"jsonb","args":[],"defaultTo":null,"notNullable":false,"unsigned":false},{"name":"subject","type":"string","args":[],"defaultTo":null,"notNullable":false,"unsigned":false},{"name":"properties","type":"jsonb","args":[],"defaultTo":null,"notNullable":false,"unsigned":false},{"name":"conditions","type":"jsonb","args":[],"defaultTo":null,"notNullable":false,"unsigned":false},{"name":"created_at","type":"datetime","args":[{"useTz":false,"precision":6}],"defaultTo":null,"notNullable":false,"unsigned":false},{"name":"updated_at","type":"datetime","args":[{"useTz":false,"precision":6}],"defaultTo":null,"notNullable":false,"unsigned":false},{"name":"published_at","type":"datetime","args":[{"useTz":false,"precision":6}],"defaultTo":null,"notNullable":false,"unsigned":false},{"name":"created_by_id","type":"integer","args":[],"defaultTo":null,"notNullable":false,"unsigned":true},{"name":"updated_by_id","type":"integer","args":[],"defaultTo":null,"notNullable":false,"unsigned":true},{"name":"locale","type":"string","args":[],"defaultTo":null,"notNullable":false,"unsigned":false}]},{"name":"admin_users","indexes":[{"name":"admin_users_documents_idx","columns":["document_id","locale","published_at"]},{"name":"admin_users_created_by_id_fk","columns":["created_by_id"]},{"name":"admin_users_updated_by_id_fk","columns":["updated_by_id"]}],"foreignKeys":[{"name":"admin_users_created_by_id_fk","columns":["created_by_id"],"referencedTable":"admin_users","referencedColumns":["id"],"onDelete":"SET NULL"},{"name":"admin_users_updated_by_id_fk","columns":["updated_by_id"],"referencedTable":"admin_users","referencedColumns":["id"],"onDelete":"SET NULL"}],"columns":[{"name":"id","type":"increments","args":[{"primary":true,"primaryKey":true}],"defaultTo":null,"notNullable":true,"unsigned":false},{"name":"document_id","type":"string","args":[],"defaultTo":null,"notNullable":false,"unsigned":false},{"name":"firstname","type":"string","args":[],"defaultTo":null,"notNullable":false,"unsigned":false},{"name":"lastname","type":"string","args":[],"defaultTo":null,"notNullable":false,"unsigned":false},{"name":"username","type":"string","args":[],"defaultTo":null,"notNullable":false,"unsigned":false},{"name":"email","type":"string","args":[],"defaultTo":null,"notNullable":false,"unsigned":false},{"name":"password","type":"string","args":[],"defaultTo":null,"notNullable":false,"unsigned":false},{"name":"reset_password_token","type":"string","args":[],"defaultTo":null,"notNullable":false,"unsigned":false},{"name":"registration_token","type":"string","args":[],"defaultTo":null,"notNullable":false,"unsigned":false},{"name":"is_active","type":"boolean","args":[],"defaultTo":null,"notNullable":false,"unsigned":false},{"name":"blocked","type":"boolean","args":[],"defaultTo":null,"notNullable":false,"unsigned":false},{"name":"prefered_language","type":"string","args":[],"defaultTo":null,"notNullable":false,"unsigned":false},{"name":"created_at","type":"datetime","args":[{"useTz":false,"precision":6}],"defaultTo":null,"notNullable":false,"unsigned":false},{"name":"updated_at","type":"datetime","args":[{"useTz":false,"precision":6}],"defaultTo":null,"notNullable":false,"unsigned":false},{"name":"published_at","type":"datetime","args":[{"useTz":false,"precision":6}],"defaultTo":null,"notNullable":false,"unsigned":false},{"name":"created_by_id","type":"integer","args":[],"defaultTo":null,"notNullable":false,"unsigned":true},{"name":"updated_by_id","type":"integer","args":[],"defaultTo":null,"notNullable":false,"unsigned":true},{"name":"locale","type":"string","args":[],"defaultTo":null,"notNullable":false,"unsigned":false}]},{"name":"admin_roles","indexes":[{"name":"admin_roles_documents_idx","columns":["document_id","locale","published_at"]},{"name":"admin_roles_created_by_id_fk","columns":["created_by_id"]},{"name":"admin_roles_updated_by_id_fk","columns":["updated_by_id"]}],"foreignKeys":[{"name":"admin_roles_created_by_id_fk","columns":["created_by_id"],"referencedTable":"admin_users","referencedColumns":["id"],"onDelete":"SET NULL"},{"name":"admin_roles_updated_by_id_fk","columns":["updated_by_id"],"referencedTable":"admin_users","referencedColumns":["id"],"onDelete":"SET NULL"}],"columns":[{"name":"id","type":"increments","args":[{"primary":true,"primaryKey":true}],"defaultTo":null,"notNullable":true,"unsigned":false},{"name":"document_id","type":"string","args":[],"defaultTo":null,"notNullable":false,"unsigned":false},{"name":"name","type":"string","args":[],"defaultTo":null,"notNullable":false,"unsigned":false},{"name":"code","type":"string","args":[],"defaultTo":null,"notNullable":false,"unsigned":false},{"name":"description","type":"string","args":[],"defaultTo":null,"notNullable":false,"unsigned":false},{"name":"created_at","type":"datetime","args":[{"useTz":false,"precision":6}],"defaultTo":null,"notNullable":false,"unsigned":false},{"name":"updated_at","type":"datetime","args":[{"useTz":false,"precision":6}],"defaultTo":null,"notNullable":false,"unsigned":false},{"name":"published_at","type":"datetime","args":[{"useTz":false,"precision":6}],"defaultTo":null,"notNullable":false,"unsigned":false},{"name":"created_by_id","type":"integer","args":[],"defaultTo":null,"notNullable":false,"unsigned":true},{"name":"updated_by_id","type":"integer","args":[],"defaultTo":null,"notNullable":false,"unsigned":true},{"name":"locale","type":"string","args":[],"defaultTo":null,"notNullable":false,"unsigned":false}]},{"name":"strapi_api_tokens","indexes":[{"name":"strapi_api_tokens_documents_idx","columns":["document_id","locale","published_at"]},{"name":"strapi_api_tokens_created_by_id_fk","columns":["created_by_id"]},{"name":"strapi_api_tokens_updated_by_id_fk","columns":["updated_by_id"]}],"foreignKeys":[{"name":"strapi_api_tokens_created_by_id_fk","columns":["created_by_id"],"referencedTable":"admin_users","referencedColumns":["id"],"onDelete":"SET NULL"},{"name":"strapi_api_tokens_updated_by_id_fk","columns":["updated_by_id"],"referencedTable":"admin_users","referencedColumns":["id"],"onDelete":"SET NULL"}],"columns":[{"name":"id","type":"increments","args":[{"primary":true,"primaryKey":true}],"defaultTo":null,"notNullable":true,"unsigned":false},{"name":"document_id","type":"string","args":[],"defaultTo":null,"notNullable":false,"unsigned":false},{"name":"name","type":"string","args":[],"defaultTo":null,"notNullable":false,"unsigned":false},{"name":"description","type":"string","args":[],"defaultTo":null,"notNullable":false,"unsigned":false},{"name":"type","type":"string","args":[],"defaultTo":null,"notNullable":false,"unsigned":false},{"name":"access_key","type":"string","args":[],"defaultTo":null,"notNullable":false,"unsigned":false},{"name":"encrypted_key","type":"text","args":["longtext"],"defaultTo":null,"notNullable":false,"unsigned":false},{"name":"last_used_at","type":"datetime","args":[{"useTz":false,"precision":6}],"defaultTo":null,"notNullable":false,"unsigned":false},{"name":"expires_at","type":"datetime","args":[{"useTz":false,"precision":6}],"defaultTo":null,"notNullable":false,"unsigned":false},{"name":"lifespan","type":"bigInteger","args":[],"defaultTo":null,"notNullable":false,"unsigned":false},{"name":"created_at","type":"datetime","args":[{"useTz":false,"precision":6}],"defaultTo":null,"notNullable":false,"unsigned":false},{"name":"updated_at","type":"datetime","args":[{"useTz":false,"precision":6}],"defaultTo":null,"notNullable":false,"unsigned":false},{"name":"published_at","type":"datetime","args":[{"useTz":false,"precision":6}],"defaultTo":null,"notNullable":false,"unsigned":false},{"name":"created_by_id","type":"integer","args":[],"defaultTo":null,"notNullable":false,"unsigned":true},{"name":"updated_by_id","type":"integer","args":[],"defaultTo":null,"notNullable":false,"unsigned":true},{"name":"locale","type":"string","args":[],"defaultTo":null,"notNullable":false,"unsigned":false}]},{"name":"strapi_api_token_permissions","indexes":[{"name":"strapi_api_token_permissions_documents_idx","columns":["document_id","locale","published_at"]},{"name":"strapi_api_token_permissions_created_by_id_fk","columns":["created_by_id"]},{"name":"strapi_api_token_permissions_updated_by_id_fk","columns":["updated_by_id"]}],"foreignKeys":[{"name":"strapi_api_token_permissions_created_by_id_fk","columns":["created_by_id"],"referencedTable":"admin_users","referencedColumns":["id"],"onDelete":"SET NULL"},{"name":"strapi_api_token_permissions_updated_by_id_fk","columns":["updated_by_id"],"referencedTable":"admin_users","referencedColumns":["id"],"onDelete":"SET NULL"}],"columns":[{"name":"id","type":"increments","args":[{"primary":true,"primaryKey":true}],"defaultTo":null,"notNullable":true,"unsigned":false},{"name":"document_id","type":"string","args":[],"defaultTo":null,"notNullable":false,"unsigned":false},{"name":"action","type":"string","args":[],"defaultTo":null,"notNullable":false,"unsigned":false},{"name":"created_at","type":"datetime","args":[{"useTz":false,"precision":6}],"defaultTo":null,"notNullable":false,"unsigned":false},{"name":"updated_at","type":"datetime","args":[{"useTz":false,"precision":6}],"defaultTo":null,"notNullable":false,"unsigned":false},{"name":"published_at","type":"datetime","args":[{"useTz":false,"precision":6}],"defaultTo":null,"notNullable":false,"unsigned":false},{"name":"created_by_id","type":"integer","args":[],"defaultTo":null,"notNullable":false,"unsigned":true},{"name":"updated_by_id","type":"integer","args":[],"defaultTo":null,"notNullable":false,"unsigned":true},{"name":"locale","type":"string","args":[],"defaultTo":null,"notNullable":false,"unsigned":false}]},{"name":"strapi_transfer_tokens","indexes":[{"name":"strapi_transfer_tokens_documents_idx","columns":["document_id","locale","published_at"]},{"name":"strapi_transfer_tokens_created_by_id_fk","columns":["created_by_id"]},{"name":"strapi_transfer_tokens_updated_by_id_fk","columns":["updated_by_id"]}],"foreignKeys":[{"name":"strapi_transfer_tokens_created_by_id_fk","columns":["created_by_id"],"referencedTable":"admin_users","referencedColumns":["id"],"onDelete":"SET NULL"},{"name":"strapi_transfer_tokens_updated_by_id_fk","columns":["updated_by_id"],"referencedTable":"admin_users","referencedColumns":["id"],"onDelete":"SET NULL"}],"columns":[{"name":"id","type":"increments","args":[{"primary":true,"primaryKey":true}],"defaultTo":null,"notNullable":true,"unsigned":false},{"name":"document_id","type":"string","args":[],"defaultTo":null,"notNullable":false,"unsigned":false},{"name":"name","type":"string","args":[],"defaultTo":null,"notNullable":false,"unsigned":false},{"name":"description","type":"string","args":[],"defaultTo":null,"notNullable":false,"unsigned":false},{"name":"access_key","type":"string","args":[],"defaultTo":null,"notNullable":false,"unsigned":false},{"name":"last_used_at","type":"datetime","args":[{"useTz":false,"precision":6}],"defaultTo":null,"notNullable":false,"unsigned":false},{"name":"expires_at","type":"datetime","args":[{"useTz":false,"precision":6}],"defaultTo":null,"notNullable":false,"unsigned":false},{"name":"lifespan","type":"bigInteger","args":[],"defaultTo":null,"notNullable":false,"unsigned":false},{"name":"created_at","type":"datetime","args":[{"useTz":false,"precision":6}],"defaultTo":null,"notNullable":false,"unsigned":false},{"name":"updated_at","type":"datetime","args":[{"useTz":false,"precision":6}],"defaultTo":null,"notNullable":false,"unsigned":false},{"name":"published_at","type":"datetime","args":[{"useTz":false,"precision":6}],"defaultTo":null,"notNullable":false,"unsigned":false},{"name":"created_by_id","type":"integer","args":[],"defaultTo":null,"notNullable":false,"unsigned":true},{"name":"updated_by_id","type":"integer","args":[],"defaultTo":null,"notNullable":false,"unsigned":true},{"name":"locale","type":"string","args":[],"defaultTo":null,"notNullable":false,"unsigned":false}]},{"name":"strapi_transfer_token_permissions","indexes":[{"name":"strapi_transfer_token_permissions_documents_idx","columns":["document_id","locale","published_at"]},{"name":"strapi_transfer_token_permissions_created_by_id_fk","columns":["created_by_id"]},{"name":"strapi_transfer_token_permissions_updated_by_id_fk","columns":["updated_by_id"]}],"foreignKeys":[{"name":"strapi_transfer_token_permissions_created_by_id_fk","columns":["created_by_id"],"referencedTable":"admin_users","referencedColumns":["id"],"onDelete":"SET NULL"},{"name":"strapi_transfer_token_permissions_updated_by_id_fk","columns":["updated_by_id"],"referencedTable":"admin_users","referencedColumns":["id"],"onDelete":"SET NULL"}],"columns":[{"name":"id","type":"increments","args":[{"primary":true,"primaryKey":true}],"defaultTo":null,"notNullable":true,"unsigned":false},{"name":"document_id","type":"string","args":[],"defaultTo":null,"notNullable":false,"unsigned":false},{"name":"action","type":"string","args":[],"defaultTo":null,"notNullable":false,"unsigned":false},{"name":"created_at","type":"datetime","args":[{"useTz":false,"precision":6}],"defaultTo":null,"notNullable":false,"unsigned":false},{"name":"updated_at","type":"datetime","args":[{"useTz":false,"precision":6}],"defaultTo":null,"notNullable":false,"unsigned":false},{"name":"published_at","type":"datetime","args":[{"useTz":false,"precision":6}],"defaultTo":null,"notNullable":false,"unsigned":false},{"name":"created_by_id","type":"integer","args":[],"defaultTo":null,"notNullable":false,"unsigned":true},{"name":"updated_by_id","type":"integer","args":[],"defaultTo":null,"notNullable":false,"unsigned":true},{"name":"locale","type":"string","args":[],"defaultTo":null,"notNullable":false,"unsigned":false}]},{"name":"strapi_sessions","indexes":[{"name":"strapi_sessions_documents_idx","columns":["document_id","locale","published_at"]},{"name":"strapi_sessions_created_by_id_fk","columns":["created_by_id"]},{"name":"strapi_sessions_updated_by_id_fk","columns":["updated_by_id"]}],"foreignKeys":[{"name":"strapi_sessions_created_by_id_fk","columns":["created_by_id"],"referencedTable":"admin_users","referencedColumns":["id"],"onDelete":"SET NULL"},{"name":"strapi_sessions_updated_by_id_fk","columns":["updated_by_id"],"referencedTable":"admin_users","referencedColumns":["id"],"onDelete":"SET NULL"}],"columns":[{"name":"id","type":"increments","args":[{"primary":true,"primaryKey":true}],"defaultTo":null,"notNullable":true,"unsigned":false},{"name":"document_id","type":"string","args":[],"defaultTo":null,"notNullable":false,"unsigned":false},{"name":"user_id","type":"string","args":[],"defaultTo":null,"notNullable":false,"unsigned":false},{"name":"session_id","type":"string","args":[],"defaultTo":null,"notNullable":false,"unsigned":false},{"name":"child_id","type":"string","args":[],"defaultTo":null,"notNullable":false,"unsigned":false},{"name":"device_id","type":"string","args":[],"defaultTo":null,"notNullable":false,"unsigned":false},{"name":"origin","type":"string","args":[],"defaultTo":null,"notNullable":false,"unsigned":false},{"name":"expires_at","type":"datetime","args":[{"useTz":false,"precision":6}],"defaultTo":null,"notNullable":false,"unsigned":false},{"name":"absolute_expires_at","type":"datetime","args":[{"useTz":false,"precision":6}],"defaultTo":null,"notNullable":false,"unsigned":false},{"name":"status","type":"string","args":[],"defaultTo":null,"notNullable":false,"unsigned":false},{"name":"type","type":"string","args":[],"defaultTo":null,"notNullable":false,"unsigned":false},{"name":"created_at","type":"datetime","args":[{"useTz":false,"precision":6}],"defaultTo":null,"notNullable":false,"unsigned":false},{"name":"updated_at","type":"datetime","args":[{"useTz":false,"precision":6}],"defaultTo":null,"notNullable":false,"unsigned":false},{"name":"published_at","type":"datetime","args":[{"useTz":false,"precision":6}],"defaultTo":null,"notNullable":false,"unsigned":false},{"name":"created_by_id","type":"integer","args":[],"defaultTo":null,"notNullable":false,"unsigned":true},{"name":"updated_by_id","type":"integer","args":[],"defaultTo":null,"notNullable":false,"unsigned":true},{"name":"locale","type":"string","args":[],"defaultTo":null,"notNullable":false,"unsigned":false}]},{"name":"components_shared_specifications","indexes":[],"foreignKeys":[],"columns":[{"name":"id","type":"increments","args":[{"primary":true,"primaryKey":true}],"defaultTo":null,"notNullable":true,"unsigned":false},{"name":"label","type":"string","args":[],"defaultTo":null,"notNullable":false,"unsigned":false},{"name":"value","type":"string","args":[],"defaultTo":null,"notNullable":false,"unsigned":false}]},{"name":"components_shared_social_medias","indexes":[],"foreignKeys":[],"columns":[{"name":"id","type":"increments","args":[{"primary":true,"primaryKey":true}],"defaultTo":null,"notNullable":true,"unsigned":false},{"name":"url","type":"string","args":[],"defaultTo":null,"notNullable":false,"unsigned":false}]},{"name":"components_shared_seos","indexes":[],"foreignKeys":[],"columns":[{"name":"id","type":"increments","args":[{"primary":true,"primaryKey":true}],"defaultTo":null,"notNullable":true,"unsigned":false},{"name":"meta_title","type":"string","args":[],"defaultTo":null,"notNullable":false,"unsigned":false},{"name":"meta_description","type":"text","args":["longtext"],"defaultTo":null,"notNullable":false,"unsigned":false},{"name":"meta_keywords","type":"string","args":[],"defaultTo":null,"notNullable":false,"unsigned":false},{"name":"canonical_url","type":"string","args":[],"defaultTo":null,"notNullable":false,"unsigned":false},{"name":"og_title","type":"string","args":[],"defaultTo":null,"notNullable":false,"unsigned":false},{"name":"og_description","type":"text","args":["longtext"],"defaultTo":null,"notNullable":false,"unsigned":false},{"name":"og_type","type":"string","args":[],"defaultTo":null,"notNullable":false,"unsigned":false},{"name":"og_url","type":"string","args":[],"defaultTo":null,"notNullable":false,"unsigned":false},{"name":"og_site_name","type":"string","args":[],"defaultTo":null,"notNullable":false,"unsigned":false},{"name":"twitter_card","type":"string","args":[],"defaultTo":null,"notNullable":false,"unsigned":false},{"name":"twitter_title","type":"string","args":[],"defaultTo":null,"notNullable":false,"unsigned":false},{"name":"twitter_description","type":"text","args":["longtext"],"defaultTo":null,"notNullable":false,"unsigned":false},{"name":"twitter_site","type":"string","args":[],"defaultTo":null,"notNullable":false,"unsigned":false},{"name":"twitter_creator","type":"string","args":[],"defaultTo":null,"notNullable":false,"unsigned":false},{"name":"robots","type":"string","args":[],"defaultTo":null,"notNullable":false,"unsigned":false},{"name":"structured_data","type":"jsonb","args":[],"defaultTo":null,"notNullable":false,"unsigned":false}]},{"name":"components_shared_product_reviews","indexes":[],"foreignKeys":[],"columns":[{"name":"id","type":"increments","args":[{"primary":true,"primaryKey":true}],"defaultTo":null,"notNullable":true,"unsigned":false},{"name":"customer_name","type":"string","args":[],"defaultTo":null,"notNullable":false,"unsigned":false},{"name":"email","type":"string","args":[],"defaultTo":null,"notNullable":false,"unsigned":false},{"name":"rating","type":"integer","args":[],"defaultTo":null,"notNullable":false,"unsigned":false},{"name":"content","type":"text","args":["longtext"],"defaultTo":null,"notNullable":false,"unsigned":false},{"name":"is_approved","type":"boolean","args":[],"defaultTo":null,"notNullable":false,"unsigned":false}]},{"name":"components_shared_payment_methods","indexes":[],"foreignKeys":[],"columns":[{"name":"id","type":"increments","args":[{"primary":true,"primaryKey":true}],"defaultTo":null,"notNullable":true,"unsigned":false},{"name":"loai","type":"string","args":[],"defaultTo":null,"notNullable":false,"unsigned":false},{"name":"ten","type":"string","args":[],"defaultTo":null,"notNullable":false,"unsigned":false},{"name":"mo_ta","type":"text","args":["longtext"],"defaultTo":null,"notNullable":false,"unsigned":false}]},{"name":"components_shared_order_items","indexes":[],"foreignKeys":[],"columns":[{"name":"id","type":"increments","args":[{"primary":true,"primaryKey":true}],"defaultTo":null,"notNullable":true,"unsigned":false},{"name":"so_luong","type":"integer","args":[],"defaultTo":null,"notNullable":false,"unsigned":false},{"name":"gia_ban","type":"decimal","args":[10,2],"defaultTo":null,"notNullable":false,"unsigned":false},{"name":"thanh_tien","type":"decimal","args":[10,2],"defaultTo":null,"notNullable":false,"unsigned":false}]},{"name":"components_shared_image_with_alts","indexes":[],"foreignKeys":[],"columns":[{"name":"id","type":"increments","args":[{"primary":true,"primaryKey":true}],"defaultTo":null,"notNullable":true,"unsigned":false},{"name":"alt","type":"string","args":[],"defaultTo":null,"notNullable":false,"unsigned":false}]},{"name":"components_shared_footer_links","indexes":[],"foreignKeys":[],"columns":[{"name":"id","type":"increments","args":[{"primary":true,"primaryKey":true}],"defaultTo":null,"notNullable":true,"unsigned":false},{"name":"text","type":"string","args":[],"defaultTo":null,"notNullable":false,"unsigned":false},{"name":"url","type":"string","args":[],"defaultTo":null,"notNullable":false,"unsigned":false}]},{"name":"components_shared_footer_columns_cmps","indexes":[{"name":"components_shared_footer_columns_field_idx","columns":["field"]},{"name":"components_shared_footer_columns_component_type_idx","columns":["component_type"]},{"name":"components_shared_footer_columns_entity_fk","columns":["entity_id"]},{"name":"components_shared_footer_columns_uq","columns":["entity_id","cmp_id","field","component_type"],"type":"unique"}],"foreignKeys":[{"name":"components_shared_footer_columns_entity_fk","columns":["entity_id"],"referencedColumns":["id"],"referencedTable":"components_shared_footer_columns","onDelete":"CASCADE"}],"columns":[{"name":"id","type":"increments","args":[{"primary":true,"primaryKey":true}],"defaultTo":null,"notNullable":true,"unsigned":false},{"name":"entity_id","type":"integer","args":[],"defaultTo":null,"notNullable":false,"unsigned":true},{"name":"cmp_id","type":"integer","args":[],"defaultTo":null,"notNullable":false,"unsigned":true},{"name":"component_type","type":"string","args":[],"defaultTo":null,"notNullable":false,"unsigned":false},{"name":"field","type":"string","args":[],"defaultTo":null,"notNullable":false,"unsigned":false},{"name":"order","type":"double","args":[],"defaultTo":null,"notNullable":false,"unsigned":true}]},{"name":"components_shared_footer_columns","indexes":[],"foreignKeys":[],"columns":[{"name":"id","type":"increments","args":[{"primary":true,"primaryKey":true}],"defaultTo":null,"notNullable":true,"unsigned":false},{"name":"heading","type":"string","args":[],"defaultTo":null,"notNullable":false,"unsigned":false}]},{"name":"components_shared_customer_infos","indexes":[],"foreignKeys":[],"columns":[{"name":"id","type":"increments","args":[{"primary":true,"primaryKey":true}],"defaultTo":null,"notNullable":true,"unsigned":false},{"name":"ho_va_ten","type":"string","args":[],"defaultTo":null,"notNullable":false,"unsigned":false},{"name":"so_dien_thoai","type":"string","args":[],"defaultTo":null,"notNullable":false,"unsigned":false},{"name":"email","type":"string","args":[],"defaultTo":null,"notNullable":false,"unsigned":false},{"name":"dia_chi","type":"string","args":[],"defaultTo":null,"notNullable":false,"unsigned":false},{"name":"tinh_thanh_pho","type":"string","args":[],"defaultTo":null,"notNullable":false,"unsigned":false},{"name":"quan_huyen","type":"string","args":[],"defaultTo":null,"notNullable":false,"unsigned":false},{"name":"phuong_xa","type":"string","args":[],"defaultTo":null,"notNullable":false,"unsigned":false},{"name":"ghi_chu","type":"text","args":["longtext"],"defaultTo":null,"notNullable":false,"unsigned":false}]},{"name":"components_shared_cta_buttons","indexes":[],"foreignKeys":[],"columns":[{"name":"id","type":"increments","args":[{"primary":true,"primaryKey":true}],"defaultTo":null,"notNullable":true,"unsigned":false},{"name":"text","type":"string","args":[],"defaultTo":null,"notNullable":false,"unsigned":false},{"name":"url","type":"string","args":[],"defaultTo":null,"notNullable":false,"unsigned":false},{"name":"icon","type":"string","args":[],"defaultTo":null,"notNullable":false,"unsigned":false},{"name":"style","type":"string","args":[],"defaultTo":null,"notNullable":false,"unsigned":false}]},{"name":"components_shared_contact_info_items","indexes":[],"foreignKeys":[],"columns":[{"name":"id","type":"increments","args":[{"primary":true,"primaryKey":true}],"defaultTo":null,"notNullable":true,"unsigned":false},{"name":"title","type":"string","args":[],"defaultTo":null,"notNullable":false,"unsigned":false},{"name":"value","type":"string","args":[],"defaultTo":null,"notNullable":false,"unsigned":false},{"name":"url","type":"string","args":[],"defaultTo":null,"notNullable":false,"unsigned":false}]},{"name":"components_danhmuc_baiviet_danh_muc_bai_viet_800e8_cmps","indexes":[{"name":"components_danhmuc_baiviet_danh_muc_bai_800e8_field_idx","columns":["field"]},{"name":"components_danhmuc_baiviet_danh800e8_component_type_idx","columns":["component_type"]},{"name":"components_danhmuc_baiviet_danh_muc_bai_800e8_entity_fk","columns":["entity_id"]},{"name":"components_danhmuc_baiviet_danh_muc_bai_viet_cap_3s_uq","columns":["entity_id","cmp_id","field","component_type"],"type":"unique"}],"foreignKeys":[{"name":"components_danhmuc_baiviet_danh_muc_bai_800e8_entity_fk","columns":["entity_id"],"referencedColumns":["id"],"referencedTable":"components_danhmuc_baiviet_danh_muc_bai_viet_cap_3s","onDelete":"CASCADE"}],"columns":[{"name":"id","type":"increments","args":[{"primary":true,"primaryKey":true}],"defaultTo":null,"notNullable":true,"unsigned":false},{"name":"entity_id","type":"integer","args":[],"defaultTo":null,"notNullable":false,"unsigned":true},{"name":"cmp_id","type":"integer","args":[],"defaultTo":null,"notNullable":false,"unsigned":true},{"name":"component_type","type":"string","args":[],"defaultTo":null,"notNullable":false,"unsigned":false},{"name":"field","type":"string","args":[],"defaultTo":null,"notNullable":false,"unsigned":false},{"name":"order","type":"double","args":[],"defaultTo":null,"notNullable":false,"unsigned":true}]},{"name":"components_danhmuc_baiviet_danh_muc_bai_viet_cap_3s","indexes":[],"foreignKeys":[],"columns":[{"name":"id","type":"increments","args":[{"primary":true,"primaryKey":true}],"defaultTo":null,"notNullable":true,"unsigned":false},{"name":"title","type":"text","args":["longtext"],"defaultTo":null,"notNullable":false,"unsigned":false},{"name":"slug","type":"text","args":["longtext"],"defaultTo":null,"notNullable":false,"unsigned":false}]},{"name":"components_danhmuc_baiviet_danh_muc_bai_viet_18708_cmps","indexes":[{"name":"components_danhmuc_baiviet_danh_muc_bai_18708_field_idx","columns":["field"]},{"name":"components_danhmuc_baiviet_danh18708_component_type_idx","columns":["component_type"]},{"name":"components_danhmuc_baiviet_danh_muc_bai_18708_entity_fk","columns":["entity_id"]},{"name":"components_danhmuc_baiviet_danh_muc_bai_viet_cap_2s_uq","columns":["entity_id","cmp_id","field","component_type"],"type":"unique"}],"foreignKeys":[{"name":"components_danhmuc_baiviet_danh_muc_bai_18708_entity_fk","columns":["entity_id"],"referencedColumns":["id"],"referencedTable":"components_danhmuc_baiviet_danh_muc_bai_viet_cap_2s","onDelete":"CASCADE"}],"columns":[{"name":"id","type":"increments","args":[{"primary":true,"primaryKey":true}],"defaultTo":null,"notNullable":true,"unsigned":false},{"name":"entity_id","type":"integer","args":[],"defaultTo":null,"notNullable":false,"unsigned":true},{"name":"cmp_id","type":"integer","args":[],"defaultTo":null,"notNullable":false,"unsigned":true},{"name":"component_type","type":"string","args":[],"defaultTo":null,"notNullable":false,"unsigned":false},{"name":"field","type":"string","args":[],"defaultTo":null,"notNullable":false,"unsigned":false},{"name":"order","type":"double","args":[],"defaultTo":null,"notNullable":false,"unsigned":true}]},{"name":"components_danhmuc_baiviet_danh_muc_bai_viet_cap_2s","indexes":[],"foreignKeys":[],"columns":[{"name":"id","type":"increments","args":[{"primary":true,"primaryKey":true}],"defaultTo":null,"notNullable":true,"unsigned":false},{"name":"title","type":"text","args":["longtext"],"defaultTo":null,"notNullable":false,"unsigned":false},{"name":"slug","type":"text","args":["longtext"],"defaultTo":null,"notNullable":false,"unsigned":false}]},{"name":"components_home_why_choose_uss_cmps","indexes":[{"name":"components_home_why_choose_uss_field_idx","columns":["field"]},{"name":"components_home_why_choose_uss_component_type_idx","columns":["component_type"]},{"name":"components_home_why_choose_uss_entity_fk","columns":["entity_id"]},{"name":"components_home_why_choose_uss_uq","columns":["entity_id","cmp_id","field","component_type"],"type":"unique"}],"foreignKeys":[{"name":"components_home_why_choose_uss_entity_fk","columns":["entity_id"],"referencedColumns":["id"],"referencedTable":"components_home_why_choose_uss","onDelete":"CASCADE"}],"columns":[{"name":"id","type":"increments","args":[{"primary":true,"primaryKey":true}],"defaultTo":null,"notNullable":true,"unsigned":false},{"name":"entity_id","type":"integer","args":[],"defaultTo":null,"notNullable":false,"unsigned":true},{"name":"cmp_id","type":"integer","args":[],"defaultTo":null,"notNullable":false,"unsigned":true},{"name":"component_type","type":"string","args":[],"defaultTo":null,"notNullable":false,"unsigned":false},{"name":"field","type":"string","args":[],"defaultTo":null,"notNullable":false,"unsigned":false},{"name":"order","type":"double","args":[],"defaultTo":null,"notNullable":false,"unsigned":true}]},{"name":"components_home_why_choose_uss","indexes":[],"foreignKeys":[],"columns":[{"name":"id","type":"increments","args":[{"primary":true,"primaryKey":true}],"defaultTo":null,"notNullable":true,"unsigned":false},{"name":"title","type":"string","args":[],"defaultTo":null,"notNullable":false,"unsigned":false},{"name":"subtitle","type":"text","args":["longtext"],"defaultTo":null,"notNullable":false,"unsigned":false}]},{"name":"components_home_testimonials_sections_cmps","indexes":[{"name":"components_home_testimonials_sections_field_idx","columns":["field"]},{"name":"components_home_testimonials_sed4d88_component_type_idx","columns":["component_type"]},{"name":"components_home_testimonials_sections_entity_fk","columns":["entity_id"]},{"name":"components_home_testimonials_sections_uq","columns":["entity_id","cmp_id","field","component_type"],"type":"unique"}],"foreignKeys":[{"name":"components_home_testimonials_sections_entity_fk","columns":["entity_id"],"referencedColumns":["id"],"referencedTable":"components_home_testimonials_sections","onDelete":"CASCADE"}],"columns":[{"name":"id","type":"increments","args":[{"primary":true,"primaryKey":true}],"defaultTo":null,"notNullable":true,"unsigned":false},{"name":"entity_id","type":"integer","args":[],"defaultTo":null,"notNullable":false,"unsigned":true},{"name":"cmp_id","type":"integer","args":[],"defaultTo":null,"notNullable":false,"unsigned":true},{"name":"component_type","type":"string","args":[],"defaultTo":null,"notNullable":false,"unsigned":false},{"name":"field","type":"string","args":[],"defaultTo":null,"notNullable":false,"unsigned":false},{"name":"order","type":"double","args":[],"defaultTo":null,"notNullable":false,"unsigned":true}]},{"name":"components_home_testimonials_sections","indexes":[],"foreignKeys":[],"columns":[{"name":"id","type":"increments","args":[{"primary":true,"primaryKey":true}],"defaultTo":null,"notNullable":true,"unsigned":false},{"name":"title","type":"string","args":[],"defaultTo":null,"notNullable":false,"unsigned":false},{"name":"subtitle","type":"text","args":["longtext"],"defaultTo":null,"notNullable":false,"unsigned":false}]},{"name":"components_home_testimonials","indexes":[],"foreignKeys":[],"columns":[{"name":"id","type":"increments","args":[{"primary":true,"primaryKey":true}],"defaultTo":null,"notNullable":true,"unsigned":false},{"name":"rating","type":"integer","args":[],"defaultTo":null,"notNullable":false,"unsigned":false},{"name":"testimonial","type":"text","args":["longtext"],"defaultTo":null,"notNullable":false,"unsigned":false},{"name":"customer_name","type":"string","args":[],"defaultTo":null,"notNullable":false,"unsigned":false}]},{"name":"components_home_stats_sections_cmps","indexes":[{"name":"components_home_stats_sections_field_idx","columns":["field"]},{"name":"components_home_stats_sections_component_type_idx","columns":["component_type"]},{"name":"components_home_stats_sections_entity_fk","columns":["entity_id"]},{"name":"components_home_stats_sections_uq","columns":["entity_id","cmp_id","field","component_type"],"type":"unique"}],"foreignKeys":[{"name":"components_home_stats_sections_entity_fk","columns":["entity_id"],"referencedColumns":["id"],"referencedTable":"components_home_stats_sections","onDelete":"CASCADE"}],"columns":[{"name":"id","type":"increments","args":[{"primary":true,"primaryKey":true}],"defaultTo":null,"notNullable":true,"unsigned":false},{"name":"entity_id","type":"integer","args":[],"defaultTo":null,"notNullable":false,"unsigned":true},{"name":"cmp_id","type":"integer","args":[],"defaultTo":null,"notNullable":false,"unsigned":true},{"name":"component_type","type":"string","args":[],"defaultTo":null,"notNullable":false,"unsigned":false},{"name":"field","type":"string","args":[],"defaultTo":null,"notNullable":false,"unsigned":false},{"name":"order","type":"double","args":[],"defaultTo":null,"notNullable":false,"unsigned":true}]},{"name":"components_home_stats_sections","indexes":[],"foreignKeys":[],"columns":[{"name":"id","type":"increments","args":[{"primary":true,"primaryKey":true}],"defaultTo":null,"notNullable":true,"unsigned":false}]},{"name":"components_home_stat_cards","indexes":[],"foreignKeys":[],"columns":[{"name":"id","type":"increments","args":[{"primary":true,"primaryKey":true}],"defaultTo":null,"notNullable":true,"unsigned":false},{"name":"number","type":"string","args":[],"defaultTo":null,"notNullable":false,"unsigned":false},{"name":"text","type":"string","args":[],"defaultTo":null,"notNullable":false,"unsigned":false}]},{"name":"components_home_special_promotions_sections_cmps","indexes":[{"name":"components_home_special_promotions_sections_field_idx","columns":["field"]},{"name":"components_home_special_promotib993a_component_type_idx","columns":["component_type"]},{"name":"components_home_special_promotions_sections_entity_fk","columns":["entity_id"]},{"name":"components_home_special_promotions_sections_uq","columns":["entity_id","cmp_id","field","component_type"],"type":"unique"}],"foreignKeys":[{"name":"components_home_special_promotions_sections_entity_fk","columns":["entity_id"],"referencedColumns":["id"],"referencedTable":"components_home_special_promotions_sections","onDelete":"CASCADE"}],"columns":[{"name":"id","type":"increments","args":[{"primary":true,"primaryKey":true}],"defaultTo":null,"notNullable":true,"unsigned":false},{"name":"entity_id","type":"integer","args":[],"defaultTo":null,"notNullable":false,"unsigned":true},{"name":"cmp_id","type":"integer","args":[],"defaultTo":null,"notNullable":false,"unsigned":true},{"name":"component_type","type":"string","args":[],"defaultTo":null,"notNullable":false,"unsigned":false},{"name":"field","type":"string","args":[],"defaultTo":null,"notNullable":false,"unsigned":false},{"name":"order","type":"double","args":[],"defaultTo":null,"notNullable":false,"unsigned":true}]},{"name":"components_home_special_promotions_sections","indexes":[],"foreignKeys":[],"columns":[{"name":"id","type":"increments","args":[{"primary":true,"primaryKey":true}],"defaultTo":null,"notNullable":true,"unsigned":false},{"name":"title","type":"string","args":[],"defaultTo":null,"notNullable":false,"unsigned":false},{"name":"subtitle","type":"text","args":["longtext"],"defaultTo":null,"notNullable":false,"unsigned":false}]},{"name":"components_home_service_features","indexes":[],"foreignKeys":[],"columns":[{"name":"id","type":"increments","args":[{"primary":true,"primaryKey":true}],"defaultTo":null,"notNullable":true,"unsigned":false},{"name":"text","type":"string","args":[],"defaultTo":null,"notNullable":false,"unsigned":false}]},{"name":"components_home_service_cards_cmps","indexes":[{"name":"components_home_service_cards_field_idx","columns":["field"]},{"name":"components_home_service_cards_component_type_idx","columns":["component_type"]},{"name":"components_home_service_cards_entity_fk","columns":["entity_id"]},{"name":"components_home_service_cards_uq","columns":["entity_id","cmp_id","field","component_type"],"type":"unique"}],"foreignKeys":[{"name":"components_home_service_cards_entity_fk","columns":["entity_id"],"referencedColumns":["id"],"referencedTable":"components_home_service_cards","onDelete":"CASCADE"}],"columns":[{"name":"id","type":"increments","args":[{"primary":true,"primaryKey":true}],"defaultTo":null,"notNullable":true,"unsigned":false},{"name":"entity_id","type":"integer","args":[],"defaultTo":null,"notNullable":false,"unsigned":true},{"name":"cmp_id","type":"integer","args":[],"defaultTo":null,"notNullable":false,"unsigned":true},{"name":"component_type","type":"string","args":[],"defaultTo":null,"notNullable":false,"unsigned":false},{"name":"field","type":"string","args":[],"defaultTo":null,"notNullable":false,"unsigned":false},{"name":"order","type":"double","args":[],"defaultTo":null,"notNullable":false,"unsigned":true}]},{"name":"components_home_service_cards","indexes":[],"foreignKeys":[],"columns":[{"name":"id","type":"increments","args":[{"primary":true,"primaryKey":true}],"defaultTo":null,"notNullable":true,"unsigned":false},{"name":"title","type":"string","args":[],"defaultTo":null,"notNullable":false,"unsigned":false},{"name":"description","type":"text","args":["longtext"],"defaultTo":null,"notNullable":false,"unsigned":false},{"name":"link","type":"string","args":[],"defaultTo":null,"notNullable":false,"unsigned":false}]},{"name":"components_home_promotion_cards","indexes":[],"foreignKeys":[],"columns":[{"name":"id","type":"increments","args":[{"primary":true,"primaryKey":true}],"defaultTo":null,"notNullable":true,"unsigned":false},{"name":"badge","type":"string","args":[],"defaultTo":null,"notNullable":false,"unsigned":false},{"name":"discount","type":"string","args":[],"defaultTo":null,"notNullable":false,"unsigned":false},{"name":"is_free","type":"boolean","args":[],"defaultTo":null,"notNullable":false,"unsigned":false},{"name":"end_date","type":"date","args":[],"defaultTo":null,"notNullable":false,"unsigned":false},{"name":"title","type":"string","args":[],"defaultTo":null,"notNullable":false,"unsigned":false},{"name":"description","type":"text","args":["longtext"],"defaultTo":null,"notNullable":false,"unsigned":false},{"name":"link","type":"string","args":[],"defaultTo":null,"notNullable":false,"unsigned":false},{"name":"button_text","type":"string","args":[],"defaultTo":null,"notNullable":false,"unsigned":false}]},{"name":"components_home_professional_services_sections_cmps","indexes":[{"name":"components_home_professional_services_sec2f25_field_idx","columns":["field"]},{"name":"components_home_professional_sec2f25_component_type_idx","columns":["component_type"]},{"name":"components_home_professional_services_sec2f25_entity_fk","columns":["entity_id"]},{"name":"components_home_professional_services_sections_uq","columns":["entity_id","cmp_id","field","component_type"],"type":"unique"}],"foreignKeys":[{"name":"components_home_professional_services_sec2f25_entity_fk","columns":["entity_id"],"referencedColumns":["id"],"referencedTable":"components_home_professional_services_sections","onDelete":"CASCADE"}],"columns":[{"name":"id","type":"increments","args":[{"primary":true,"primaryKey":true}],"defaultTo":null,"notNullable":true,"unsigned":false},{"name":"entity_id","type":"integer","args":[],"defaultTo":null,"notNullable":false,"unsigned":true},{"name":"cmp_id","type":"integer","args":[],"defaultTo":null,"notNullable":false,"unsigned":true},{"name":"component_type","type":"string","args":[],"defaultTo":null,"notNullable":false,"unsigned":false},{"name":"field","type":"string","args":[],"defaultTo":null,"notNullable":false,"unsigned":false},{"name":"order","type":"double","args":[],"defaultTo":null,"notNullable":false,"unsigned":true}]},{"name":"components_home_professional_services_sections","indexes":[],"foreignKeys":[],"columns":[{"name":"id","type":"increments","args":[{"primary":true,"primaryKey":true}],"defaultTo":null,"notNullable":true,"unsigned":false},{"name":"title","type":"string","args":[],"defaultTo":null,"notNullable":false,"unsigned":false},{"name":"subtitle","type":"text","args":["longtext"],"defaultTo":null,"notNullable":false,"unsigned":false}]},{"name":"components_home_product_category_cards","indexes":[],"foreignKeys":[],"columns":[{"name":"id","type":"increments","args":[{"primary":true,"primaryKey":true}],"defaultTo":null,"notNullable":true,"unsigned":false}]},{"name":"components_home_product_categories_sections","indexes":[],"foreignKeys":[],"columns":[{"name":"id","type":"increments","args":[{"primary":true,"primaryKey":true}],"defaultTo":null,"notNullable":true,"unsigned":false},{"name":"title","type":"string","args":[],"defaultTo":null,"notNullable":false,"unsigned":false},{"name":"subtitle","type":"text","args":["longtext"],"defaultTo":null,"notNullable":false,"unsigned":false}]},{"name":"components_home_product_badges","indexes":[],"foreignKeys":[],"columns":[{"name":"id","type":"increments","args":[{"primary":true,"primaryKey":true}],"defaultTo":null,"notNullable":true,"unsigned":false},{"name":"text","type":"string","args":[],"defaultTo":null,"notNullable":false,"unsigned":false},{"name":"type","type":"string","args":[],"defaultTo":null,"notNullable":false,"unsigned":false}]},{"name":"components_home_process_steps","indexes":[],"foreignKeys":[],"columns":[{"name":"id","type":"increments","args":[{"primary":true,"primaryKey":true}],"defaultTo":null,"notNullable":true,"unsigned":false},{"name":"step_number","type":"integer","args":[],"defaultTo":null,"notNullable":false,"unsigned":false},{"name":"title","type":"string","args":[],"defaultTo":null,"notNullable":false,"unsigned":false},{"name":"description","type":"text","args":["longtext"],"defaultTo":null,"notNullable":false,"unsigned":false}]},{"name":"components_home_process_sections_cmps","indexes":[{"name":"components_home_process_sections_field_idx","columns":["field"]},{"name":"components_home_process_sections_component_type_idx","columns":["component_type"]},{"name":"components_home_process_sections_entity_fk","columns":["entity_id"]},{"name":"components_home_process_sections_uq","columns":["entity_id","cmp_id","field","component_type"],"type":"unique"}],"foreignKeys":[{"name":"components_home_process_sections_entity_fk","columns":["entity_id"],"referencedColumns":["id"],"referencedTable":"components_home_process_sections","onDelete":"CASCADE"}],"columns":[{"name":"id","type":"increments","args":[{"primary":true,"primaryKey":true}],"defaultTo":null,"notNullable":true,"unsigned":false},{"name":"entity_id","type":"integer","args":[],"defaultTo":null,"notNullable":false,"unsigned":true},{"name":"cmp_id","type":"integer","args":[],"defaultTo":null,"notNullable":false,"unsigned":true},{"name":"component_type","type":"string","args":[],"defaultTo":null,"notNullable":false,"unsigned":false},{"name":"field","type":"string","args":[],"defaultTo":null,"notNullable":false,"unsigned":false},{"name":"order","type":"double","args":[],"defaultTo":null,"notNullable":false,"unsigned":true}]},{"name":"components_home_process_sections","indexes":[],"foreignKeys":[],"columns":[{"name":"id","type":"increments","args":[{"primary":true,"primaryKey":true}],"defaultTo":null,"notNullable":true,"unsigned":false},{"name":"title","type":"string","args":[],"defaultTo":null,"notNullable":false,"unsigned":false},{"name":"subtitle","type":"text","args":["longtext"],"defaultTo":null,"notNullable":false,"unsigned":false}]},{"name":"components_home_partner_brands_sections_cmps","indexes":[{"name":"components_home_partner_brands_sections_field_idx","columns":["field"]},{"name":"components_home_partner_brands_66fe1_component_type_idx","columns":["component_type"]},{"name":"components_home_partner_brands_sections_entity_fk","columns":["entity_id"]},{"name":"components_home_partner_brands_sections_uq","columns":["entity_id","cmp_id","field","component_type"],"type":"unique"}],"foreignKeys":[{"name":"components_home_partner_brands_sections_entity_fk","columns":["entity_id"],"referencedColumns":["id"],"referencedTable":"components_home_partner_brands_sections","onDelete":"CASCADE"}],"columns":[{"name":"id","type":"increments","args":[{"primary":true,"primaryKey":true}],"defaultTo":null,"notNullable":true,"unsigned":false},{"name":"entity_id","type":"integer","args":[],"defaultTo":null,"notNullable":false,"unsigned":true},{"name":"cmp_id","type":"integer","args":[],"defaultTo":null,"notNullable":false,"unsigned":true},{"name":"component_type","type":"string","args":[],"defaultTo":null,"notNullable":false,"unsigned":false},{"name":"field","type":"string","args":[],"defaultTo":null,"notNullable":false,"unsigned":false},{"name":"order","type":"double","args":[],"defaultTo":null,"notNullable":false,"unsigned":true}]},{"name":"components_home_partner_brands_sections","indexes":[],"foreignKeys":[],"columns":[{"name":"id","type":"increments","args":[{"primary":true,"primaryKey":true}],"defaultTo":null,"notNullable":true,"unsigned":false},{"name":"title","type":"string","args":[],"defaultTo":null,"notNullable":false,"unsigned":false},{"name":"subtitle","type":"text","args":["longtext"],"defaultTo":null,"notNullable":false,"unsigned":false}]},{"name":"components_home_partner_brands","indexes":[],"foreignKeys":[],"columns":[{"name":"id","type":"increments","args":[{"primary":true,"primaryKey":true}],"defaultTo":null,"notNullable":true,"unsigned":false},{"name":"name","type":"string","args":[],"defaultTo":null,"notNullable":false,"unsigned":false},{"name":"url","type":"string","args":[],"defaultTo":null,"notNullable":false,"unsigned":false}]},{"name":"components_home_newsletter_sections","indexes":[],"foreignKeys":[],"columns":[{"name":"id","type":"increments","args":[{"primary":true,"primaryKey":true}],"defaultTo":null,"notNullable":true,"unsigned":false},{"name":"title","type":"string","args":[],"defaultTo":null,"notNullable":false,"unsigned":false},{"name":"subtitle","type":"text","args":["longtext"],"defaultTo":null,"notNullable":false,"unsigned":false},{"name":"button_text","type":"string","args":[],"defaultTo":null,"notNullable":false,"unsigned":false},{"name":"privacy_text","type":"text","args":["longtext"],"defaultTo":null,"notNullable":false,"unsigned":false}]},{"name":"components_home_latest_news_sections_cmps","indexes":[{"name":"components_home_latest_news_sections_field_idx","columns":["field"]},{"name":"components_home_latest_news_sections_component_type_idx","columns":["component_type"]},{"name":"components_home_latest_news_sections_entity_fk","columns":["entity_id"]},{"name":"components_home_latest_news_sections_uq","columns":["entity_id","cmp_id","field","component_type"],"type":"unique"}],"foreignKeys":[{"name":"components_home_latest_news_sections_entity_fk","columns":["entity_id"],"referencedColumns":["id"],"referencedTable":"components_home_latest_news_sections","onDelete":"CASCADE"}],"columns":[{"name":"id","type":"increments","args":[{"primary":true,"primaryKey":true}],"defaultTo":null,"notNullable":true,"unsigned":false},{"name":"entity_id","type":"integer","args":[],"defaultTo":null,"notNullable":false,"unsigned":true},{"name":"cmp_id","type":"integer","args":[],"defaultTo":null,"notNullable":false,"unsigned":true},{"name":"component_type","type":"string","args":[],"defaultTo":null,"notNullable":false,"unsigned":false},{"name":"field","type":"string","args":[],"defaultTo":null,"notNullable":false,"unsigned":false},{"name":"order","type":"double","args":[],"defaultTo":null,"notNullable":false,"unsigned":true}]},{"name":"components_home_latest_news_sections","indexes":[],"foreignKeys":[],"columns":[{"name":"id","type":"increments","args":[{"primary":true,"primaryKey":true}],"defaultTo":null,"notNullable":true,"unsigned":false},{"name":"title","type":"string","args":[],"defaultTo":null,"notNullable":false,"unsigned":false},{"name":"subtitle","type":"text","args":["longtext"],"defaultTo":null,"notNullable":false,"unsigned":false}]},{"name":"components_home_hero_sliders","indexes":[],"foreignKeys":[],"columns":[{"name":"id","type":"increments","args":[{"primary":true,"primaryKey":true}],"defaultTo":null,"notNullable":true,"unsigned":false},{"name":"title","type":"string","args":[],"defaultTo":null,"notNullable":false,"unsigned":false},{"name":"special_title","type":"string","args":[],"defaultTo":null,"notNullable":false,"unsigned":false},{"name":"subtitle","type":"string","args":[],"defaultTo":null,"notNullable":false,"unsigned":false},{"name":"description","type":"text","args":["longtext"],"defaultTo":null,"notNullable":false,"unsigned":false},{"name":"url","type":"string","args":[],"defaultTo":null,"notNullable":false,"unsigned":false}]},{"name":"components_home_gallery_sections_cmps","indexes":[{"name":"components_home_gallery_sections_field_idx","columns":["field"]},{"name":"components_home_gallery_sections_component_type_idx","columns":["component_type"]},{"name":"components_home_gallery_sections_entity_fk","columns":["entity_id"]},{"name":"components_home_gallery_sections_uq","columns":["entity_id","cmp_id","field","component_type"],"type":"unique"}],"foreignKeys":[{"name":"components_home_gallery_sections_entity_fk","columns":["entity_id"],"referencedColumns":["id"],"referencedTable":"components_home_gallery_sections","onDelete":"CASCADE"}],"columns":[{"name":"id","type":"increments","args":[{"primary":true,"primaryKey":true}],"defaultTo":null,"notNullable":true,"unsigned":false},{"name":"entity_id","type":"integer","args":[],"defaultTo":null,"notNullable":false,"unsigned":true},{"name":"cmp_id","type":"integer","args":[],"defaultTo":null,"notNullable":false,"unsigned":true},{"name":"component_type","type":"string","args":[],"defaultTo":null,"notNullable":false,"unsigned":false},{"name":"field","type":"string","args":[],"defaultTo":null,"notNullable":false,"unsigned":false},{"name":"order","type":"double","args":[],"defaultTo":null,"notNullable":false,"unsigned":true}]},{"name":"components_home_gallery_sections","indexes":[],"foreignKeys":[],"columns":[{"name":"id","type":"increments","args":[{"primary":true,"primaryKey":true}],"defaultTo":null,"notNullable":true,"unsigned":false},{"name":"title","type":"string","args":[],"defaultTo":null,"notNullable":false,"unsigned":false},{"name":"subtitle","type":"text","args":["longtext"],"defaultTo":null,"notNullable":false,"unsigned":false}]},{"name":"components_home_featured_products_sections","indexes":[],"foreignKeys":[],"columns":[{"name":"id","type":"increments","args":[{"primary":true,"primaryKey":true}],"defaultTo":null,"notNullable":true,"unsigned":false},{"name":"title","type":"string","args":[],"defaultTo":null,"notNullable":false,"unsigned":false},{"name":"subtitle","type":"text","args":["longtext"],"defaultTo":null,"notNullable":false,"unsigned":false}]},{"name":"components_home_featured_product_cards_cmps","indexes":[{"name":"components_home_featured_product_cards_field_idx","columns":["field"]},{"name":"components_home_featured_produc9438c_component_type_idx","columns":["component_type"]},{"name":"components_home_featured_product_cards_entity_fk","columns":["entity_id"]},{"name":"components_home_featured_product_cards_uq","columns":["entity_id","cmp_id","field","component_type"],"type":"unique"}],"foreignKeys":[{"name":"components_home_featured_product_cards_entity_fk","columns":["entity_id"],"referencedColumns":["id"],"referencedTable":"components_home_featured_product_cards","onDelete":"CASCADE"}],"columns":[{"name":"id","type":"increments","args":[{"primary":true,"primaryKey":true}],"defaultTo":null,"notNullable":true,"unsigned":false},{"name":"entity_id","type":"integer","args":[],"defaultTo":null,"notNullable":false,"unsigned":true},{"name":"cmp_id","type":"integer","args":[],"defaultTo":null,"notNullable":false,"unsigned":true},{"name":"component_type","type":"string","args":[],"defaultTo":null,"notNullable":false,"unsigned":false},{"name":"field","type":"string","args":[],"defaultTo":null,"notNullable":false,"unsigned":false},{"name":"order","type":"double","args":[],"defaultTo":null,"notNullable":false,"unsigned":true}]},{"name":"components_home_featured_product_cards","indexes":[],"foreignKeys":[],"columns":[{"name":"id","type":"increments","args":[{"primary":true,"primaryKey":true}],"defaultTo":null,"notNullable":true,"unsigned":false},{"name":"title","type":"string","args":[],"defaultTo":null,"notNullable":false,"unsigned":false},{"name":"rating","type":"decimal","args":[10,2],"defaultTo":null,"notNullable":false,"unsigned":false},{"name":"review_count","type":"integer","args":[],"defaultTo":null,"notNullable":false,"unsigned":false},{"name":"price","type":"decimal","args":[10,2],"defaultTo":null,"notNullable":false,"unsigned":false},{"name":"original_price","type":"decimal","args":[10,2],"defaultTo":null,"notNullable":false,"unsigned":false},{"name":"button_text","type":"string","args":[],"defaultTo":null,"notNullable":false,"unsigned":false}]},{"name":"components_home_feature_cards","indexes":[],"foreignKeys":[],"columns":[{"name":"id","type":"increments","args":[{"primary":true,"primaryKey":true}],"defaultTo":null,"notNullable":true,"unsigned":false},{"name":"title","type":"string","args":[],"defaultTo":null,"notNullable":false,"unsigned":false},{"name":"description","type":"text","args":["longtext"],"defaultTo":null,"notNullable":false,"unsigned":false}]},{"name":"components_home_faq_sections_cmps","indexes":[{"name":"components_home_faq_sections_field_idx","columns":["field"]},{"name":"components_home_faq_sections_component_type_idx","columns":["component_type"]},{"name":"components_home_faq_sections_entity_fk","columns":["entity_id"]},{"name":"components_home_faq_sections_uq","columns":["entity_id","cmp_id","field","component_type"],"type":"unique"}],"foreignKeys":[{"name":"components_home_faq_sections_entity_fk","columns":["entity_id"],"referencedColumns":["id"],"referencedTable":"components_home_faq_sections","onDelete":"CASCADE"}],"columns":[{"name":"id","type":"increments","args":[{"primary":true,"primaryKey":true}],"defaultTo":null,"notNullable":true,"unsigned":false},{"name":"entity_id","type":"integer","args":[],"defaultTo":null,"notNullable":false,"unsigned":true},{"name":"cmp_id","type":"integer","args":[],"defaultTo":null,"notNullable":false,"unsigned":true},{"name":"component_type","type":"string","args":[],"defaultTo":null,"notNullable":false,"unsigned":false},{"name":"field","type":"string","args":[],"defaultTo":null,"notNullable":false,"unsigned":false},{"name":"order","type":"double","args":[],"defaultTo":null,"notNullable":false,"unsigned":true}]},{"name":"components_home_faq_sections","indexes":[],"foreignKeys":[],"columns":[{"name":"id","type":"increments","args":[{"primary":true,"primaryKey":true}],"defaultTo":null,"notNullable":true,"unsigned":false},{"name":"title","type":"string","args":[],"defaultTo":null,"notNullable":false,"unsigned":false},{"name":"subtitle","type":"text","args":["longtext"],"defaultTo":null,"notNullable":false,"unsigned":false}]},{"name":"components_home_faq_items","indexes":[],"foreignKeys":[],"columns":[{"name":"id","type":"increments","args":[{"primary":true,"primaryKey":true}],"defaultTo":null,"notNullable":true,"unsigned":false},{"name":"question","type":"string","args":[],"defaultTo":null,"notNullable":false,"unsigned":false},{"name":"answer","type":"text","args":["longtext"],"defaultTo":null,"notNullable":false,"unsigned":false}]},{"name":"components_home_cta_sections_cmps","indexes":[{"name":"components_home_cta_sections_field_idx","columns":["field"]},{"name":"components_home_cta_sections_component_type_idx","columns":["component_type"]},{"name":"components_home_cta_sections_entity_fk","columns":["entity_id"]},{"name":"components_home_cta_sections_uq","columns":["entity_id","cmp_id","field","component_type"],"type":"unique"}],"foreignKeys":[{"name":"components_home_cta_sections_entity_fk","columns":["entity_id"],"referencedColumns":["id"],"referencedTable":"components_home_cta_sections","onDelete":"CASCADE"}],"columns":[{"name":"id","type":"increments","args":[{"primary":true,"primaryKey":true}],"defaultTo":null,"notNullable":true,"unsigned":false},{"name":"entity_id","type":"integer","args":[],"defaultTo":null,"notNullable":false,"unsigned":true},{"name":"cmp_id","type":"integer","args":[],"defaultTo":null,"notNullable":false,"unsigned":true},{"name":"component_type","type":"string","args":[],"defaultTo":null,"notNullable":false,"unsigned":false},{"name":"field","type":"string","args":[],"defaultTo":null,"notNullable":false,"unsigned":false},{"name":"order","type":"double","args":[],"defaultTo":null,"notNullable":false,"unsigned":true}]},{"name":"components_home_cta_sections","indexes":[],"foreignKeys":[],"columns":[{"name":"id","type":"increments","args":[{"primary":true,"primaryKey":true}],"defaultTo":null,"notNullable":true,"unsigned":false},{"name":"title","type":"string","args":[],"defaultTo":null,"notNullable":false,"unsigned":false},{"name":"subtitle","type":"text","args":["longtext"],"defaultTo":null,"notNullable":false,"unsigned":false}]},{"name":"components_home_contact_sections_cmps","indexes":[{"name":"components_home_contact_sections_field_idx","columns":["field"]},{"name":"components_home_contact_sections_component_type_idx","columns":["component_type"]},{"name":"components_home_contact_sections_entity_fk","columns":["entity_id"]},{"name":"components_home_contact_sections_uq","columns":["entity_id","cmp_id","field","component_type"],"type":"unique"}],"foreignKeys":[{"name":"components_home_contact_sections_entity_fk","columns":["entity_id"],"referencedColumns":["id"],"referencedTable":"components_home_contact_sections","onDelete":"CASCADE"}],"columns":[{"name":"id","type":"increments","args":[{"primary":true,"primaryKey":true}],"defaultTo":null,"notNullable":true,"unsigned":false},{"name":"entity_id","type":"integer","args":[],"defaultTo":null,"notNullable":false,"unsigned":true},{"name":"cmp_id","type":"integer","args":[],"defaultTo":null,"notNullable":false,"unsigned":true},{"name":"component_type","type":"string","args":[],"defaultTo":null,"notNullable":false,"unsigned":false},{"name":"field","type":"string","args":[],"defaultTo":null,"notNullable":false,"unsigned":false},{"name":"order","type":"double","args":[],"defaultTo":null,"notNullable":false,"unsigned":true}]},{"name":"components_home_contact_sections","indexes":[],"foreignKeys":[],"columns":[{"name":"id","type":"increments","args":[{"primary":true,"primaryKey":true}],"defaultTo":null,"notNullable":true,"unsigned":false},{"name":"title","type":"string","args":[],"defaultTo":null,"notNullable":false,"unsigned":false},{"name":"subtitle","type":"text","args":["longtext"],"defaultTo":null,"notNullable":false,"unsigned":false}]},{"name":"components_home_contact_info_cards","indexes":[],"foreignKeys":[],"columns":[{"name":"id","type":"increments","args":[{"primary":true,"primaryKey":true}],"defaultTo":null,"notNullable":true,"unsigned":false},{"name":"title","type":"string","args":[],"defaultTo":null,"notNullable":false,"unsigned":false},{"name":"details","type":"text","args":["longtext"],"defaultTo":null,"notNullable":false,"unsigned":false},{"name":"cta_text","type":"string","args":[],"defaultTo":null,"notNullable":false,"unsigned":false},{"name":"cta_url","type":"string","args":[],"defaultTo":null,"notNullable":false,"unsigned":false}]},{"name":"components_home_blog_cards","indexes":[],"foreignKeys":[],"columns":[{"name":"id","type":"increments","args":[{"primary":true,"primaryKey":true}],"defaultTo":null,"notNullable":true,"unsigned":false},{"name":"is_featured","type":"boolean","args":[],"defaultTo":null,"notNullable":false,"unsigned":false},{"name":"published_date","type":"date","args":[],"defaultTo":null,"notNullable":false,"unsigned":false},{"name":"reading_time","type":"string","args":[],"defaultTo":null,"notNullable":false,"unsigned":false},{"name":"title","type":"string","args":[],"defaultTo":null,"notNullable":false,"unsigned":false},{"name":"description","type":"text","args":["longtext"],"defaultTo":null,"notNullable":false,"unsigned":false},{"name":"link","type":"string","args":[],"defaultTo":null,"notNullable":false,"unsigned":false}]},{"name":"components_danhmuc_danh_muc_cap_3s_cmps","indexes":[{"name":"components_danhmuc_danh_muc_cap_3s_field_idx","columns":["field"]},{"name":"components_danhmuc_danh_muc_cap_3s_component_type_idx","columns":["component_type"]},{"name":"components_danhmuc_danh_muc_cap_3s_entity_fk","columns":["entity_id"]},{"name":"components_danhmuc_danh_muc_cap_3s_uq","columns":["entity_id","cmp_id","field","component_type"],"type":"unique"}],"foreignKeys":[{"name":"components_danhmuc_danh_muc_cap_3s_entity_fk","columns":["entity_id"],"referencedColumns":["id"],"referencedTable":"components_danhmuc_danh_muc_cap_3s","onDelete":"CASCADE"}],"columns":[{"name":"id","type":"increments","args":[{"primary":true,"primaryKey":true}],"defaultTo":null,"notNullable":true,"unsigned":false},{"name":"entity_id","type":"integer","args":[],"defaultTo":null,"notNullable":false,"unsigned":true},{"name":"cmp_id","type":"integer","args":[],"defaultTo":null,"notNullable":false,"unsigned":true},{"name":"component_type","type":"string","args":[],"defaultTo":null,"notNullable":false,"unsigned":false},{"name":"field","type":"string","args":[],"defaultTo":null,"notNullable":false,"unsigned":false},{"name":"order","type":"double","args":[],"defaultTo":null,"notNullable":false,"unsigned":true}]},{"name":"components_danhmuc_danh_muc_cap_3s","indexes":[],"foreignKeys":[],"columns":[{"name":"id","type":"increments","args":[{"primary":true,"primaryKey":true}],"defaultTo":null,"notNullable":true,"unsigned":false},{"name":"title","type":"text","args":["longtext"],"defaultTo":null,"notNullable":false,"unsigned":false},{"name":"slug","type":"text","args":["longtext"],"defaultTo":null,"notNullable":false,"unsigned":false}]},{"name":"components_danhmuc_danh_muc_cap_2s_cmps","indexes":[{"name":"components_danhmuc_danh_muc_cap_2s_field_idx","columns":["field"]},{"name":"components_danhmuc_danh_muc_cap_2s_component_type_idx","columns":["component_type"]},{"name":"components_danhmuc_danh_muc_cap_2s_entity_fk","columns":["entity_id"]},{"name":"components_danhmuc_danh_muc_cap_2s_uq","columns":["entity_id","cmp_id","field","component_type"],"type":"unique"}],"foreignKeys":[{"name":"components_danhmuc_danh_muc_cap_2s_entity_fk","columns":["entity_id"],"referencedColumns":["id"],"referencedTable":"components_danhmuc_danh_muc_cap_2s","onDelete":"CASCADE"}],"columns":[{"name":"id","type":"increments","args":[{"primary":true,"primaryKey":true}],"defaultTo":null,"notNullable":true,"unsigned":false},{"name":"entity_id","type":"integer","args":[],"defaultTo":null,"notNullable":false,"unsigned":true},{"name":"cmp_id","type":"integer","args":[],"defaultTo":null,"notNullable":false,"unsigned":true},{"name":"component_type","type":"string","args":[],"defaultTo":null,"notNullable":false,"unsigned":false},{"name":"field","type":"string","args":[],"defaultTo":null,"notNullable":false,"unsigned":false},{"name":"order","type":"double","args":[],"defaultTo":null,"notNullable":false,"unsigned":true}]},{"name":"components_danhmuc_danh_muc_cap_2s","indexes":[],"foreignKeys":[],"columns":[{"name":"id","type":"increments","args":[{"primary":true,"primaryKey":true}],"defaultTo":null,"notNullable":true,"unsigned":false},{"name":"title","type":"text","args":["longtext"],"defaultTo":null,"notNullable":false,"unsigned":false},{"name":"slug","type":"text","args":["longtext"],"defaultTo":null,"notNullable":false,"unsigned":false}]},{"name":"components_about_workshop_sections_cmps","indexes":[{"name":"components_about_workshop_sections_field_idx","columns":["field"]},{"name":"components_about_workshop_sections_component_type_idx","columns":["component_type"]},{"name":"components_about_workshop_sections_entity_fk","columns":["entity_id"]},{"name":"components_about_workshop_sections_uq","columns":["entity_id","cmp_id","field","component_type"],"type":"unique"}],"foreignKeys":[{"name":"components_about_workshop_sections_entity_fk","columns":["entity_id"],"referencedColumns":["id"],"referencedTable":"components_about_workshop_sections","onDelete":"CASCADE"}],"columns":[{"name":"id","type":"increments","args":[{"primary":true,"primaryKey":true}],"defaultTo":null,"notNullable":true,"unsigned":false},{"name":"entity_id","type":"integer","args":[],"defaultTo":null,"notNullable":false,"unsigned":true},{"name":"cmp_id","type":"integer","args":[],"defaultTo":null,"notNullable":false,"unsigned":true},{"name":"component_type","type":"string","args":[],"defaultTo":null,"notNullable":false,"unsigned":false},{"name":"field","type":"string","args":[],"defaultTo":null,"notNullable":false,"unsigned":false},{"name":"order","type":"double","args":[],"defaultTo":null,"notNullable":false,"unsigned":true}]},{"name":"components_about_workshop_sections","indexes":[],"foreignKeys":[],"columns":[{"name":"id","type":"increments","args":[{"primary":true,"primaryKey":true}],"defaultTo":null,"notNullable":true,"unsigned":false},{"name":"badge","type":"string","args":[],"defaultTo":null,"notNullable":false,"unsigned":false},{"name":"title","type":"string","args":[],"defaultTo":null,"notNullable":false,"unsigned":false},{"name":"title_highlight","type":"string","args":[],"defaultTo":null,"notNullable":false,"unsigned":false},{"name":"subtitle","type":"text","args":["longtext"],"defaultTo":null,"notNullable":false,"unsigned":false}]},{"name":"components_about_value_cards","indexes":[],"foreignKeys":[],"columns":[{"name":"id","type":"increments","args":[{"primary":true,"primaryKey":true}],"defaultTo":null,"notNullable":true,"unsigned":false},{"name":"title","type":"string","args":[],"defaultTo":null,"notNullable":false,"unsigned":false},{"name":"description","type":"text","args":["longtext"],"defaultTo":null,"notNullable":false,"unsigned":false}]},{"name":"components_about_timeline_milestones","indexes":[],"foreignKeys":[],"columns":[{"name":"id","type":"increments","args":[{"primary":true,"primaryKey":true}],"defaultTo":null,"notNullable":true,"unsigned":false},{"name":"year","type":"string","args":[],"defaultTo":null,"notNullable":false,"unsigned":false},{"name":"title","type":"string","args":[],"defaultTo":null,"notNullable":false,"unsigned":false},{"name":"description","type":"text","args":["longtext"],"defaultTo":null,"notNullable":false,"unsigned":false},{"name":"position","type":"string","args":[],"defaultTo":null,"notNullable":false,"unsigned":false}]},{"name":"components_about_team_sections_cmps","indexes":[{"name":"components_about_team_sections_field_idx","columns":["field"]},{"name":"components_about_team_sections_component_type_idx","columns":["component_type"]},{"name":"components_about_team_sections_entity_fk","columns":["entity_id"]},{"name":"components_about_team_sections_uq","columns":["entity_id","cmp_id","field","component_type"],"type":"unique"}],"foreignKeys":[{"name":"components_about_team_sections_entity_fk","columns":["entity_id"],"referencedColumns":["id"],"referencedTable":"components_about_team_sections","onDelete":"CASCADE"}],"columns":[{"name":"id","type":"increments","args":[{"primary":true,"primaryKey":true}],"defaultTo":null,"notNullable":true,"unsigned":false},{"name":"entity_id","type":"integer","args":[],"defaultTo":null,"notNullable":false,"unsigned":true},{"name":"cmp_id","type":"integer","args":[],"defaultTo":null,"notNullable":false,"unsigned":true},{"name":"component_type","type":"string","args":[],"defaultTo":null,"notNullable":false,"unsigned":false},{"name":"field","type":"string","args":[],"defaultTo":null,"notNullable":false,"unsigned":false},{"name":"order","type":"double","args":[],"defaultTo":null,"notNullable":false,"unsigned":true}]},{"name":"components_about_team_sections","indexes":[],"foreignKeys":[],"columns":[{"name":"id","type":"increments","args":[{"primary":true,"primaryKey":true}],"defaultTo":null,"notNullable":true,"unsigned":false},{"name":"badge","type":"string","args":[],"defaultTo":null,"notNullable":false,"unsigned":false},{"name":"title","type":"string","args":[],"defaultTo":null,"notNullable":false,"unsigned":false},{"name":"title_highlight","type":"string","args":[],"defaultTo":null,"notNullable":false,"unsigned":false},{"name":"subtitle","type":"text","args":["longtext"],"defaultTo":null,"notNullable":false,"unsigned":false}]},{"name":"components_about_team_members","indexes":[],"foreignKeys":[],"columns":[{"name":"id","type":"increments","args":[{"primary":true,"primaryKey":true}],"defaultTo":null,"notNullable":true,"unsigned":false},{"name":"name","type":"string","args":[],"defaultTo":null,"notNullable":false,"unsigned":false},{"name":"position","type":"string","args":[],"defaultTo":null,"notNullable":false,"unsigned":false}]},{"name":"components_about_store_locations_sections_cmps","indexes":[{"name":"components_about_store_locations_sections_field_idx","columns":["field"]},{"name":"components_about_store_locationa86e2_component_type_idx","columns":["component_type"]},{"name":"components_about_store_locations_sections_entity_fk","columns":["entity_id"]},{"name":"components_about_store_locations_sections_uq","columns":["entity_id","cmp_id","field","component_type"],"type":"unique"}],"foreignKeys":[{"name":"components_about_store_locations_sections_entity_fk","columns":["entity_id"],"referencedColumns":["id"],"referencedTable":"components_about_store_locations_sections","onDelete":"CASCADE"}],"columns":[{"name":"id","type":"increments","args":[{"primary":true,"primaryKey":true}],"defaultTo":null,"notNullable":true,"unsigned":false},{"name":"entity_id","type":"integer","args":[],"defaultTo":null,"notNullable":false,"unsigned":true},{"name":"cmp_id","type":"integer","args":[],"defaultTo":null,"notNullable":false,"unsigned":true},{"name":"component_type","type":"string","args":[],"defaultTo":null,"notNullable":false,"unsigned":false},{"name":"field","type":"string","args":[],"defaultTo":null,"notNullable":false,"unsigned":false},{"name":"order","type":"double","args":[],"defaultTo":null,"notNullable":false,"unsigned":true}]},{"name":"components_about_store_locations_sections","indexes":[],"foreignKeys":[],"columns":[{"name":"id","type":"increments","args":[{"primary":true,"primaryKey":true}],"defaultTo":null,"notNullable":true,"unsigned":false},{"name":"badge","type":"string","args":[],"defaultTo":null,"notNullable":false,"unsigned":false},{"name":"title","type":"string","args":[],"defaultTo":null,"notNullable":false,"unsigned":false},{"name":"title_highlight","type":"string","args":[],"defaultTo":null,"notNullable":false,"unsigned":false},{"name":"subtitle","type":"text","args":["longtext"],"defaultTo":null,"notNullable":false,"unsigned":false}]},{"name":"components_about_store_locations","indexes":[],"foreignKeys":[],"columns":[{"name":"id","type":"increments","args":[{"primary":true,"primaryKey":true}],"defaultTo":null,"notNullable":true,"unsigned":false},{"name":"name","type":"string","args":[],"defaultTo":null,"notNullable":false,"unsigned":false},{"name":"address","type":"string","args":[],"defaultTo":null,"notNullable":false,"unsigned":false},{"name":"phone","type":"string","args":[],"defaultTo":null,"notNullable":false,"unsigned":false},{"name":"operating_hours","type":"string","args":[],"defaultTo":null,"notNullable":false,"unsigned":false},{"name":"map_url","type":"string","args":[],"defaultTo":null,"notNullable":false,"unsigned":false}]},{"name":"components_about_showroom_sections_cmps","indexes":[{"name":"components_about_showroom_sections_field_idx","columns":["field"]},{"name":"components_about_showroom_sections_component_type_idx","columns":["component_type"]},{"name":"components_about_showroom_sections_entity_fk","columns":["entity_id"]},{"name":"components_about_showroom_sections_uq","columns":["entity_id","cmp_id","field","component_type"],"type":"unique"}],"foreignKeys":[{"name":"components_about_showroom_sections_entity_fk","columns":["entity_id"],"referencedColumns":["id"],"referencedTable":"components_about_showroom_sections","onDelete":"CASCADE"}],"columns":[{"name":"id","type":"increments","args":[{"primary":true,"primaryKey":true}],"defaultTo":null,"notNullable":true,"unsigned":false},{"name":"entity_id","type":"integer","args":[],"defaultTo":null,"notNullable":false,"unsigned":true},{"name":"cmp_id","type":"integer","args":[],"defaultTo":null,"notNullable":false,"unsigned":true},{"name":"component_type","type":"string","args":[],"defaultTo":null,"notNullable":false,"unsigned":false},{"name":"field","type":"string","args":[],"defaultTo":null,"notNullable":false,"unsigned":false},{"name":"order","type":"double","args":[],"defaultTo":null,"notNullable":false,"unsigned":true}]},{"name":"components_about_showroom_sections","indexes":[],"foreignKeys":[],"columns":[{"name":"id","type":"increments","args":[{"primary":true,"primaryKey":true}],"defaultTo":null,"notNullable":true,"unsigned":false},{"name":"badge","type":"string","args":[],"defaultTo":null,"notNullable":false,"unsigned":false},{"name":"title","type":"string","args":[],"defaultTo":null,"notNullable":false,"unsigned":false},{"name":"title_highlight","type":"string","args":[],"defaultTo":null,"notNullable":false,"unsigned":false},{"name":"subtitle","type":"text","args":["longtext"],"defaultTo":null,"notNullable":false,"unsigned":false}]},{"name":"components_about_showroom_cards","indexes":[],"foreignKeys":[],"columns":[{"name":"id","type":"increments","args":[{"primary":true,"primaryKey":true}],"defaultTo":null,"notNullable":true,"unsigned":false},{"name":"title","type":"string","args":[],"defaultTo":null,"notNullable":false,"unsigned":false},{"name":"subtitle","type":"text","args":["longtext"],"defaultTo":null,"notNullable":false,"unsigned":false}]},{"name":"components_about_project_cards","indexes":[],"foreignKeys":[],"columns":[{"name":"id","type":"increments","args":[{"primary":true,"primaryKey":true}],"defaultTo":null,"notNullable":true,"unsigned":false},{"name":"title","type":"string","args":[],"defaultTo":null,"notNullable":false,"unsigned":false},{"name":"description","type":"text","args":["longtext"],"defaultTo":null,"notNullable":false,"unsigned":false}]},{"name":"components_about_introduction_sections_cmps","indexes":[{"name":"components_about_introduction_sections_field_idx","columns":["field"]},{"name":"components_about_introduction_s8b5ee_component_type_idx","columns":["component_type"]},{"name":"components_about_introduction_sections_entity_fk","columns":["entity_id"]},{"name":"components_about_introduction_sections_uq","columns":["entity_id","cmp_id","field","component_type"],"type":"unique"}],"foreignKeys":[{"name":"components_about_introduction_sections_entity_fk","columns":["entity_id"],"referencedColumns":["id"],"referencedTable":"components_about_introduction_sections","onDelete":"CASCADE"}],"columns":[{"name":"id","type":"increments","args":[{"primary":true,"primaryKey":true}],"defaultTo":null,"notNullable":true,"unsigned":false},{"name":"entity_id","type":"integer","args":[],"defaultTo":null,"notNullable":false,"unsigned":true},{"name":"cmp_id","type":"integer","args":[],"defaultTo":null,"notNullable":false,"unsigned":true},{"name":"component_type","type":"string","args":[],"defaultTo":null,"notNullable":false,"unsigned":false},{"name":"field","type":"string","args":[],"defaultTo":null,"notNullable":false,"unsigned":false},{"name":"order","type":"double","args":[],"defaultTo":null,"notNullable":false,"unsigned":true}]},{"name":"components_about_introduction_sections","indexes":[],"foreignKeys":[],"columns":[{"name":"id","type":"increments","args":[{"primary":true,"primaryKey":true}],"defaultTo":null,"notNullable":true,"unsigned":false},{"name":"badge","type":"string","args":[],"defaultTo":null,"notNullable":false,"unsigned":false},{"name":"title","type":"string","args":[],"defaultTo":null,"notNullable":false,"unsigned":false},{"name":"title_highlight","type":"string","args":[],"defaultTo":null,"notNullable":false,"unsigned":false},{"name":"paragraphs","type":"text","args":["longtext"],"defaultTo":null,"notNullable":false,"unsigned":false}]},{"name":"components_about_image_overlays","indexes":[],"foreignKeys":[],"columns":[{"name":"id","type":"increments","args":[{"primary":true,"primaryKey":true}],"defaultTo":null,"notNullable":true,"unsigned":false},{"name":"title","type":"string","args":[],"defaultTo":null,"notNullable":false,"unsigned":false},{"name":"subtitle","type":"text","args":["longtext"],"defaultTo":null,"notNullable":false,"unsigned":false}]},{"name":"components_about_history_timeline_sections_cmps","indexes":[{"name":"components_about_history_timeline_sections_field_idx","columns":["field"]},{"name":"components_about_history_timeli9fb2f_component_type_idx","columns":["component_type"]},{"name":"components_about_history_timeline_sections_entity_fk","columns":["entity_id"]},{"name":"components_about_history_timeline_sections_uq","columns":["entity_id","cmp_id","field","component_type"],"type":"unique"}],"foreignKeys":[{"name":"components_about_history_timeline_sections_entity_fk","columns":["entity_id"],"referencedColumns":["id"],"referencedTable":"components_about_history_timeline_sections","onDelete":"CASCADE"}],"columns":[{"name":"id","type":"increments","args":[{"primary":true,"primaryKey":true}],"defaultTo":null,"notNullable":true,"unsigned":false},{"name":"entity_id","type":"integer","args":[],"defaultTo":null,"notNullable":false,"unsigned":true},{"name":"cmp_id","type":"integer","args":[],"defaultTo":null,"notNullable":false,"unsigned":true},{"name":"component_type","type":"string","args":[],"defaultTo":null,"notNullable":false,"unsigned":false},{"name":"field","type":"string","args":[],"defaultTo":null,"notNullable":false,"unsigned":false},{"name":"order","type":"double","args":[],"defaultTo":null,"notNullable":false,"unsigned":true}]},{"name":"components_about_history_timeline_sections","indexes":[],"foreignKeys":[],"columns":[{"name":"id","type":"increments","args":[{"primary":true,"primaryKey":true}],"defaultTo":null,"notNullable":true,"unsigned":false},{"name":"badge","type":"string","args":[],"defaultTo":null,"notNullable":false,"unsigned":false},{"name":"title","type":"string","args":[],"defaultTo":null,"notNullable":false,"unsigned":false},{"name":"title_highlight","type":"string","args":[],"defaultTo":null,"notNullable":false,"unsigned":false},{"name":"subtitle","type":"text","args":["longtext"],"defaultTo":null,"notNullable":false,"unsigned":false}]},{"name":"components_about_cta_sections_cmps","indexes":[{"name":"components_about_cta_sections_field_idx","columns":["field"]},{"name":"components_about_cta_sections_component_type_idx","columns":["component_type"]},{"name":"components_about_cta_sections_entity_fk","columns":["entity_id"]},{"name":"components_about_cta_sections_uq","columns":["entity_id","cmp_id","field","component_type"],"type":"unique"}],"foreignKeys":[{"name":"components_about_cta_sections_entity_fk","columns":["entity_id"],"referencedColumns":["id"],"referencedTable":"components_about_cta_sections","onDelete":"CASCADE"}],"columns":[{"name":"id","type":"increments","args":[{"primary":true,"primaryKey":true}],"defaultTo":null,"notNullable":true,"unsigned":false},{"name":"entity_id","type":"integer","args":[],"defaultTo":null,"notNullable":false,"unsigned":true},{"name":"cmp_id","type":"integer","args":[],"defaultTo":null,"notNullable":false,"unsigned":true},{"name":"component_type","type":"string","args":[],"defaultTo":null,"notNullable":false,"unsigned":false},{"name":"field","type":"string","args":[],"defaultTo":null,"notNullable":false,"unsigned":false},{"name":"order","type":"double","args":[],"defaultTo":null,"notNullable":false,"unsigned":true}]},{"name":"components_about_cta_sections","indexes":[],"foreignKeys":[],"columns":[{"name":"id","type":"increments","args":[{"primary":true,"primaryKey":true}],"defaultTo":null,"notNullable":true,"unsigned":false},{"name":"badge","type":"string","args":[],"defaultTo":null,"notNullable":false,"unsigned":false},{"name":"title","type":"string","args":[],"defaultTo":null,"notNullable":false,"unsigned":false},{"name":"title_highlight","type":"string","args":[],"defaultTo":null,"notNullable":false,"unsigned":false},{"name":"description","type":"text","args":["longtext"],"defaultTo":null,"notNullable":false,"unsigned":false}]},{"name":"components_about_core_values_sections_cmps","indexes":[{"name":"components_about_core_values_sections_field_idx","columns":["field"]},{"name":"components_about_core_values_se19649_component_type_idx","columns":["component_type"]},{"name":"components_about_core_values_sections_entity_fk","columns":["entity_id"]},{"name":"components_about_core_values_sections_uq","columns":["entity_id","cmp_id","field","component_type"],"type":"unique"}],"foreignKeys":[{"name":"components_about_core_values_sections_entity_fk","columns":["entity_id"],"referencedColumns":["id"],"referencedTable":"components_about_core_values_sections","onDelete":"CASCADE"}],"columns":[{"name":"id","type":"increments","args":[{"primary":true,"primaryKey":true}],"defaultTo":null,"notNullable":true,"unsigned":false},{"name":"entity_id","type":"integer","args":[],"defaultTo":null,"notNullable":false,"unsigned":true},{"name":"cmp_id","type":"integer","args":[],"defaultTo":null,"notNullable":false,"unsigned":true},{"name":"component_type","type":"string","args":[],"defaultTo":null,"notNullable":false,"unsigned":false},{"name":"field","type":"string","args":[],"defaultTo":null,"notNullable":false,"unsigned":false},{"name":"order","type":"double","args":[],"defaultTo":null,"notNullable":false,"unsigned":true}]},{"name":"components_about_core_values_sections","indexes":[],"foreignKeys":[],"columns":[{"name":"id","type":"increments","args":[{"primary":true,"primaryKey":true}],"defaultTo":null,"notNullable":true,"unsigned":false},{"name":"badge","type":"string","args":[],"defaultTo":null,"notNullable":false,"unsigned":false},{"name":"title","type":"string","args":[],"defaultTo":null,"notNullable":false,"unsigned":false},{"name":"title_highlight","type":"string","args":[],"defaultTo":null,"notNullable":false,"unsigned":false},{"name":"subtitle","type":"text","args":["longtext"],"defaultTo":null,"notNullable":false,"unsigned":false}]},{"name":"components_about_commitments_sections_cmps","indexes":[{"name":"components_about_commitments_sections_field_idx","columns":["field"]},{"name":"components_about_commitments_sede6fa_component_type_idx","columns":["component_type"]},{"name":"components_about_commitments_sections_entity_fk","columns":["entity_id"]},{"name":"components_about_commitments_sections_uq","columns":["entity_id","cmp_id","field","component_type"],"type":"unique"}],"foreignKeys":[{"name":"components_about_commitments_sections_entity_fk","columns":["entity_id"],"referencedColumns":["id"],"referencedTable":"components_about_commitments_sections","onDelete":"CASCADE"}],"columns":[{"name":"id","type":"increments","args":[{"primary":true,"primaryKey":true}],"defaultTo":null,"notNullable":true,"unsigned":false},{"name":"entity_id","type":"integer","args":[],"defaultTo":null,"notNullable":false,"unsigned":true},{"name":"cmp_id","type":"integer","args":[],"defaultTo":null,"notNullable":false,"unsigned":true},{"name":"component_type","type":"string","args":[],"defaultTo":null,"notNullable":false,"unsigned":false},{"name":"field","type":"string","args":[],"defaultTo":null,"notNullable":false,"unsigned":false},{"name":"order","type":"double","args":[],"defaultTo":null,"notNullable":false,"unsigned":true}]},{"name":"components_about_commitments_sections","indexes":[],"foreignKeys":[],"columns":[{"name":"id","type":"increments","args":[{"primary":true,"primaryKey":true}],"defaultTo":null,"notNullable":true,"unsigned":false},{"name":"badge","type":"string","args":[],"defaultTo":null,"notNullable":false,"unsigned":false},{"name":"title","type":"string","args":[],"defaultTo":null,"notNullable":false,"unsigned":false},{"name":"title_highlight","type":"string","args":[],"defaultTo":null,"notNullable":false,"unsigned":false},{"name":"subtitle","type":"text","args":["longtext"],"defaultTo":null,"notNullable":false,"unsigned":false}]},{"name":"components_about_commitment_cards","indexes":[],"foreignKeys":[],"columns":[{"name":"id","type":"increments","args":[{"primary":true,"primaryKey":true}],"defaultTo":null,"notNullable":true,"unsigned":false},{"name":"title","type":"string","args":[],"defaultTo":null,"notNullable":false,"unsigned":false},{"name":"description","type":"text","args":["longtext"],"defaultTo":null,"notNullable":false,"unsigned":false}]},{"name":"components_about_certifications_sections_cmps","indexes":[{"name":"components_about_certifications_sections_field_idx","columns":["field"]},{"name":"components_about_certifications6bd99_component_type_idx","columns":["component_type"]},{"name":"components_about_certifications_sections_entity_fk","columns":["entity_id"]},{"name":"components_about_certifications_sections_uq","columns":["entity_id","cmp_id","field","component_type"],"type":"unique"}],"foreignKeys":[{"name":"components_about_certifications_sections_entity_fk","columns":["entity_id"],"referencedColumns":["id"],"referencedTable":"components_about_certifications_sections","onDelete":"CASCADE"}],"columns":[{"name":"id","type":"increments","args":[{"primary":true,"primaryKey":true}],"defaultTo":null,"notNullable":true,"unsigned":false},{"name":"entity_id","type":"integer","args":[],"defaultTo":null,"notNullable":false,"unsigned":true},{"name":"cmp_id","type":"integer","args":[],"defaultTo":null,"notNullable":false,"unsigned":true},{"name":"component_type","type":"string","args":[],"defaultTo":null,"notNullable":false,"unsigned":false},{"name":"field","type":"string","args":[],"defaultTo":null,"notNullable":false,"unsigned":false},{"name":"order","type":"double","args":[],"defaultTo":null,"notNullable":false,"unsigned":true}]},{"name":"components_about_certifications_sections","indexes":[],"foreignKeys":[],"columns":[{"name":"id","type":"increments","args":[{"primary":true,"primaryKey":true}],"defaultTo":null,"notNullable":true,"unsigned":false},{"name":"badge","type":"string","args":[],"defaultTo":null,"notNullable":false,"unsigned":false},{"name":"title","type":"string","args":[],"defaultTo":null,"notNullable":false,"unsigned":false},{"name":"title_highlight","type":"string","args":[],"defaultTo":null,"notNullable":false,"unsigned":false},{"name":"subtitle","type":"text","args":["longtext"],"defaultTo":null,"notNullable":false,"unsigned":false}]},{"name":"components_about_certification_cards","indexes":[],"foreignKeys":[],"columns":[{"name":"id","type":"increments","args":[{"primary":true,"primaryKey":true}],"defaultTo":null,"notNullable":true,"unsigned":false},{"name":"title","type":"string","args":[],"defaultTo":null,"notNullable":false,"unsigned":false},{"name":"subtitle","type":"text","args":["longtext"],"defaultTo":null,"notNullable":false,"unsigned":false}]},{"name":"components_about_buttons","indexes":[],"foreignKeys":[],"columns":[{"name":"id","type":"increments","args":[{"primary":true,"primaryKey":true}],"defaultTo":null,"notNullable":true,"unsigned":false},{"name":"text","type":"string","args":[],"defaultTo":null,"notNullable":false,"unsigned":false},{"name":"url","type":"string","args":[],"defaultTo":null,"notNullable":false,"unsigned":false},{"name":"icon","type":"string","args":[],"defaultTo":null,"notNullable":false,"unsigned":false}]},{"name":"components_about_before_after_sections_cmps","indexes":[{"name":"components_about_before_after_sections_field_idx","columns":["field"]},{"name":"components_about_before_after_saca66_component_type_idx","columns":["component_type"]},{"name":"components_about_before_after_sections_entity_fk","columns":["entity_id"]},{"name":"components_about_before_after_sections_uq","columns":["entity_id","cmp_id","field","component_type"],"type":"unique"}],"foreignKeys":[{"name":"components_about_before_after_sections_entity_fk","columns":["entity_id"],"referencedColumns":["id"],"referencedTable":"components_about_before_after_sections","onDelete":"CASCADE"}],"columns":[{"name":"id","type":"increments","args":[{"primary":true,"primaryKey":true}],"defaultTo":null,"notNullable":true,"unsigned":false},{"name":"entity_id","type":"integer","args":[],"defaultTo":null,"notNullable":false,"unsigned":true},{"name":"cmp_id","type":"integer","args":[],"defaultTo":null,"notNullable":false,"unsigned":true},{"name":"component_type","type":"string","args":[],"defaultTo":null,"notNullable":false,"unsigned":false},{"name":"field","type":"string","args":[],"defaultTo":null,"notNullable":false,"unsigned":false},{"name":"order","type":"double","args":[],"defaultTo":null,"notNullable":false,"unsigned":true}]},{"name":"components_about_before_after_sections","indexes":[],"foreignKeys":[],"columns":[{"name":"id","type":"increments","args":[{"primary":true,"primaryKey":true}],"defaultTo":null,"notNullable":true,"unsigned":false},{"name":"badge","type":"string","args":[],"defaultTo":null,"notNullable":false,"unsigned":false},{"name":"title","type":"string","args":[],"defaultTo":null,"notNullable":false,"unsigned":false},{"name":"title_highlight","type":"string","args":[],"defaultTo":null,"notNullable":false,"unsigned":false},{"name":"subtitle","type":"text","args":["longtext"],"defaultTo":null,"notNullable":false,"unsigned":false}]},{"name":"strapi_core_store_settings","indexes":[],"foreignKeys":[],"columns":[{"name":"id","type":"increments","args":[{"primary":true,"primaryKey":true}],"defaultTo":null,"notNullable":true,"unsigned":false},{"name":"key","type":"string","args":[],"defaultTo":null,"notNullable":false,"unsigned":false},{"name":"value","type":"text","args":["longtext"],"defaultTo":null,"notNullable":false,"unsigned":false},{"name":"type","type":"string","args":[],"defaultTo":null,"notNullable":false,"unsigned":false},{"name":"environment","type":"string","args":[],"defaultTo":null,"notNullable":false,"unsigned":false},{"name":"tag","type":"string","args":[],"defaultTo":null,"notNullable":false,"unsigned":false}]},{"name":"strapi_webhooks","indexes":[],"foreignKeys":[],"columns":[{"name":"id","type":"increments","args":[{"primary":true,"primaryKey":true}],"defaultTo":null,"notNullable":true,"unsigned":false},{"name":"name","type":"string","args":[],"defaultTo":null,"notNullable":false,"unsigned":false},{"name":"url","type":"text","args":["longtext"],"defaultTo":null,"notNullable":false,"unsigned":false},{"name":"headers","type":"jsonb","args":[],"defaultTo":null,"notNullable":false,"unsigned":false},{"name":"events","type":"jsonb","args":[],"defaultTo":null,"notNullable":false,"unsigned":false},{"name":"enabled","type":"boolean","args":[],"defaultTo":null,"notNullable":false,"unsigned":false}]},{"name":"strapi_history_versions","indexes":[{"name":"strapi_history_versions_created_by_id_fk","columns":["created_by_id"]}],"foreignKeys":[{"name":"strapi_history_versions_created_by_id_fk","columns":["created_by_id"],"referencedTable":"admin_users","referencedColumns":["id"],"onDelete":"SET NULL"}],"columns":[{"name":"id","type":"increments","args":[{"primary":true,"primaryKey":true}],"defaultTo":null,"notNullable":true,"unsigned":false},{"name":"content_type","type":"string","args":[],"defaultTo":null,"notNullable":true,"unsigned":false},{"name":"related_document_id","type":"string","args":[],"defaultTo":null,"notNullable":false,"unsigned":false},{"name":"locale","type":"string","args":[],"defaultTo":null,"notNullable":false,"unsigned":false},{"name":"status","type":"string","args":[],"defaultTo":null,"notNullable":false,"unsigned":false},{"name":"data","type":"jsonb","args":[],"defaultTo":null,"notNullable":false,"unsigned":false},{"name":"schema","type":"jsonb","args":[],"defaultTo":null,"notNullable":false,"unsigned":false},{"name":"created_at","type":"datetime","args":[{"useTz":false,"precision":6}],"defaultTo":null,"notNullable":false,"unsigned":false},{"name":"created_by_id","type":"integer","args":[],"defaultTo":null,"notNullable":false,"unsigned":true}]},{"name":"strapi_ai_localization_jobs","indexes":[],"foreignKeys":[],"columns":[{"name":"id","type":"increments","args":[{"primary":true,"primaryKey":true}],"defaultTo":null,"notNullable":true,"unsigned":false},{"name":"content_type","type":"string","args":[],"defaultTo":null,"notNullable":true,"unsigned":false},{"name":"related_document_id","type":"string","args":[],"defaultTo":null,"notNullable":true,"unsigned":false},{"name":"source_locale","type":"string","args":[],"defaultTo":null,"notNullable":true,"unsigned":false},{"name":"target_locales","type":"jsonb","args":[],"defaultTo":null,"notNullable":true,"unsigned":false},{"name":"status","type":"string","args":[],"defaultTo":null,"notNullable":true,"unsigned":false},{"name":"created_at","type":"datetime","args":[{"useTz":false,"precision":6}],"defaultTo":null,"notNullable":false,"unsigned":false},{"name":"updated_at","type":"datetime","args":[{"useTz":false,"precision":6}],"defaultTo":null,"notNullable":false,"unsigned":false}]},{"name":"files_related_mph","indexes":[{"name":"files_related_mph_fk","columns":["file_id"]},{"name":"files_related_mph_oidx","columns":["order"]},{"name":"files_related_mph_idix","columns":["related_id"]}],"foreignKeys":[{"name":"files_related_mph_fk","columns":["file_id"],"referencedColumns":["id"],"referencedTable":"files","onDelete":"CASCADE"}],"columns":[{"name":"id","type":"increments","args":[{"primary":true,"primaryKey":true}],"defaultTo":null,"notNullable":true,"unsigned":false},{"name":"file_id","type":"integer","args":[],"defaultTo":null,"notNullable":false,"unsigned":true},{"name":"related_id","type":"integer","args":[],"defaultTo":null,"notNullable":false,"unsigned":true},{"name":"related_type","type":"string","args":[],"defaultTo":null,"notNullable":false,"unsigned":false},{"name":"field","type":"string","args":[],"defaultTo":null,"notNullable":false,"unsigned":false},{"name":"order","type":"double","args":[],"defaultTo":null,"notNullable":false,"unsigned":true}]},{"name":"files_folder_lnk","indexes":[{"name":"files_folder_lnk_fk","columns":["file_id"]},{"name":"files_folder_lnk_ifk","columns":["folder_id"]},{"name":"files_folder_lnk_uq","columns":["file_id","folder_id"],"type":"unique"},{"name":"files_folder_lnk_oifk","columns":["file_ord"]}],"foreignKeys":[{"name":"files_folder_lnk_fk","columns":["file_id"],"referencedColumns":["id"],"referencedTable":"files","onDelete":"CASCADE"},{"name":"files_folder_lnk_ifk","columns":["folder_id"],"referencedColumns":["id"],"referencedTable":"upload_folders","onDelete":"CASCADE"}],"columns":[{"name":"id","type":"increments","args":[{"primary":true,"primaryKey":true}],"defaultTo":null,"notNullable":true,"unsigned":false},{"name":"file_id","type":"integer","args":[],"defaultTo":null,"notNullable":false,"unsigned":true},{"name":"folder_id","type":"integer","args":[],"defaultTo":null,"notNullable":false,"unsigned":true},{"name":"file_ord","type":"double","args":[],"defaultTo":null,"notNullable":false,"unsigned":true}]},{"name":"upload_folders_parent_lnk","indexes":[{"name":"upload_folders_parent_lnk_fk","columns":["folder_id"]},{"name":"upload_folders_parent_lnk_ifk","columns":["inv_folder_id"]},{"name":"upload_folders_parent_lnk_uq","columns":["folder_id","inv_folder_id"],"type":"unique"},{"name":"upload_folders_parent_lnk_oifk","columns":["folder_ord"]}],"foreignKeys":[{"name":"upload_folders_parent_lnk_fk","columns":["folder_id"],"referencedColumns":["id"],"referencedTable":"upload_folders","onDelete":"CASCADE"},{"name":"upload_folders_parent_lnk_ifk","columns":["inv_folder_id"],"referencedColumns":["id"],"referencedTable":"upload_folders","onDelete":"CASCADE"}],"columns":[{"name":"id","type":"increments","args":[{"primary":true,"primaryKey":true}],"defaultTo":null,"notNullable":true,"unsigned":false},{"name":"folder_id","type":"integer","args":[],"defaultTo":null,"notNullable":false,"unsigned":true},{"name":"inv_folder_id","type":"integer","args":[],"defaultTo":null,"notNullable":false,"unsigned":true},{"name":"folder_ord","type":"double","args":[],"defaultTo":null,"notNullable":false,"unsigned":true}]},{"name":"strapi_release_actions_release_lnk","indexes":[{"name":"strapi_release_actions_release_lnk_fk","columns":["release_action_id"]},{"name":"strapi_release_actions_release_lnk_ifk","columns":["release_id"]},{"name":"strapi_release_actions_release_lnk_uq","columns":["release_action_id","release_id"],"type":"unique"},{"name":"strapi_release_actions_release_lnk_oifk","columns":["release_action_ord"]}],"foreignKeys":[{"name":"strapi_release_actions_release_lnk_fk","columns":["release_action_id"],"referencedColumns":["id"],"referencedTable":"strapi_release_actions","onDelete":"CASCADE"},{"name":"strapi_release_actions_release_lnk_ifk","columns":["release_id"],"referencedColumns":["id"],"referencedTable":"strapi_releases","onDelete":"CASCADE"}],"columns":[{"name":"id","type":"increments","args":[{"primary":true,"primaryKey":true}],"defaultTo":null,"notNullable":true,"unsigned":false},{"name":"release_action_id","type":"integer","args":[],"defaultTo":null,"notNullable":false,"unsigned":true},{"name":"release_id","type":"integer","args":[],"defaultTo":null,"notNullable":false,"unsigned":true},{"name":"release_action_ord","type":"double","args":[],"defaultTo":null,"notNullable":false,"unsigned":true}]},{"name":"strapi_workflows_stage_required_to_publish_lnk","indexes":[{"name":"strapi_workflows_stage_required_to_publish_lnk_fk","columns":["workflow_id"]},{"name":"strapi_workflows_stage_required_to_publish_lnk_ifk","columns":["workflow_stage_id"]},{"name":"strapi_workflows_stage_required_to_publish_lnk_uq","columns":["workflow_id","workflow_stage_id"],"type":"unique"}],"foreignKeys":[{"name":"strapi_workflows_stage_required_to_publish_lnk_fk","columns":["workflow_id"],"referencedColumns":["id"],"referencedTable":"strapi_workflows","onDelete":"CASCADE"},{"name":"strapi_workflows_stage_required_to_publish_lnk_ifk","columns":["workflow_stage_id"],"referencedColumns":["id"],"referencedTable":"strapi_workflows_stages","onDelete":"CASCADE"}],"columns":[{"name":"id","type":"increments","args":[{"primary":true,"primaryKey":true}],"defaultTo":null,"notNullable":true,"unsigned":false},{"name":"workflow_id","type":"integer","args":[],"defaultTo":null,"notNullable":false,"unsigned":true},{"name":"workflow_stage_id","type":"integer","args":[],"defaultTo":null,"notNullable":false,"unsigned":true}]},{"name":"strapi_workflows_stages_workflow_lnk","indexes":[{"name":"strapi_workflows_stages_workflow_lnk_fk","columns":["workflow_stage_id"]},{"name":"strapi_workflows_stages_workflow_lnk_ifk","columns":["workflow_id"]},{"name":"strapi_workflows_stages_workflow_lnk_uq","columns":["workflow_stage_id","workflow_id"],"type":"unique"},{"name":"strapi_workflows_stages_workflow_lnk_oifk","columns":["workflow_stage_ord"]}],"foreignKeys":[{"name":"strapi_workflows_stages_workflow_lnk_fk","columns":["workflow_stage_id"],"referencedColumns":["id"],"referencedTable":"strapi_workflows_stages","onDelete":"CASCADE"},{"name":"strapi_workflows_stages_workflow_lnk_ifk","columns":["workflow_id"],"referencedColumns":["id"],"referencedTable":"strapi_workflows","onDelete":"CASCADE"}],"columns":[{"name":"id","type":"increments","args":[{"primary":true,"primaryKey":true}],"defaultTo":null,"notNullable":true,"unsigned":false},{"name":"workflow_stage_id","type":"integer","args":[],"defaultTo":null,"notNullable":false,"unsigned":true},{"name":"workflow_id","type":"integer","args":[],"defaultTo":null,"notNullable":false,"unsigned":true},{"name":"workflow_stage_ord","type":"double","args":[],"defaultTo":null,"notNullable":false,"unsigned":true}]},{"name":"strapi_workflows_stages_permissions_lnk","indexes":[{"name":"strapi_workflows_stages_permissions_lnk_fk","columns":["workflow_stage_id"]},{"name":"strapi_workflows_stages_permissions_lnk_ifk","columns":["permission_id"]},{"name":"strapi_workflows_stages_permissions_lnk_uq","columns":["workflow_stage_id","permission_id"],"type":"unique"},{"name":"strapi_workflows_stages_permissions_lnk_ofk","columns":["permission_ord"]}],"foreignKeys":[{"name":"strapi_workflows_stages_permissions_lnk_fk","columns":["workflow_stage_id"],"referencedColumns":["id"],"referencedTable":"strapi_workflows_stages","onDelete":"CASCADE"},{"name":"strapi_workflows_stages_permissions_lnk_ifk","columns":["permission_id"],"referencedColumns":["id"],"referencedTable":"admin_permissions","onDelete":"CASCADE"}],"columns":[{"name":"id","type":"increments","args":[{"primary":true,"primaryKey":true}],"defaultTo":null,"notNullable":true,"unsigned":false},{"name":"workflow_stage_id","type":"integer","args":[],"defaultTo":null,"notNullable":false,"unsigned":true},{"name":"permission_id","type":"integer","args":[],"defaultTo":null,"notNullable":false,"unsigned":true},{"name":"permission_ord","type":"double","args":[],"defaultTo":null,"notNullable":false,"unsigned":true}]},{"name":"up_permissions_role_lnk","indexes":[{"name":"up_permissions_role_lnk_fk","columns":["permission_id"]},{"name":"up_permissions_role_lnk_ifk","columns":["role_id"]},{"name":"up_permissions_role_lnk_uq","columns":["permission_id","role_id"],"type":"unique"},{"name":"up_permissions_role_lnk_oifk","columns":["permission_ord"]}],"foreignKeys":[{"name":"up_permissions_role_lnk_fk","columns":["permission_id"],"referencedColumns":["id"],"referencedTable":"up_permissions","onDelete":"CASCADE"},{"name":"up_permissions_role_lnk_ifk","columns":["role_id"],"referencedColumns":["id"],"referencedTable":"up_roles","onDelete":"CASCADE"}],"columns":[{"name":"id","type":"increments","args":[{"primary":true,"primaryKey":true}],"defaultTo":null,"notNullable":true,"unsigned":false},{"name":"permission_id","type":"integer","args":[],"defaultTo":null,"notNullable":false,"unsigned":true},{"name":"role_id","type":"integer","args":[],"defaultTo":null,"notNullable":false,"unsigned":true},{"name":"permission_ord","type":"double","args":[],"defaultTo":null,"notNullable":false,"unsigned":true}]},{"name":"up_users_role_lnk","indexes":[{"name":"up_users_role_lnk_fk","columns":["user_id"]},{"name":"up_users_role_lnk_ifk","columns":["role_id"]},{"name":"up_users_role_lnk_uq","columns":["user_id","role_id"],"type":"unique"},{"name":"up_users_role_lnk_oifk","columns":["user_ord"]}],"foreignKeys":[{"name":"up_users_role_lnk_fk","columns":["user_id"],"referencedColumns":["id"],"referencedTable":"up_users","onDelete":"CASCADE"},{"name":"up_users_role_lnk_ifk","columns":["role_id"],"referencedColumns":["id"],"referencedTable":"up_roles","onDelete":"CASCADE"}],"columns":[{"name":"id","type":"increments","args":[{"primary":true,"primaryKey":true}],"defaultTo":null,"notNullable":true,"unsigned":false},{"name":"user_id","type":"integer","args":[],"defaultTo":null,"notNullable":false,"unsigned":true},{"name":"role_id","type":"integer","args":[],"defaultTo":null,"notNullable":false,"unsigned":true},{"name":"user_ord","type":"double","args":[],"defaultTo":null,"notNullable":false,"unsigned":true}]},{"name":"blogs_topic_blog_lnk","indexes":[{"name":"blogs_topic_blog_lnk_fk","columns":["blog_id"]},{"name":"blogs_topic_blog_lnk_ifk","columns":["topic_blog_id"]},{"name":"blogs_topic_blog_lnk_uq","columns":["blog_id","topic_blog_id"],"type":"unique"}],"foreignKeys":[{"name":"blogs_topic_blog_lnk_fk","columns":["blog_id"],"referencedColumns":["id"],"referencedTable":"blogs","onDelete":"CASCADE"},{"name":"blogs_topic_blog_lnk_ifk","columns":["topic_blog_id"],"referencedColumns":["id"],"referencedTable":"topic_blogs","onDelete":"CASCADE"}],"columns":[{"name":"id","type":"increments","args":[{"primary":true,"primaryKey":true}],"defaultTo":null,"notNullable":true,"unsigned":false},{"name":"blog_id","type":"integer","args":[],"defaultTo":null,"notNullable":false,"unsigned":true},{"name":"topic_blog_id","type":"integer","args":[],"defaultTo":null,"notNullable":false,"unsigned":true}]},{"name":"admin_permissions_role_lnk","indexes":[{"name":"admin_permissions_role_lnk_fk","columns":["permission_id"]},{"name":"admin_permissions_role_lnk_ifk","columns":["role_id"]},{"name":"admin_permissions_role_lnk_uq","columns":["permission_id","role_id"],"type":"unique"},{"name":"admin_permissions_role_lnk_oifk","columns":["permission_ord"]}],"foreignKeys":[{"name":"admin_permissions_role_lnk_fk","columns":["permission_id"],"referencedColumns":["id"],"referencedTable":"admin_permissions","onDelete":"CASCADE"},{"name":"admin_permissions_role_lnk_ifk","columns":["role_id"],"referencedColumns":["id"],"referencedTable":"admin_roles","onDelete":"CASCADE"}],"columns":[{"name":"id","type":"increments","args":[{"primary":true,"primaryKey":true}],"defaultTo":null,"notNullable":true,"unsigned":false},{"name":"permission_id","type":"integer","args":[],"defaultTo":null,"notNullable":false,"unsigned":true},{"name":"role_id","type":"integer","args":[],"defaultTo":null,"notNullable":false,"unsigned":true},{"name":"permission_ord","type":"double","args":[],"defaultTo":null,"notNullable":false,"unsigned":true}]},{"name":"admin_users_roles_lnk","indexes":[{"name":"admin_users_roles_lnk_fk","columns":["user_id"]},{"name":"admin_users_roles_lnk_ifk","columns":["role_id"]},{"name":"admin_users_roles_lnk_uq","columns":["user_id","role_id"],"type":"unique"},{"name":"admin_users_roles_lnk_ofk","columns":["role_ord"]},{"name":"admin_users_roles_lnk_oifk","columns":["user_ord"]}],"foreignKeys":[{"name":"admin_users_roles_lnk_fk","columns":["user_id"],"referencedColumns":["id"],"referencedTable":"admin_users","onDelete":"CASCADE"},{"name":"admin_users_roles_lnk_ifk","columns":["role_id"],"referencedColumns":["id"],"referencedTable":"admin_roles","onDelete":"CASCADE"}],"columns":[{"name":"id","type":"increments","args":[{"primary":true,"primaryKey":true}],"defaultTo":null,"notNullable":true,"unsigned":false},{"name":"user_id","type":"integer","args":[],"defaultTo":null,"notNullable":false,"unsigned":true},{"name":"role_id","type":"integer","args":[],"defaultTo":null,"notNullable":false,"unsigned":true},{"name":"role_ord","type":"double","args":[],"defaultTo":null,"notNullable":false,"unsigned":true},{"name":"user_ord","type":"double","args":[],"defaultTo":null,"notNullable":false,"unsigned":true}]},{"name":"strapi_api_token_permissions_token_lnk","indexes":[{"name":"strapi_api_token_permissions_token_lnk_fk","columns":["api_token_permission_id"]},{"name":"strapi_api_token_permissions_token_lnk_ifk","columns":["api_token_id"]},{"name":"strapi_api_token_permissions_token_lnk_uq","columns":["api_token_permission_id","api_token_id"],"type":"unique"},{"name":"strapi_api_token_permissions_token_lnk_oifk","columns":["api_token_permission_ord"]}],"foreignKeys":[{"name":"strapi_api_token_permissions_token_lnk_fk","columns":["api_token_permission_id"],"referencedColumns":["id"],"referencedTable":"strapi_api_token_permissions","onDelete":"CASCADE"},{"name":"strapi_api_token_permissions_token_lnk_ifk","columns":["api_token_id"],"referencedColumns":["id"],"referencedTable":"strapi_api_tokens","onDelete":"CASCADE"}],"columns":[{"name":"id","type":"increments","args":[{"primary":true,"primaryKey":true}],"defaultTo":null,"notNullable":true,"unsigned":false},{"name":"api_token_permission_id","type":"integer","args":[],"defaultTo":null,"notNullable":false,"unsigned":true},{"name":"api_token_id","type":"integer","args":[],"defaultTo":null,"notNullable":false,"unsigned":true},{"name":"api_token_permission_ord","type":"double","args":[],"defaultTo":null,"notNullable":false,"unsigned":true}]},{"name":"strapi_transfer_token_permissions_token_lnk","indexes":[{"name":"strapi_transfer_token_permissions_token_lnk_fk","columns":["transfer_token_permission_id"]},{"name":"strapi_transfer_token_permissions_token_lnk_ifk","columns":["transfer_token_id"]},{"name":"strapi_transfer_token_permissions_token_lnk_uq","columns":["transfer_token_permission_id","transfer_token_id"],"type":"unique"},{"name":"strapi_transfer_token_permissions_token_lnk_oifk","columns":["transfer_token_permission_ord"]}],"foreignKeys":[{"name":"strapi_transfer_token_permissions_token_lnk_fk","columns":["transfer_token_permission_id"],"referencedColumns":["id"],"referencedTable":"strapi_transfer_token_permissions","onDelete":"CASCADE"},{"name":"strapi_transfer_token_permissions_token_lnk_ifk","columns":["transfer_token_id"],"referencedColumns":["id"],"referencedTable":"strapi_transfer_tokens","onDelete":"CASCADE"}],"columns":[{"name":"id","type":"increments","args":[{"primary":true,"primaryKey":true}],"defaultTo":null,"notNullable":true,"unsigned":false},{"name":"transfer_token_permission_id","type":"integer","args":[],"defaultTo":null,"notNullable":false,"unsigned":true},{"name":"transfer_token_id","type":"integer","args":[],"defaultTo":null,"notNullable":false,"unsigned":true},{"name":"transfer_token_permission_ord","type":"double","args":[],"defaultTo":null,"notNullable":false,"unsigned":true}]},{"name":"components_shared_order_items_san_pham_lnk","indexes":[{"name":"components_shared_order_items_san_pham_lnk_fk","columns":["order_item_id"]},{"name":"components_shared_order_items_san_pham_lnk_ifk","columns":["san_pham_id"]},{"name":"components_shared_order_items_san_pham_lnk_uq","columns":["order_item_id","san_pham_id"],"type":"unique"}],"foreignKeys":[{"name":"components_shared_order_items_san_pham_lnk_fk","columns":["order_item_id"],"referencedColumns":["id"],"referencedTable":"components_shared_order_items","onDelete":"CASCADE"},{"name":"components_shared_order_items_san_pham_lnk_ifk","columns":["san_pham_id"],"referencedColumns":["id"],"referencedTable":"san_phams","onDelete":"CASCADE"}],"columns":[{"name":"id","type":"increments","args":[{"primary":true,"primaryKey":true}],"defaultTo":null,"notNullable":true,"unsigned":false},{"name":"order_item_id","type":"integer","args":[],"defaultTo":null,"notNullable":false,"unsigned":true},{"name":"san_pham_id","type":"integer","args":[],"defaultTo":null,"notNullable":false,"unsigned":true}]},{"name":"components_danhmuc_baiviet_danh_muc_01fc4_bai_viets_lnk","indexes":[{"name":"components_danhmuc_baiviet_danh_muc_01fc4_bai_v55204_fk","columns":["danh_muc_bai_viet_cap_3_id"]},{"name":"components_danhmuc_baiviet_danh_muc_01fc4_bai_55204_ifk","columns":["blog_id"]},{"name":"components_danhmuc_baiviet_danh_muc_01fc4_bai_v55204_uq","columns":["danh_muc_bai_viet_cap_3_id","blog_id"],"type":"unique"},{"name":"components_danhmuc_baiviet_danh_muc_01fc4_bai_55204_ofk","columns":["blog_ord"]}],"foreignKeys":[{"name":"components_danhmuc_baiviet_danh_muc_01fc4_bai_v55204_fk","columns":["danh_muc_bai_viet_cap_3_id"],"referencedColumns":["id"],"referencedTable":"components_danhmuc_baiviet_danh_muc_bai_viet_cap_3s","onDelete":"CASCADE"},{"name":"components_danhmuc_baiviet_danh_muc_01fc4_bai_55204_ifk","columns":["blog_id"],"referencedColumns":["id"],"referencedTable":"blogs","onDelete":"CASCADE"}],"columns":[{"name":"id","type":"increments","args":[{"primary":true,"primaryKey":true}],"defaultTo":null,"notNullable":true,"unsigned":false},{"name":"danh_muc_bai_viet_cap_3_id","type":"integer","args":[],"defaultTo":null,"notNullable":false,"unsigned":true},{"name":"blog_id","type":"integer","args":[],"defaultTo":null,"notNullable":false,"unsigned":true},{"name":"blog_ord","type":"double","args":[],"defaultTo":null,"notNullable":false,"unsigned":true}]},{"name":"components_danhmuc_baiviet_danh_muc_e8c55_bai_viets_lnk","indexes":[{"name":"components_danhmuc_baiviet_danh_muc_e8c55_bai_v3805d_fk","columns":["danh_muc_bai_viet_cap_2_id"]},{"name":"components_danhmuc_baiviet_danh_muc_e8c55_bai_3805d_ifk","columns":["blog_id"]},{"name":"components_danhmuc_baiviet_danh_muc_e8c55_bai_v3805d_uq","columns":["danh_muc_bai_viet_cap_2_id","blog_id"],"type":"unique"},{"name":"components_danhmuc_baiviet_danh_muc_e8c55_bai_3805d_ofk","columns":["blog_ord"]}],"foreignKeys":[{"name":"components_danhmuc_baiviet_danh_muc_e8c55_bai_v3805d_fk","columns":["danh_muc_bai_viet_cap_2_id"],"referencedColumns":["id"],"referencedTable":"components_danhmuc_baiviet_danh_muc_bai_viet_cap_2s","onDelete":"CASCADE"},{"name":"components_danhmuc_baiviet_danh_muc_e8c55_bai_3805d_ifk","columns":["blog_id"],"referencedColumns":["id"],"referencedTable":"blogs","onDelete":"CASCADE"}],"columns":[{"name":"id","type":"increments","args":[{"primary":true,"primaryKey":true}],"defaultTo":null,"notNullable":true,"unsigned":false},{"name":"danh_muc_bai_viet_cap_2_id","type":"integer","args":[],"defaultTo":null,"notNullable":false,"unsigned":true},{"name":"blog_id","type":"integer","args":[],"defaultTo":null,"notNullable":false,"unsigned":true},{"name":"blog_ord","type":"double","args":[],"defaultTo":null,"notNullable":false,"unsigned":true}]},{"name":"components_home_product_cate2013c_danh_muc_san_pham_lnk","indexes":[{"name":"components_home_product_cate2013c_danh_muc_san_f7c28_fk","columns":["product_category_card_id"]},{"name":"components_home_product_cate2013c_danh_muc_sanf7c28_ifk","columns":["danh_muc_san_pham_id"]},{"name":"components_home_product_cate2013c_danh_muc_san_f7c28_uq","columns":["product_category_card_id","danh_muc_san_pham_id"],"type":"unique"}],"foreignKeys":[{"name":"components_home_product_cate2013c_danh_muc_san_f7c28_fk","columns":["product_category_card_id"],"referencedColumns":["id"],"referencedTable":"components_home_product_category_cards","onDelete":"CASCADE"},{"name":"components_home_product_cate2013c_danh_muc_sanf7c28_ifk","columns":["danh_muc_san_pham_id"],"referencedColumns":["id"],"referencedTable":"danh_muc_san_phams","onDelete":"CASCADE"}],"columns":[{"name":"id","type":"increments","args":[{"primary":true,"primaryKey":true}],"defaultTo":null,"notNullable":true,"unsigned":false},{"name":"product_category_card_id","type":"integer","args":[],"defaultTo":null,"notNullable":false,"unsigned":true},{"name":"danh_muc_san_pham_id","type":"integer","args":[],"defaultTo":null,"notNullable":false,"unsigned":true}]},{"name":"components_home_product_cat2dfe5_danh_muc_san_phams_lnk","indexes":[{"name":"components_home_product_cat2dfe5_danh_muc_san_p47d99_fk","columns":["product_categories_section_id"]},{"name":"components_home_product_cat2dfe5_danh_muc_san_47d99_ifk","columns":["danh_muc_san_pham_id"]},{"name":"components_home_product_cat2dfe5_danh_muc_san_p47d99_uq","columns":["product_categories_section_id","danh_muc_san_pham_id"],"type":"unique"},{"name":"components_home_product_cat2dfe5_danh_muc_san_47d99_ofk","columns":["danh_muc_san_pham_ord"]}],"foreignKeys":[{"name":"components_home_product_cat2dfe5_danh_muc_san_p47d99_fk","columns":["product_categories_section_id"],"referencedColumns":["id"],"referencedTable":"components_home_product_categories_sections","onDelete":"CASCADE"},{"name":"components_home_product_cat2dfe5_danh_muc_san_47d99_ifk","columns":["danh_muc_san_pham_id"],"referencedColumns":["id"],"referencedTable":"danh_muc_san_phams","onDelete":"CASCADE"}],"columns":[{"name":"id","type":"increments","args":[{"primary":true,"primaryKey":true}],"defaultTo":null,"notNullable":true,"unsigned":false},{"name":"product_categories_section_id","type":"integer","args":[],"defaultTo":null,"notNullable":false,"unsigned":true},{"name":"danh_muc_san_pham_id","type":"integer","args":[],"defaultTo":null,"notNullable":false,"unsigned":true},{"name":"danh_muc_san_pham_ord","type":"double","args":[],"defaultTo":null,"notNullable":false,"unsigned":true}]},{"name":"components_home_latest_news_sections_blogs_lnk","indexes":[{"name":"components_home_latest_news_sections_blogs_lnk_fk","columns":["latest_news_section_id"]},{"name":"components_home_latest_news_sections_blogs_lnk_ifk","columns":["blog_id"]},{"name":"components_home_latest_news_sections_blogs_lnk_uq","columns":["latest_news_section_id","blog_id"],"type":"unique"},{"name":"components_home_latest_news_sections_blogs_lnk_ofk","columns":["blog_ord"]}],"foreignKeys":[{"name":"components_home_latest_news_sections_blogs_lnk_fk","columns":["latest_news_section_id"],"referencedColumns":["id"],"referencedTable":"components_home_latest_news_sections","onDelete":"CASCADE"},{"name":"components_home_latest_news_sections_blogs_lnk_ifk","columns":["blog_id"],"referencedColumns":["id"],"referencedTable":"blogs","onDelete":"CASCADE"}],"columns":[{"name":"id","type":"increments","args":[{"primary":true,"primaryKey":true}],"defaultTo":null,"notNullable":true,"unsigned":false},{"name":"latest_news_section_id","type":"integer","args":[],"defaultTo":null,"notNullable":false,"unsigned":true},{"name":"blog_id","type":"integer","args":[],"defaultTo":null,"notNullable":false,"unsigned":true},{"name":"blog_ord","type":"double","args":[],"defaultTo":null,"notNullable":false,"unsigned":true}]},{"name":"components_home_featured_products_sections_products_lnk","indexes":[{"name":"components_home_featured_products_sections_prod8f886_fk","columns":["featured_products_section_id"]},{"name":"components_home_featured_products_sections_pro8f886_ifk","columns":["san_pham_id"]},{"name":"components_home_featured_products_sections_prod8f886_uq","columns":["featured_products_section_id","san_pham_id"],"type":"unique"},{"name":"components_home_featured_products_sections_pro8f886_ofk","columns":["san_pham_ord"]}],"foreignKeys":[{"name":"components_home_featured_products_sections_prod8f886_fk","columns":["featured_products_section_id"],"referencedColumns":["id"],"referencedTable":"components_home_featured_products_sections","onDelete":"CASCADE"},{"name":"components_home_featured_products_sections_pro8f886_ifk","columns":["san_pham_id"],"referencedColumns":["id"],"referencedTable":"san_phams","onDelete":"CASCADE"}],"columns":[{"name":"id","type":"increments","args":[{"primary":true,"primaryKey":true}],"defaultTo":null,"notNullable":true,"unsigned":false},{"name":"featured_products_section_id","type":"integer","args":[],"defaultTo":null,"notNullable":false,"unsigned":true},{"name":"san_pham_id","type":"integer","args":[],"defaultTo":null,"notNullable":false,"unsigned":true},{"name":"san_pham_ord","type":"double","args":[],"defaultTo":null,"notNullable":false,"unsigned":true}]},{"name":"components_home_featured_product_cards_san_pham_lnk","indexes":[{"name":"components_home_featured_product_cards_san_pham_lnk_fk","columns":["featured_product_card_id"]},{"name":"components_home_featured_product_cards_san_pham_lnk_ifk","columns":["san_pham_id"]},{"name":"components_home_featured_product_cards_san_pham_lnk_uq","columns":["featured_product_card_id","san_pham_id"],"type":"unique"}],"foreignKeys":[{"name":"components_home_featured_product_cards_san_pham_lnk_fk","columns":["featured_product_card_id"],"referencedColumns":["id"],"referencedTable":"components_home_featured_product_cards","onDelete":"CASCADE"},{"name":"components_home_featured_product_cards_san_pham_lnk_ifk","columns":["san_pham_id"],"referencedColumns":["id"],"referencedTable":"san_phams","onDelete":"CASCADE"}],"columns":[{"name":"id","type":"increments","args":[{"primary":true,"primaryKey":true}],"defaultTo":null,"notNullable":true,"unsigned":false},{"name":"featured_product_card_id","type":"integer","args":[],"defaultTo":null,"notNullable":false,"unsigned":true},{"name":"san_pham_id","type":"integer","args":[],"defaultTo":null,"notNullable":false,"unsigned":true}]},{"name":"components_home_blog_cards_blog_lnk","indexes":[{"name":"components_home_blog_cards_blog_lnk_fk","columns":["blog_card_id"]},{"name":"components_home_blog_cards_blog_lnk_ifk","columns":["blog_id"]},{"name":"components_home_blog_cards_blog_lnk_uq","columns":["blog_card_id","blog_id"],"type":"unique"}],"foreignKeys":[{"name":"components_home_blog_cards_blog_lnk_fk","columns":["blog_card_id"],"referencedColumns":["id"],"referencedTable":"components_home_blog_cards","onDelete":"CASCADE"},{"name":"components_home_blog_cards_blog_lnk_ifk","columns":["blog_id"],"referencedColumns":["id"],"referencedTable":"blogs","onDelete":"CASCADE"}],"columns":[{"name":"id","type":"increments","args":[{"primary":true,"primaryKey":true}],"defaultTo":null,"notNullable":true,"unsigned":false},{"name":"blog_card_id","type":"integer","args":[],"defaultTo":null,"notNullable":false,"unsigned":true},{"name":"blog_id","type":"integer","args":[],"defaultTo":null,"notNullable":false,"unsigned":true}]},{"name":"components_danhmuc_danh_muc_cap_3_s_san_phams_lnk","indexes":[{"name":"components_danhmuc_danh_muc_cap_3_s_san_phams_lnk_fk","columns":["danh_muc_cap_3_id"]},{"name":"components_danhmuc_danh_muc_cap_3_s_san_phams_lnk_ifk","columns":["san_pham_id"]},{"name":"components_danhmuc_danh_muc_cap_3_s_san_phams_lnk_uq","columns":["danh_muc_cap_3_id","san_pham_id"],"type":"unique"},{"name":"components_danhmuc_danh_muc_cap_3_s_san_phams_lnk_ofk","columns":["san_pham_ord"]}],"foreignKeys":[{"name":"components_danhmuc_danh_muc_cap_3_s_san_phams_lnk_fk","columns":["danh_muc_cap_3_id"],"referencedColumns":["id"],"referencedTable":"components_danhmuc_danh_muc_cap_3s","onDelete":"CASCADE"},{"name":"components_danhmuc_danh_muc_cap_3_s_san_phams_lnk_ifk","columns":["san_pham_id"],"referencedColumns":["id"],"referencedTable":"san_phams","onDelete":"CASCADE"}],"columns":[{"name":"id","type":"increments","args":[{"primary":true,"primaryKey":true}],"defaultTo":null,"notNullable":true,"unsigned":false},{"name":"danh_muc_cap_3_id","type":"integer","args":[],"defaultTo":null,"notNullable":false,"unsigned":true},{"name":"san_pham_id","type":"integer","args":[],"defaultTo":null,"notNullable":false,"unsigned":true},{"name":"san_pham_ord","type":"double","args":[],"defaultTo":null,"notNullable":false,"unsigned":true}]}]}	2026-01-07 23:53:35.664	b494559b63c4c849aeb1a1d4251e9f9af95675bf6cbfb00e15de0e8f92d47261
\.


--
-- Data for Name: strapi_history_versions; Type: TABLE DATA; Schema: public; Owner: autotuanlinh_user
--

COPY public.strapi_history_versions (id, content_type, related_document_id, locale, status, data, schema, created_at, created_by_id) FROM stdin;
\.


--
-- Data for Name: strapi_migrations; Type: TABLE DATA; Schema: public; Owner: autotuanlinh_user
--

COPY public.strapi_migrations (id, name, "time") FROM stdin;
\.


--
-- Data for Name: strapi_migrations_internal; Type: TABLE DATA; Schema: public; Owner: autotuanlinh_user
--

COPY public.strapi_migrations_internal (id, name, "time") FROM stdin;
1	5.0.0-rename-identifiers-longer-than-max-length	2025-12-30 20:11:41.294
2	5.0.0-02-created-document-id	2025-12-30 20:11:41.305
3	5.0.0-03-created-locale	2025-12-30 20:11:41.314
4	5.0.0-04-created-published-at	2025-12-30 20:11:41.327
5	5.0.0-05-drop-slug-fields-index	2025-12-30 20:11:41.337
6	core::5.0.0-discard-drafts	2025-12-30 20:11:41.346
\.


--
-- Data for Name: strapi_release_actions; Type: TABLE DATA; Schema: public; Owner: autotuanlinh_user
--

COPY public.strapi_release_actions (id, document_id, type, content_type, entry_document_id, locale, is_entry_valid, created_at, updated_at, published_at, created_by_id, updated_by_id) FROM stdin;
\.


--
-- Data for Name: strapi_release_actions_release_lnk; Type: TABLE DATA; Schema: public; Owner: autotuanlinh_user
--

COPY public.strapi_release_actions_release_lnk (id, release_action_id, release_id, release_action_ord) FROM stdin;
\.


--
-- Data for Name: strapi_releases; Type: TABLE DATA; Schema: public; Owner: autotuanlinh_user
--

COPY public.strapi_releases (id, document_id, name, released_at, scheduled_at, timezone, status, created_at, updated_at, published_at, created_by_id, updated_by_id, locale) FROM stdin;
\.


--
-- Data for Name: strapi_sessions; Type: TABLE DATA; Schema: public; Owner: autotuanlinh_user
--

COPY public.strapi_sessions (id, document_id, user_id, session_id, child_id, device_id, origin, expires_at, absolute_expires_at, status, type, created_at, updated_at, published_at, created_by_id, updated_by_id, locale) FROM stdin;
34	ekl39fumkh78s4j4q6tflq69	1	f773683d8bb2d646cdbe256e37cf1382	d9360555871534be9a0cfee7527da7f8	9062406a-7e50-460b-9fea-6ec80ce20635	admin	2026-01-21 09:57:10.707	2026-02-06 09:57:10.707	rotated	refresh	2026-01-07 09:57:10.707	2026-01-07 10:43:38.677	2026-01-07 09:57:10.707	\N	\N	\N
35	u61l7eyuvurb5g5oxfcirixr	1	d9360555871534be9a0cfee7527da7f8	98113b46901e525f4a80971e354b0e57	9062406a-7e50-460b-9fea-6ec80ce20635	admin	2026-01-21 10:43:38.673	2026-02-06 09:57:10.707	rotated	refresh	2026-01-07 10:43:38.673	2026-01-07 12:03:37.77	2026-01-07 10:43:38.673	\N	\N	\N
36	humuci2tvomocamkb1hy3zm4	1	98113b46901e525f4a80971e354b0e57	9524e25dc8501163eb24c5cffee37cd3	9062406a-7e50-460b-9fea-6ec80ce20635	admin	2026-01-21 12:03:37.765	2026-02-06 09:57:10.707	rotated	refresh	2026-01-07 12:03:37.766	2026-01-07 13:05:10.518	2026-01-07 12:03:37.766	\N	\N	\N
37	mmouzupcyvcx1q1z099t4lj9	1	9524e25dc8501163eb24c5cffee37cd3	9115890bc3f60ff01e4c4c92e27842c4	9062406a-7e50-460b-9fea-6ec80ce20635	admin	2026-01-21 13:05:10.514	2026-02-06 09:57:10.707	rotated	refresh	2026-01-07 13:05:10.514	2026-01-07 13:42:06.835	2026-01-07 13:05:10.514	\N	\N	\N
38	ans2430r61etr9vtnbvz4bfb	1	9115890bc3f60ff01e4c4c92e27842c4	9233d769932a590051608a6085ce818d	9062406a-7e50-460b-9fea-6ec80ce20635	admin	2026-01-21 13:42:06.832	2026-02-06 09:57:10.707	rotated	refresh	2026-01-07 13:42:06.832	2026-01-07 15:28:27.777	2026-01-07 13:42:06.832	\N	\N	\N
39	wc1ixjgmz7z0pgo2itt8o5rc	1	9233d769932a590051608a6085ce818d	c9b6abfe6aae8eb8f112cd91dde9f753	9062406a-7e50-460b-9fea-6ec80ce20635	admin	2026-01-21 15:28:27.771	2026-02-06 09:57:10.707	rotated	refresh	2026-01-07 15:28:27.771	2026-01-07 16:11:09.57	2026-01-07 15:28:27.772	\N	\N	\N
40	hajvdbwmx56as9m0nsqy5y95	1	c9b6abfe6aae8eb8f112cd91dde9f753	d921523d0bd661d86d410eacf9496295	9062406a-7e50-460b-9fea-6ec80ce20635	admin	2026-01-21 16:11:09.566	2026-02-06 09:57:10.707	rotated	refresh	2026-01-07 16:11:09.566	2026-01-07 16:55:44.838	2026-01-07 16:11:09.566	\N	\N	\N
41	atl17uwhir2gvy0q0rv95nq4	1	d921523d0bd661d86d410eacf9496295	5aeb5087810450831a4b161c1a3a07da	9062406a-7e50-460b-9fea-6ec80ce20635	admin	2026-01-21 16:55:44.834	2026-02-06 09:57:10.707	rotated	refresh	2026-01-07 16:55:44.835	2026-01-07 17:32:46.052	2026-01-07 16:55:44.835	\N	\N	\N
42	esduhafi3wto1ix1k8z1vbtr	1	5aeb5087810450831a4b161c1a3a07da	4cad4de3acc8ef618a8f1bdb77c09117	9062406a-7e50-460b-9fea-6ec80ce20635	admin	2026-01-21 17:32:46.04	2026-02-06 09:57:10.707	rotated	refresh	2026-01-07 17:32:46.04	2026-01-07 21:22:10.667	2026-01-07 17:32:46.041	\N	\N	\N
43	ksbebilhbinvpokdlgscm2bo	1	4cad4de3acc8ef618a8f1bdb77c09117	206183565f0c15915da25aca9bd18852	9062406a-7e50-460b-9fea-6ec80ce20635	admin	2026-01-21 21:22:10.661	2026-02-06 09:57:10.707	rotated	refresh	2026-01-07 21:22:10.661	2026-01-07 21:52:11.528	2026-01-07 21:22:10.662	\N	\N	\N
44	jplurmesl0fcnxy6v6uk4sg8	1	206183565f0c15915da25aca9bd18852	a038fb3d95ba3ffa0b04464d90b0ab77	9062406a-7e50-460b-9fea-6ec80ce20635	admin	2026-01-21 21:52:11.524	2026-02-06 09:57:10.707	rotated	refresh	2026-01-07 21:52:11.524	2026-01-07 22:23:37.544	2026-01-07 21:52:11.525	\N	\N	\N
45	mkrj073mkuy0jqbnid3d2rl9	1	a038fb3d95ba3ffa0b04464d90b0ab77	09008948cb6d2747713e3a8c374c0b95	9062406a-7e50-460b-9fea-6ec80ce20635	admin	2026-01-21 22:23:37.54	2026-02-06 09:57:10.707	rotated	refresh	2026-01-07 22:23:37.54	2026-01-07 22:54:21.965	2026-01-07 22:23:37.541	\N	\N	\N
46	xr4kvzd4ovcs9l9ku8fq62kf	1	09008948cb6d2747713e3a8c374c0b95	e7864082d2544cb82c96c5f86d75029a	9062406a-7e50-460b-9fea-6ec80ce20635	admin	2026-01-21 22:54:21.961	2026-02-06 09:57:10.707	rotated	refresh	2026-01-07 22:54:21.961	2026-01-07 23:39:52.287	2026-01-07 22:54:21.962	\N	\N	\N
48	b7bgckx9vrecaj99rqrm9biv	1	42b8d01e48ec84d142a0a0e1b8f06c34	\N	9062406a-7e50-460b-9fea-6ec80ce20635	admin	2026-01-22 00:11:59.918	2026-02-06 09:57:10.707	active	refresh	2026-01-08 00:11:59.918	2026-01-08 00:11:59.918	2026-01-08 00:11:59.919	\N	\N	\N
47	c8h4pj0qojrwrbrwv3jvlpwh	1	e7864082d2544cb82c96c5f86d75029a	42b8d01e48ec84d142a0a0e1b8f06c34	9062406a-7e50-460b-9fea-6ec80ce20635	admin	2026-01-21 23:39:52.283	2026-02-06 09:57:10.707	rotated	refresh	2026-01-07 23:39:52.283	2026-01-08 00:11:59.922	2026-01-07 23:39:52.284	\N	\N	\N
\.


--
-- Data for Name: strapi_transfer_token_permissions; Type: TABLE DATA; Schema: public; Owner: autotuanlinh_user
--

COPY public.strapi_transfer_token_permissions (id, document_id, action, created_at, updated_at, published_at, created_by_id, updated_by_id, locale) FROM stdin;
\.


--
-- Data for Name: strapi_transfer_token_permissions_token_lnk; Type: TABLE DATA; Schema: public; Owner: autotuanlinh_user
--

COPY public.strapi_transfer_token_permissions_token_lnk (id, transfer_token_permission_id, transfer_token_id, transfer_token_permission_ord) FROM stdin;
\.


--
-- Data for Name: strapi_transfer_tokens; Type: TABLE DATA; Schema: public; Owner: autotuanlinh_user
--

COPY public.strapi_transfer_tokens (id, document_id, name, description, access_key, last_used_at, expires_at, lifespan, created_at, updated_at, published_at, created_by_id, updated_by_id, locale) FROM stdin;
\.


--
-- Data for Name: strapi_webhooks; Type: TABLE DATA; Schema: public; Owner: autotuanlinh_user
--

COPY public.strapi_webhooks (id, name, url, headers, events, enabled) FROM stdin;
\.


--
-- Data for Name: strapi_workflows; Type: TABLE DATA; Schema: public; Owner: autotuanlinh_user
--

COPY public.strapi_workflows (id, document_id, name, content_types, created_at, updated_at, published_at, created_by_id, updated_by_id, locale) FROM stdin;
\.


--
-- Data for Name: strapi_workflows_stage_required_to_publish_lnk; Type: TABLE DATA; Schema: public; Owner: autotuanlinh_user
--

COPY public.strapi_workflows_stage_required_to_publish_lnk (id, workflow_id, workflow_stage_id) FROM stdin;
\.


--
-- Data for Name: strapi_workflows_stages; Type: TABLE DATA; Schema: public; Owner: autotuanlinh_user
--

COPY public.strapi_workflows_stages (id, document_id, name, color, created_at, updated_at, published_at, created_by_id, updated_by_id, locale) FROM stdin;
\.


--
-- Data for Name: strapi_workflows_stages_permissions_lnk; Type: TABLE DATA; Schema: public; Owner: autotuanlinh_user
--

COPY public.strapi_workflows_stages_permissions_lnk (id, workflow_stage_id, permission_id, permission_ord) FROM stdin;
\.


--
-- Data for Name: strapi_workflows_stages_workflow_lnk; Type: TABLE DATA; Schema: public; Owner: autotuanlinh_user
--

COPY public.strapi_workflows_stages_workflow_lnk (id, workflow_stage_id, workflow_id, workflow_stage_ord) FROM stdin;
\.


--
-- Data for Name: topic_blogs; Type: TABLE DATA; Schema: public; Owner: autotuanlinh_user
--

COPY public.topic_blogs (id, document_id, created_at, updated_at, published_at, created_by_id, updated_by_id, locale, name) FROM stdin;
61	tamrf32e6lnka0kidfy0wpgw	2026-01-04 21:31:09.373	2026-01-04 21:31:09.373	\N	\N	\N	\N	Cng ngh
62	wk41z6xammdyckjmoga51uos	2026-01-04 21:31:09.373	2026-01-04 21:31:09.373	\N	\N	\N	\N	Kinh doanh
63	twudh2r75vmjukl2ovqmq7rh	2026-01-04 21:31:09.374	2026-01-04 21:31:09.374	\N	\N	\N	\N	Gio dc
64	tamrf32e6lnka0kidfy0wpgw	2026-01-04 21:31:09.373	2026-01-04 21:31:09.373	2026-01-04 21:31:09.378	\N	\N	\N	Cng ngh
65	wk41z6xammdyckjmoga51uos	2026-01-04 21:31:09.373	2026-01-04 21:31:09.373	2026-01-04 21:31:09.378	\N	\N	\N	Kinh doanh
66	twudh2r75vmjukl2ovqmq7rh	2026-01-04 21:31:09.374	2026-01-04 21:31:09.374	2026-01-04 21:31:09.378	\N	\N	\N	Gio dc
\.


--
-- Data for Name: up_permissions; Type: TABLE DATA; Schema: public; Owner: autotuanlinh_user
--

COPY public.up_permissions (id, document_id, action, created_at, updated_at, published_at, created_by_id, updated_by_id, locale) FROM stdin;
1	p75f5yp5x0ds62l182d6qvar	plugin::users-permissions.user.me	2025-12-30 20:11:41.614	2025-12-30 20:11:41.614	2025-12-30 20:11:41.614	\N	\N	\N
2	f5u7m4p7ekhhr4tekybfwkul	plugin::users-permissions.auth.changePassword	2025-12-30 20:11:41.614	2025-12-30 20:11:41.614	2025-12-30 20:11:41.614	\N	\N	\N
3	c4urqxivlrszs730f0ofvqdg	plugin::users-permissions.auth.callback	2025-12-30 20:11:41.622	2025-12-30 20:11:41.622	2025-12-30 20:11:41.622	\N	\N	\N
4	hyb4ky0uc5i95t5gfkw0ot3g	plugin::users-permissions.auth.connect	2025-12-30 20:11:41.622	2025-12-30 20:11:41.622	2025-12-30 20:11:41.622	\N	\N	\N
6	avyr553s6xm0ie7g9x5dpvo9	plugin::users-permissions.auth.register	2025-12-30 20:11:41.622	2025-12-30 20:11:41.622	2025-12-30 20:11:41.622	\N	\N	\N
5	wzlxxthu7j5vmejybxezf3vq	plugin::users-permissions.auth.resetPassword	2025-12-30 20:11:41.622	2025-12-30 20:11:41.622	2025-12-30 20:11:41.622	\N	\N	\N
7	ht1p44vaejv4bq1w2msb7x0a	plugin::users-permissions.auth.emailConfirmation	2025-12-30 20:11:41.622	2025-12-30 20:11:41.622	2025-12-30 20:11:41.622	\N	\N	\N
8	cpqffatq20wrioev90knrr4e	plugin::users-permissions.auth.forgotPassword	2025-12-30 20:11:41.622	2025-12-30 20:11:41.622	2025-12-30 20:11:41.622	\N	\N	\N
9	gvy0yvy3bzrvql8x5mjmrdv2	plugin::users-permissions.auth.sendEmailConfirmation	2025-12-30 20:11:41.622	2025-12-30 20:11:41.622	2025-12-30 20:11:41.622	\N	\N	\N
10	h11g1nf8nysajtzvp0u958xc	api::ve-chung-toi.ve-chung-toi.find	2026-01-08 00:13:27.317	2026-01-08 00:13:27.317	2026-01-08 00:13:27.318	\N	\N	\N
12	y9mgfemv2sz8vpfq7xwsekzl	api::ve-chung-toi.ve-chung-toi.update	2026-01-08 00:13:27.317	2026-01-08 00:13:27.317	2026-01-08 00:13:27.318	\N	\N	\N
11	bnkwtkry24qq1sahmx9t7amf	api::ve-chung-toi.ve-chung-toi.delete	2026-01-08 00:13:27.317	2026-01-08 00:13:27.317	2026-01-08 00:13:27.318	\N	\N	\N
\.


--
-- Data for Name: up_permissions_role_lnk; Type: TABLE DATA; Schema: public; Owner: autotuanlinh_user
--

COPY public.up_permissions_role_lnk (id, permission_id, role_id, permission_ord) FROM stdin;
1	2	1	1
3	3	2	1
5	6	2	1
6	8	2	1
7	7	2	1
8	5	2	1
9	9	2	2
11	12	1	2
12	11	1	2
10	10	1	2
2	1	1	1
4	4	2	1
\.


--
-- Data for Name: up_roles; Type: TABLE DATA; Schema: public; Owner: autotuanlinh_user
--

COPY public.up_roles (id, document_id, name, description, type, created_at, updated_at, published_at, created_by_id, updated_by_id, locale) FROM stdin;
2	yuai26i64jr7mg2qnqgac8ex	Public	Default role given to unauthenticated user.	public	2025-12-30 20:11:41.612	2025-12-30 20:11:41.612	2025-12-30 20:11:41.612	\N	\N	\N
1	vtrplx5ds2iseeu6fkgwwnuh	Authenticated	Default role given to authenticated user.	authenticated	2025-12-30 20:11:41.611	2026-01-08 00:13:27.313	2025-12-30 20:11:41.611	\N	\N	\N
\.


--
-- Data for Name: up_users; Type: TABLE DATA; Schema: public; Owner: autotuanlinh_user
--

COPY public.up_users (id, document_id, username, email, provider, password, reset_password_token, confirmation_token, confirmed, blocked, created_at, updated_at, published_at, created_by_id, updated_by_id, locale) FROM stdin;
\.


--
-- Data for Name: up_users_role_lnk; Type: TABLE DATA; Schema: public; Owner: autotuanlinh_user
--

COPY public.up_users_role_lnk (id, user_id, role_id, user_ord) FROM stdin;
\.


--
-- Data for Name: upload_folders; Type: TABLE DATA; Schema: public; Owner: autotuanlinh_user
--

COPY public.upload_folders (id, document_id, name, path_id, path, created_at, updated_at, published_at, created_by_id, updated_by_id, locale) FROM stdin;
\.


--
-- Data for Name: upload_folders_parent_lnk; Type: TABLE DATA; Schema: public; Owner: autotuanlinh_user
--

COPY public.upload_folders_parent_lnk (id, folder_id, inv_folder_id, folder_ord) FROM stdin;
\.


--
-- Data for Name: ve_chung_tois; Type: TABLE DATA; Schema: public; Owner: autotuanlinh_user
--

COPY public.ve_chung_tois (id, document_id, created_at, updated_at, published_at, created_by_id, updated_by_id, locale) FROM stdin;
1	osizhs410hv89wkntxi22taj	2026-01-08 00:15:30.819	2026-01-08 00:20:41.717	2026-01-08 00:20:41.598	1	1	\N
\.


--
-- Data for Name: ve_chung_tois_cmps; Type: TABLE DATA; Schema: public; Owner: autotuanlinh_user
--

COPY public.ve_chung_tois_cmps (id, entity_id, cmp_id, component_type, field, "order") FROM stdin;
1	1	1711	shared.seo	seo	\N
3	1	51	home.hero-slider	heroSection	\N
4	1	1	about.introduction-section	introductionSection	\N
5	1	50	home.stats-section	achievementsSection	\N
6	1	1	about.core-values-section	coreValuesSection	\N
7	1	1	about.history-timeline-section	historyTimelineSection	\N
8	1	1	about.commitments-section	commitmentsSection	\N
9	1	2	home.partner-brands-section	partnersSection	\N
10	1	1	about.certifications-section	certificationsSection	\N
11	1	1	about.showroom-section	showroomSection	\N
12	1	1	about.workshop-section	workshopSection	\N
13	1	1	about.store-locations-section	storeLocationsSection	\N
14	1	50	home.process-section	processSection	\N
15	1	1	about.before-after-section	beforeAfterSection	\N
16	1	1	about.team-section	teamSection	\N
17	1	50	home.testimonials-section	testimonialsSection	\N
18	1	1	about.cta-section	ctaSection	\N
\.


--
-- Name: admin_permissions_id_seq; Type: SEQUENCE SET; Schema: public; Owner: autotuanlinh_user
--

SELECT pg_catalog.setval('public.admin_permissions_id_seq', 396, true);


--
-- Name: admin_permissions_role_lnk_id_seq; Type: SEQUENCE SET; Schema: public; Owner: autotuanlinh_user
--

SELECT pg_catalog.setval('public.admin_permissions_role_lnk_id_seq', 396, true);


--
-- Name: admin_roles_id_seq; Type: SEQUENCE SET; Schema: public; Owner: autotuanlinh_user
--

SELECT pg_catalog.setval('public.admin_roles_id_seq', 3, true);


--
-- Name: admin_users_id_seq; Type: SEQUENCE SET; Schema: public; Owner: autotuanlinh_user
--

SELECT pg_catalog.setval('public.admin_users_id_seq', 1, true);


--
-- Name: admin_users_roles_lnk_id_seq; Type: SEQUENCE SET; Schema: public; Owner: autotuanlinh_user
--

SELECT pg_catalog.setval('public.admin_users_roles_lnk_id_seq', 1, true);


--
-- Name: blogs_cmps_id_seq; Type: SEQUENCE SET; Schema: public; Owner: autotuanlinh_user
--

SELECT pg_catalog.setval('public.blogs_cmps_id_seq', 109, true);


--
-- Name: blogs_id_seq; Type: SEQUENCE SET; Schema: public; Owner: autotuanlinh_user
--

SELECT pg_catalog.setval('public.blogs_id_seq', 108, true);


--
-- Name: blogs_topic_blog_lnk_id_seq; Type: SEQUENCE SET; Schema: public; Owner: autotuanlinh_user
--

SELECT pg_catalog.setval('public.blogs_topic_blog_lnk_id_seq', 107, true);


--
-- Name: components_about_before_after_sections_cmps_id_seq; Type: SEQUENCE SET; Schema: public; Owner: autotuanlinh_user
--

SELECT pg_catalog.setval('public.components_about_before_after_sections_cmps_id_seq', 1, true);


--
-- Name: components_about_before_after_sections_id_seq; Type: SEQUENCE SET; Schema: public; Owner: autotuanlinh_user
--

SELECT pg_catalog.setval('public.components_about_before_after_sections_id_seq', 1, true);


--
-- Name: components_about_buttons_id_seq; Type: SEQUENCE SET; Schema: public; Owner: autotuanlinh_user
--

SELECT pg_catalog.setval('public.components_about_buttons_id_seq', 2, true);


--
-- Name: components_about_certification_cards_id_seq; Type: SEQUENCE SET; Schema: public; Owner: autotuanlinh_user
--

SELECT pg_catalog.setval('public.components_about_certification_cards_id_seq', 2, true);


--
-- Name: components_about_certifications_sections_cmps_id_seq; Type: SEQUENCE SET; Schema: public; Owner: autotuanlinh_user
--

SELECT pg_catalog.setval('public.components_about_certifications_sections_cmps_id_seq', 2, true);


--
-- Name: components_about_certifications_sections_id_seq; Type: SEQUENCE SET; Schema: public; Owner: autotuanlinh_user
--

SELECT pg_catalog.setval('public.components_about_certifications_sections_id_seq', 1, true);


--
-- Name: components_about_commitment_cards_id_seq; Type: SEQUENCE SET; Schema: public; Owner: autotuanlinh_user
--

SELECT pg_catalog.setval('public.components_about_commitment_cards_id_seq', 1, true);


--
-- Name: components_about_commitments_sections_cmps_id_seq; Type: SEQUENCE SET; Schema: public; Owner: autotuanlinh_user
--

SELECT pg_catalog.setval('public.components_about_commitments_sections_cmps_id_seq', 1, true);


--
-- Name: components_about_commitments_sections_id_seq; Type: SEQUENCE SET; Schema: public; Owner: autotuanlinh_user
--

SELECT pg_catalog.setval('public.components_about_commitments_sections_id_seq', 1, true);


--
-- Name: components_about_core_values_sections_cmps_id_seq; Type: SEQUENCE SET; Schema: public; Owner: autotuanlinh_user
--

SELECT pg_catalog.setval('public.components_about_core_values_sections_cmps_id_seq', 2, true);


--
-- Name: components_about_core_values_sections_id_seq; Type: SEQUENCE SET; Schema: public; Owner: autotuanlinh_user
--

SELECT pg_catalog.setval('public.components_about_core_values_sections_id_seq', 1, true);


--
-- Name: components_about_cta_sections_cmps_id_seq; Type: SEQUENCE SET; Schema: public; Owner: autotuanlinh_user
--

SELECT pg_catalog.setval('public.components_about_cta_sections_cmps_id_seq', 2, true);


--
-- Name: components_about_cta_sections_id_seq; Type: SEQUENCE SET; Schema: public; Owner: autotuanlinh_user
--

SELECT pg_catalog.setval('public.components_about_cta_sections_id_seq', 1, true);


--
-- Name: components_about_history_timeline_sections_cmps_id_seq; Type: SEQUENCE SET; Schema: public; Owner: autotuanlinh_user
--

SELECT pg_catalog.setval('public.components_about_history_timeline_sections_cmps_id_seq', 2, true);


--
-- Name: components_about_history_timeline_sections_id_seq; Type: SEQUENCE SET; Schema: public; Owner: autotuanlinh_user
--

SELECT pg_catalog.setval('public.components_about_history_timeline_sections_id_seq', 1, true);


--
-- Name: components_about_image_overlays_id_seq; Type: SEQUENCE SET; Schema: public; Owner: autotuanlinh_user
--

SELECT pg_catalog.setval('public.components_about_image_overlays_id_seq', 1, true);


--
-- Name: components_about_introduction_sections_cmps_id_seq; Type: SEQUENCE SET; Schema: public; Owner: autotuanlinh_user
--

SELECT pg_catalog.setval('public.components_about_introduction_sections_cmps_id_seq', 1, true);


--
-- Name: components_about_introduction_sections_id_seq; Type: SEQUENCE SET; Schema: public; Owner: autotuanlinh_user
--

SELECT pg_catalog.setval('public.components_about_introduction_sections_id_seq', 1, true);


--
-- Name: components_about_project_cards_id_seq; Type: SEQUENCE SET; Schema: public; Owner: autotuanlinh_user
--

SELECT pg_catalog.setval('public.components_about_project_cards_id_seq', 1, true);


--
-- Name: components_about_showroom_cards_id_seq; Type: SEQUENCE SET; Schema: public; Owner: autotuanlinh_user
--

SELECT pg_catalog.setval('public.components_about_showroom_cards_id_seq', 2, true);


--
-- Name: components_about_showroom_sections_cmps_id_seq; Type: SEQUENCE SET; Schema: public; Owner: autotuanlinh_user
--

SELECT pg_catalog.setval('public.components_about_showroom_sections_cmps_id_seq', 2, true);


--
-- Name: components_about_showroom_sections_id_seq; Type: SEQUENCE SET; Schema: public; Owner: autotuanlinh_user
--

SELECT pg_catalog.setval('public.components_about_showroom_sections_id_seq', 1, true);


--
-- Name: components_about_store_locations_id_seq; Type: SEQUENCE SET; Schema: public; Owner: autotuanlinh_user
--

SELECT pg_catalog.setval('public.components_about_store_locations_id_seq', 1, true);


--
-- Name: components_about_store_locations_sections_cmps_id_seq; Type: SEQUENCE SET; Schema: public; Owner: autotuanlinh_user
--

SELECT pg_catalog.setval('public.components_about_store_locations_sections_cmps_id_seq', 1, true);


--
-- Name: components_about_store_locations_sections_id_seq; Type: SEQUENCE SET; Schema: public; Owner: autotuanlinh_user
--

SELECT pg_catalog.setval('public.components_about_store_locations_sections_id_seq', 1, true);


--
-- Name: components_about_team_members_id_seq; Type: SEQUENCE SET; Schema: public; Owner: autotuanlinh_user
--

SELECT pg_catalog.setval('public.components_about_team_members_id_seq', 1, true);


--
-- Name: components_about_team_sections_cmps_id_seq; Type: SEQUENCE SET; Schema: public; Owner: autotuanlinh_user
--

SELECT pg_catalog.setval('public.components_about_team_sections_cmps_id_seq', 1, true);


--
-- Name: components_about_team_sections_id_seq; Type: SEQUENCE SET; Schema: public; Owner: autotuanlinh_user
--

SELECT pg_catalog.setval('public.components_about_team_sections_id_seq', 1, true);


--
-- Name: components_about_timeline_milestones_id_seq; Type: SEQUENCE SET; Schema: public; Owner: autotuanlinh_user
--

SELECT pg_catalog.setval('public.components_about_timeline_milestones_id_seq', 2, true);


--
-- Name: components_about_value_cards_id_seq; Type: SEQUENCE SET; Schema: public; Owner: autotuanlinh_user
--

SELECT pg_catalog.setval('public.components_about_value_cards_id_seq', 2, true);


--
-- Name: components_about_workshop_sections_cmps_id_seq; Type: SEQUENCE SET; Schema: public; Owner: autotuanlinh_user
--

SELECT pg_catalog.setval('public.components_about_workshop_sections_cmps_id_seq', 4, true);


--
-- Name: components_about_workshop_sections_id_seq; Type: SEQUENCE SET; Schema: public; Owner: autotuanlinh_user
--

SELECT pg_catalog.setval('public.components_about_workshop_sections_id_seq', 1, true);


--
-- Name: components_danhmuc_baiviet_danh_muc_01fc4_bai_viets_lnk_id_seq; Type: SEQUENCE SET; Schema: public; Owner: autotuanlinh_user
--

SELECT pg_catalog.setval('public.components_danhmuc_baiviet_danh_muc_01fc4_bai_viets_lnk_id_seq', 1, false);


--
-- Name: components_danhmuc_baiviet_danh_muc_bai_viet_18708_cmps_id_seq; Type: SEQUENCE SET; Schema: public; Owner: autotuanlinh_user
--

SELECT pg_catalog.setval('public.components_danhmuc_baiviet_danh_muc_bai_viet_18708_cmps_id_seq', 372, true);


--
-- Name: components_danhmuc_baiviet_danh_muc_bai_viet_800e8_cmps_id_seq; Type: SEQUENCE SET; Schema: public; Owner: autotuanlinh_user
--

SELECT pg_catalog.setval('public.components_danhmuc_baiviet_danh_muc_bai_viet_800e8_cmps_id_seq', 48, true);


--
-- Name: components_danhmuc_baiviet_danh_muc_bai_viet_cap_2s_id_seq; Type: SEQUENCE SET; Schema: public; Owner: autotuanlinh_user
--

SELECT pg_catalog.setval('public.components_danhmuc_baiviet_danh_muc_bai_viet_cap_2s_id_seq', 297, true);


--
-- Name: components_danhmuc_baiviet_danh_muc_bai_viet_cap_3s_id_seq; Type: SEQUENCE SET; Schema: public; Owner: autotuanlinh_user
--

SELECT pg_catalog.setval('public.components_danhmuc_baiviet_danh_muc_bai_viet_cap_3s_id_seq', 48, true);


--
-- Name: components_danhmuc_baiviet_danh_muc_e8c55_bai_viets_lnk_id_seq; Type: SEQUENCE SET; Schema: public; Owner: autotuanlinh_user
--

SELECT pg_catalog.setval('public.components_danhmuc_baiviet_danh_muc_e8c55_bai_viets_lnk_id_seq', 1, false);


--
-- Name: components_danhmuc_danh_muc_cap_2s_cmps_id_seq; Type: SEQUENCE SET; Schema: public; Owner: autotuanlinh_user
--

SELECT pg_catalog.setval('public.components_danhmuc_danh_muc_cap_2s_cmps_id_seq', 1093, true);


--
-- Name: components_danhmuc_danh_muc_cap_2s_id_seq; Type: SEQUENCE SET; Schema: public; Owner: autotuanlinh_user
--

SELECT pg_catalog.setval('public.components_danhmuc_danh_muc_cap_2s_id_seq', 177, true);


--
-- Name: components_danhmuc_danh_muc_cap_3_s_san_phams_lnk_id_seq; Type: SEQUENCE SET; Schema: public; Owner: autotuanlinh_user
--

SELECT pg_catalog.setval('public.components_danhmuc_danh_muc_cap_3_s_san_phams_lnk_id_seq', 1, false);


--
-- Name: components_danhmuc_danh_muc_cap_3s_cmps_id_seq; Type: SEQUENCE SET; Schema: public; Owner: autotuanlinh_user
--

SELECT pg_catalog.setval('public.components_danhmuc_danh_muc_cap_3s_cmps_id_seq', 899, true);


--
-- Name: components_danhmuc_danh_muc_cap_3s_id_seq; Type: SEQUENCE SET; Schema: public; Owner: autotuanlinh_user
--

SELECT pg_catalog.setval('public.components_danhmuc_danh_muc_cap_3s_id_seq', 830, true);


--
-- Name: components_home_blog_cards_blog_lnk_id_seq; Type: SEQUENCE SET; Schema: public; Owner: autotuanlinh_user
--

SELECT pg_catalog.setval('public.components_home_blog_cards_blog_lnk_id_seq', 1, false);


--
-- Name: components_home_blog_cards_id_seq; Type: SEQUENCE SET; Schema: public; Owner: autotuanlinh_user
--

SELECT pg_catalog.setval('public.components_home_blog_cards_id_seq', 1, false);


--
-- Name: components_home_contact_info_cards_id_seq; Type: SEQUENCE SET; Schema: public; Owner: autotuanlinh_user
--

SELECT pg_catalog.setval('public.components_home_contact_info_cards_id_seq', 241, true);


--
-- Name: components_home_contact_sections_cmps_id_seq; Type: SEQUENCE SET; Schema: public; Owner: autotuanlinh_user
--

SELECT pg_catalog.setval('public.components_home_contact_sections_cmps_id_seq', 347, true);


--
-- Name: components_home_contact_sections_id_seq; Type: SEQUENCE SET; Schema: public; Owner: autotuanlinh_user
--

SELECT pg_catalog.setval('public.components_home_contact_sections_id_seq', 49, true);


--
-- Name: components_home_cta_sections_cmps_id_seq; Type: SEQUENCE SET; Schema: public; Owner: autotuanlinh_user
--

SELECT pg_catalog.setval('public.components_home_cta_sections_cmps_id_seq', 12, true);


--
-- Name: components_home_cta_sections_id_seq; Type: SEQUENCE SET; Schema: public; Owner: autotuanlinh_user
--

SELECT pg_catalog.setval('public.components_home_cta_sections_id_seq', 1, true);


--
-- Name: components_home_faq_items_id_seq; Type: SEQUENCE SET; Schema: public; Owner: autotuanlinh_user
--

SELECT pg_catalog.setval('public.components_home_faq_items_id_seq', 193, true);


--
-- Name: components_home_faq_sections_cmps_id_seq; Type: SEQUENCE SET; Schema: public; Owner: autotuanlinh_user
--

SELECT pg_catalog.setval('public.components_home_faq_sections_cmps_id_seq', 280, true);


--
-- Name: components_home_faq_sections_id_seq; Type: SEQUENCE SET; Schema: public; Owner: autotuanlinh_user
--

SELECT pg_catalog.setval('public.components_home_faq_sections_id_seq', 49, true);


--
-- Name: components_home_feature_cards_id_seq; Type: SEQUENCE SET; Schema: public; Owner: autotuanlinh_user
--

SELECT pg_catalog.setval('public.components_home_feature_cards_id_seq', 441, true);


--
-- Name: components_home_featured_product_cards_cmps_id_seq; Type: SEQUENCE SET; Schema: public; Owner: autotuanlinh_user
--

SELECT pg_catalog.setval('public.components_home_featured_product_cards_cmps_id_seq', 1, false);


--
-- Name: components_home_featured_product_cards_id_seq; Type: SEQUENCE SET; Schema: public; Owner: autotuanlinh_user
--

SELECT pg_catalog.setval('public.components_home_featured_product_cards_id_seq', 1, false);


--
-- Name: components_home_featured_product_cards_san_pham_lnk_id_seq; Type: SEQUENCE SET; Schema: public; Owner: autotuanlinh_user
--

SELECT pg_catalog.setval('public.components_home_featured_product_cards_san_pham_lnk_id_seq', 1, false);


--
-- Name: components_home_featured_products_sections_id_seq; Type: SEQUENCE SET; Schema: public; Owner: autotuanlinh_user
--

SELECT pg_catalog.setval('public.components_home_featured_products_sections_id_seq', 1, true);


--
-- Name: components_home_featured_products_sections_products_lnk_id_seq; Type: SEQUENCE SET; Schema: public; Owner: autotuanlinh_user
--

SELECT pg_catalog.setval('public.components_home_featured_products_sections_products_lnk_id_seq', 4, true);


--
-- Name: components_home_gallery_sections_cmps_id_seq; Type: SEQUENCE SET; Schema: public; Owner: autotuanlinh_user
--

SELECT pg_catalog.setval('public.components_home_gallery_sections_cmps_id_seq', 14, true);


--
-- Name: components_home_gallery_sections_id_seq; Type: SEQUENCE SET; Schema: public; Owner: autotuanlinh_user
--

SELECT pg_catalog.setval('public.components_home_gallery_sections_id_seq', 1, true);


--
-- Name: components_home_hero_sliders_id_seq; Type: SEQUENCE SET; Schema: public; Owner: autotuanlinh_user
--

SELECT pg_catalog.setval('public.components_home_hero_sliders_id_seq', 51, true);


--
-- Name: components_home_latest_news_sections_blogs_lnk_id_seq; Type: SEQUENCE SET; Schema: public; Owner: autotuanlinh_user
--

SELECT pg_catalog.setval('public.components_home_latest_news_sections_blogs_lnk_id_seq', 6, true);


--
-- Name: components_home_latest_news_sections_cmps_id_seq; Type: SEQUENCE SET; Schema: public; Owner: autotuanlinh_user
--

SELECT pg_catalog.setval('public.components_home_latest_news_sections_cmps_id_seq', 5, true);


--
-- Name: components_home_latest_news_sections_id_seq; Type: SEQUENCE SET; Schema: public; Owner: autotuanlinh_user
--

SELECT pg_catalog.setval('public.components_home_latest_news_sections_id_seq', 1, true);


--
-- Name: components_home_newsletter_sections_id_seq; Type: SEQUENCE SET; Schema: public; Owner: autotuanlinh_user
--

SELECT pg_catalog.setval('public.components_home_newsletter_sections_id_seq', 1, true);


--
-- Name: components_home_partner_brands_id_seq; Type: SEQUENCE SET; Schema: public; Owner: autotuanlinh_user
--

SELECT pg_catalog.setval('public.components_home_partner_brands_id_seq', 3, true);


--
-- Name: components_home_partner_brands_sections_cmps_id_seq; Type: SEQUENCE SET; Schema: public; Owner: autotuanlinh_user
--

SELECT pg_catalog.setval('public.components_home_partner_brands_sections_cmps_id_seq', 15, true);


--
-- Name: components_home_partner_brands_sections_id_seq; Type: SEQUENCE SET; Schema: public; Owner: autotuanlinh_user
--

SELECT pg_catalog.setval('public.components_home_partner_brands_sections_id_seq', 2, true);


--
-- Name: components_home_process_sections_cmps_id_seq; Type: SEQUENCE SET; Schema: public; Owner: autotuanlinh_user
--

SELECT pg_catalog.setval('public.components_home_process_sections_cmps_id_seq', 296, true);


--
-- Name: components_home_process_sections_id_seq; Type: SEQUENCE SET; Schema: public; Owner: autotuanlinh_user
--

SELECT pg_catalog.setval('public.components_home_process_sections_id_seq', 50, true);


--
-- Name: components_home_process_steps_id_seq; Type: SEQUENCE SET; Schema: public; Owner: autotuanlinh_user
--

SELECT pg_catalog.setval('public.components_home_process_steps_id_seq', 198, true);


--
-- Name: components_home_product_badges_id_seq; Type: SEQUENCE SET; Schema: public; Owner: autotuanlinh_user
--

SELECT pg_catalog.setval('public.components_home_product_badges_id_seq', 1, false);


--
-- Name: components_home_product_cat2dfe5_danh_muc_san_phams_lnk_id_seq; Type: SEQUENCE SET; Schema: public; Owner: autotuanlinh_user
--

SELECT pg_catalog.setval('public.components_home_product_cat2dfe5_danh_muc_san_phams_lnk_id_seq', 6, true);


--
-- Name: components_home_product_cate2013c_danh_muc_san_pham_lnk_id_seq; Type: SEQUENCE SET; Schema: public; Owner: autotuanlinh_user
--

SELECT pg_catalog.setval('public.components_home_product_cate2013c_danh_muc_san_pham_lnk_id_seq', 1, false);


--
-- Name: components_home_product_categories_sections_id_seq; Type: SEQUENCE SET; Schema: public; Owner: autotuanlinh_user
--

SELECT pg_catalog.setval('public.components_home_product_categories_sections_id_seq', 1, true);


--
-- Name: components_home_product_category_cards_id_seq; Type: SEQUENCE SET; Schema: public; Owner: autotuanlinh_user
--

SELECT pg_catalog.setval('public.components_home_product_category_cards_id_seq', 1, false);


--
-- Name: components_home_professional_services_sections_cmps_id_seq; Type: SEQUENCE SET; Schema: public; Owner: autotuanlinh_user
--

SELECT pg_catalog.setval('public.components_home_professional_services_sections_cmps_id_seq', 9, true);


--
-- Name: components_home_professional_services_sections_id_seq; Type: SEQUENCE SET; Schema: public; Owner: autotuanlinh_user
--

SELECT pg_catalog.setval('public.components_home_professional_services_sections_id_seq', 1, true);


--
-- Name: components_home_promotion_cards_id_seq; Type: SEQUENCE SET; Schema: public; Owner: autotuanlinh_user
--

SELECT pg_catalog.setval('public.components_home_promotion_cards_id_seq', 1, true);


--
-- Name: components_home_service_cards_cmps_id_seq; Type: SEQUENCE SET; Schema: public; Owner: autotuanlinh_user
--

SELECT pg_catalog.setval('public.components_home_service_cards_cmps_id_seq', 27, true);


--
-- Name: components_home_service_cards_id_seq; Type: SEQUENCE SET; Schema: public; Owner: autotuanlinh_user
--

SELECT pg_catalog.setval('public.components_home_service_cards_id_seq', 1, true);


--
-- Name: components_home_service_features_id_seq; Type: SEQUENCE SET; Schema: public; Owner: autotuanlinh_user
--

SELECT pg_catalog.setval('public.components_home_service_features_id_seq', 3, true);


--
-- Name: components_home_special_promotions_sections_cmps_id_seq; Type: SEQUENCE SET; Schema: public; Owner: autotuanlinh_user
--

SELECT pg_catalog.setval('public.components_home_special_promotions_sections_cmps_id_seq', 7, true);


--
-- Name: components_home_special_promotions_sections_id_seq; Type: SEQUENCE SET; Schema: public; Owner: autotuanlinh_user
--

SELECT pg_catalog.setval('public.components_home_special_promotions_sections_id_seq', 1, true);


--
-- Name: components_home_stat_cards_id_seq; Type: SEQUENCE SET; Schema: public; Owner: autotuanlinh_user
--

SELECT pg_catalog.setval('public.components_home_stat_cards_id_seq', 198, true);


--
-- Name: components_home_stats_sections_cmps_id_seq; Type: SEQUENCE SET; Schema: public; Owner: autotuanlinh_user
--

SELECT pg_catalog.setval('public.components_home_stats_sections_cmps_id_seq', 330, true);


--
-- Name: components_home_stats_sections_id_seq; Type: SEQUENCE SET; Schema: public; Owner: autotuanlinh_user
--

SELECT pg_catalog.setval('public.components_home_stats_sections_id_seq', 50, true);


--
-- Name: components_home_testimonials_id_seq; Type: SEQUENCE SET; Schema: public; Owner: autotuanlinh_user
--

SELECT pg_catalog.setval('public.components_home_testimonials_id_seq', 146, true);


--
-- Name: components_home_testimonials_sections_cmps_id_seq; Type: SEQUENCE SET; Schema: public; Owner: autotuanlinh_user
--

SELECT pg_catalog.setval('public.components_home_testimonials_sections_cmps_id_seq', 214, true);


--
-- Name: components_home_testimonials_sections_id_seq; Type: SEQUENCE SET; Schema: public; Owner: autotuanlinh_user
--

SELECT pg_catalog.setval('public.components_home_testimonials_sections_id_seq', 50, true);


--
-- Name: components_home_why_choose_uss_cmps_id_seq; Type: SEQUENCE SET; Schema: public; Owner: autotuanlinh_user
--

SELECT pg_catalog.setval('public.components_home_why_choose_uss_cmps_id_seq', 415, true);


--
-- Name: components_home_why_choose_uss_id_seq; Type: SEQUENCE SET; Schema: public; Owner: autotuanlinh_user
--

SELECT pg_catalog.setval('public.components_home_why_choose_uss_id_seq', 49, true);


--
-- Name: components_shared_contact_info_items_id_seq; Type: SEQUENCE SET; Schema: public; Owner: autotuanlinh_user
--

SELECT pg_catalog.setval('public.components_shared_contact_info_items_id_seq', 102, true);


--
-- Name: components_shared_cta_buttons_id_seq; Type: SEQUENCE SET; Schema: public; Owner: autotuanlinh_user
--

SELECT pg_catalog.setval('public.components_shared_cta_buttons_id_seq', 3, true);


--
-- Name: components_shared_customer_infos_id_seq; Type: SEQUENCE SET; Schema: public; Owner: autotuanlinh_user
--

SELECT pg_catalog.setval('public.components_shared_customer_infos_id_seq', 1, false);


--
-- Name: components_shared_footer_columns_cmps_id_seq; Type: SEQUENCE SET; Schema: public; Owner: autotuanlinh_user
--

SELECT pg_catalog.setval('public.components_shared_footer_columns_cmps_id_seq', 428, true);


--
-- Name: components_shared_footer_columns_id_seq; Type: SEQUENCE SET; Schema: public; Owner: autotuanlinh_user
--

SELECT pg_catalog.setval('public.components_shared_footer_columns_id_seq', 102, true);


--
-- Name: components_shared_footer_links_id_seq; Type: SEQUENCE SET; Schema: public; Owner: autotuanlinh_user
--

SELECT pg_catalog.setval('public.components_shared_footer_links_id_seq', 404, true);


--
-- Name: components_shared_image_with_alts_id_seq; Type: SEQUENCE SET; Schema: public; Owner: autotuanlinh_user
--

SELECT pg_catalog.setval('public.components_shared_image_with_alts_id_seq', 5, true);


--
-- Name: components_shared_order_items_id_seq; Type: SEQUENCE SET; Schema: public; Owner: autotuanlinh_user
--

SELECT pg_catalog.setval('public.components_shared_order_items_id_seq', 1, false);


--
-- Name: components_shared_order_items_san_pham_lnk_id_seq; Type: SEQUENCE SET; Schema: public; Owner: autotuanlinh_user
--

SELECT pg_catalog.setval('public.components_shared_order_items_san_pham_lnk_id_seq', 1, false);


--
-- Name: components_shared_payment_methods_id_seq; Type: SEQUENCE SET; Schema: public; Owner: autotuanlinh_user
--

SELECT pg_catalog.setval('public.components_shared_payment_methods_id_seq', 1, false);


--
-- Name: components_shared_product_reviews_id_seq; Type: SEQUENCE SET; Schema: public; Owner: autotuanlinh_user
--

SELECT pg_catalog.setval('public.components_shared_product_reviews_id_seq', 3, true);


--
-- Name: components_shared_seos_id_seq; Type: SEQUENCE SET; Schema: public; Owner: autotuanlinh_user
--

SELECT pg_catalog.setval('public.components_shared_seos_id_seq', 1711, true);


--
-- Name: components_shared_social_medias_id_seq; Type: SEQUENCE SET; Schema: public; Owner: autotuanlinh_user
--

SELECT pg_catalog.setval('public.components_shared_social_medias_id_seq', 11, true);


--
-- Name: components_shared_specifications_id_seq; Type: SEQUENCE SET; Schema: public; Owner: autotuanlinh_user
--

SELECT pg_catalog.setval('public.components_shared_specifications_id_seq', 327, true);


--
-- Name: danh_muc_bai_viet_dich_vus_cmps_id_seq; Type: SEQUENCE SET; Schema: public; Owner: autotuanlinh_user
--

SELECT pg_catalog.setval('public.danh_muc_bai_viet_dich_vus_cmps_id_seq', 108, true);


--
-- Name: danh_muc_bai_viet_dich_vus_id_seq; Type: SEQUENCE SET; Schema: public; Owner: autotuanlinh_user
--

SELECT pg_catalog.setval('public.danh_muc_bai_viet_dich_vus_id_seq', 29, true);


--
-- Name: danh_muc_bai_viets_cmps_id_seq; Type: SEQUENCE SET; Schema: public; Owner: autotuanlinh_user
--

SELECT pg_catalog.setval('public.danh_muc_bai_viets_cmps_id_seq', 347, true);


--
-- Name: danh_muc_bai_viets_id_seq; Type: SEQUENCE SET; Schema: public; Owner: autotuanlinh_user
--

SELECT pg_catalog.setval('public.danh_muc_bai_viets_id_seq', 41, true);


--
-- Name: danh_muc_san_phams_cmps_id_seq; Type: SEQUENCE SET; Schema: public; Owner: autotuanlinh_user
--

SELECT pg_catalog.setval('public.danh_muc_san_phams_cmps_id_seq', 267, true);


--
-- Name: danh_muc_san_phams_id_seq; Type: SEQUENCE SET; Schema: public; Owner: autotuanlinh_user
--

SELECT pg_catalog.setval('public.danh_muc_san_phams_id_seq', 65, true);


--
-- Name: don_hangs_cmps_id_seq; Type: SEQUENCE SET; Schema: public; Owner: autotuanlinh_user
--

SELECT pg_catalog.setval('public.don_hangs_cmps_id_seq', 1, false);


--
-- Name: don_hangs_id_seq; Type: SEQUENCE SET; Schema: public; Owner: autotuanlinh_user
--

SELECT pg_catalog.setval('public.don_hangs_id_seq', 1, false);


--
-- Name: files_folder_lnk_id_seq; Type: SEQUENCE SET; Schema: public; Owner: autotuanlinh_user
--

SELECT pg_catalog.setval('public.files_folder_lnk_id_seq', 1, false);


--
-- Name: files_id_seq; Type: SEQUENCE SET; Schema: public; Owner: autotuanlinh_user
--

SELECT pg_catalog.setval('public.files_id_seq', 1, true);


--
-- Name: files_related_mph_id_seq; Type: SEQUENCE SET; Schema: public; Owner: autotuanlinh_user
--

SELECT pg_catalog.setval('public.files_related_mph_id_seq', 170, true);


--
-- Name: footer_contacts_cmps_id_seq; Type: SEQUENCE SET; Schema: public; Owner: autotuanlinh_user
--

SELECT pg_catalog.setval('public.footer_contacts_cmps_id_seq', 115, true);


--
-- Name: footer_contacts_id_seq; Type: SEQUENCE SET; Schema: public; Owner: autotuanlinh_user
--

SELECT pg_catalog.setval('public.footer_contacts_id_seq', 34, true);


--
-- Name: footers_cmps_id_seq; Type: SEQUENCE SET; Schema: public; Owner: autotuanlinh_user
--

SELECT pg_catalog.setval('public.footers_cmps_id_seq', 122, true);


--
-- Name: footers_id_seq; Type: SEQUENCE SET; Schema: public; Owner: autotuanlinh_user
--

SELECT pg_catalog.setval('public.footers_id_seq', 34, true);


--
-- Name: homes_cmps_id_seq; Type: SEQUENCE SET; Schema: public; Owner: autotuanlinh_user
--

SELECT pg_catalog.setval('public.homes_cmps_id_seq', 1069, true);


--
-- Name: homes_id_seq; Type: SEQUENCE SET; Schema: public; Owner: autotuanlinh_user
--

SELECT pg_catalog.setval('public.homes_id_seq', 49, true);


--
-- Name: i18n_locale_id_seq; Type: SEQUENCE SET; Schema: public; Owner: autotuanlinh_user
--

SELECT pg_catalog.setval('public.i18n_locale_id_seq', 2, true);


--
-- Name: newsletter_subscriptions_id_seq; Type: SEQUENCE SET; Schema: public; Owner: autotuanlinh_user
--

SELECT pg_catalog.setval('public.newsletter_subscriptions_id_seq', 1, false);


--
-- Name: san_phams_cmps_id_seq; Type: SEQUENCE SET; Schema: public; Owner: autotuanlinh_user
--

SELECT pg_catalog.setval('public.san_phams_cmps_id_seq', 478, true);


--
-- Name: san_phams_id_seq; Type: SEQUENCE SET; Schema: public; Owner: autotuanlinh_user
--

SELECT pg_catalog.setval('public.san_phams_id_seq', 115, true);


--
-- Name: strapi_ai_localization_jobs_id_seq; Type: SEQUENCE SET; Schema: public; Owner: autotuanlinh_user
--

SELECT pg_catalog.setval('public.strapi_ai_localization_jobs_id_seq', 1, false);


--
-- Name: strapi_api_token_permissions_id_seq; Type: SEQUENCE SET; Schema: public; Owner: autotuanlinh_user
--

SELECT pg_catalog.setval('public.strapi_api_token_permissions_id_seq', 1, false);


--
-- Name: strapi_api_token_permissions_token_lnk_id_seq; Type: SEQUENCE SET; Schema: public; Owner: autotuanlinh_user
--

SELECT pg_catalog.setval('public.strapi_api_token_permissions_token_lnk_id_seq', 1, false);


--
-- Name: strapi_api_tokens_id_seq; Type: SEQUENCE SET; Schema: public; Owner: autotuanlinh_user
--

SELECT pg_catalog.setval('public.strapi_api_tokens_id_seq', 2, true);


--
-- Name: strapi_core_store_settings_id_seq; Type: SEQUENCE SET; Schema: public; Owner: autotuanlinh_user
--

SELECT pg_catalog.setval('public.strapi_core_store_settings_id_seq', 114, true);


--
-- Name: strapi_database_schema_id_seq; Type: SEQUENCE SET; Schema: public; Owner: autotuanlinh_user
--

SELECT pg_catalog.setval('public.strapi_database_schema_id_seq', 291, true);


--
-- Name: strapi_history_versions_id_seq; Type: SEQUENCE SET; Schema: public; Owner: autotuanlinh_user
--

SELECT pg_catalog.setval('public.strapi_history_versions_id_seq', 1, false);


--
-- Name: strapi_migrations_id_seq; Type: SEQUENCE SET; Schema: public; Owner: autotuanlinh_user
--

SELECT pg_catalog.setval('public.strapi_migrations_id_seq', 1, false);


--
-- Name: strapi_migrations_internal_id_seq; Type: SEQUENCE SET; Schema: public; Owner: autotuanlinh_user
--

SELECT pg_catalog.setval('public.strapi_migrations_internal_id_seq', 6, true);


--
-- Name: strapi_release_actions_id_seq; Type: SEQUENCE SET; Schema: public; Owner: autotuanlinh_user
--

SELECT pg_catalog.setval('public.strapi_release_actions_id_seq', 1, false);


--
-- Name: strapi_release_actions_release_lnk_id_seq; Type: SEQUENCE SET; Schema: public; Owner: autotuanlinh_user
--

SELECT pg_catalog.setval('public.strapi_release_actions_release_lnk_id_seq', 1, false);


--
-- Name: strapi_releases_id_seq; Type: SEQUENCE SET; Schema: public; Owner: autotuanlinh_user
--

SELECT pg_catalog.setval('public.strapi_releases_id_seq', 1, false);


--
-- Name: strapi_sessions_id_seq; Type: SEQUENCE SET; Schema: public; Owner: autotuanlinh_user
--

SELECT pg_catalog.setval('public.strapi_sessions_id_seq', 48, true);


--
-- Name: strapi_transfer_token_permissions_id_seq; Type: SEQUENCE SET; Schema: public; Owner: autotuanlinh_user
--

SELECT pg_catalog.setval('public.strapi_transfer_token_permissions_id_seq', 1, false);


--
-- Name: strapi_transfer_token_permissions_token_lnk_id_seq; Type: SEQUENCE SET; Schema: public; Owner: autotuanlinh_user
--

SELECT pg_catalog.setval('public.strapi_transfer_token_permissions_token_lnk_id_seq', 1, false);


--
-- Name: strapi_transfer_tokens_id_seq; Type: SEQUENCE SET; Schema: public; Owner: autotuanlinh_user
--

SELECT pg_catalog.setval('public.strapi_transfer_tokens_id_seq', 1, false);


--
-- Name: strapi_webhooks_id_seq; Type: SEQUENCE SET; Schema: public; Owner: autotuanlinh_user
--

SELECT pg_catalog.setval('public.strapi_webhooks_id_seq', 1, false);


--
-- Name: strapi_workflows_id_seq; Type: SEQUENCE SET; Schema: public; Owner: autotuanlinh_user
--

SELECT pg_catalog.setval('public.strapi_workflows_id_seq', 1, false);


--
-- Name: strapi_workflows_stage_required_to_publish_lnk_id_seq; Type: SEQUENCE SET; Schema: public; Owner: autotuanlinh_user
--

SELECT pg_catalog.setval('public.strapi_workflows_stage_required_to_publish_lnk_id_seq', 1, false);


--
-- Name: strapi_workflows_stages_id_seq; Type: SEQUENCE SET; Schema: public; Owner: autotuanlinh_user
--

SELECT pg_catalog.setval('public.strapi_workflows_stages_id_seq', 1, false);


--
-- Name: strapi_workflows_stages_permissions_lnk_id_seq; Type: SEQUENCE SET; Schema: public; Owner: autotuanlinh_user
--

SELECT pg_catalog.setval('public.strapi_workflows_stages_permissions_lnk_id_seq', 1, false);


--
-- Name: strapi_workflows_stages_workflow_lnk_id_seq; Type: SEQUENCE SET; Schema: public; Owner: autotuanlinh_user
--

SELECT pg_catalog.setval('public.strapi_workflows_stages_workflow_lnk_id_seq', 1, false);


--
-- Name: topic_blogs_id_seq; Type: SEQUENCE SET; Schema: public; Owner: autotuanlinh_user
--

SELECT pg_catalog.setval('public.topic_blogs_id_seq', 66, true);


--
-- Name: up_permissions_id_seq; Type: SEQUENCE SET; Schema: public; Owner: autotuanlinh_user
--

SELECT pg_catalog.setval('public.up_permissions_id_seq', 12, true);


--
-- Name: up_permissions_role_lnk_id_seq; Type: SEQUENCE SET; Schema: public; Owner: autotuanlinh_user
--

SELECT pg_catalog.setval('public.up_permissions_role_lnk_id_seq', 12, true);


--
-- Name: up_roles_id_seq; Type: SEQUENCE SET; Schema: public; Owner: autotuanlinh_user
--

SELECT pg_catalog.setval('public.up_roles_id_seq', 2, true);


--
-- Name: up_users_id_seq; Type: SEQUENCE SET; Schema: public; Owner: autotuanlinh_user
--

SELECT pg_catalog.setval('public.up_users_id_seq', 1, false);


--
-- Name: up_users_role_lnk_id_seq; Type: SEQUENCE SET; Schema: public; Owner: autotuanlinh_user
--

SELECT pg_catalog.setval('public.up_users_role_lnk_id_seq', 1, false);


--
-- Name: upload_folders_id_seq; Type: SEQUENCE SET; Schema: public; Owner: autotuanlinh_user
--

SELECT pg_catalog.setval('public.upload_folders_id_seq', 1, false);


--
-- Name: upload_folders_parent_lnk_id_seq; Type: SEQUENCE SET; Schema: public; Owner: autotuanlinh_user
--

SELECT pg_catalog.setval('public.upload_folders_parent_lnk_id_seq', 1, false);


--
-- Name: ve_chung_tois_cmps_id_seq; Type: SEQUENCE SET; Schema: public; Owner: autotuanlinh_user
--

SELECT pg_catalog.setval('public.ve_chung_tois_cmps_id_seq', 18, true);


--
-- Name: ve_chung_tois_id_seq; Type: SEQUENCE SET; Schema: public; Owner: autotuanlinh_user
--

SELECT pg_catalog.setval('public.ve_chung_tois_id_seq', 1, true);


--
-- Name: admin_permissions admin_permissions_pkey; Type: CONSTRAINT; Schema: public; Owner: autotuanlinh_user
--

ALTER TABLE ONLY public.admin_permissions
    ADD CONSTRAINT admin_permissions_pkey PRIMARY KEY (id);


--
-- Name: admin_permissions_role_lnk admin_permissions_role_lnk_pkey; Type: CONSTRAINT; Schema: public; Owner: autotuanlinh_user
--

ALTER TABLE ONLY public.admin_permissions_role_lnk
    ADD CONSTRAINT admin_permissions_role_lnk_pkey PRIMARY KEY (id);


--
-- Name: admin_permissions_role_lnk admin_permissions_role_lnk_uq; Type: CONSTRAINT; Schema: public; Owner: autotuanlinh_user
--

ALTER TABLE ONLY public.admin_permissions_role_lnk
    ADD CONSTRAINT admin_permissions_role_lnk_uq UNIQUE (permission_id, role_id);


--
-- Name: admin_roles admin_roles_pkey; Type: CONSTRAINT; Schema: public; Owner: autotuanlinh_user
--

ALTER TABLE ONLY public.admin_roles
    ADD CONSTRAINT admin_roles_pkey PRIMARY KEY (id);


--
-- Name: admin_users admin_users_pkey; Type: CONSTRAINT; Schema: public; Owner: autotuanlinh_user
--

ALTER TABLE ONLY public.admin_users
    ADD CONSTRAINT admin_users_pkey PRIMARY KEY (id);


--
-- Name: admin_users_roles_lnk admin_users_roles_lnk_pkey; Type: CONSTRAINT; Schema: public; Owner: autotuanlinh_user
--

ALTER TABLE ONLY public.admin_users_roles_lnk
    ADD CONSTRAINT admin_users_roles_lnk_pkey PRIMARY KEY (id);


--
-- Name: admin_users_roles_lnk admin_users_roles_lnk_uq; Type: CONSTRAINT; Schema: public; Owner: autotuanlinh_user
--

ALTER TABLE ONLY public.admin_users_roles_lnk
    ADD CONSTRAINT admin_users_roles_lnk_uq UNIQUE (user_id, role_id);


--
-- Name: blogs_cmps blogs_cmps_pkey; Type: CONSTRAINT; Schema: public; Owner: autotuanlinh_user
--

ALTER TABLE ONLY public.blogs_cmps
    ADD CONSTRAINT blogs_cmps_pkey PRIMARY KEY (id);


--
-- Name: blogs blogs_pkey; Type: CONSTRAINT; Schema: public; Owner: autotuanlinh_user
--

ALTER TABLE ONLY public.blogs
    ADD CONSTRAINT blogs_pkey PRIMARY KEY (id);


--
-- Name: blogs_topic_blog_lnk blogs_topic_blog_lnk_pkey; Type: CONSTRAINT; Schema: public; Owner: autotuanlinh_user
--

ALTER TABLE ONLY public.blogs_topic_blog_lnk
    ADD CONSTRAINT blogs_topic_blog_lnk_pkey PRIMARY KEY (id);


--
-- Name: blogs_topic_blog_lnk blogs_topic_blog_lnk_uq; Type: CONSTRAINT; Schema: public; Owner: autotuanlinh_user
--

ALTER TABLE ONLY public.blogs_topic_blog_lnk
    ADD CONSTRAINT blogs_topic_blog_lnk_uq UNIQUE (blog_id, topic_blog_id);


--
-- Name: blogs_cmps blogs_uq; Type: CONSTRAINT; Schema: public; Owner: autotuanlinh_user
--

ALTER TABLE ONLY public.blogs_cmps
    ADD CONSTRAINT blogs_uq UNIQUE (entity_id, cmp_id, field, component_type);


--
-- Name: components_about_before_after_sections_cmps components_about_before_after_sections_cmps_pkey; Type: CONSTRAINT; Schema: public; Owner: autotuanlinh_user
--

ALTER TABLE ONLY public.components_about_before_after_sections_cmps
    ADD CONSTRAINT components_about_before_after_sections_cmps_pkey PRIMARY KEY (id);


--
-- Name: components_about_before_after_sections components_about_before_after_sections_pkey; Type: CONSTRAINT; Schema: public; Owner: autotuanlinh_user
--

ALTER TABLE ONLY public.components_about_before_after_sections
    ADD CONSTRAINT components_about_before_after_sections_pkey PRIMARY KEY (id);


--
-- Name: components_about_before_after_sections_cmps components_about_before_after_sections_uq; Type: CONSTRAINT; Schema: public; Owner: autotuanlinh_user
--

ALTER TABLE ONLY public.components_about_before_after_sections_cmps
    ADD CONSTRAINT components_about_before_after_sections_uq UNIQUE (entity_id, cmp_id, field, component_type);


--
-- Name: components_about_buttons components_about_buttons_pkey; Type: CONSTRAINT; Schema: public; Owner: autotuanlinh_user
--

ALTER TABLE ONLY public.components_about_buttons
    ADD CONSTRAINT components_about_buttons_pkey PRIMARY KEY (id);


--
-- Name: components_about_certification_cards components_about_certification_cards_pkey; Type: CONSTRAINT; Schema: public; Owner: autotuanlinh_user
--

ALTER TABLE ONLY public.components_about_certification_cards
    ADD CONSTRAINT components_about_certification_cards_pkey PRIMARY KEY (id);


--
-- Name: components_about_certifications_sections_cmps components_about_certifications_sections_cmps_pkey; Type: CONSTRAINT; Schema: public; Owner: autotuanlinh_user
--

ALTER TABLE ONLY public.components_about_certifications_sections_cmps
    ADD CONSTRAINT components_about_certifications_sections_cmps_pkey PRIMARY KEY (id);


--
-- Name: components_about_certifications_sections components_about_certifications_sections_pkey; Type: CONSTRAINT; Schema: public; Owner: autotuanlinh_user
--

ALTER TABLE ONLY public.components_about_certifications_sections
    ADD CONSTRAINT components_about_certifications_sections_pkey PRIMARY KEY (id);


--
-- Name: components_about_certifications_sections_cmps components_about_certifications_sections_uq; Type: CONSTRAINT; Schema: public; Owner: autotuanlinh_user
--

ALTER TABLE ONLY public.components_about_certifications_sections_cmps
    ADD CONSTRAINT components_about_certifications_sections_uq UNIQUE (entity_id, cmp_id, field, component_type);


--
-- Name: components_about_commitment_cards components_about_commitment_cards_pkey; Type: CONSTRAINT; Schema: public; Owner: autotuanlinh_user
--

ALTER TABLE ONLY public.components_about_commitment_cards
    ADD CONSTRAINT components_about_commitment_cards_pkey PRIMARY KEY (id);


--
-- Name: components_about_commitments_sections_cmps components_about_commitments_sections_cmps_pkey; Type: CONSTRAINT; Schema: public; Owner: autotuanlinh_user
--

ALTER TABLE ONLY public.components_about_commitments_sections_cmps
    ADD CONSTRAINT components_about_commitments_sections_cmps_pkey PRIMARY KEY (id);


--
-- Name: components_about_commitments_sections components_about_commitments_sections_pkey; Type: CONSTRAINT; Schema: public; Owner: autotuanlinh_user
--

ALTER TABLE ONLY public.components_about_commitments_sections
    ADD CONSTRAINT components_about_commitments_sections_pkey PRIMARY KEY (id);


--
-- Name: components_about_commitments_sections_cmps components_about_commitments_sections_uq; Type: CONSTRAINT; Schema: public; Owner: autotuanlinh_user
--

ALTER TABLE ONLY public.components_about_commitments_sections_cmps
    ADD CONSTRAINT components_about_commitments_sections_uq UNIQUE (entity_id, cmp_id, field, component_type);


--
-- Name: components_about_core_values_sections_cmps components_about_core_values_sections_cmps_pkey; Type: CONSTRAINT; Schema: public; Owner: autotuanlinh_user
--

ALTER TABLE ONLY public.components_about_core_values_sections_cmps
    ADD CONSTRAINT components_about_core_values_sections_cmps_pkey PRIMARY KEY (id);


--
-- Name: components_about_core_values_sections components_about_core_values_sections_pkey; Type: CONSTRAINT; Schema: public; Owner: autotuanlinh_user
--

ALTER TABLE ONLY public.components_about_core_values_sections
    ADD CONSTRAINT components_about_core_values_sections_pkey PRIMARY KEY (id);


--
-- Name: components_about_core_values_sections_cmps components_about_core_values_sections_uq; Type: CONSTRAINT; Schema: public; Owner: autotuanlinh_user
--

ALTER TABLE ONLY public.components_about_core_values_sections_cmps
    ADD CONSTRAINT components_about_core_values_sections_uq UNIQUE (entity_id, cmp_id, field, component_type);


--
-- Name: components_about_cta_sections_cmps components_about_cta_sections_cmps_pkey; Type: CONSTRAINT; Schema: public; Owner: autotuanlinh_user
--

ALTER TABLE ONLY public.components_about_cta_sections_cmps
    ADD CONSTRAINT components_about_cta_sections_cmps_pkey PRIMARY KEY (id);


--
-- Name: components_about_cta_sections components_about_cta_sections_pkey; Type: CONSTRAINT; Schema: public; Owner: autotuanlinh_user
--

ALTER TABLE ONLY public.components_about_cta_sections
    ADD CONSTRAINT components_about_cta_sections_pkey PRIMARY KEY (id);


--
-- Name: components_about_cta_sections_cmps components_about_cta_sections_uq; Type: CONSTRAINT; Schema: public; Owner: autotuanlinh_user
--

ALTER TABLE ONLY public.components_about_cta_sections_cmps
    ADD CONSTRAINT components_about_cta_sections_uq UNIQUE (entity_id, cmp_id, field, component_type);


--
-- Name: components_about_history_timeline_sections_cmps components_about_history_timeline_sections_cmps_pkey; Type: CONSTRAINT; Schema: public; Owner: autotuanlinh_user
--

ALTER TABLE ONLY public.components_about_history_timeline_sections_cmps
    ADD CONSTRAINT components_about_history_timeline_sections_cmps_pkey PRIMARY KEY (id);


--
-- Name: components_about_history_timeline_sections components_about_history_timeline_sections_pkey; Type: CONSTRAINT; Schema: public; Owner: autotuanlinh_user
--

ALTER TABLE ONLY public.components_about_history_timeline_sections
    ADD CONSTRAINT components_about_history_timeline_sections_pkey PRIMARY KEY (id);


--
-- Name: components_about_history_timeline_sections_cmps components_about_history_timeline_sections_uq; Type: CONSTRAINT; Schema: public; Owner: autotuanlinh_user
--

ALTER TABLE ONLY public.components_about_history_timeline_sections_cmps
    ADD CONSTRAINT components_about_history_timeline_sections_uq UNIQUE (entity_id, cmp_id, field, component_type);


--
-- Name: components_about_image_overlays components_about_image_overlays_pkey; Type: CONSTRAINT; Schema: public; Owner: autotuanlinh_user
--

ALTER TABLE ONLY public.components_about_image_overlays
    ADD CONSTRAINT components_about_image_overlays_pkey PRIMARY KEY (id);


--
-- Name: components_about_introduction_sections_cmps components_about_introduction_sections_cmps_pkey; Type: CONSTRAINT; Schema: public; Owner: autotuanlinh_user
--

ALTER TABLE ONLY public.components_about_introduction_sections_cmps
    ADD CONSTRAINT components_about_introduction_sections_cmps_pkey PRIMARY KEY (id);


--
-- Name: components_about_introduction_sections components_about_introduction_sections_pkey; Type: CONSTRAINT; Schema: public; Owner: autotuanlinh_user
--

ALTER TABLE ONLY public.components_about_introduction_sections
    ADD CONSTRAINT components_about_introduction_sections_pkey PRIMARY KEY (id);


--
-- Name: components_about_introduction_sections_cmps components_about_introduction_sections_uq; Type: CONSTRAINT; Schema: public; Owner: autotuanlinh_user
--

ALTER TABLE ONLY public.components_about_introduction_sections_cmps
    ADD CONSTRAINT components_about_introduction_sections_uq UNIQUE (entity_id, cmp_id, field, component_type);


--
-- Name: components_about_project_cards components_about_project_cards_pkey; Type: CONSTRAINT; Schema: public; Owner: autotuanlinh_user
--

ALTER TABLE ONLY public.components_about_project_cards
    ADD CONSTRAINT components_about_project_cards_pkey PRIMARY KEY (id);


--
-- Name: components_about_showroom_cards components_about_showroom_cards_pkey; Type: CONSTRAINT; Schema: public; Owner: autotuanlinh_user
--

ALTER TABLE ONLY public.components_about_showroom_cards
    ADD CONSTRAINT components_about_showroom_cards_pkey PRIMARY KEY (id);


--
-- Name: components_about_showroom_sections_cmps components_about_showroom_sections_cmps_pkey; Type: CONSTRAINT; Schema: public; Owner: autotuanlinh_user
--

ALTER TABLE ONLY public.components_about_showroom_sections_cmps
    ADD CONSTRAINT components_about_showroom_sections_cmps_pkey PRIMARY KEY (id);


--
-- Name: components_about_showroom_sections components_about_showroom_sections_pkey; Type: CONSTRAINT; Schema: public; Owner: autotuanlinh_user
--

ALTER TABLE ONLY public.components_about_showroom_sections
    ADD CONSTRAINT components_about_showroom_sections_pkey PRIMARY KEY (id);


--
-- Name: components_about_showroom_sections_cmps components_about_showroom_sections_uq; Type: CONSTRAINT; Schema: public; Owner: autotuanlinh_user
--

ALTER TABLE ONLY public.components_about_showroom_sections_cmps
    ADD CONSTRAINT components_about_showroom_sections_uq UNIQUE (entity_id, cmp_id, field, component_type);


--
-- Name: components_about_store_locations components_about_store_locations_pkey; Type: CONSTRAINT; Schema: public; Owner: autotuanlinh_user
--

ALTER TABLE ONLY public.components_about_store_locations
    ADD CONSTRAINT components_about_store_locations_pkey PRIMARY KEY (id);


--
-- Name: components_about_store_locations_sections_cmps components_about_store_locations_sections_cmps_pkey; Type: CONSTRAINT; Schema: public; Owner: autotuanlinh_user
--

ALTER TABLE ONLY public.components_about_store_locations_sections_cmps
    ADD CONSTRAINT components_about_store_locations_sections_cmps_pkey PRIMARY KEY (id);


--
-- Name: components_about_store_locations_sections components_about_store_locations_sections_pkey; Type: CONSTRAINT; Schema: public; Owner: autotuanlinh_user
--

ALTER TABLE ONLY public.components_about_store_locations_sections
    ADD CONSTRAINT components_about_store_locations_sections_pkey PRIMARY KEY (id);


--
-- Name: components_about_store_locations_sections_cmps components_about_store_locations_sections_uq; Type: CONSTRAINT; Schema: public; Owner: autotuanlinh_user
--

ALTER TABLE ONLY public.components_about_store_locations_sections_cmps
    ADD CONSTRAINT components_about_store_locations_sections_uq UNIQUE (entity_id, cmp_id, field, component_type);


--
-- Name: components_about_team_members components_about_team_members_pkey; Type: CONSTRAINT; Schema: public; Owner: autotuanlinh_user
--

ALTER TABLE ONLY public.components_about_team_members
    ADD CONSTRAINT components_about_team_members_pkey PRIMARY KEY (id);


--
-- Name: components_about_team_sections_cmps components_about_team_sections_cmps_pkey; Type: CONSTRAINT; Schema: public; Owner: autotuanlinh_user
--

ALTER TABLE ONLY public.components_about_team_sections_cmps
    ADD CONSTRAINT components_about_team_sections_cmps_pkey PRIMARY KEY (id);


--
-- Name: components_about_team_sections components_about_team_sections_pkey; Type: CONSTRAINT; Schema: public; Owner: autotuanlinh_user
--

ALTER TABLE ONLY public.components_about_team_sections
    ADD CONSTRAINT components_about_team_sections_pkey PRIMARY KEY (id);


--
-- Name: components_about_team_sections_cmps components_about_team_sections_uq; Type: CONSTRAINT; Schema: public; Owner: autotuanlinh_user
--

ALTER TABLE ONLY public.components_about_team_sections_cmps
    ADD CONSTRAINT components_about_team_sections_uq UNIQUE (entity_id, cmp_id, field, component_type);


--
-- Name: components_about_timeline_milestones components_about_timeline_milestones_pkey; Type: CONSTRAINT; Schema: public; Owner: autotuanlinh_user
--

ALTER TABLE ONLY public.components_about_timeline_milestones
    ADD CONSTRAINT components_about_timeline_milestones_pkey PRIMARY KEY (id);


--
-- Name: components_about_value_cards components_about_value_cards_pkey; Type: CONSTRAINT; Schema: public; Owner: autotuanlinh_user
--

ALTER TABLE ONLY public.components_about_value_cards
    ADD CONSTRAINT components_about_value_cards_pkey PRIMARY KEY (id);


--
-- Name: components_about_workshop_sections_cmps components_about_workshop_sections_cmps_pkey; Type: CONSTRAINT; Schema: public; Owner: autotuanlinh_user
--

ALTER TABLE ONLY public.components_about_workshop_sections_cmps
    ADD CONSTRAINT components_about_workshop_sections_cmps_pkey PRIMARY KEY (id);


--
-- Name: components_about_workshop_sections components_about_workshop_sections_pkey; Type: CONSTRAINT; Schema: public; Owner: autotuanlinh_user
--

ALTER TABLE ONLY public.components_about_workshop_sections
    ADD CONSTRAINT components_about_workshop_sections_pkey PRIMARY KEY (id);


--
-- Name: components_about_workshop_sections_cmps components_about_workshop_sections_uq; Type: CONSTRAINT; Schema: public; Owner: autotuanlinh_user
--

ALTER TABLE ONLY public.components_about_workshop_sections_cmps
    ADD CONSTRAINT components_about_workshop_sections_uq UNIQUE (entity_id, cmp_id, field, component_type);


--
-- Name: components_danhmuc_baiviet_danh_muc_01fc4_bai_viets_lnk components_danhmuc_baiviet_danh_muc_01fc4_bai_v55204_uq; Type: CONSTRAINT; Schema: public; Owner: autotuanlinh_user
--

ALTER TABLE ONLY public.components_danhmuc_baiviet_danh_muc_01fc4_bai_viets_lnk
    ADD CONSTRAINT components_danhmuc_baiviet_danh_muc_01fc4_bai_v55204_uq UNIQUE (danh_muc_bai_viet_cap_3_id, blog_id);


--
-- Name: components_danhmuc_baiviet_danh_muc_01fc4_bai_viets_lnk components_danhmuc_baiviet_danh_muc_01fc4_bai_viets_lnk_pkey; Type: CONSTRAINT; Schema: public; Owner: autotuanlinh_user
--

ALTER TABLE ONLY public.components_danhmuc_baiviet_danh_muc_01fc4_bai_viets_lnk
    ADD CONSTRAINT components_danhmuc_baiviet_danh_muc_01fc4_bai_viets_lnk_pkey PRIMARY KEY (id);


--
-- Name: components_danhmuc_baiviet_danh_muc_bai_viet_18708_cmps components_danhmuc_baiviet_danh_muc_bai_viet_18708_cmps_pkey; Type: CONSTRAINT; Schema: public; Owner: autotuanlinh_user
--

ALTER TABLE ONLY public.components_danhmuc_baiviet_danh_muc_bai_viet_18708_cmps
    ADD CONSTRAINT components_danhmuc_baiviet_danh_muc_bai_viet_18708_cmps_pkey PRIMARY KEY (id);


--
-- Name: components_danhmuc_baiviet_danh_muc_bai_viet_800e8_cmps components_danhmuc_baiviet_danh_muc_bai_viet_800e8_cmps_pkey; Type: CONSTRAINT; Schema: public; Owner: autotuanlinh_user
--

ALTER TABLE ONLY public.components_danhmuc_baiviet_danh_muc_bai_viet_800e8_cmps
    ADD CONSTRAINT components_danhmuc_baiviet_danh_muc_bai_viet_800e8_cmps_pkey PRIMARY KEY (id);


--
-- Name: components_danhmuc_baiviet_danh_muc_bai_viet_cap_2s components_danhmuc_baiviet_danh_muc_bai_viet_cap_2s_pkey; Type: CONSTRAINT; Schema: public; Owner: autotuanlinh_user
--

ALTER TABLE ONLY public.components_danhmuc_baiviet_danh_muc_bai_viet_cap_2s
    ADD CONSTRAINT components_danhmuc_baiviet_danh_muc_bai_viet_cap_2s_pkey PRIMARY KEY (id);


--
-- Name: components_danhmuc_baiviet_danh_muc_bai_viet_18708_cmps components_danhmuc_baiviet_danh_muc_bai_viet_cap_2s_uq; Type: CONSTRAINT; Schema: public; Owner: autotuanlinh_user
--

ALTER TABLE ONLY public.components_danhmuc_baiviet_danh_muc_bai_viet_18708_cmps
    ADD CONSTRAINT components_danhmuc_baiviet_danh_muc_bai_viet_cap_2s_uq UNIQUE (entity_id, cmp_id, field, component_type);


--
-- Name: components_danhmuc_baiviet_danh_muc_bai_viet_cap_3s components_danhmuc_baiviet_danh_muc_bai_viet_cap_3s_pkey; Type: CONSTRAINT; Schema: public; Owner: autotuanlinh_user
--

ALTER TABLE ONLY public.components_danhmuc_baiviet_danh_muc_bai_viet_cap_3s
    ADD CONSTRAINT components_danhmuc_baiviet_danh_muc_bai_viet_cap_3s_pkey PRIMARY KEY (id);


--
-- Name: components_danhmuc_baiviet_danh_muc_bai_viet_800e8_cmps components_danhmuc_baiviet_danh_muc_bai_viet_cap_3s_uq; Type: CONSTRAINT; Schema: public; Owner: autotuanlinh_user
--

ALTER TABLE ONLY public.components_danhmuc_baiviet_danh_muc_bai_viet_800e8_cmps
    ADD CONSTRAINT components_danhmuc_baiviet_danh_muc_bai_viet_cap_3s_uq UNIQUE (entity_id, cmp_id, field, component_type);


--
-- Name: components_danhmuc_baiviet_danh_muc_e8c55_bai_viets_lnk components_danhmuc_baiviet_danh_muc_e8c55_bai_v3805d_uq; Type: CONSTRAINT; Schema: public; Owner: autotuanlinh_user
--

ALTER TABLE ONLY public.components_danhmuc_baiviet_danh_muc_e8c55_bai_viets_lnk
    ADD CONSTRAINT components_danhmuc_baiviet_danh_muc_e8c55_bai_v3805d_uq UNIQUE (danh_muc_bai_viet_cap_2_id, blog_id);


--
-- Name: components_danhmuc_baiviet_danh_muc_e8c55_bai_viets_lnk components_danhmuc_baiviet_danh_muc_e8c55_bai_viets_lnk_pkey; Type: CONSTRAINT; Schema: public; Owner: autotuanlinh_user
--

ALTER TABLE ONLY public.components_danhmuc_baiviet_danh_muc_e8c55_bai_viets_lnk
    ADD CONSTRAINT components_danhmuc_baiviet_danh_muc_e8c55_bai_viets_lnk_pkey PRIMARY KEY (id);


--
-- Name: components_danhmuc_danh_muc_cap_2s_cmps components_danhmuc_danh_muc_cap_2s_cmps_pkey; Type: CONSTRAINT; Schema: public; Owner: autotuanlinh_user
--

ALTER TABLE ONLY public.components_danhmuc_danh_muc_cap_2s_cmps
    ADD CONSTRAINT components_danhmuc_danh_muc_cap_2s_cmps_pkey PRIMARY KEY (id);


--
-- Name: components_danhmuc_danh_muc_cap_2s components_danhmuc_danh_muc_cap_2s_pkey; Type: CONSTRAINT; Schema: public; Owner: autotuanlinh_user
--

ALTER TABLE ONLY public.components_danhmuc_danh_muc_cap_2s
    ADD CONSTRAINT components_danhmuc_danh_muc_cap_2s_pkey PRIMARY KEY (id);


--
-- Name: components_danhmuc_danh_muc_cap_2s_cmps components_danhmuc_danh_muc_cap_2s_uq; Type: CONSTRAINT; Schema: public; Owner: autotuanlinh_user
--

ALTER TABLE ONLY public.components_danhmuc_danh_muc_cap_2s_cmps
    ADD CONSTRAINT components_danhmuc_danh_muc_cap_2s_uq UNIQUE (entity_id, cmp_id, field, component_type);


--
-- Name: components_danhmuc_danh_muc_cap_3_s_san_phams_lnk components_danhmuc_danh_muc_cap_3_s_san_phams_lnk_pkey; Type: CONSTRAINT; Schema: public; Owner: autotuanlinh_user
--

ALTER TABLE ONLY public.components_danhmuc_danh_muc_cap_3_s_san_phams_lnk
    ADD CONSTRAINT components_danhmuc_danh_muc_cap_3_s_san_phams_lnk_pkey PRIMARY KEY (id);


--
-- Name: components_danhmuc_danh_muc_cap_3_s_san_phams_lnk components_danhmuc_danh_muc_cap_3_s_san_phams_lnk_uq; Type: CONSTRAINT; Schema: public; Owner: autotuanlinh_user
--

ALTER TABLE ONLY public.components_danhmuc_danh_muc_cap_3_s_san_phams_lnk
    ADD CONSTRAINT components_danhmuc_danh_muc_cap_3_s_san_phams_lnk_uq UNIQUE (danh_muc_cap_3_id, san_pham_id);


--
-- Name: components_danhmuc_danh_muc_cap_3s_cmps components_danhmuc_danh_muc_cap_3s_cmps_pkey; Type: CONSTRAINT; Schema: public; Owner: autotuanlinh_user
--

ALTER TABLE ONLY public.components_danhmuc_danh_muc_cap_3s_cmps
    ADD CONSTRAINT components_danhmuc_danh_muc_cap_3s_cmps_pkey PRIMARY KEY (id);


--
-- Name: components_danhmuc_danh_muc_cap_3s components_danhmuc_danh_muc_cap_3s_pkey; Type: CONSTRAINT; Schema: public; Owner: autotuanlinh_user
--

ALTER TABLE ONLY public.components_danhmuc_danh_muc_cap_3s
    ADD CONSTRAINT components_danhmuc_danh_muc_cap_3s_pkey PRIMARY KEY (id);


--
-- Name: components_danhmuc_danh_muc_cap_3s_cmps components_danhmuc_danh_muc_cap_3s_uq; Type: CONSTRAINT; Schema: public; Owner: autotuanlinh_user
--

ALTER TABLE ONLY public.components_danhmuc_danh_muc_cap_3s_cmps
    ADD CONSTRAINT components_danhmuc_danh_muc_cap_3s_uq UNIQUE (entity_id, cmp_id, field, component_type);


--
-- Name: components_home_blog_cards_blog_lnk components_home_blog_cards_blog_lnk_pkey; Type: CONSTRAINT; Schema: public; Owner: autotuanlinh_user
--

ALTER TABLE ONLY public.components_home_blog_cards_blog_lnk
    ADD CONSTRAINT components_home_blog_cards_blog_lnk_pkey PRIMARY KEY (id);


--
-- Name: components_home_blog_cards_blog_lnk components_home_blog_cards_blog_lnk_uq; Type: CONSTRAINT; Schema: public; Owner: autotuanlinh_user
--

ALTER TABLE ONLY public.components_home_blog_cards_blog_lnk
    ADD CONSTRAINT components_home_blog_cards_blog_lnk_uq UNIQUE (blog_card_id, blog_id);


--
-- Name: components_home_blog_cards components_home_blog_cards_pkey; Type: CONSTRAINT; Schema: public; Owner: autotuanlinh_user
--

ALTER TABLE ONLY public.components_home_blog_cards
    ADD CONSTRAINT components_home_blog_cards_pkey PRIMARY KEY (id);


--
-- Name: components_home_contact_info_cards components_home_contact_info_cards_pkey; Type: CONSTRAINT; Schema: public; Owner: autotuanlinh_user
--

ALTER TABLE ONLY public.components_home_contact_info_cards
    ADD CONSTRAINT components_home_contact_info_cards_pkey PRIMARY KEY (id);


--
-- Name: components_home_contact_sections_cmps components_home_contact_sections_cmps_pkey; Type: CONSTRAINT; Schema: public; Owner: autotuanlinh_user
--

ALTER TABLE ONLY public.components_home_contact_sections_cmps
    ADD CONSTRAINT components_home_contact_sections_cmps_pkey PRIMARY KEY (id);


--
-- Name: components_home_contact_sections components_home_contact_sections_pkey; Type: CONSTRAINT; Schema: public; Owner: autotuanlinh_user
--

ALTER TABLE ONLY public.components_home_contact_sections
    ADD CONSTRAINT components_home_contact_sections_pkey PRIMARY KEY (id);


--
-- Name: components_home_contact_sections_cmps components_home_contact_sections_uq; Type: CONSTRAINT; Schema: public; Owner: autotuanlinh_user
--

ALTER TABLE ONLY public.components_home_contact_sections_cmps
    ADD CONSTRAINT components_home_contact_sections_uq UNIQUE (entity_id, cmp_id, field, component_type);


--
-- Name: components_home_cta_sections_cmps components_home_cta_sections_cmps_pkey; Type: CONSTRAINT; Schema: public; Owner: autotuanlinh_user
--

ALTER TABLE ONLY public.components_home_cta_sections_cmps
    ADD CONSTRAINT components_home_cta_sections_cmps_pkey PRIMARY KEY (id);


--
-- Name: components_home_cta_sections components_home_cta_sections_pkey; Type: CONSTRAINT; Schema: public; Owner: autotuanlinh_user
--

ALTER TABLE ONLY public.components_home_cta_sections
    ADD CONSTRAINT components_home_cta_sections_pkey PRIMARY KEY (id);


--
-- Name: components_home_cta_sections_cmps components_home_cta_sections_uq; Type: CONSTRAINT; Schema: public; Owner: autotuanlinh_user
--

ALTER TABLE ONLY public.components_home_cta_sections_cmps
    ADD CONSTRAINT components_home_cta_sections_uq UNIQUE (entity_id, cmp_id, field, component_type);


--
-- Name: components_home_faq_items components_home_faq_items_pkey; Type: CONSTRAINT; Schema: public; Owner: autotuanlinh_user
--

ALTER TABLE ONLY public.components_home_faq_items
    ADD CONSTRAINT components_home_faq_items_pkey PRIMARY KEY (id);


--
-- Name: components_home_faq_sections_cmps components_home_faq_sections_cmps_pkey; Type: CONSTRAINT; Schema: public; Owner: autotuanlinh_user
--

ALTER TABLE ONLY public.components_home_faq_sections_cmps
    ADD CONSTRAINT components_home_faq_sections_cmps_pkey PRIMARY KEY (id);


--
-- Name: components_home_faq_sections components_home_faq_sections_pkey; Type: CONSTRAINT; Schema: public; Owner: autotuanlinh_user
--

ALTER TABLE ONLY public.components_home_faq_sections
    ADD CONSTRAINT components_home_faq_sections_pkey PRIMARY KEY (id);


--
-- Name: components_home_faq_sections_cmps components_home_faq_sections_uq; Type: CONSTRAINT; Schema: public; Owner: autotuanlinh_user
--

ALTER TABLE ONLY public.components_home_faq_sections_cmps
    ADD CONSTRAINT components_home_faq_sections_uq UNIQUE (entity_id, cmp_id, field, component_type);


--
-- Name: components_home_feature_cards components_home_feature_cards_pkey; Type: CONSTRAINT; Schema: public; Owner: autotuanlinh_user
--

ALTER TABLE ONLY public.components_home_feature_cards
    ADD CONSTRAINT components_home_feature_cards_pkey PRIMARY KEY (id);


--
-- Name: components_home_featured_product_cards_cmps components_home_featured_product_cards_cmps_pkey; Type: CONSTRAINT; Schema: public; Owner: autotuanlinh_user
--

ALTER TABLE ONLY public.components_home_featured_product_cards_cmps
    ADD CONSTRAINT components_home_featured_product_cards_cmps_pkey PRIMARY KEY (id);


--
-- Name: components_home_featured_product_cards components_home_featured_product_cards_pkey; Type: CONSTRAINT; Schema: public; Owner: autotuanlinh_user
--

ALTER TABLE ONLY public.components_home_featured_product_cards
    ADD CONSTRAINT components_home_featured_product_cards_pkey PRIMARY KEY (id);


--
-- Name: components_home_featured_product_cards_san_pham_lnk components_home_featured_product_cards_san_pham_lnk_pkey; Type: CONSTRAINT; Schema: public; Owner: autotuanlinh_user
--

ALTER TABLE ONLY public.components_home_featured_product_cards_san_pham_lnk
    ADD CONSTRAINT components_home_featured_product_cards_san_pham_lnk_pkey PRIMARY KEY (id);


--
-- Name: components_home_featured_product_cards_san_pham_lnk components_home_featured_product_cards_san_pham_lnk_uq; Type: CONSTRAINT; Schema: public; Owner: autotuanlinh_user
--

ALTER TABLE ONLY public.components_home_featured_product_cards_san_pham_lnk
    ADD CONSTRAINT components_home_featured_product_cards_san_pham_lnk_uq UNIQUE (featured_product_card_id, san_pham_id);


--
-- Name: components_home_featured_product_cards_cmps components_home_featured_product_cards_uq; Type: CONSTRAINT; Schema: public; Owner: autotuanlinh_user
--

ALTER TABLE ONLY public.components_home_featured_product_cards_cmps
    ADD CONSTRAINT components_home_featured_product_cards_uq UNIQUE (entity_id, cmp_id, field, component_type);


--
-- Name: components_home_featured_products_sections components_home_featured_products_sections_pkey; Type: CONSTRAINT; Schema: public; Owner: autotuanlinh_user
--

ALTER TABLE ONLY public.components_home_featured_products_sections
    ADD CONSTRAINT components_home_featured_products_sections_pkey PRIMARY KEY (id);


--
-- Name: components_home_featured_products_sections_products_lnk components_home_featured_products_sections_prod8f886_uq; Type: CONSTRAINT; Schema: public; Owner: autotuanlinh_user
--

ALTER TABLE ONLY public.components_home_featured_products_sections_products_lnk
    ADD CONSTRAINT components_home_featured_products_sections_prod8f886_uq UNIQUE (featured_products_section_id, san_pham_id);


--
-- Name: components_home_featured_products_sections_products_lnk components_home_featured_products_sections_products_lnk_pkey; Type: CONSTRAINT; Schema: public; Owner: autotuanlinh_user
--

ALTER TABLE ONLY public.components_home_featured_products_sections_products_lnk
    ADD CONSTRAINT components_home_featured_products_sections_products_lnk_pkey PRIMARY KEY (id);


--
-- Name: components_home_gallery_sections_cmps components_home_gallery_sections_cmps_pkey; Type: CONSTRAINT; Schema: public; Owner: autotuanlinh_user
--

ALTER TABLE ONLY public.components_home_gallery_sections_cmps
    ADD CONSTRAINT components_home_gallery_sections_cmps_pkey PRIMARY KEY (id);


--
-- Name: components_home_gallery_sections components_home_gallery_sections_pkey; Type: CONSTRAINT; Schema: public; Owner: autotuanlinh_user
--

ALTER TABLE ONLY public.components_home_gallery_sections
    ADD CONSTRAINT components_home_gallery_sections_pkey PRIMARY KEY (id);


--
-- Name: components_home_gallery_sections_cmps components_home_gallery_sections_uq; Type: CONSTRAINT; Schema: public; Owner: autotuanlinh_user
--

ALTER TABLE ONLY public.components_home_gallery_sections_cmps
    ADD CONSTRAINT components_home_gallery_sections_uq UNIQUE (entity_id, cmp_id, field, component_type);


--
-- Name: components_home_hero_sliders components_home_hero_sliders_pkey; Type: CONSTRAINT; Schema: public; Owner: autotuanlinh_user
--

ALTER TABLE ONLY public.components_home_hero_sliders
    ADD CONSTRAINT components_home_hero_sliders_pkey PRIMARY KEY (id);


--
-- Name: components_home_latest_news_sections_blogs_lnk components_home_latest_news_sections_blogs_lnk_pkey; Type: CONSTRAINT; Schema: public; Owner: autotuanlinh_user
--

ALTER TABLE ONLY public.components_home_latest_news_sections_blogs_lnk
    ADD CONSTRAINT components_home_latest_news_sections_blogs_lnk_pkey PRIMARY KEY (id);


--
-- Name: components_home_latest_news_sections_blogs_lnk components_home_latest_news_sections_blogs_lnk_uq; Type: CONSTRAINT; Schema: public; Owner: autotuanlinh_user
--

ALTER TABLE ONLY public.components_home_latest_news_sections_blogs_lnk
    ADD CONSTRAINT components_home_latest_news_sections_blogs_lnk_uq UNIQUE (latest_news_section_id, blog_id);


--
-- Name: components_home_latest_news_sections_cmps components_home_latest_news_sections_cmps_pkey; Type: CONSTRAINT; Schema: public; Owner: autotuanlinh_user
--

ALTER TABLE ONLY public.components_home_latest_news_sections_cmps
    ADD CONSTRAINT components_home_latest_news_sections_cmps_pkey PRIMARY KEY (id);


--
-- Name: components_home_latest_news_sections components_home_latest_news_sections_pkey; Type: CONSTRAINT; Schema: public; Owner: autotuanlinh_user
--

ALTER TABLE ONLY public.components_home_latest_news_sections
    ADD CONSTRAINT components_home_latest_news_sections_pkey PRIMARY KEY (id);


--
-- Name: components_home_latest_news_sections_cmps components_home_latest_news_sections_uq; Type: CONSTRAINT; Schema: public; Owner: autotuanlinh_user
--

ALTER TABLE ONLY public.components_home_latest_news_sections_cmps
    ADD CONSTRAINT components_home_latest_news_sections_uq UNIQUE (entity_id, cmp_id, field, component_type);


--
-- Name: components_home_newsletter_sections components_home_newsletter_sections_pkey; Type: CONSTRAINT; Schema: public; Owner: autotuanlinh_user
--

ALTER TABLE ONLY public.components_home_newsletter_sections
    ADD CONSTRAINT components_home_newsletter_sections_pkey PRIMARY KEY (id);


--
-- Name: components_home_partner_brands components_home_partner_brands_pkey; Type: CONSTRAINT; Schema: public; Owner: autotuanlinh_user
--

ALTER TABLE ONLY public.components_home_partner_brands
    ADD CONSTRAINT components_home_partner_brands_pkey PRIMARY KEY (id);


--
-- Name: components_home_partner_brands_sections_cmps components_home_partner_brands_sections_cmps_pkey; Type: CONSTRAINT; Schema: public; Owner: autotuanlinh_user
--

ALTER TABLE ONLY public.components_home_partner_brands_sections_cmps
    ADD CONSTRAINT components_home_partner_brands_sections_cmps_pkey PRIMARY KEY (id);


--
-- Name: components_home_partner_brands_sections components_home_partner_brands_sections_pkey; Type: CONSTRAINT; Schema: public; Owner: autotuanlinh_user
--

ALTER TABLE ONLY public.components_home_partner_brands_sections
    ADD CONSTRAINT components_home_partner_brands_sections_pkey PRIMARY KEY (id);


--
-- Name: components_home_partner_brands_sections_cmps components_home_partner_brands_sections_uq; Type: CONSTRAINT; Schema: public; Owner: autotuanlinh_user
--

ALTER TABLE ONLY public.components_home_partner_brands_sections_cmps
    ADD CONSTRAINT components_home_partner_brands_sections_uq UNIQUE (entity_id, cmp_id, field, component_type);


--
-- Name: components_home_process_sections_cmps components_home_process_sections_cmps_pkey; Type: CONSTRAINT; Schema: public; Owner: autotuanlinh_user
--

ALTER TABLE ONLY public.components_home_process_sections_cmps
    ADD CONSTRAINT components_home_process_sections_cmps_pkey PRIMARY KEY (id);


--
-- Name: components_home_process_sections components_home_process_sections_pkey; Type: CONSTRAINT; Schema: public; Owner: autotuanlinh_user
--

ALTER TABLE ONLY public.components_home_process_sections
    ADD CONSTRAINT components_home_process_sections_pkey PRIMARY KEY (id);


--
-- Name: components_home_process_sections_cmps components_home_process_sections_uq; Type: CONSTRAINT; Schema: public; Owner: autotuanlinh_user
--

ALTER TABLE ONLY public.components_home_process_sections_cmps
    ADD CONSTRAINT components_home_process_sections_uq UNIQUE (entity_id, cmp_id, field, component_type);


--
-- Name: components_home_process_steps components_home_process_steps_pkey; Type: CONSTRAINT; Schema: public; Owner: autotuanlinh_user
--

ALTER TABLE ONLY public.components_home_process_steps
    ADD CONSTRAINT components_home_process_steps_pkey PRIMARY KEY (id);


--
-- Name: components_home_product_badges components_home_product_badges_pkey; Type: CONSTRAINT; Schema: public; Owner: autotuanlinh_user
--

ALTER TABLE ONLY public.components_home_product_badges
    ADD CONSTRAINT components_home_product_badges_pkey PRIMARY KEY (id);


--
-- Name: components_home_product_cat2dfe5_danh_muc_san_phams_lnk components_home_product_cat2dfe5_danh_muc_san_p47d99_uq; Type: CONSTRAINT; Schema: public; Owner: autotuanlinh_user
--

ALTER TABLE ONLY public.components_home_product_cat2dfe5_danh_muc_san_phams_lnk
    ADD CONSTRAINT components_home_product_cat2dfe5_danh_muc_san_p47d99_uq UNIQUE (product_categories_section_id, danh_muc_san_pham_id);


--
-- Name: components_home_product_cat2dfe5_danh_muc_san_phams_lnk components_home_product_cat2dfe5_danh_muc_san_phams_lnk_pkey; Type: CONSTRAINT; Schema: public; Owner: autotuanlinh_user
--

ALTER TABLE ONLY public.components_home_product_cat2dfe5_danh_muc_san_phams_lnk
    ADD CONSTRAINT components_home_product_cat2dfe5_danh_muc_san_phams_lnk_pkey PRIMARY KEY (id);


--
-- Name: components_home_product_cate2013c_danh_muc_san_pham_lnk components_home_product_cate2013c_danh_muc_san_f7c28_uq; Type: CONSTRAINT; Schema: public; Owner: autotuanlinh_user
--

ALTER TABLE ONLY public.components_home_product_cate2013c_danh_muc_san_pham_lnk
    ADD CONSTRAINT components_home_product_cate2013c_danh_muc_san_f7c28_uq UNIQUE (product_category_card_id, danh_muc_san_pham_id);


--
-- Name: components_home_product_cate2013c_danh_muc_san_pham_lnk components_home_product_cate2013c_danh_muc_san_pham_lnk_pkey; Type: CONSTRAINT; Schema: public; Owner: autotuanlinh_user
--

ALTER TABLE ONLY public.components_home_product_cate2013c_danh_muc_san_pham_lnk
    ADD CONSTRAINT components_home_product_cate2013c_danh_muc_san_pham_lnk_pkey PRIMARY KEY (id);


--
-- Name: components_home_product_categories_sections components_home_product_categories_sections_pkey; Type: CONSTRAINT; Schema: public; Owner: autotuanlinh_user
--

ALTER TABLE ONLY public.components_home_product_categories_sections
    ADD CONSTRAINT components_home_product_categories_sections_pkey PRIMARY KEY (id);


--
-- Name: components_home_product_category_cards components_home_product_category_cards_pkey; Type: CONSTRAINT; Schema: public; Owner: autotuanlinh_user
--

ALTER TABLE ONLY public.components_home_product_category_cards
    ADD CONSTRAINT components_home_product_category_cards_pkey PRIMARY KEY (id);


--
-- Name: components_home_professional_services_sections_cmps components_home_professional_services_sections_cmps_pkey; Type: CONSTRAINT; Schema: public; Owner: autotuanlinh_user
--

ALTER TABLE ONLY public.components_home_professional_services_sections_cmps
    ADD CONSTRAINT components_home_professional_services_sections_cmps_pkey PRIMARY KEY (id);


--
-- Name: components_home_professional_services_sections components_home_professional_services_sections_pkey; Type: CONSTRAINT; Schema: public; Owner: autotuanlinh_user
--

ALTER TABLE ONLY public.components_home_professional_services_sections
    ADD CONSTRAINT components_home_professional_services_sections_pkey PRIMARY KEY (id);


--
-- Name: components_home_professional_services_sections_cmps components_home_professional_services_sections_uq; Type: CONSTRAINT; Schema: public; Owner: autotuanlinh_user
--

ALTER TABLE ONLY public.components_home_professional_services_sections_cmps
    ADD CONSTRAINT components_home_professional_services_sections_uq UNIQUE (entity_id, cmp_id, field, component_type);


--
-- Name: components_home_promotion_cards components_home_promotion_cards_pkey; Type: CONSTRAINT; Schema: public; Owner: autotuanlinh_user
--

ALTER TABLE ONLY public.components_home_promotion_cards
    ADD CONSTRAINT components_home_promotion_cards_pkey PRIMARY KEY (id);


--
-- Name: components_home_service_cards_cmps components_home_service_cards_cmps_pkey; Type: CONSTRAINT; Schema: public; Owner: autotuanlinh_user
--

ALTER TABLE ONLY public.components_home_service_cards_cmps
    ADD CONSTRAINT components_home_service_cards_cmps_pkey PRIMARY KEY (id);


--
-- Name: components_home_service_cards components_home_service_cards_pkey; Type: CONSTRAINT; Schema: public; Owner: autotuanlinh_user
--

ALTER TABLE ONLY public.components_home_service_cards
    ADD CONSTRAINT components_home_service_cards_pkey PRIMARY KEY (id);


--
-- Name: components_home_service_cards_cmps components_home_service_cards_uq; Type: CONSTRAINT; Schema: public; Owner: autotuanlinh_user
--

ALTER TABLE ONLY public.components_home_service_cards_cmps
    ADD CONSTRAINT components_home_service_cards_uq UNIQUE (entity_id, cmp_id, field, component_type);


--
-- Name: components_home_service_features components_home_service_features_pkey; Type: CONSTRAINT; Schema: public; Owner: autotuanlinh_user
--

ALTER TABLE ONLY public.components_home_service_features
    ADD CONSTRAINT components_home_service_features_pkey PRIMARY KEY (id);


--
-- Name: components_home_special_promotions_sections_cmps components_home_special_promotions_sections_cmps_pkey; Type: CONSTRAINT; Schema: public; Owner: autotuanlinh_user
--

ALTER TABLE ONLY public.components_home_special_promotions_sections_cmps
    ADD CONSTRAINT components_home_special_promotions_sections_cmps_pkey PRIMARY KEY (id);


--
-- Name: components_home_special_promotions_sections components_home_special_promotions_sections_pkey; Type: CONSTRAINT; Schema: public; Owner: autotuanlinh_user
--

ALTER TABLE ONLY public.components_home_special_promotions_sections
    ADD CONSTRAINT components_home_special_promotions_sections_pkey PRIMARY KEY (id);


--
-- Name: components_home_special_promotions_sections_cmps components_home_special_promotions_sections_uq; Type: CONSTRAINT; Schema: public; Owner: autotuanlinh_user
--

ALTER TABLE ONLY public.components_home_special_promotions_sections_cmps
    ADD CONSTRAINT components_home_special_promotions_sections_uq UNIQUE (entity_id, cmp_id, field, component_type);


--
-- Name: components_home_stat_cards components_home_stat_cards_pkey; Type: CONSTRAINT; Schema: public; Owner: autotuanlinh_user
--

ALTER TABLE ONLY public.components_home_stat_cards
    ADD CONSTRAINT components_home_stat_cards_pkey PRIMARY KEY (id);


--
-- Name: components_home_stats_sections_cmps components_home_stats_sections_cmps_pkey; Type: CONSTRAINT; Schema: public; Owner: autotuanlinh_user
--

ALTER TABLE ONLY public.components_home_stats_sections_cmps
    ADD CONSTRAINT components_home_stats_sections_cmps_pkey PRIMARY KEY (id);


--
-- Name: components_home_stats_sections components_home_stats_sections_pkey; Type: CONSTRAINT; Schema: public; Owner: autotuanlinh_user
--

ALTER TABLE ONLY public.components_home_stats_sections
    ADD CONSTRAINT components_home_stats_sections_pkey PRIMARY KEY (id);


--
-- Name: components_home_stats_sections_cmps components_home_stats_sections_uq; Type: CONSTRAINT; Schema: public; Owner: autotuanlinh_user
--

ALTER TABLE ONLY public.components_home_stats_sections_cmps
    ADD CONSTRAINT components_home_stats_sections_uq UNIQUE (entity_id, cmp_id, field, component_type);


--
-- Name: components_home_testimonials components_home_testimonials_pkey; Type: CONSTRAINT; Schema: public; Owner: autotuanlinh_user
--

ALTER TABLE ONLY public.components_home_testimonials
    ADD CONSTRAINT components_home_testimonials_pkey PRIMARY KEY (id);


--
-- Name: components_home_testimonials_sections_cmps components_home_testimonials_sections_cmps_pkey; Type: CONSTRAINT; Schema: public; Owner: autotuanlinh_user
--

ALTER TABLE ONLY public.components_home_testimonials_sections_cmps
    ADD CONSTRAINT components_home_testimonials_sections_cmps_pkey PRIMARY KEY (id);


--
-- Name: components_home_testimonials_sections components_home_testimonials_sections_pkey; Type: CONSTRAINT; Schema: public; Owner: autotuanlinh_user
--

ALTER TABLE ONLY public.components_home_testimonials_sections
    ADD CONSTRAINT components_home_testimonials_sections_pkey PRIMARY KEY (id);


--
-- Name: components_home_testimonials_sections_cmps components_home_testimonials_sections_uq; Type: CONSTRAINT; Schema: public; Owner: autotuanlinh_user
--

ALTER TABLE ONLY public.components_home_testimonials_sections_cmps
    ADD CONSTRAINT components_home_testimonials_sections_uq UNIQUE (entity_id, cmp_id, field, component_type);


--
-- Name: components_home_why_choose_uss_cmps components_home_why_choose_uss_cmps_pkey; Type: CONSTRAINT; Schema: public; Owner: autotuanlinh_user
--

ALTER TABLE ONLY public.components_home_why_choose_uss_cmps
    ADD CONSTRAINT components_home_why_choose_uss_cmps_pkey PRIMARY KEY (id);


--
-- Name: components_home_why_choose_uss components_home_why_choose_uss_pkey; Type: CONSTRAINT; Schema: public; Owner: autotuanlinh_user
--

ALTER TABLE ONLY public.components_home_why_choose_uss
    ADD CONSTRAINT components_home_why_choose_uss_pkey PRIMARY KEY (id);


--
-- Name: components_home_why_choose_uss_cmps components_home_why_choose_uss_uq; Type: CONSTRAINT; Schema: public; Owner: autotuanlinh_user
--

ALTER TABLE ONLY public.components_home_why_choose_uss_cmps
    ADD CONSTRAINT components_home_why_choose_uss_uq UNIQUE (entity_id, cmp_id, field, component_type);


--
-- Name: components_shared_contact_info_items components_shared_contact_info_items_pkey; Type: CONSTRAINT; Schema: public; Owner: autotuanlinh_user
--

ALTER TABLE ONLY public.components_shared_contact_info_items
    ADD CONSTRAINT components_shared_contact_info_items_pkey PRIMARY KEY (id);


--
-- Name: components_shared_cta_buttons components_shared_cta_buttons_pkey; Type: CONSTRAINT; Schema: public; Owner: autotuanlinh_user
--

ALTER TABLE ONLY public.components_shared_cta_buttons
    ADD CONSTRAINT components_shared_cta_buttons_pkey PRIMARY KEY (id);


--
-- Name: components_shared_customer_infos components_shared_customer_infos_pkey; Type: CONSTRAINT; Schema: public; Owner: autotuanlinh_user
--

ALTER TABLE ONLY public.components_shared_customer_infos
    ADD CONSTRAINT components_shared_customer_infos_pkey PRIMARY KEY (id);


--
-- Name: components_shared_footer_columns_cmps components_shared_footer_columns_cmps_pkey; Type: CONSTRAINT; Schema: public; Owner: autotuanlinh_user
--

ALTER TABLE ONLY public.components_shared_footer_columns_cmps
    ADD CONSTRAINT components_shared_footer_columns_cmps_pkey PRIMARY KEY (id);


--
-- Name: components_shared_footer_columns components_shared_footer_columns_pkey; Type: CONSTRAINT; Schema: public; Owner: autotuanlinh_user
--

ALTER TABLE ONLY public.components_shared_footer_columns
    ADD CONSTRAINT components_shared_footer_columns_pkey PRIMARY KEY (id);


--
-- Name: components_shared_footer_columns_cmps components_shared_footer_columns_uq; Type: CONSTRAINT; Schema: public; Owner: autotuanlinh_user
--

ALTER TABLE ONLY public.components_shared_footer_columns_cmps
    ADD CONSTRAINT components_shared_footer_columns_uq UNIQUE (entity_id, cmp_id, field, component_type);


--
-- Name: components_shared_footer_links components_shared_footer_links_pkey; Type: CONSTRAINT; Schema: public; Owner: autotuanlinh_user
--

ALTER TABLE ONLY public.components_shared_footer_links
    ADD CONSTRAINT components_shared_footer_links_pkey PRIMARY KEY (id);


--
-- Name: components_shared_image_with_alts components_shared_image_with_alts_pkey; Type: CONSTRAINT; Schema: public; Owner: autotuanlinh_user
--

ALTER TABLE ONLY public.components_shared_image_with_alts
    ADD CONSTRAINT components_shared_image_with_alts_pkey PRIMARY KEY (id);


--
-- Name: components_shared_order_items components_shared_order_items_pkey; Type: CONSTRAINT; Schema: public; Owner: autotuanlinh_user
--

ALTER TABLE ONLY public.components_shared_order_items
    ADD CONSTRAINT components_shared_order_items_pkey PRIMARY KEY (id);


--
-- Name: components_shared_order_items_san_pham_lnk components_shared_order_items_san_pham_lnk_pkey; Type: CONSTRAINT; Schema: public; Owner: autotuanlinh_user
--

ALTER TABLE ONLY public.components_shared_order_items_san_pham_lnk
    ADD CONSTRAINT components_shared_order_items_san_pham_lnk_pkey PRIMARY KEY (id);


--
-- Name: components_shared_order_items_san_pham_lnk components_shared_order_items_san_pham_lnk_uq; Type: CONSTRAINT; Schema: public; Owner: autotuanlinh_user
--

ALTER TABLE ONLY public.components_shared_order_items_san_pham_lnk
    ADD CONSTRAINT components_shared_order_items_san_pham_lnk_uq UNIQUE (order_item_id, san_pham_id);


--
-- Name: components_shared_payment_methods components_shared_payment_methods_pkey; Type: CONSTRAINT; Schema: public; Owner: autotuanlinh_user
--

ALTER TABLE ONLY public.components_shared_payment_methods
    ADD CONSTRAINT components_shared_payment_methods_pkey PRIMARY KEY (id);


--
-- Name: components_shared_product_reviews components_shared_product_reviews_pkey; Type: CONSTRAINT; Schema: public; Owner: autotuanlinh_user
--

ALTER TABLE ONLY public.components_shared_product_reviews
    ADD CONSTRAINT components_shared_product_reviews_pkey PRIMARY KEY (id);


--
-- Name: components_shared_seos components_shared_seos_pkey; Type: CONSTRAINT; Schema: public; Owner: autotuanlinh_user
--

ALTER TABLE ONLY public.components_shared_seos
    ADD CONSTRAINT components_shared_seos_pkey PRIMARY KEY (id);


--
-- Name: components_shared_social_medias components_shared_social_medias_pkey; Type: CONSTRAINT; Schema: public; Owner: autotuanlinh_user
--

ALTER TABLE ONLY public.components_shared_social_medias
    ADD CONSTRAINT components_shared_social_medias_pkey PRIMARY KEY (id);


--
-- Name: components_shared_specifications components_shared_specifications_pkey; Type: CONSTRAINT; Schema: public; Owner: autotuanlinh_user
--

ALTER TABLE ONLY public.components_shared_specifications
    ADD CONSTRAINT components_shared_specifications_pkey PRIMARY KEY (id);


--
-- Name: danh_muc_bai_viet_dich_vus_cmps danh_muc_bai_viet_dich_vus_cmps_pkey; Type: CONSTRAINT; Schema: public; Owner: autotuanlinh_user
--

ALTER TABLE ONLY public.danh_muc_bai_viet_dich_vus_cmps
    ADD CONSTRAINT danh_muc_bai_viet_dich_vus_cmps_pkey PRIMARY KEY (id);


--
-- Name: danh_muc_bai_viet_dich_vus danh_muc_bai_viet_dich_vus_pkey; Type: CONSTRAINT; Schema: public; Owner: autotuanlinh_user
--

ALTER TABLE ONLY public.danh_muc_bai_viet_dich_vus
    ADD CONSTRAINT danh_muc_bai_viet_dich_vus_pkey PRIMARY KEY (id);


--
-- Name: danh_muc_bai_viet_dich_vus_cmps danh_muc_bai_viet_dich_vus_uq; Type: CONSTRAINT; Schema: public; Owner: autotuanlinh_user
--

ALTER TABLE ONLY public.danh_muc_bai_viet_dich_vus_cmps
    ADD CONSTRAINT danh_muc_bai_viet_dich_vus_uq UNIQUE (entity_id, cmp_id, field, component_type);


--
-- Name: danh_muc_bai_viets_cmps danh_muc_bai_viets_cmps_pkey; Type: CONSTRAINT; Schema: public; Owner: autotuanlinh_user
--

ALTER TABLE ONLY public.danh_muc_bai_viets_cmps
    ADD CONSTRAINT danh_muc_bai_viets_cmps_pkey PRIMARY KEY (id);


--
-- Name: danh_muc_bai_viets danh_muc_bai_viets_pkey; Type: CONSTRAINT; Schema: public; Owner: autotuanlinh_user
--

ALTER TABLE ONLY public.danh_muc_bai_viets
    ADD CONSTRAINT danh_muc_bai_viets_pkey PRIMARY KEY (id);


--
-- Name: danh_muc_bai_viets_cmps danh_muc_bai_viets_uq; Type: CONSTRAINT; Schema: public; Owner: autotuanlinh_user
--

ALTER TABLE ONLY public.danh_muc_bai_viets_cmps
    ADD CONSTRAINT danh_muc_bai_viets_uq UNIQUE (entity_id, cmp_id, field, component_type);


--
-- Name: danh_muc_san_phams_cmps danh_muc_san_phams_cmps_pkey; Type: CONSTRAINT; Schema: public; Owner: autotuanlinh_user
--

ALTER TABLE ONLY public.danh_muc_san_phams_cmps
    ADD CONSTRAINT danh_muc_san_phams_cmps_pkey PRIMARY KEY (id);


--
-- Name: danh_muc_san_phams danh_muc_san_phams_pkey; Type: CONSTRAINT; Schema: public; Owner: autotuanlinh_user
--

ALTER TABLE ONLY public.danh_muc_san_phams
    ADD CONSTRAINT danh_muc_san_phams_pkey PRIMARY KEY (id);


--
-- Name: danh_muc_san_phams_cmps danh_muc_san_phams_uq; Type: CONSTRAINT; Schema: public; Owner: autotuanlinh_user
--

ALTER TABLE ONLY public.danh_muc_san_phams_cmps
    ADD CONSTRAINT danh_muc_san_phams_uq UNIQUE (entity_id, cmp_id, field, component_type);


--
-- Name: don_hangs_cmps don_hangs_cmps_pkey; Type: CONSTRAINT; Schema: public; Owner: autotuanlinh_user
--

ALTER TABLE ONLY public.don_hangs_cmps
    ADD CONSTRAINT don_hangs_cmps_pkey PRIMARY KEY (id);


--
-- Name: don_hangs don_hangs_pkey; Type: CONSTRAINT; Schema: public; Owner: autotuanlinh_user
--

ALTER TABLE ONLY public.don_hangs
    ADD CONSTRAINT don_hangs_pkey PRIMARY KEY (id);


--
-- Name: don_hangs_cmps don_hangs_uq; Type: CONSTRAINT; Schema: public; Owner: autotuanlinh_user
--

ALTER TABLE ONLY public.don_hangs_cmps
    ADD CONSTRAINT don_hangs_uq UNIQUE (entity_id, cmp_id, field, component_type);


--
-- Name: files_folder_lnk files_folder_lnk_pkey; Type: CONSTRAINT; Schema: public; Owner: autotuanlinh_user
--

ALTER TABLE ONLY public.files_folder_lnk
    ADD CONSTRAINT files_folder_lnk_pkey PRIMARY KEY (id);


--
-- Name: files_folder_lnk files_folder_lnk_uq; Type: CONSTRAINT; Schema: public; Owner: autotuanlinh_user
--

ALTER TABLE ONLY public.files_folder_lnk
    ADD CONSTRAINT files_folder_lnk_uq UNIQUE (file_id, folder_id);


--
-- Name: files files_pkey; Type: CONSTRAINT; Schema: public; Owner: autotuanlinh_user
--

ALTER TABLE ONLY public.files
    ADD CONSTRAINT files_pkey PRIMARY KEY (id);


--
-- Name: files_related_mph files_related_mph_pkey; Type: CONSTRAINT; Schema: public; Owner: autotuanlinh_user
--

ALTER TABLE ONLY public.files_related_mph
    ADD CONSTRAINT files_related_mph_pkey PRIMARY KEY (id);


--
-- Name: footer_contacts_cmps footer_contacts_cmps_pkey; Type: CONSTRAINT; Schema: public; Owner: autotuanlinh_user
--

ALTER TABLE ONLY public.footer_contacts_cmps
    ADD CONSTRAINT footer_contacts_cmps_pkey PRIMARY KEY (id);


--
-- Name: footer_contacts footer_contacts_pkey; Type: CONSTRAINT; Schema: public; Owner: autotuanlinh_user
--

ALTER TABLE ONLY public.footer_contacts
    ADD CONSTRAINT footer_contacts_pkey PRIMARY KEY (id);


--
-- Name: footer_contacts_cmps footer_contacts_uq; Type: CONSTRAINT; Schema: public; Owner: autotuanlinh_user
--

ALTER TABLE ONLY public.footer_contacts_cmps
    ADD CONSTRAINT footer_contacts_uq UNIQUE (entity_id, cmp_id, field, component_type);


--
-- Name: footers_cmps footers_cmps_pkey; Type: CONSTRAINT; Schema: public; Owner: autotuanlinh_user
--

ALTER TABLE ONLY public.footers_cmps
    ADD CONSTRAINT footers_cmps_pkey PRIMARY KEY (id);


--
-- Name: footers footers_pkey; Type: CONSTRAINT; Schema: public; Owner: autotuanlinh_user
--

ALTER TABLE ONLY public.footers
    ADD CONSTRAINT footers_pkey PRIMARY KEY (id);


--
-- Name: footers_cmps footers_uq; Type: CONSTRAINT; Schema: public; Owner: autotuanlinh_user
--

ALTER TABLE ONLY public.footers_cmps
    ADD CONSTRAINT footers_uq UNIQUE (entity_id, cmp_id, field, component_type);


--
-- Name: homes_cmps homes_cmps_pkey; Type: CONSTRAINT; Schema: public; Owner: autotuanlinh_user
--

ALTER TABLE ONLY public.homes_cmps
    ADD CONSTRAINT homes_cmps_pkey PRIMARY KEY (id);


--
-- Name: homes homes_pkey; Type: CONSTRAINT; Schema: public; Owner: autotuanlinh_user
--

ALTER TABLE ONLY public.homes
    ADD CONSTRAINT homes_pkey PRIMARY KEY (id);


--
-- Name: homes_cmps homes_uq; Type: CONSTRAINT; Schema: public; Owner: autotuanlinh_user
--

ALTER TABLE ONLY public.homes_cmps
    ADD CONSTRAINT homes_uq UNIQUE (entity_id, cmp_id, field, component_type);


--
-- Name: i18n_locale i18n_locale_pkey; Type: CONSTRAINT; Schema: public; Owner: autotuanlinh_user
--

ALTER TABLE ONLY public.i18n_locale
    ADD CONSTRAINT i18n_locale_pkey PRIMARY KEY (id);


--
-- Name: newsletter_subscriptions newsletter_subscriptions_pkey; Type: CONSTRAINT; Schema: public; Owner: autotuanlinh_user
--

ALTER TABLE ONLY public.newsletter_subscriptions
    ADD CONSTRAINT newsletter_subscriptions_pkey PRIMARY KEY (id);


--
-- Name: san_phams_cmps san_phams_cmps_pkey; Type: CONSTRAINT; Schema: public; Owner: autotuanlinh_user
--

ALTER TABLE ONLY public.san_phams_cmps
    ADD CONSTRAINT san_phams_cmps_pkey PRIMARY KEY (id);


--
-- Name: san_phams san_phams_pkey; Type: CONSTRAINT; Schema: public; Owner: autotuanlinh_user
--

ALTER TABLE ONLY public.san_phams
    ADD CONSTRAINT san_phams_pkey PRIMARY KEY (id);


--
-- Name: san_phams_cmps san_phams_uq; Type: CONSTRAINT; Schema: public; Owner: autotuanlinh_user
--

ALTER TABLE ONLY public.san_phams_cmps
    ADD CONSTRAINT san_phams_uq UNIQUE (entity_id, cmp_id, field, component_type);


--
-- Name: strapi_ai_localization_jobs strapi_ai_localization_jobs_pkey; Type: CONSTRAINT; Schema: public; Owner: autotuanlinh_user
--

ALTER TABLE ONLY public.strapi_ai_localization_jobs
    ADD CONSTRAINT strapi_ai_localization_jobs_pkey PRIMARY KEY (id);


--
-- Name: strapi_api_token_permissions strapi_api_token_permissions_pkey; Type: CONSTRAINT; Schema: public; Owner: autotuanlinh_user
--

ALTER TABLE ONLY public.strapi_api_token_permissions
    ADD CONSTRAINT strapi_api_token_permissions_pkey PRIMARY KEY (id);


--
-- Name: strapi_api_token_permissions_token_lnk strapi_api_token_permissions_token_lnk_pkey; Type: CONSTRAINT; Schema: public; Owner: autotuanlinh_user
--

ALTER TABLE ONLY public.strapi_api_token_permissions_token_lnk
    ADD CONSTRAINT strapi_api_token_permissions_token_lnk_pkey PRIMARY KEY (id);


--
-- Name: strapi_api_token_permissions_token_lnk strapi_api_token_permissions_token_lnk_uq; Type: CONSTRAINT; Schema: public; Owner: autotuanlinh_user
--

ALTER TABLE ONLY public.strapi_api_token_permissions_token_lnk
    ADD CONSTRAINT strapi_api_token_permissions_token_lnk_uq UNIQUE (api_token_permission_id, api_token_id);


--
-- Name: strapi_api_tokens strapi_api_tokens_pkey; Type: CONSTRAINT; Schema: public; Owner: autotuanlinh_user
--

ALTER TABLE ONLY public.strapi_api_tokens
    ADD CONSTRAINT strapi_api_tokens_pkey PRIMARY KEY (id);


--
-- Name: strapi_core_store_settings strapi_core_store_settings_pkey; Type: CONSTRAINT; Schema: public; Owner: autotuanlinh_user
--

ALTER TABLE ONLY public.strapi_core_store_settings
    ADD CONSTRAINT strapi_core_store_settings_pkey PRIMARY KEY (id);


--
-- Name: strapi_database_schema strapi_database_schema_pkey; Type: CONSTRAINT; Schema: public; Owner: autotuanlinh_user
--

ALTER TABLE ONLY public.strapi_database_schema
    ADD CONSTRAINT strapi_database_schema_pkey PRIMARY KEY (id);


--
-- Name: strapi_history_versions strapi_history_versions_pkey; Type: CONSTRAINT; Schema: public; Owner: autotuanlinh_user
--

ALTER TABLE ONLY public.strapi_history_versions
    ADD CONSTRAINT strapi_history_versions_pkey PRIMARY KEY (id);


--
-- Name: strapi_migrations_internal strapi_migrations_internal_pkey; Type: CONSTRAINT; Schema: public; Owner: autotuanlinh_user
--

ALTER TABLE ONLY public.strapi_migrations_internal
    ADD CONSTRAINT strapi_migrations_internal_pkey PRIMARY KEY (id);


--
-- Name: strapi_migrations strapi_migrations_pkey; Type: CONSTRAINT; Schema: public; Owner: autotuanlinh_user
--

ALTER TABLE ONLY public.strapi_migrations
    ADD CONSTRAINT strapi_migrations_pkey PRIMARY KEY (id);


--
-- Name: strapi_release_actions strapi_release_actions_pkey; Type: CONSTRAINT; Schema: public; Owner: autotuanlinh_user
--

ALTER TABLE ONLY public.strapi_release_actions
    ADD CONSTRAINT strapi_release_actions_pkey PRIMARY KEY (id);


--
-- Name: strapi_release_actions_release_lnk strapi_release_actions_release_lnk_pkey; Type: CONSTRAINT; Schema: public; Owner: autotuanlinh_user
--

ALTER TABLE ONLY public.strapi_release_actions_release_lnk
    ADD CONSTRAINT strapi_release_actions_release_lnk_pkey PRIMARY KEY (id);


--
-- Name: strapi_release_actions_release_lnk strapi_release_actions_release_lnk_uq; Type: CONSTRAINT; Schema: public; Owner: autotuanlinh_user
--

ALTER TABLE ONLY public.strapi_release_actions_release_lnk
    ADD CONSTRAINT strapi_release_actions_release_lnk_uq UNIQUE (release_action_id, release_id);


--
-- Name: strapi_releases strapi_releases_pkey; Type: CONSTRAINT; Schema: public; Owner: autotuanlinh_user
--

ALTER TABLE ONLY public.strapi_releases
    ADD CONSTRAINT strapi_releases_pkey PRIMARY KEY (id);


--
-- Name: strapi_sessions strapi_sessions_pkey; Type: CONSTRAINT; Schema: public; Owner: autotuanlinh_user
--

ALTER TABLE ONLY public.strapi_sessions
    ADD CONSTRAINT strapi_sessions_pkey PRIMARY KEY (id);


--
-- Name: strapi_transfer_token_permissions strapi_transfer_token_permissions_pkey; Type: CONSTRAINT; Schema: public; Owner: autotuanlinh_user
--

ALTER TABLE ONLY public.strapi_transfer_token_permissions
    ADD CONSTRAINT strapi_transfer_token_permissions_pkey PRIMARY KEY (id);


--
-- Name: strapi_transfer_token_permissions_token_lnk strapi_transfer_token_permissions_token_lnk_pkey; Type: CONSTRAINT; Schema: public; Owner: autotuanlinh_user
--

ALTER TABLE ONLY public.strapi_transfer_token_permissions_token_lnk
    ADD CONSTRAINT strapi_transfer_token_permissions_token_lnk_pkey PRIMARY KEY (id);


--
-- Name: strapi_transfer_token_permissions_token_lnk strapi_transfer_token_permissions_token_lnk_uq; Type: CONSTRAINT; Schema: public; Owner: autotuanlinh_user
--

ALTER TABLE ONLY public.strapi_transfer_token_permissions_token_lnk
    ADD CONSTRAINT strapi_transfer_token_permissions_token_lnk_uq UNIQUE (transfer_token_permission_id, transfer_token_id);


--
-- Name: strapi_transfer_tokens strapi_transfer_tokens_pkey; Type: CONSTRAINT; Schema: public; Owner: autotuanlinh_user
--

ALTER TABLE ONLY public.strapi_transfer_tokens
    ADD CONSTRAINT strapi_transfer_tokens_pkey PRIMARY KEY (id);


--
-- Name: strapi_webhooks strapi_webhooks_pkey; Type: CONSTRAINT; Schema: public; Owner: autotuanlinh_user
--

ALTER TABLE ONLY public.strapi_webhooks
    ADD CONSTRAINT strapi_webhooks_pkey PRIMARY KEY (id);


--
-- Name: strapi_workflows strapi_workflows_pkey; Type: CONSTRAINT; Schema: public; Owner: autotuanlinh_user
--

ALTER TABLE ONLY public.strapi_workflows
    ADD CONSTRAINT strapi_workflows_pkey PRIMARY KEY (id);


--
-- Name: strapi_workflows_stage_required_to_publish_lnk strapi_workflows_stage_required_to_publish_lnk_pkey; Type: CONSTRAINT; Schema: public; Owner: autotuanlinh_user
--

ALTER TABLE ONLY public.strapi_workflows_stage_required_to_publish_lnk
    ADD CONSTRAINT strapi_workflows_stage_required_to_publish_lnk_pkey PRIMARY KEY (id);


--
-- Name: strapi_workflows_stage_required_to_publish_lnk strapi_workflows_stage_required_to_publish_lnk_uq; Type: CONSTRAINT; Schema: public; Owner: autotuanlinh_user
--

ALTER TABLE ONLY public.strapi_workflows_stage_required_to_publish_lnk
    ADD CONSTRAINT strapi_workflows_stage_required_to_publish_lnk_uq UNIQUE (workflow_id, workflow_stage_id);


--
-- Name: strapi_workflows_stages_permissions_lnk strapi_workflows_stages_permissions_lnk_pkey; Type: CONSTRAINT; Schema: public; Owner: autotuanlinh_user
--

ALTER TABLE ONLY public.strapi_workflows_stages_permissions_lnk
    ADD CONSTRAINT strapi_workflows_stages_permissions_lnk_pkey PRIMARY KEY (id);


--
-- Name: strapi_workflows_stages_permissions_lnk strapi_workflows_stages_permissions_lnk_uq; Type: CONSTRAINT; Schema: public; Owner: autotuanlinh_user
--

ALTER TABLE ONLY public.strapi_workflows_stages_permissions_lnk
    ADD CONSTRAINT strapi_workflows_stages_permissions_lnk_uq UNIQUE (workflow_stage_id, permission_id);


--
-- Name: strapi_workflows_stages strapi_workflows_stages_pkey; Type: CONSTRAINT; Schema: public; Owner: autotuanlinh_user
--

ALTER TABLE ONLY public.strapi_workflows_stages
    ADD CONSTRAINT strapi_workflows_stages_pkey PRIMARY KEY (id);


--
-- Name: strapi_workflows_stages_workflow_lnk strapi_workflows_stages_workflow_lnk_pkey; Type: CONSTRAINT; Schema: public; Owner: autotuanlinh_user
--

ALTER TABLE ONLY public.strapi_workflows_stages_workflow_lnk
    ADD CONSTRAINT strapi_workflows_stages_workflow_lnk_pkey PRIMARY KEY (id);


--
-- Name: strapi_workflows_stages_workflow_lnk strapi_workflows_stages_workflow_lnk_uq; Type: CONSTRAINT; Schema: public; Owner: autotuanlinh_user
--

ALTER TABLE ONLY public.strapi_workflows_stages_workflow_lnk
    ADD CONSTRAINT strapi_workflows_stages_workflow_lnk_uq UNIQUE (workflow_stage_id, workflow_id);


--
-- Name: topic_blogs topic_blogs_pkey; Type: CONSTRAINT; Schema: public; Owner: autotuanlinh_user
--

ALTER TABLE ONLY public.topic_blogs
    ADD CONSTRAINT topic_blogs_pkey PRIMARY KEY (id);


--
-- Name: up_permissions up_permissions_pkey; Type: CONSTRAINT; Schema: public; Owner: autotuanlinh_user
--

ALTER TABLE ONLY public.up_permissions
    ADD CONSTRAINT up_permissions_pkey PRIMARY KEY (id);


--
-- Name: up_permissions_role_lnk up_permissions_role_lnk_pkey; Type: CONSTRAINT; Schema: public; Owner: autotuanlinh_user
--

ALTER TABLE ONLY public.up_permissions_role_lnk
    ADD CONSTRAINT up_permissions_role_lnk_pkey PRIMARY KEY (id);


--
-- Name: up_permissions_role_lnk up_permissions_role_lnk_uq; Type: CONSTRAINT; Schema: public; Owner: autotuanlinh_user
--

ALTER TABLE ONLY public.up_permissions_role_lnk
    ADD CONSTRAINT up_permissions_role_lnk_uq UNIQUE (permission_id, role_id);


--
-- Name: up_roles up_roles_pkey; Type: CONSTRAINT; Schema: public; Owner: autotuanlinh_user
--

ALTER TABLE ONLY public.up_roles
    ADD CONSTRAINT up_roles_pkey PRIMARY KEY (id);


--
-- Name: up_users up_users_pkey; Type: CONSTRAINT; Schema: public; Owner: autotuanlinh_user
--

ALTER TABLE ONLY public.up_users
    ADD CONSTRAINT up_users_pkey PRIMARY KEY (id);


--
-- Name: up_users_role_lnk up_users_role_lnk_pkey; Type: CONSTRAINT; Schema: public; Owner: autotuanlinh_user
--

ALTER TABLE ONLY public.up_users_role_lnk
    ADD CONSTRAINT up_users_role_lnk_pkey PRIMARY KEY (id);


--
-- Name: up_users_role_lnk up_users_role_lnk_uq; Type: CONSTRAINT; Schema: public; Owner: autotuanlinh_user
--

ALTER TABLE ONLY public.up_users_role_lnk
    ADD CONSTRAINT up_users_role_lnk_uq UNIQUE (user_id, role_id);


--
-- Name: upload_folders_parent_lnk upload_folders_parent_lnk_pkey; Type: CONSTRAINT; Schema: public; Owner: autotuanlinh_user
--

ALTER TABLE ONLY public.upload_folders_parent_lnk
    ADD CONSTRAINT upload_folders_parent_lnk_pkey PRIMARY KEY (id);


--
-- Name: upload_folders_parent_lnk upload_folders_parent_lnk_uq; Type: CONSTRAINT; Schema: public; Owner: autotuanlinh_user
--

ALTER TABLE ONLY public.upload_folders_parent_lnk
    ADD CONSTRAINT upload_folders_parent_lnk_uq UNIQUE (folder_id, inv_folder_id);


--
-- Name: upload_folders upload_folders_path_id_index; Type: CONSTRAINT; Schema: public; Owner: autotuanlinh_user
--

ALTER TABLE ONLY public.upload_folders
    ADD CONSTRAINT upload_folders_path_id_index UNIQUE (path_id);


--
-- Name: upload_folders upload_folders_path_index; Type: CONSTRAINT; Schema: public; Owner: autotuanlinh_user
--

ALTER TABLE ONLY public.upload_folders
    ADD CONSTRAINT upload_folders_path_index UNIQUE (path);


--
-- Name: upload_folders upload_folders_pkey; Type: CONSTRAINT; Schema: public; Owner: autotuanlinh_user
--

ALTER TABLE ONLY public.upload_folders
    ADD CONSTRAINT upload_folders_pkey PRIMARY KEY (id);


--
-- Name: ve_chung_tois_cmps ve_chung_tois_cmps_pkey; Type: CONSTRAINT; Schema: public; Owner: autotuanlinh_user
--

ALTER TABLE ONLY public.ve_chung_tois_cmps
    ADD CONSTRAINT ve_chung_tois_cmps_pkey PRIMARY KEY (id);


--
-- Name: ve_chung_tois ve_chung_tois_pkey; Type: CONSTRAINT; Schema: public; Owner: autotuanlinh_user
--

ALTER TABLE ONLY public.ve_chung_tois
    ADD CONSTRAINT ve_chung_tois_pkey PRIMARY KEY (id);


--
-- Name: ve_chung_tois_cmps ve_chung_tois_uq; Type: CONSTRAINT; Schema: public; Owner: autotuanlinh_user
--

ALTER TABLE ONLY public.ve_chung_tois_cmps
    ADD CONSTRAINT ve_chung_tois_uq UNIQUE (entity_id, cmp_id, field, component_type);


--
-- Name: admin_permissions_created_by_id_fk; Type: INDEX; Schema: public; Owner: autotuanlinh_user
--

CREATE INDEX admin_permissions_created_by_id_fk ON public.admin_permissions USING btree (created_by_id);


--
-- Name: admin_permissions_documents_idx; Type: INDEX; Schema: public; Owner: autotuanlinh_user
--

CREATE INDEX admin_permissions_documents_idx ON public.admin_permissions USING btree (document_id, locale, published_at);


--
-- Name: admin_permissions_role_lnk_fk; Type: INDEX; Schema: public; Owner: autotuanlinh_user
--

CREATE INDEX admin_permissions_role_lnk_fk ON public.admin_permissions_role_lnk USING btree (permission_id);


--
-- Name: admin_permissions_role_lnk_ifk; Type: INDEX; Schema: public; Owner: autotuanlinh_user
--

CREATE INDEX admin_permissions_role_lnk_ifk ON public.admin_permissions_role_lnk USING btree (role_id);


--
-- Name: admin_permissions_role_lnk_oifk; Type: INDEX; Schema: public; Owner: autotuanlinh_user
--

CREATE INDEX admin_permissions_role_lnk_oifk ON public.admin_permissions_role_lnk USING btree (permission_ord);


--
-- Name: admin_permissions_updated_by_id_fk; Type: INDEX; Schema: public; Owner: autotuanlinh_user
--

CREATE INDEX admin_permissions_updated_by_id_fk ON public.admin_permissions USING btree (updated_by_id);


--
-- Name: admin_roles_created_by_id_fk; Type: INDEX; Schema: public; Owner: autotuanlinh_user
--

CREATE INDEX admin_roles_created_by_id_fk ON public.admin_roles USING btree (created_by_id);


--
-- Name: admin_roles_documents_idx; Type: INDEX; Schema: public; Owner: autotuanlinh_user
--

CREATE INDEX admin_roles_documents_idx ON public.admin_roles USING btree (document_id, locale, published_at);


--
-- Name: admin_roles_updated_by_id_fk; Type: INDEX; Schema: public; Owner: autotuanlinh_user
--

CREATE INDEX admin_roles_updated_by_id_fk ON public.admin_roles USING btree (updated_by_id);


--
-- Name: admin_users_created_by_id_fk; Type: INDEX; Schema: public; Owner: autotuanlinh_user
--

CREATE INDEX admin_users_created_by_id_fk ON public.admin_users USING btree (created_by_id);


--
-- Name: admin_users_documents_idx; Type: INDEX; Schema: public; Owner: autotuanlinh_user
--

CREATE INDEX admin_users_documents_idx ON public.admin_users USING btree (document_id, locale, published_at);


--
-- Name: admin_users_roles_lnk_fk; Type: INDEX; Schema: public; Owner: autotuanlinh_user
--

CREATE INDEX admin_users_roles_lnk_fk ON public.admin_users_roles_lnk USING btree (user_id);


--
-- Name: admin_users_roles_lnk_ifk; Type: INDEX; Schema: public; Owner: autotuanlinh_user
--

CREATE INDEX admin_users_roles_lnk_ifk ON public.admin_users_roles_lnk USING btree (role_id);


--
-- Name: admin_users_roles_lnk_ofk; Type: INDEX; Schema: public; Owner: autotuanlinh_user
--

CREATE INDEX admin_users_roles_lnk_ofk ON public.admin_users_roles_lnk USING btree (role_ord);


--
-- Name: admin_users_roles_lnk_oifk; Type: INDEX; Schema: public; Owner: autotuanlinh_user
--

CREATE INDEX admin_users_roles_lnk_oifk ON public.admin_users_roles_lnk USING btree (user_ord);


--
-- Name: admin_users_updated_by_id_fk; Type: INDEX; Schema: public; Owner: autotuanlinh_user
--

CREATE INDEX admin_users_updated_by_id_fk ON public.admin_users USING btree (updated_by_id);


--
-- Name: blogs_component_type_idx; Type: INDEX; Schema: public; Owner: autotuanlinh_user
--

CREATE INDEX blogs_component_type_idx ON public.blogs_cmps USING btree (component_type);


--
-- Name: blogs_created_by_id_fk; Type: INDEX; Schema: public; Owner: autotuanlinh_user
--

CREATE INDEX blogs_created_by_id_fk ON public.blogs USING btree (created_by_id);


--
-- Name: blogs_documents_idx; Type: INDEX; Schema: public; Owner: autotuanlinh_user
--

CREATE INDEX blogs_documents_idx ON public.blogs USING btree (document_id, locale, published_at);


--
-- Name: blogs_entity_fk; Type: INDEX; Schema: public; Owner: autotuanlinh_user
--

CREATE INDEX blogs_entity_fk ON public.blogs_cmps USING btree (entity_id);


--
-- Name: blogs_field_idx; Type: INDEX; Schema: public; Owner: autotuanlinh_user
--

CREATE INDEX blogs_field_idx ON public.blogs_cmps USING btree (field);


--
-- Name: blogs_topic_blog_lnk_fk; Type: INDEX; Schema: public; Owner: autotuanlinh_user
--

CREATE INDEX blogs_topic_blog_lnk_fk ON public.blogs_topic_blog_lnk USING btree (blog_id);


--
-- Name: blogs_topic_blog_lnk_ifk; Type: INDEX; Schema: public; Owner: autotuanlinh_user
--

CREATE INDEX blogs_topic_blog_lnk_ifk ON public.blogs_topic_blog_lnk USING btree (topic_blog_id);


--
-- Name: blogs_updated_by_id_fk; Type: INDEX; Schema: public; Owner: autotuanlinh_user
--

CREATE INDEX blogs_updated_by_id_fk ON public.blogs USING btree (updated_by_id);


--
-- Name: components_about_before_after_saca66_component_type_idx; Type: INDEX; Schema: public; Owner: autotuanlinh_user
--

CREATE INDEX components_about_before_after_saca66_component_type_idx ON public.components_about_before_after_sections_cmps USING btree (component_type);


--
-- Name: components_about_before_after_sections_entity_fk; Type: INDEX; Schema: public; Owner: autotuanlinh_user
--

CREATE INDEX components_about_before_after_sections_entity_fk ON public.components_about_before_after_sections_cmps USING btree (entity_id);


--
-- Name: components_about_before_after_sections_field_idx; Type: INDEX; Schema: public; Owner: autotuanlinh_user
--

CREATE INDEX components_about_before_after_sections_field_idx ON public.components_about_before_after_sections_cmps USING btree (field);


--
-- Name: components_about_certifications6bd99_component_type_idx; Type: INDEX; Schema: public; Owner: autotuanlinh_user
--

CREATE INDEX components_about_certifications6bd99_component_type_idx ON public.components_about_certifications_sections_cmps USING btree (component_type);


--
-- Name: components_about_certifications_sections_entity_fk; Type: INDEX; Schema: public; Owner: autotuanlinh_user
--

CREATE INDEX components_about_certifications_sections_entity_fk ON public.components_about_certifications_sections_cmps USING btree (entity_id);


--
-- Name: components_about_certifications_sections_field_idx; Type: INDEX; Schema: public; Owner: autotuanlinh_user
--

CREATE INDEX components_about_certifications_sections_field_idx ON public.components_about_certifications_sections_cmps USING btree (field);


--
-- Name: components_about_commitments_sections_entity_fk; Type: INDEX; Schema: public; Owner: autotuanlinh_user
--

CREATE INDEX components_about_commitments_sections_entity_fk ON public.components_about_commitments_sections_cmps USING btree (entity_id);


--
-- Name: components_about_commitments_sections_field_idx; Type: INDEX; Schema: public; Owner: autotuanlinh_user
--

CREATE INDEX components_about_commitments_sections_field_idx ON public.components_about_commitments_sections_cmps USING btree (field);


--
-- Name: components_about_commitments_sede6fa_component_type_idx; Type: INDEX; Schema: public; Owner: autotuanlinh_user
--

CREATE INDEX components_about_commitments_sede6fa_component_type_idx ON public.components_about_commitments_sections_cmps USING btree (component_type);


--
-- Name: components_about_core_values_se19649_component_type_idx; Type: INDEX; Schema: public; Owner: autotuanlinh_user
--

CREATE INDEX components_about_core_values_se19649_component_type_idx ON public.components_about_core_values_sections_cmps USING btree (component_type);


--
-- Name: components_about_core_values_sections_entity_fk; Type: INDEX; Schema: public; Owner: autotuanlinh_user
--

CREATE INDEX components_about_core_values_sections_entity_fk ON public.components_about_core_values_sections_cmps USING btree (entity_id);


--
-- Name: components_about_core_values_sections_field_idx; Type: INDEX; Schema: public; Owner: autotuanlinh_user
--

CREATE INDEX components_about_core_values_sections_field_idx ON public.components_about_core_values_sections_cmps USING btree (field);


--
-- Name: components_about_cta_sections_component_type_idx; Type: INDEX; Schema: public; Owner: autotuanlinh_user
--

CREATE INDEX components_about_cta_sections_component_type_idx ON public.components_about_cta_sections_cmps USING btree (component_type);


--
-- Name: components_about_cta_sections_entity_fk; Type: INDEX; Schema: public; Owner: autotuanlinh_user
--

CREATE INDEX components_about_cta_sections_entity_fk ON public.components_about_cta_sections_cmps USING btree (entity_id);


--
-- Name: components_about_cta_sections_field_idx; Type: INDEX; Schema: public; Owner: autotuanlinh_user
--

CREATE INDEX components_about_cta_sections_field_idx ON public.components_about_cta_sections_cmps USING btree (field);


--
-- Name: components_about_history_timeli9fb2f_component_type_idx; Type: INDEX; Schema: public; Owner: autotuanlinh_user
--

CREATE INDEX components_about_history_timeli9fb2f_component_type_idx ON public.components_about_history_timeline_sections_cmps USING btree (component_type);


--
-- Name: components_about_history_timeline_sections_entity_fk; Type: INDEX; Schema: public; Owner: autotuanlinh_user
--

CREATE INDEX components_about_history_timeline_sections_entity_fk ON public.components_about_history_timeline_sections_cmps USING btree (entity_id);


--
-- Name: components_about_history_timeline_sections_field_idx; Type: INDEX; Schema: public; Owner: autotuanlinh_user
--

CREATE INDEX components_about_history_timeline_sections_field_idx ON public.components_about_history_timeline_sections_cmps USING btree (field);


--
-- Name: components_about_introduction_s8b5ee_component_type_idx; Type: INDEX; Schema: public; Owner: autotuanlinh_user
--

CREATE INDEX components_about_introduction_s8b5ee_component_type_idx ON public.components_about_introduction_sections_cmps USING btree (component_type);


--
-- Name: components_about_introduction_sections_entity_fk; Type: INDEX; Schema: public; Owner: autotuanlinh_user
--

CREATE INDEX components_about_introduction_sections_entity_fk ON public.components_about_introduction_sections_cmps USING btree (entity_id);


--
-- Name: components_about_introduction_sections_field_idx; Type: INDEX; Schema: public; Owner: autotuanlinh_user
--

CREATE INDEX components_about_introduction_sections_field_idx ON public.components_about_introduction_sections_cmps USING btree (field);


--
-- Name: components_about_showroom_sections_component_type_idx; Type: INDEX; Schema: public; Owner: autotuanlinh_user
--

CREATE INDEX components_about_showroom_sections_component_type_idx ON public.components_about_showroom_sections_cmps USING btree (component_type);


--
-- Name: components_about_showroom_sections_entity_fk; Type: INDEX; Schema: public; Owner: autotuanlinh_user
--

CREATE INDEX components_about_showroom_sections_entity_fk ON public.components_about_showroom_sections_cmps USING btree (entity_id);


--
-- Name: components_about_showroom_sections_field_idx; Type: INDEX; Schema: public; Owner: autotuanlinh_user
--

CREATE INDEX components_about_showroom_sections_field_idx ON public.components_about_showroom_sections_cmps USING btree (field);


--
-- Name: components_about_store_locationa86e2_component_type_idx; Type: INDEX; Schema: public; Owner: autotuanlinh_user
--

CREATE INDEX components_about_store_locationa86e2_component_type_idx ON public.components_about_store_locations_sections_cmps USING btree (component_type);


--
-- Name: components_about_store_locations_sections_entity_fk; Type: INDEX; Schema: public; Owner: autotuanlinh_user
--

CREATE INDEX components_about_store_locations_sections_entity_fk ON public.components_about_store_locations_sections_cmps USING btree (entity_id);


--
-- Name: components_about_store_locations_sections_field_idx; Type: INDEX; Schema: public; Owner: autotuanlinh_user
--

CREATE INDEX components_about_store_locations_sections_field_idx ON public.components_about_store_locations_sections_cmps USING btree (field);


--
-- Name: components_about_team_sections_component_type_idx; Type: INDEX; Schema: public; Owner: autotuanlinh_user
--

CREATE INDEX components_about_team_sections_component_type_idx ON public.components_about_team_sections_cmps USING btree (component_type);


--
-- Name: components_about_team_sections_entity_fk; Type: INDEX; Schema: public; Owner: autotuanlinh_user
--

CREATE INDEX components_about_team_sections_entity_fk ON public.components_about_team_sections_cmps USING btree (entity_id);


--
-- Name: components_about_team_sections_field_idx; Type: INDEX; Schema: public; Owner: autotuanlinh_user
--

CREATE INDEX components_about_team_sections_field_idx ON public.components_about_team_sections_cmps USING btree (field);


--
-- Name: components_about_workshop_sections_component_type_idx; Type: INDEX; Schema: public; Owner: autotuanlinh_user
--

CREATE INDEX components_about_workshop_sections_component_type_idx ON public.components_about_workshop_sections_cmps USING btree (component_type);


--
-- Name: components_about_workshop_sections_entity_fk; Type: INDEX; Schema: public; Owner: autotuanlinh_user
--

CREATE INDEX components_about_workshop_sections_entity_fk ON public.components_about_workshop_sections_cmps USING btree (entity_id);


--
-- Name: components_about_workshop_sections_field_idx; Type: INDEX; Schema: public; Owner: autotuanlinh_user
--

CREATE INDEX components_about_workshop_sections_field_idx ON public.components_about_workshop_sections_cmps USING btree (field);


--
-- Name: components_danhmuc_baiviet_danh18708_component_type_idx; Type: INDEX; Schema: public; Owner: autotuanlinh_user
--

CREATE INDEX components_danhmuc_baiviet_danh18708_component_type_idx ON public.components_danhmuc_baiviet_danh_muc_bai_viet_18708_cmps USING btree (component_type);


--
-- Name: components_danhmuc_baiviet_danh800e8_component_type_idx; Type: INDEX; Schema: public; Owner: autotuanlinh_user
--

CREATE INDEX components_danhmuc_baiviet_danh800e8_component_type_idx ON public.components_danhmuc_baiviet_danh_muc_bai_viet_800e8_cmps USING btree (component_type);


--
-- Name: components_danhmuc_baiviet_danh_muc_01fc4_bai_55204_ifk; Type: INDEX; Schema: public; Owner: autotuanlinh_user
--

CREATE INDEX components_danhmuc_baiviet_danh_muc_01fc4_bai_55204_ifk ON public.components_danhmuc_baiviet_danh_muc_01fc4_bai_viets_lnk USING btree (blog_id);


--
-- Name: components_danhmuc_baiviet_danh_muc_01fc4_bai_55204_ofk; Type: INDEX; Schema: public; Owner: autotuanlinh_user
--

CREATE INDEX components_danhmuc_baiviet_danh_muc_01fc4_bai_55204_ofk ON public.components_danhmuc_baiviet_danh_muc_01fc4_bai_viets_lnk USING btree (blog_ord);


--
-- Name: components_danhmuc_baiviet_danh_muc_01fc4_bai_v55204_fk; Type: INDEX; Schema: public; Owner: autotuanlinh_user
--

CREATE INDEX components_danhmuc_baiviet_danh_muc_01fc4_bai_v55204_fk ON public.components_danhmuc_baiviet_danh_muc_01fc4_bai_viets_lnk USING btree (danh_muc_bai_viet_cap_3_id);


--
-- Name: components_danhmuc_baiviet_danh_muc_bai_18708_entity_fk; Type: INDEX; Schema: public; Owner: autotuanlinh_user
--

CREATE INDEX components_danhmuc_baiviet_danh_muc_bai_18708_entity_fk ON public.components_danhmuc_baiviet_danh_muc_bai_viet_18708_cmps USING btree (entity_id);


--
-- Name: components_danhmuc_baiviet_danh_muc_bai_18708_field_idx; Type: INDEX; Schema: public; Owner: autotuanlinh_user
--

CREATE INDEX components_danhmuc_baiviet_danh_muc_bai_18708_field_idx ON public.components_danhmuc_baiviet_danh_muc_bai_viet_18708_cmps USING btree (field);


--
-- Name: components_danhmuc_baiviet_danh_muc_bai_800e8_entity_fk; Type: INDEX; Schema: public; Owner: autotuanlinh_user
--

CREATE INDEX components_danhmuc_baiviet_danh_muc_bai_800e8_entity_fk ON public.components_danhmuc_baiviet_danh_muc_bai_viet_800e8_cmps USING btree (entity_id);


--
-- Name: components_danhmuc_baiviet_danh_muc_bai_800e8_field_idx; Type: INDEX; Schema: public; Owner: autotuanlinh_user
--

CREATE INDEX components_danhmuc_baiviet_danh_muc_bai_800e8_field_idx ON public.components_danhmuc_baiviet_danh_muc_bai_viet_800e8_cmps USING btree (field);


--
-- Name: components_danhmuc_baiviet_danh_muc_e8c55_bai_3805d_ifk; Type: INDEX; Schema: public; Owner: autotuanlinh_user
--

CREATE INDEX components_danhmuc_baiviet_danh_muc_e8c55_bai_3805d_ifk ON public.components_danhmuc_baiviet_danh_muc_e8c55_bai_viets_lnk USING btree (blog_id);


--
-- Name: components_danhmuc_baiviet_danh_muc_e8c55_bai_3805d_ofk; Type: INDEX; Schema: public; Owner: autotuanlinh_user
--

CREATE INDEX components_danhmuc_baiviet_danh_muc_e8c55_bai_3805d_ofk ON public.components_danhmuc_baiviet_danh_muc_e8c55_bai_viets_lnk USING btree (blog_ord);


--
-- Name: components_danhmuc_baiviet_danh_muc_e8c55_bai_v3805d_fk; Type: INDEX; Schema: public; Owner: autotuanlinh_user
--

CREATE INDEX components_danhmuc_baiviet_danh_muc_e8c55_bai_v3805d_fk ON public.components_danhmuc_baiviet_danh_muc_e8c55_bai_viets_lnk USING btree (danh_muc_bai_viet_cap_2_id);


--
-- Name: components_danhmuc_danh_muc_cap_2s_component_type_idx; Type: INDEX; Schema: public; Owner: autotuanlinh_user
--

CREATE INDEX components_danhmuc_danh_muc_cap_2s_component_type_idx ON public.components_danhmuc_danh_muc_cap_2s_cmps USING btree (component_type);


--
-- Name: components_danhmuc_danh_muc_cap_2s_entity_fk; Type: INDEX; Schema: public; Owner: autotuanlinh_user
--

CREATE INDEX components_danhmuc_danh_muc_cap_2s_entity_fk ON public.components_danhmuc_danh_muc_cap_2s_cmps USING btree (entity_id);


--
-- Name: components_danhmuc_danh_muc_cap_2s_field_idx; Type: INDEX; Schema: public; Owner: autotuanlinh_user
--

CREATE INDEX components_danhmuc_danh_muc_cap_2s_field_idx ON public.components_danhmuc_danh_muc_cap_2s_cmps USING btree (field);


--
-- Name: components_danhmuc_danh_muc_cap_3_s_san_phams_lnk_fk; Type: INDEX; Schema: public; Owner: autotuanlinh_user
--

CREATE INDEX components_danhmuc_danh_muc_cap_3_s_san_phams_lnk_fk ON public.components_danhmuc_danh_muc_cap_3_s_san_phams_lnk USING btree (danh_muc_cap_3_id);


--
-- Name: components_danhmuc_danh_muc_cap_3_s_san_phams_lnk_ifk; Type: INDEX; Schema: public; Owner: autotuanlinh_user
--

CREATE INDEX components_danhmuc_danh_muc_cap_3_s_san_phams_lnk_ifk ON public.components_danhmuc_danh_muc_cap_3_s_san_phams_lnk USING btree (san_pham_id);


--
-- Name: components_danhmuc_danh_muc_cap_3_s_san_phams_lnk_ofk; Type: INDEX; Schema: public; Owner: autotuanlinh_user
--

CREATE INDEX components_danhmuc_danh_muc_cap_3_s_san_phams_lnk_ofk ON public.components_danhmuc_danh_muc_cap_3_s_san_phams_lnk USING btree (san_pham_ord);


--
-- Name: components_danhmuc_danh_muc_cap_3s_component_type_idx; Type: INDEX; Schema: public; Owner: autotuanlinh_user
--

CREATE INDEX components_danhmuc_danh_muc_cap_3s_component_type_idx ON public.components_danhmuc_danh_muc_cap_3s_cmps USING btree (component_type);


--
-- Name: components_danhmuc_danh_muc_cap_3s_entity_fk; Type: INDEX; Schema: public; Owner: autotuanlinh_user
--

CREATE INDEX components_danhmuc_danh_muc_cap_3s_entity_fk ON public.components_danhmuc_danh_muc_cap_3s_cmps USING btree (entity_id);


--
-- Name: components_danhmuc_danh_muc_cap_3s_field_idx; Type: INDEX; Schema: public; Owner: autotuanlinh_user
--

CREATE INDEX components_danhmuc_danh_muc_cap_3s_field_idx ON public.components_danhmuc_danh_muc_cap_3s_cmps USING btree (field);


--
-- Name: components_home_blog_cards_blog_lnk_fk; Type: INDEX; Schema: public; Owner: autotuanlinh_user
--

CREATE INDEX components_home_blog_cards_blog_lnk_fk ON public.components_home_blog_cards_blog_lnk USING btree (blog_card_id);


--
-- Name: components_home_blog_cards_blog_lnk_ifk; Type: INDEX; Schema: public; Owner: autotuanlinh_user
--

CREATE INDEX components_home_blog_cards_blog_lnk_ifk ON public.components_home_blog_cards_blog_lnk USING btree (blog_id);


--
-- Name: components_home_contact_sections_component_type_idx; Type: INDEX; Schema: public; Owner: autotuanlinh_user
--

CREATE INDEX components_home_contact_sections_component_type_idx ON public.components_home_contact_sections_cmps USING btree (component_type);


--
-- Name: components_home_contact_sections_entity_fk; Type: INDEX; Schema: public; Owner: autotuanlinh_user
--

CREATE INDEX components_home_contact_sections_entity_fk ON public.components_home_contact_sections_cmps USING btree (entity_id);


--
-- Name: components_home_contact_sections_field_idx; Type: INDEX; Schema: public; Owner: autotuanlinh_user
--

CREATE INDEX components_home_contact_sections_field_idx ON public.components_home_contact_sections_cmps USING btree (field);


--
-- Name: components_home_cta_sections_component_type_idx; Type: INDEX; Schema: public; Owner: autotuanlinh_user
--

CREATE INDEX components_home_cta_sections_component_type_idx ON public.components_home_cta_sections_cmps USING btree (component_type);


--
-- Name: components_home_cta_sections_entity_fk; Type: INDEX; Schema: public; Owner: autotuanlinh_user
--

CREATE INDEX components_home_cta_sections_entity_fk ON public.components_home_cta_sections_cmps USING btree (entity_id);


--
-- Name: components_home_cta_sections_field_idx; Type: INDEX; Schema: public; Owner: autotuanlinh_user
--

CREATE INDEX components_home_cta_sections_field_idx ON public.components_home_cta_sections_cmps USING btree (field);


--
-- Name: components_home_faq_sections_component_type_idx; Type: INDEX; Schema: public; Owner: autotuanlinh_user
--

CREATE INDEX components_home_faq_sections_component_type_idx ON public.components_home_faq_sections_cmps USING btree (component_type);


--
-- Name: components_home_faq_sections_entity_fk; Type: INDEX; Schema: public; Owner: autotuanlinh_user
--

CREATE INDEX components_home_faq_sections_entity_fk ON public.components_home_faq_sections_cmps USING btree (entity_id);


--
-- Name: components_home_faq_sections_field_idx; Type: INDEX; Schema: public; Owner: autotuanlinh_user
--

CREATE INDEX components_home_faq_sections_field_idx ON public.components_home_faq_sections_cmps USING btree (field);


--
-- Name: components_home_featured_produc9438c_component_type_idx; Type: INDEX; Schema: public; Owner: autotuanlinh_user
--

CREATE INDEX components_home_featured_produc9438c_component_type_idx ON public.components_home_featured_product_cards_cmps USING btree (component_type);


--
-- Name: components_home_featured_product_cards_entity_fk; Type: INDEX; Schema: public; Owner: autotuanlinh_user
--

CREATE INDEX components_home_featured_product_cards_entity_fk ON public.components_home_featured_product_cards_cmps USING btree (entity_id);


--
-- Name: components_home_featured_product_cards_field_idx; Type: INDEX; Schema: public; Owner: autotuanlinh_user
--

CREATE INDEX components_home_featured_product_cards_field_idx ON public.components_home_featured_product_cards_cmps USING btree (field);


--
-- Name: components_home_featured_product_cards_san_pham_lnk_fk; Type: INDEX; Schema: public; Owner: autotuanlinh_user
--

CREATE INDEX components_home_featured_product_cards_san_pham_lnk_fk ON public.components_home_featured_product_cards_san_pham_lnk USING btree (featured_product_card_id);


--
-- Name: components_home_featured_product_cards_san_pham_lnk_ifk; Type: INDEX; Schema: public; Owner: autotuanlinh_user
--

CREATE INDEX components_home_featured_product_cards_san_pham_lnk_ifk ON public.components_home_featured_product_cards_san_pham_lnk USING btree (san_pham_id);


--
-- Name: components_home_featured_products_sections_pro8f886_ifk; Type: INDEX; Schema: public; Owner: autotuanlinh_user
--

CREATE INDEX components_home_featured_products_sections_pro8f886_ifk ON public.components_home_featured_products_sections_products_lnk USING btree (san_pham_id);


--
-- Name: components_home_featured_products_sections_pro8f886_ofk; Type: INDEX; Schema: public; Owner: autotuanlinh_user
--

CREATE INDEX components_home_featured_products_sections_pro8f886_ofk ON public.components_home_featured_products_sections_products_lnk USING btree (san_pham_ord);


--
-- Name: components_home_featured_products_sections_prod8f886_fk; Type: INDEX; Schema: public; Owner: autotuanlinh_user
--

CREATE INDEX components_home_featured_products_sections_prod8f886_fk ON public.components_home_featured_products_sections_products_lnk USING btree (featured_products_section_id);


--
-- Name: components_home_gallery_sections_component_type_idx; Type: INDEX; Schema: public; Owner: autotuanlinh_user
--

CREATE INDEX components_home_gallery_sections_component_type_idx ON public.components_home_gallery_sections_cmps USING btree (component_type);


--
-- Name: components_home_gallery_sections_entity_fk; Type: INDEX; Schema: public; Owner: autotuanlinh_user
--

CREATE INDEX components_home_gallery_sections_entity_fk ON public.components_home_gallery_sections_cmps USING btree (entity_id);


--
-- Name: components_home_gallery_sections_field_idx; Type: INDEX; Schema: public; Owner: autotuanlinh_user
--

CREATE INDEX components_home_gallery_sections_field_idx ON public.components_home_gallery_sections_cmps USING btree (field);


--
-- Name: components_home_latest_news_sections_blogs_lnk_fk; Type: INDEX; Schema: public; Owner: autotuanlinh_user
--

CREATE INDEX components_home_latest_news_sections_blogs_lnk_fk ON public.components_home_latest_news_sections_blogs_lnk USING btree (latest_news_section_id);


--
-- Name: components_home_latest_news_sections_blogs_lnk_ifk; Type: INDEX; Schema: public; Owner: autotuanlinh_user
--

CREATE INDEX components_home_latest_news_sections_blogs_lnk_ifk ON public.components_home_latest_news_sections_blogs_lnk USING btree (blog_id);


--
-- Name: components_home_latest_news_sections_blogs_lnk_ofk; Type: INDEX; Schema: public; Owner: autotuanlinh_user
--

CREATE INDEX components_home_latest_news_sections_blogs_lnk_ofk ON public.components_home_latest_news_sections_blogs_lnk USING btree (blog_ord);


--
-- Name: components_home_latest_news_sections_component_type_idx; Type: INDEX; Schema: public; Owner: autotuanlinh_user
--

CREATE INDEX components_home_latest_news_sections_component_type_idx ON public.components_home_latest_news_sections_cmps USING btree (component_type);


--
-- Name: components_home_latest_news_sections_entity_fk; Type: INDEX; Schema: public; Owner: autotuanlinh_user
--

CREATE INDEX components_home_latest_news_sections_entity_fk ON public.components_home_latest_news_sections_cmps USING btree (entity_id);


--
-- Name: components_home_latest_news_sections_field_idx; Type: INDEX; Schema: public; Owner: autotuanlinh_user
--

CREATE INDEX components_home_latest_news_sections_field_idx ON public.components_home_latest_news_sections_cmps USING btree (field);


--
-- Name: components_home_partner_brands_66fe1_component_type_idx; Type: INDEX; Schema: public; Owner: autotuanlinh_user
--

CREATE INDEX components_home_partner_brands_66fe1_component_type_idx ON public.components_home_partner_brands_sections_cmps USING btree (component_type);


--
-- Name: components_home_partner_brands_sections_entity_fk; Type: INDEX; Schema: public; Owner: autotuanlinh_user
--

CREATE INDEX components_home_partner_brands_sections_entity_fk ON public.components_home_partner_brands_sections_cmps USING btree (entity_id);


--
-- Name: components_home_partner_brands_sections_field_idx; Type: INDEX; Schema: public; Owner: autotuanlinh_user
--

CREATE INDEX components_home_partner_brands_sections_field_idx ON public.components_home_partner_brands_sections_cmps USING btree (field);


--
-- Name: components_home_process_sections_component_type_idx; Type: INDEX; Schema: public; Owner: autotuanlinh_user
--

CREATE INDEX components_home_process_sections_component_type_idx ON public.components_home_process_sections_cmps USING btree (component_type);


--
-- Name: components_home_process_sections_entity_fk; Type: INDEX; Schema: public; Owner: autotuanlinh_user
--

CREATE INDEX components_home_process_sections_entity_fk ON public.components_home_process_sections_cmps USING btree (entity_id);


--
-- Name: components_home_process_sections_field_idx; Type: INDEX; Schema: public; Owner: autotuanlinh_user
--

CREATE INDEX components_home_process_sections_field_idx ON public.components_home_process_sections_cmps USING btree (field);


--
-- Name: components_home_product_cat2dfe5_danh_muc_san_47d99_ifk; Type: INDEX; Schema: public; Owner: autotuanlinh_user
--

CREATE INDEX components_home_product_cat2dfe5_danh_muc_san_47d99_ifk ON public.components_home_product_cat2dfe5_danh_muc_san_phams_lnk USING btree (danh_muc_san_pham_id);


--
-- Name: components_home_product_cat2dfe5_danh_muc_san_47d99_ofk; Type: INDEX; Schema: public; Owner: autotuanlinh_user
--

CREATE INDEX components_home_product_cat2dfe5_danh_muc_san_47d99_ofk ON public.components_home_product_cat2dfe5_danh_muc_san_phams_lnk USING btree (danh_muc_san_pham_ord);


--
-- Name: components_home_product_cat2dfe5_danh_muc_san_p47d99_fk; Type: INDEX; Schema: public; Owner: autotuanlinh_user
--

CREATE INDEX components_home_product_cat2dfe5_danh_muc_san_p47d99_fk ON public.components_home_product_cat2dfe5_danh_muc_san_phams_lnk USING btree (product_categories_section_id);


--
-- Name: components_home_product_cate2013c_danh_muc_san_f7c28_fk; Type: INDEX; Schema: public; Owner: autotuanlinh_user
--

CREATE INDEX components_home_product_cate2013c_danh_muc_san_f7c28_fk ON public.components_home_product_cate2013c_danh_muc_san_pham_lnk USING btree (product_category_card_id);


--
-- Name: components_home_product_cate2013c_danh_muc_sanf7c28_ifk; Type: INDEX; Schema: public; Owner: autotuanlinh_user
--

CREATE INDEX components_home_product_cate2013c_danh_muc_sanf7c28_ifk ON public.components_home_product_cate2013c_danh_muc_san_pham_lnk USING btree (danh_muc_san_pham_id);


--
-- Name: components_home_professional_sec2f25_component_type_idx; Type: INDEX; Schema: public; Owner: autotuanlinh_user
--

CREATE INDEX components_home_professional_sec2f25_component_type_idx ON public.components_home_professional_services_sections_cmps USING btree (component_type);


--
-- Name: components_home_professional_services_sec2f25_entity_fk; Type: INDEX; Schema: public; Owner: autotuanlinh_user
--

CREATE INDEX components_home_professional_services_sec2f25_entity_fk ON public.components_home_professional_services_sections_cmps USING btree (entity_id);


--
-- Name: components_home_professional_services_sec2f25_field_idx; Type: INDEX; Schema: public; Owner: autotuanlinh_user
--

CREATE INDEX components_home_professional_services_sec2f25_field_idx ON public.components_home_professional_services_sections_cmps USING btree (field);


--
-- Name: components_home_service_cards_component_type_idx; Type: INDEX; Schema: public; Owner: autotuanlinh_user
--

CREATE INDEX components_home_service_cards_component_type_idx ON public.components_home_service_cards_cmps USING btree (component_type);


--
-- Name: components_home_service_cards_entity_fk; Type: INDEX; Schema: public; Owner: autotuanlinh_user
--

CREATE INDEX components_home_service_cards_entity_fk ON public.components_home_service_cards_cmps USING btree (entity_id);


--
-- Name: components_home_service_cards_field_idx; Type: INDEX; Schema: public; Owner: autotuanlinh_user
--

CREATE INDEX components_home_service_cards_field_idx ON public.components_home_service_cards_cmps USING btree (field);


--
-- Name: components_home_special_promotib993a_component_type_idx; Type: INDEX; Schema: public; Owner: autotuanlinh_user
--

CREATE INDEX components_home_special_promotib993a_component_type_idx ON public.components_home_special_promotions_sections_cmps USING btree (component_type);


--
-- Name: components_home_special_promotions_sections_entity_fk; Type: INDEX; Schema: public; Owner: autotuanlinh_user
--

CREATE INDEX components_home_special_promotions_sections_entity_fk ON public.components_home_special_promotions_sections_cmps USING btree (entity_id);


--
-- Name: components_home_special_promotions_sections_field_idx; Type: INDEX; Schema: public; Owner: autotuanlinh_user
--

CREATE INDEX components_home_special_promotions_sections_field_idx ON public.components_home_special_promotions_sections_cmps USING btree (field);


--
-- Name: components_home_stats_sections_component_type_idx; Type: INDEX; Schema: public; Owner: autotuanlinh_user
--

CREATE INDEX components_home_stats_sections_component_type_idx ON public.components_home_stats_sections_cmps USING btree (component_type);


--
-- Name: components_home_stats_sections_entity_fk; Type: INDEX; Schema: public; Owner: autotuanlinh_user
--

CREATE INDEX components_home_stats_sections_entity_fk ON public.components_home_stats_sections_cmps USING btree (entity_id);


--
-- Name: components_home_stats_sections_field_idx; Type: INDEX; Schema: public; Owner: autotuanlinh_user
--

CREATE INDEX components_home_stats_sections_field_idx ON public.components_home_stats_sections_cmps USING btree (field);


--
-- Name: components_home_testimonials_sections_entity_fk; Type: INDEX; Schema: public; Owner: autotuanlinh_user
--

CREATE INDEX components_home_testimonials_sections_entity_fk ON public.components_home_testimonials_sections_cmps USING btree (entity_id);


--
-- Name: components_home_testimonials_sections_field_idx; Type: INDEX; Schema: public; Owner: autotuanlinh_user
--

CREATE INDEX components_home_testimonials_sections_field_idx ON public.components_home_testimonials_sections_cmps USING btree (field);


--
-- Name: components_home_testimonials_sed4d88_component_type_idx; Type: INDEX; Schema: public; Owner: autotuanlinh_user
--

CREATE INDEX components_home_testimonials_sed4d88_component_type_idx ON public.components_home_testimonials_sections_cmps USING btree (component_type);


--
-- Name: components_home_why_choose_uss_component_type_idx; Type: INDEX; Schema: public; Owner: autotuanlinh_user
--

CREATE INDEX components_home_why_choose_uss_component_type_idx ON public.components_home_why_choose_uss_cmps USING btree (component_type);


--
-- Name: components_home_why_choose_uss_entity_fk; Type: INDEX; Schema: public; Owner: autotuanlinh_user
--

CREATE INDEX components_home_why_choose_uss_entity_fk ON public.components_home_why_choose_uss_cmps USING btree (entity_id);


--
-- Name: components_home_why_choose_uss_field_idx; Type: INDEX; Schema: public; Owner: autotuanlinh_user
--

CREATE INDEX components_home_why_choose_uss_field_idx ON public.components_home_why_choose_uss_cmps USING btree (field);


--
-- Name: components_shared_footer_columns_component_type_idx; Type: INDEX; Schema: public; Owner: autotuanlinh_user
--

CREATE INDEX components_shared_footer_columns_component_type_idx ON public.components_shared_footer_columns_cmps USING btree (component_type);


--
-- Name: components_shared_footer_columns_entity_fk; Type: INDEX; Schema: public; Owner: autotuanlinh_user
--

CREATE INDEX components_shared_footer_columns_entity_fk ON public.components_shared_footer_columns_cmps USING btree (entity_id);


--
-- Name: components_shared_footer_columns_field_idx; Type: INDEX; Schema: public; Owner: autotuanlinh_user
--

CREATE INDEX components_shared_footer_columns_field_idx ON public.components_shared_footer_columns_cmps USING btree (field);


--
-- Name: components_shared_order_items_san_pham_lnk_fk; Type: INDEX; Schema: public; Owner: autotuanlinh_user
--

CREATE INDEX components_shared_order_items_san_pham_lnk_fk ON public.components_shared_order_items_san_pham_lnk USING btree (order_item_id);


--
-- Name: components_shared_order_items_san_pham_lnk_ifk; Type: INDEX; Schema: public; Owner: autotuanlinh_user
--

CREATE INDEX components_shared_order_items_san_pham_lnk_ifk ON public.components_shared_order_items_san_pham_lnk USING btree (san_pham_id);


--
-- Name: danh_muc_bai_viet_dich_vus_component_type_idx; Type: INDEX; Schema: public; Owner: autotuanlinh_user
--

CREATE INDEX danh_muc_bai_viet_dich_vus_component_type_idx ON public.danh_muc_bai_viet_dich_vus_cmps USING btree (component_type);


--
-- Name: danh_muc_bai_viet_dich_vus_created_by_id_fk; Type: INDEX; Schema: public; Owner: autotuanlinh_user
--

CREATE INDEX danh_muc_bai_viet_dich_vus_created_by_id_fk ON public.danh_muc_bai_viet_dich_vus USING btree (created_by_id);


--
-- Name: danh_muc_bai_viet_dich_vus_documents_idx; Type: INDEX; Schema: public; Owner: autotuanlinh_user
--

CREATE INDEX danh_muc_bai_viet_dich_vus_documents_idx ON public.danh_muc_bai_viet_dich_vus USING btree (document_id, locale, published_at);


--
-- Name: danh_muc_bai_viet_dich_vus_entity_fk; Type: INDEX; Schema: public; Owner: autotuanlinh_user
--

CREATE INDEX danh_muc_bai_viet_dich_vus_entity_fk ON public.danh_muc_bai_viet_dich_vus_cmps USING btree (entity_id);


--
-- Name: danh_muc_bai_viet_dich_vus_field_idx; Type: INDEX; Schema: public; Owner: autotuanlinh_user
--

CREATE INDEX danh_muc_bai_viet_dich_vus_field_idx ON public.danh_muc_bai_viet_dich_vus_cmps USING btree (field);


--
-- Name: danh_muc_bai_viet_dich_vus_updated_by_id_fk; Type: INDEX; Schema: public; Owner: autotuanlinh_user
--

CREATE INDEX danh_muc_bai_viet_dich_vus_updated_by_id_fk ON public.danh_muc_bai_viet_dich_vus USING btree (updated_by_id);


--
-- Name: danh_muc_bai_viets_component_type_idx; Type: INDEX; Schema: public; Owner: autotuanlinh_user
--

CREATE INDEX danh_muc_bai_viets_component_type_idx ON public.danh_muc_bai_viets_cmps USING btree (component_type);


--
-- Name: danh_muc_bai_viets_created_by_id_fk; Type: INDEX; Schema: public; Owner: autotuanlinh_user
--

CREATE INDEX danh_muc_bai_viets_created_by_id_fk ON public.danh_muc_bai_viets USING btree (created_by_id);


--
-- Name: danh_muc_bai_viets_documents_idx; Type: INDEX; Schema: public; Owner: autotuanlinh_user
--

CREATE INDEX danh_muc_bai_viets_documents_idx ON public.danh_muc_bai_viets USING btree (document_id, locale, published_at);


--
-- Name: danh_muc_bai_viets_entity_fk; Type: INDEX; Schema: public; Owner: autotuanlinh_user
--

CREATE INDEX danh_muc_bai_viets_entity_fk ON public.danh_muc_bai_viets_cmps USING btree (entity_id);


--
-- Name: danh_muc_bai_viets_field_idx; Type: INDEX; Schema: public; Owner: autotuanlinh_user
--

CREATE INDEX danh_muc_bai_viets_field_idx ON public.danh_muc_bai_viets_cmps USING btree (field);


--
-- Name: danh_muc_bai_viets_updated_by_id_fk; Type: INDEX; Schema: public; Owner: autotuanlinh_user
--

CREATE INDEX danh_muc_bai_viets_updated_by_id_fk ON public.danh_muc_bai_viets USING btree (updated_by_id);


--
-- Name: danh_muc_san_phams_component_type_idx; Type: INDEX; Schema: public; Owner: autotuanlinh_user
--

CREATE INDEX danh_muc_san_phams_component_type_idx ON public.danh_muc_san_phams_cmps USING btree (component_type);


--
-- Name: danh_muc_san_phams_created_by_id_fk; Type: INDEX; Schema: public; Owner: autotuanlinh_user
--

CREATE INDEX danh_muc_san_phams_created_by_id_fk ON public.danh_muc_san_phams USING btree (created_by_id);


--
-- Name: danh_muc_san_phams_documents_idx; Type: INDEX; Schema: public; Owner: autotuanlinh_user
--

CREATE INDEX danh_muc_san_phams_documents_idx ON public.danh_muc_san_phams USING btree (document_id, locale, published_at);


--
-- Name: danh_muc_san_phams_entity_fk; Type: INDEX; Schema: public; Owner: autotuanlinh_user
--

CREATE INDEX danh_muc_san_phams_entity_fk ON public.danh_muc_san_phams_cmps USING btree (entity_id);


--
-- Name: danh_muc_san_phams_field_idx; Type: INDEX; Schema: public; Owner: autotuanlinh_user
--

CREATE INDEX danh_muc_san_phams_field_idx ON public.danh_muc_san_phams_cmps USING btree (field);


--
-- Name: danh_muc_san_phams_updated_by_id_fk; Type: INDEX; Schema: public; Owner: autotuanlinh_user
--

CREATE INDEX danh_muc_san_phams_updated_by_id_fk ON public.danh_muc_san_phams USING btree (updated_by_id);


--
-- Name: don_hangs_component_type_idx; Type: INDEX; Schema: public; Owner: autotuanlinh_user
--

CREATE INDEX don_hangs_component_type_idx ON public.don_hangs_cmps USING btree (component_type);


--
-- Name: don_hangs_created_by_id_fk; Type: INDEX; Schema: public; Owner: autotuanlinh_user
--

CREATE INDEX don_hangs_created_by_id_fk ON public.don_hangs USING btree (created_by_id);


--
-- Name: don_hangs_documents_idx; Type: INDEX; Schema: public; Owner: autotuanlinh_user
--

CREATE INDEX don_hangs_documents_idx ON public.don_hangs USING btree (document_id, locale, published_at);


--
-- Name: don_hangs_entity_fk; Type: INDEX; Schema: public; Owner: autotuanlinh_user
--

CREATE INDEX don_hangs_entity_fk ON public.don_hangs_cmps USING btree (entity_id);


--
-- Name: don_hangs_field_idx; Type: INDEX; Schema: public; Owner: autotuanlinh_user
--

CREATE INDEX don_hangs_field_idx ON public.don_hangs_cmps USING btree (field);


--
-- Name: don_hangs_updated_by_id_fk; Type: INDEX; Schema: public; Owner: autotuanlinh_user
--

CREATE INDEX don_hangs_updated_by_id_fk ON public.don_hangs USING btree (updated_by_id);


--
-- Name: files_created_by_id_fk; Type: INDEX; Schema: public; Owner: autotuanlinh_user
--

CREATE INDEX files_created_by_id_fk ON public.files USING btree (created_by_id);


--
-- Name: files_documents_idx; Type: INDEX; Schema: public; Owner: autotuanlinh_user
--

CREATE INDEX files_documents_idx ON public.files USING btree (document_id, locale, published_at);


--
-- Name: files_folder_lnk_fk; Type: INDEX; Schema: public; Owner: autotuanlinh_user
--

CREATE INDEX files_folder_lnk_fk ON public.files_folder_lnk USING btree (file_id);


--
-- Name: files_folder_lnk_ifk; Type: INDEX; Schema: public; Owner: autotuanlinh_user
--

CREATE INDEX files_folder_lnk_ifk ON public.files_folder_lnk USING btree (folder_id);


--
-- Name: files_folder_lnk_oifk; Type: INDEX; Schema: public; Owner: autotuanlinh_user
--

CREATE INDEX files_folder_lnk_oifk ON public.files_folder_lnk USING btree (file_ord);


--
-- Name: files_related_mph_fk; Type: INDEX; Schema: public; Owner: autotuanlinh_user
--

CREATE INDEX files_related_mph_fk ON public.files_related_mph USING btree (file_id);


--
-- Name: files_related_mph_idix; Type: INDEX; Schema: public; Owner: autotuanlinh_user
--

CREATE INDEX files_related_mph_idix ON public.files_related_mph USING btree (related_id);


--
-- Name: files_related_mph_oidx; Type: INDEX; Schema: public; Owner: autotuanlinh_user
--

CREATE INDEX files_related_mph_oidx ON public.files_related_mph USING btree ("order");


--
-- Name: files_updated_by_id_fk; Type: INDEX; Schema: public; Owner: autotuanlinh_user
--

CREATE INDEX files_updated_by_id_fk ON public.files USING btree (updated_by_id);


--
-- Name: footer_contacts_component_type_idx; Type: INDEX; Schema: public; Owner: autotuanlinh_user
--

CREATE INDEX footer_contacts_component_type_idx ON public.footer_contacts_cmps USING btree (component_type);


--
-- Name: footer_contacts_created_by_id_fk; Type: INDEX; Schema: public; Owner: autotuanlinh_user
--

CREATE INDEX footer_contacts_created_by_id_fk ON public.footer_contacts USING btree (created_by_id);


--
-- Name: footer_contacts_documents_idx; Type: INDEX; Schema: public; Owner: autotuanlinh_user
--

CREATE INDEX footer_contacts_documents_idx ON public.footer_contacts USING btree (document_id, locale, published_at);


--
-- Name: footer_contacts_entity_fk; Type: INDEX; Schema: public; Owner: autotuanlinh_user
--

CREATE INDEX footer_contacts_entity_fk ON public.footer_contacts_cmps USING btree (entity_id);


--
-- Name: footer_contacts_field_idx; Type: INDEX; Schema: public; Owner: autotuanlinh_user
--

CREATE INDEX footer_contacts_field_idx ON public.footer_contacts_cmps USING btree (field);


--
-- Name: footer_contacts_updated_by_id_fk; Type: INDEX; Schema: public; Owner: autotuanlinh_user
--

CREATE INDEX footer_contacts_updated_by_id_fk ON public.footer_contacts USING btree (updated_by_id);


--
-- Name: footers_component_type_idx; Type: INDEX; Schema: public; Owner: autotuanlinh_user
--

CREATE INDEX footers_component_type_idx ON public.footers_cmps USING btree (component_type);


--
-- Name: footers_created_by_id_fk; Type: INDEX; Schema: public; Owner: autotuanlinh_user
--

CREATE INDEX footers_created_by_id_fk ON public.footers USING btree (created_by_id);


--
-- Name: footers_documents_idx; Type: INDEX; Schema: public; Owner: autotuanlinh_user
--

CREATE INDEX footers_documents_idx ON public.footers USING btree (document_id, locale, published_at);


--
-- Name: footers_entity_fk; Type: INDEX; Schema: public; Owner: autotuanlinh_user
--

CREATE INDEX footers_entity_fk ON public.footers_cmps USING btree (entity_id);


--
-- Name: footers_field_idx; Type: INDEX; Schema: public; Owner: autotuanlinh_user
--

CREATE INDEX footers_field_idx ON public.footers_cmps USING btree (field);


--
-- Name: footers_updated_by_id_fk; Type: INDEX; Schema: public; Owner: autotuanlinh_user
--

CREATE INDEX footers_updated_by_id_fk ON public.footers USING btree (updated_by_id);


--
-- Name: homes_component_type_idx; Type: INDEX; Schema: public; Owner: autotuanlinh_user
--

CREATE INDEX homes_component_type_idx ON public.homes_cmps USING btree (component_type);


--
-- Name: homes_created_by_id_fk; Type: INDEX; Schema: public; Owner: autotuanlinh_user
--

CREATE INDEX homes_created_by_id_fk ON public.homes USING btree (created_by_id);


--
-- Name: homes_documents_idx; Type: INDEX; Schema: public; Owner: autotuanlinh_user
--

CREATE INDEX homes_documents_idx ON public.homes USING btree (document_id, locale, published_at);


--
-- Name: homes_entity_fk; Type: INDEX; Schema: public; Owner: autotuanlinh_user
--

CREATE INDEX homes_entity_fk ON public.homes_cmps USING btree (entity_id);


--
-- Name: homes_field_idx; Type: INDEX; Schema: public; Owner: autotuanlinh_user
--

CREATE INDEX homes_field_idx ON public.homes_cmps USING btree (field);


--
-- Name: homes_updated_by_id_fk; Type: INDEX; Schema: public; Owner: autotuanlinh_user
--

CREATE INDEX homes_updated_by_id_fk ON public.homes USING btree (updated_by_id);


--
-- Name: i18n_locale_created_by_id_fk; Type: INDEX; Schema: public; Owner: autotuanlinh_user
--

CREATE INDEX i18n_locale_created_by_id_fk ON public.i18n_locale USING btree (created_by_id);


--
-- Name: i18n_locale_documents_idx; Type: INDEX; Schema: public; Owner: autotuanlinh_user
--

CREATE INDEX i18n_locale_documents_idx ON public.i18n_locale USING btree (document_id, locale, published_at);


--
-- Name: i18n_locale_updated_by_id_fk; Type: INDEX; Schema: public; Owner: autotuanlinh_user
--

CREATE INDEX i18n_locale_updated_by_id_fk ON public.i18n_locale USING btree (updated_by_id);


--
-- Name: newsletter_subscriptions_created_by_id_fk; Type: INDEX; Schema: public; Owner: autotuanlinh_user
--

CREATE INDEX newsletter_subscriptions_created_by_id_fk ON public.newsletter_subscriptions USING btree (created_by_id);


--
-- Name: newsletter_subscriptions_documents_idx; Type: INDEX; Schema: public; Owner: autotuanlinh_user
--

CREATE INDEX newsletter_subscriptions_documents_idx ON public.newsletter_subscriptions USING btree (document_id, locale, published_at);


--
-- Name: newsletter_subscriptions_updated_by_id_fk; Type: INDEX; Schema: public; Owner: autotuanlinh_user
--

CREATE INDEX newsletter_subscriptions_updated_by_id_fk ON public.newsletter_subscriptions USING btree (updated_by_id);


--
-- Name: san_phams_component_type_idx; Type: INDEX; Schema: public; Owner: autotuanlinh_user
--

CREATE INDEX san_phams_component_type_idx ON public.san_phams_cmps USING btree (component_type);


--
-- Name: san_phams_created_by_id_fk; Type: INDEX; Schema: public; Owner: autotuanlinh_user
--

CREATE INDEX san_phams_created_by_id_fk ON public.san_phams USING btree (created_by_id);


--
-- Name: san_phams_documents_idx; Type: INDEX; Schema: public; Owner: autotuanlinh_user
--

CREATE INDEX san_phams_documents_idx ON public.san_phams USING btree (document_id, locale, published_at);


--
-- Name: san_phams_entity_fk; Type: INDEX; Schema: public; Owner: autotuanlinh_user
--

CREATE INDEX san_phams_entity_fk ON public.san_phams_cmps USING btree (entity_id);


--
-- Name: san_phams_field_idx; Type: INDEX; Schema: public; Owner: autotuanlinh_user
--

CREATE INDEX san_phams_field_idx ON public.san_phams_cmps USING btree (field);


--
-- Name: san_phams_updated_by_id_fk; Type: INDEX; Schema: public; Owner: autotuanlinh_user
--

CREATE INDEX san_phams_updated_by_id_fk ON public.san_phams USING btree (updated_by_id);


--
-- Name: strapi_api_token_permissions_created_by_id_fk; Type: INDEX; Schema: public; Owner: autotuanlinh_user
--

CREATE INDEX strapi_api_token_permissions_created_by_id_fk ON public.strapi_api_token_permissions USING btree (created_by_id);


--
-- Name: strapi_api_token_permissions_documents_idx; Type: INDEX; Schema: public; Owner: autotuanlinh_user
--

CREATE INDEX strapi_api_token_permissions_documents_idx ON public.strapi_api_token_permissions USING btree (document_id, locale, published_at);


--
-- Name: strapi_api_token_permissions_token_lnk_fk; Type: INDEX; Schema: public; Owner: autotuanlinh_user
--

CREATE INDEX strapi_api_token_permissions_token_lnk_fk ON public.strapi_api_token_permissions_token_lnk USING btree (api_token_permission_id);


--
-- Name: strapi_api_token_permissions_token_lnk_ifk; Type: INDEX; Schema: public; Owner: autotuanlinh_user
--

CREATE INDEX strapi_api_token_permissions_token_lnk_ifk ON public.strapi_api_token_permissions_token_lnk USING btree (api_token_id);


--
-- Name: strapi_api_token_permissions_token_lnk_oifk; Type: INDEX; Schema: public; Owner: autotuanlinh_user
--

CREATE INDEX strapi_api_token_permissions_token_lnk_oifk ON public.strapi_api_token_permissions_token_lnk USING btree (api_token_permission_ord);


--
-- Name: strapi_api_token_permissions_updated_by_id_fk; Type: INDEX; Schema: public; Owner: autotuanlinh_user
--

CREATE INDEX strapi_api_token_permissions_updated_by_id_fk ON public.strapi_api_token_permissions USING btree (updated_by_id);


--
-- Name: strapi_api_tokens_created_by_id_fk; Type: INDEX; Schema: public; Owner: autotuanlinh_user
--

CREATE INDEX strapi_api_tokens_created_by_id_fk ON public.strapi_api_tokens USING btree (created_by_id);


--
-- Name: strapi_api_tokens_documents_idx; Type: INDEX; Schema: public; Owner: autotuanlinh_user
--

CREATE INDEX strapi_api_tokens_documents_idx ON public.strapi_api_tokens USING btree (document_id, locale, published_at);


--
-- Name: strapi_api_tokens_updated_by_id_fk; Type: INDEX; Schema: public; Owner: autotuanlinh_user
--

CREATE INDEX strapi_api_tokens_updated_by_id_fk ON public.strapi_api_tokens USING btree (updated_by_id);


--
-- Name: strapi_history_versions_created_by_id_fk; Type: INDEX; Schema: public; Owner: autotuanlinh_user
--

CREATE INDEX strapi_history_versions_created_by_id_fk ON public.strapi_history_versions USING btree (created_by_id);


--
-- Name: strapi_release_actions_created_by_id_fk; Type: INDEX; Schema: public; Owner: autotuanlinh_user
--

CREATE INDEX strapi_release_actions_created_by_id_fk ON public.strapi_release_actions USING btree (created_by_id);


--
-- Name: strapi_release_actions_documents_idx; Type: INDEX; Schema: public; Owner: autotuanlinh_user
--

CREATE INDEX strapi_release_actions_documents_idx ON public.strapi_release_actions USING btree (document_id, locale, published_at);


--
-- Name: strapi_release_actions_release_lnk_fk; Type: INDEX; Schema: public; Owner: autotuanlinh_user
--

CREATE INDEX strapi_release_actions_release_lnk_fk ON public.strapi_release_actions_release_lnk USING btree (release_action_id);


--
-- Name: strapi_release_actions_release_lnk_ifk; Type: INDEX; Schema: public; Owner: autotuanlinh_user
--

CREATE INDEX strapi_release_actions_release_lnk_ifk ON public.strapi_release_actions_release_lnk USING btree (release_id);


--
-- Name: strapi_release_actions_release_lnk_oifk; Type: INDEX; Schema: public; Owner: autotuanlinh_user
--

CREATE INDEX strapi_release_actions_release_lnk_oifk ON public.strapi_release_actions_release_lnk USING btree (release_action_ord);


--
-- Name: strapi_release_actions_updated_by_id_fk; Type: INDEX; Schema: public; Owner: autotuanlinh_user
--

CREATE INDEX strapi_release_actions_updated_by_id_fk ON public.strapi_release_actions USING btree (updated_by_id);


--
-- Name: strapi_releases_created_by_id_fk; Type: INDEX; Schema: public; Owner: autotuanlinh_user
--

CREATE INDEX strapi_releases_created_by_id_fk ON public.strapi_releases USING btree (created_by_id);


--
-- Name: strapi_releases_documents_idx; Type: INDEX; Schema: public; Owner: autotuanlinh_user
--

CREATE INDEX strapi_releases_documents_idx ON public.strapi_releases USING btree (document_id, locale, published_at);


--
-- Name: strapi_releases_updated_by_id_fk; Type: INDEX; Schema: public; Owner: autotuanlinh_user
--

CREATE INDEX strapi_releases_updated_by_id_fk ON public.strapi_releases USING btree (updated_by_id);


--
-- Name: strapi_sessions_created_by_id_fk; Type: INDEX; Schema: public; Owner: autotuanlinh_user
--

CREATE INDEX strapi_sessions_created_by_id_fk ON public.strapi_sessions USING btree (created_by_id);


--
-- Name: strapi_sessions_documents_idx; Type: INDEX; Schema: public; Owner: autotuanlinh_user
--

CREATE INDEX strapi_sessions_documents_idx ON public.strapi_sessions USING btree (document_id, locale, published_at);


--
-- Name: strapi_sessions_updated_by_id_fk; Type: INDEX; Schema: public; Owner: autotuanlinh_user
--

CREATE INDEX strapi_sessions_updated_by_id_fk ON public.strapi_sessions USING btree (updated_by_id);


--
-- Name: strapi_transfer_token_permissions_created_by_id_fk; Type: INDEX; Schema: public; Owner: autotuanlinh_user
--

CREATE INDEX strapi_transfer_token_permissions_created_by_id_fk ON public.strapi_transfer_token_permissions USING btree (created_by_id);


--
-- Name: strapi_transfer_token_permissions_documents_idx; Type: INDEX; Schema: public; Owner: autotuanlinh_user
--

CREATE INDEX strapi_transfer_token_permissions_documents_idx ON public.strapi_transfer_token_permissions USING btree (document_id, locale, published_at);


--
-- Name: strapi_transfer_token_permissions_token_lnk_fk; Type: INDEX; Schema: public; Owner: autotuanlinh_user
--

CREATE INDEX strapi_transfer_token_permissions_token_lnk_fk ON public.strapi_transfer_token_permissions_token_lnk USING btree (transfer_token_permission_id);


--
-- Name: strapi_transfer_token_permissions_token_lnk_ifk; Type: INDEX; Schema: public; Owner: autotuanlinh_user
--

CREATE INDEX strapi_transfer_token_permissions_token_lnk_ifk ON public.strapi_transfer_token_permissions_token_lnk USING btree (transfer_token_id);


--
-- Name: strapi_transfer_token_permissions_token_lnk_oifk; Type: INDEX; Schema: public; Owner: autotuanlinh_user
--

CREATE INDEX strapi_transfer_token_permissions_token_lnk_oifk ON public.strapi_transfer_token_permissions_token_lnk USING btree (transfer_token_permission_ord);


--
-- Name: strapi_transfer_token_permissions_updated_by_id_fk; Type: INDEX; Schema: public; Owner: autotuanlinh_user
--

CREATE INDEX strapi_transfer_token_permissions_updated_by_id_fk ON public.strapi_transfer_token_permissions USING btree (updated_by_id);


--
-- Name: strapi_transfer_tokens_created_by_id_fk; Type: INDEX; Schema: public; Owner: autotuanlinh_user
--

CREATE INDEX strapi_transfer_tokens_created_by_id_fk ON public.strapi_transfer_tokens USING btree (created_by_id);


--
-- Name: strapi_transfer_tokens_documents_idx; Type: INDEX; Schema: public; Owner: autotuanlinh_user
--

CREATE INDEX strapi_transfer_tokens_documents_idx ON public.strapi_transfer_tokens USING btree (document_id, locale, published_at);


--
-- Name: strapi_transfer_tokens_updated_by_id_fk; Type: INDEX; Schema: public; Owner: autotuanlinh_user
--

CREATE INDEX strapi_transfer_tokens_updated_by_id_fk ON public.strapi_transfer_tokens USING btree (updated_by_id);


--
-- Name: strapi_workflows_created_by_id_fk; Type: INDEX; Schema: public; Owner: autotuanlinh_user
--

CREATE INDEX strapi_workflows_created_by_id_fk ON public.strapi_workflows USING btree (created_by_id);


--
-- Name: strapi_workflows_documents_idx; Type: INDEX; Schema: public; Owner: autotuanlinh_user
--

CREATE INDEX strapi_workflows_documents_idx ON public.strapi_workflows USING btree (document_id, locale, published_at);


--
-- Name: strapi_workflows_stage_required_to_publish_lnk_fk; Type: INDEX; Schema: public; Owner: autotuanlinh_user
--

CREATE INDEX strapi_workflows_stage_required_to_publish_lnk_fk ON public.strapi_workflows_stage_required_to_publish_lnk USING btree (workflow_id);


--
-- Name: strapi_workflows_stage_required_to_publish_lnk_ifk; Type: INDEX; Schema: public; Owner: autotuanlinh_user
--

CREATE INDEX strapi_workflows_stage_required_to_publish_lnk_ifk ON public.strapi_workflows_stage_required_to_publish_lnk USING btree (workflow_stage_id);


--
-- Name: strapi_workflows_stages_created_by_id_fk; Type: INDEX; Schema: public; Owner: autotuanlinh_user
--

CREATE INDEX strapi_workflows_stages_created_by_id_fk ON public.strapi_workflows_stages USING btree (created_by_id);


--
-- Name: strapi_workflows_stages_documents_idx; Type: INDEX; Schema: public; Owner: autotuanlinh_user
--

CREATE INDEX strapi_workflows_stages_documents_idx ON public.strapi_workflows_stages USING btree (document_id, locale, published_at);


--
-- Name: strapi_workflows_stages_permissions_lnk_fk; Type: INDEX; Schema: public; Owner: autotuanlinh_user
--

CREATE INDEX strapi_workflows_stages_permissions_lnk_fk ON public.strapi_workflows_stages_permissions_lnk USING btree (workflow_stage_id);


--
-- Name: strapi_workflows_stages_permissions_lnk_ifk; Type: INDEX; Schema: public; Owner: autotuanlinh_user
--

CREATE INDEX strapi_workflows_stages_permissions_lnk_ifk ON public.strapi_workflows_stages_permissions_lnk USING btree (permission_id);


--
-- Name: strapi_workflows_stages_permissions_lnk_ofk; Type: INDEX; Schema: public; Owner: autotuanlinh_user
--

CREATE INDEX strapi_workflows_stages_permissions_lnk_ofk ON public.strapi_workflows_stages_permissions_lnk USING btree (permission_ord);


--
-- Name: strapi_workflows_stages_updated_by_id_fk; Type: INDEX; Schema: public; Owner: autotuanlinh_user
--

CREATE INDEX strapi_workflows_stages_updated_by_id_fk ON public.strapi_workflows_stages USING btree (updated_by_id);


--
-- Name: strapi_workflows_stages_workflow_lnk_fk; Type: INDEX; Schema: public; Owner: autotuanlinh_user
--

CREATE INDEX strapi_workflows_stages_workflow_lnk_fk ON public.strapi_workflows_stages_workflow_lnk USING btree (workflow_stage_id);


--
-- Name: strapi_workflows_stages_workflow_lnk_ifk; Type: INDEX; Schema: public; Owner: autotuanlinh_user
--

CREATE INDEX strapi_workflows_stages_workflow_lnk_ifk ON public.strapi_workflows_stages_workflow_lnk USING btree (workflow_id);


--
-- Name: strapi_workflows_stages_workflow_lnk_oifk; Type: INDEX; Schema: public; Owner: autotuanlinh_user
--

CREATE INDEX strapi_workflows_stages_workflow_lnk_oifk ON public.strapi_workflows_stages_workflow_lnk USING btree (workflow_stage_ord);


--
-- Name: strapi_workflows_updated_by_id_fk; Type: INDEX; Schema: public; Owner: autotuanlinh_user
--

CREATE INDEX strapi_workflows_updated_by_id_fk ON public.strapi_workflows USING btree (updated_by_id);


--
-- Name: topic_blogs_created_by_id_fk; Type: INDEX; Schema: public; Owner: autotuanlinh_user
--

CREATE INDEX topic_blogs_created_by_id_fk ON public.topic_blogs USING btree (created_by_id);


--
-- Name: topic_blogs_documents_idx; Type: INDEX; Schema: public; Owner: autotuanlinh_user
--

CREATE INDEX topic_blogs_documents_idx ON public.topic_blogs USING btree (document_id, locale, published_at);


--
-- Name: topic_blogs_updated_by_id_fk; Type: INDEX; Schema: public; Owner: autotuanlinh_user
--

CREATE INDEX topic_blogs_updated_by_id_fk ON public.topic_blogs USING btree (updated_by_id);


--
-- Name: up_permissions_created_by_id_fk; Type: INDEX; Schema: public; Owner: autotuanlinh_user
--

CREATE INDEX up_permissions_created_by_id_fk ON public.up_permissions USING btree (created_by_id);


--
-- Name: up_permissions_documents_idx; Type: INDEX; Schema: public; Owner: autotuanlinh_user
--

CREATE INDEX up_permissions_documents_idx ON public.up_permissions USING btree (document_id, locale, published_at);


--
-- Name: up_permissions_role_lnk_fk; Type: INDEX; Schema: public; Owner: autotuanlinh_user
--

CREATE INDEX up_permissions_role_lnk_fk ON public.up_permissions_role_lnk USING btree (permission_id);


--
-- Name: up_permissions_role_lnk_ifk; Type: INDEX; Schema: public; Owner: autotuanlinh_user
--

CREATE INDEX up_permissions_role_lnk_ifk ON public.up_permissions_role_lnk USING btree (role_id);


--
-- Name: up_permissions_role_lnk_oifk; Type: INDEX; Schema: public; Owner: autotuanlinh_user
--

CREATE INDEX up_permissions_role_lnk_oifk ON public.up_permissions_role_lnk USING btree (permission_ord);


--
-- Name: up_permissions_updated_by_id_fk; Type: INDEX; Schema: public; Owner: autotuanlinh_user
--

CREATE INDEX up_permissions_updated_by_id_fk ON public.up_permissions USING btree (updated_by_id);


--
-- Name: up_roles_created_by_id_fk; Type: INDEX; Schema: public; Owner: autotuanlinh_user
--

CREATE INDEX up_roles_created_by_id_fk ON public.up_roles USING btree (created_by_id);


--
-- Name: up_roles_documents_idx; Type: INDEX; Schema: public; Owner: autotuanlinh_user
--

CREATE INDEX up_roles_documents_idx ON public.up_roles USING btree (document_id, locale, published_at);


--
-- Name: up_roles_updated_by_id_fk; Type: INDEX; Schema: public; Owner: autotuanlinh_user
--

CREATE INDEX up_roles_updated_by_id_fk ON public.up_roles USING btree (updated_by_id);


--
-- Name: up_users_created_by_id_fk; Type: INDEX; Schema: public; Owner: autotuanlinh_user
--

CREATE INDEX up_users_created_by_id_fk ON public.up_users USING btree (created_by_id);


--
-- Name: up_users_documents_idx; Type: INDEX; Schema: public; Owner: autotuanlinh_user
--

CREATE INDEX up_users_documents_idx ON public.up_users USING btree (document_id, locale, published_at);


--
-- Name: up_users_role_lnk_fk; Type: INDEX; Schema: public; Owner: autotuanlinh_user
--

CREATE INDEX up_users_role_lnk_fk ON public.up_users_role_lnk USING btree (user_id);


--
-- Name: up_users_role_lnk_ifk; Type: INDEX; Schema: public; Owner: autotuanlinh_user
--

CREATE INDEX up_users_role_lnk_ifk ON public.up_users_role_lnk USING btree (role_id);


--
-- Name: up_users_role_lnk_oifk; Type: INDEX; Schema: public; Owner: autotuanlinh_user
--

CREATE INDEX up_users_role_lnk_oifk ON public.up_users_role_lnk USING btree (user_ord);


--
-- Name: up_users_updated_by_id_fk; Type: INDEX; Schema: public; Owner: autotuanlinh_user
--

CREATE INDEX up_users_updated_by_id_fk ON public.up_users USING btree (updated_by_id);


--
-- Name: upload_files_created_at_index; Type: INDEX; Schema: public; Owner: autotuanlinh_user
--

CREATE INDEX upload_files_created_at_index ON public.files USING btree (created_at);


--
-- Name: upload_files_ext_index; Type: INDEX; Schema: public; Owner: autotuanlinh_user
--

CREATE INDEX upload_files_ext_index ON public.files USING btree (ext);


--
-- Name: upload_files_folder_path_index; Type: INDEX; Schema: public; Owner: autotuanlinh_user
--

CREATE INDEX upload_files_folder_path_index ON public.files USING btree (folder_path);


--
-- Name: upload_files_name_index; Type: INDEX; Schema: public; Owner: autotuanlinh_user
--

CREATE INDEX upload_files_name_index ON public.files USING btree (name);


--
-- Name: upload_files_size_index; Type: INDEX; Schema: public; Owner: autotuanlinh_user
--

CREATE INDEX upload_files_size_index ON public.files USING btree (size);


--
-- Name: upload_files_updated_at_index; Type: INDEX; Schema: public; Owner: autotuanlinh_user
--

CREATE INDEX upload_files_updated_at_index ON public.files USING btree (updated_at);


--
-- Name: upload_folders_created_by_id_fk; Type: INDEX; Schema: public; Owner: autotuanlinh_user
--

CREATE INDEX upload_folders_created_by_id_fk ON public.upload_folders USING btree (created_by_id);


--
-- Name: upload_folders_documents_idx; Type: INDEX; Schema: public; Owner: autotuanlinh_user
--

CREATE INDEX upload_folders_documents_idx ON public.upload_folders USING btree (document_id, locale, published_at);


--
-- Name: upload_folders_parent_lnk_fk; Type: INDEX; Schema: public; Owner: autotuanlinh_user
--

CREATE INDEX upload_folders_parent_lnk_fk ON public.upload_folders_parent_lnk USING btree (folder_id);


--
-- Name: upload_folders_parent_lnk_ifk; Type: INDEX; Schema: public; Owner: autotuanlinh_user
--

CREATE INDEX upload_folders_parent_lnk_ifk ON public.upload_folders_parent_lnk USING btree (inv_folder_id);


--
-- Name: upload_folders_parent_lnk_oifk; Type: INDEX; Schema: public; Owner: autotuanlinh_user
--

CREATE INDEX upload_folders_parent_lnk_oifk ON public.upload_folders_parent_lnk USING btree (folder_ord);


--
-- Name: upload_folders_updated_by_id_fk; Type: INDEX; Schema: public; Owner: autotuanlinh_user
--

CREATE INDEX upload_folders_updated_by_id_fk ON public.upload_folders USING btree (updated_by_id);


--
-- Name: ve_chung_tois_component_type_idx; Type: INDEX; Schema: public; Owner: autotuanlinh_user
--

CREATE INDEX ve_chung_tois_component_type_idx ON public.ve_chung_tois_cmps USING btree (component_type);


--
-- Name: ve_chung_tois_created_by_id_fk; Type: INDEX; Schema: public; Owner: autotuanlinh_user
--

CREATE INDEX ve_chung_tois_created_by_id_fk ON public.ve_chung_tois USING btree (created_by_id);


--
-- Name: ve_chung_tois_documents_idx; Type: INDEX; Schema: public; Owner: autotuanlinh_user
--

CREATE INDEX ve_chung_tois_documents_idx ON public.ve_chung_tois USING btree (document_id, locale, published_at);


--
-- Name: ve_chung_tois_entity_fk; Type: INDEX; Schema: public; Owner: autotuanlinh_user
--

CREATE INDEX ve_chung_tois_entity_fk ON public.ve_chung_tois_cmps USING btree (entity_id);


--
-- Name: ve_chung_tois_field_idx; Type: INDEX; Schema: public; Owner: autotuanlinh_user
--

CREATE INDEX ve_chung_tois_field_idx ON public.ve_chung_tois_cmps USING btree (field);


--
-- Name: ve_chung_tois_updated_by_id_fk; Type: INDEX; Schema: public; Owner: autotuanlinh_user
--

CREATE INDEX ve_chung_tois_updated_by_id_fk ON public.ve_chung_tois USING btree (updated_by_id);


--
-- Name: admin_permissions admin_permissions_created_by_id_fk; Type: FK CONSTRAINT; Schema: public; Owner: autotuanlinh_user
--

ALTER TABLE ONLY public.admin_permissions
    ADD CONSTRAINT admin_permissions_created_by_id_fk FOREIGN KEY (created_by_id) REFERENCES public.admin_users(id) ON DELETE SET NULL;


--
-- Name: admin_permissions_role_lnk admin_permissions_role_lnk_fk; Type: FK CONSTRAINT; Schema: public; Owner: autotuanlinh_user
--

ALTER TABLE ONLY public.admin_permissions_role_lnk
    ADD CONSTRAINT admin_permissions_role_lnk_fk FOREIGN KEY (permission_id) REFERENCES public.admin_permissions(id) ON DELETE CASCADE;


--
-- Name: admin_permissions_role_lnk admin_permissions_role_lnk_ifk; Type: FK CONSTRAINT; Schema: public; Owner: autotuanlinh_user
--

ALTER TABLE ONLY public.admin_permissions_role_lnk
    ADD CONSTRAINT admin_permissions_role_lnk_ifk FOREIGN KEY (role_id) REFERENCES public.admin_roles(id) ON DELETE CASCADE;


--
-- Name: admin_permissions admin_permissions_updated_by_id_fk; Type: FK CONSTRAINT; Schema: public; Owner: autotuanlinh_user
--

ALTER TABLE ONLY public.admin_permissions
    ADD CONSTRAINT admin_permissions_updated_by_id_fk FOREIGN KEY (updated_by_id) REFERENCES public.admin_users(id) ON DELETE SET NULL;


--
-- Name: admin_roles admin_roles_created_by_id_fk; Type: FK CONSTRAINT; Schema: public; Owner: autotuanlinh_user
--

ALTER TABLE ONLY public.admin_roles
    ADD CONSTRAINT admin_roles_created_by_id_fk FOREIGN KEY (created_by_id) REFERENCES public.admin_users(id) ON DELETE SET NULL;


--
-- Name: admin_roles admin_roles_updated_by_id_fk; Type: FK CONSTRAINT; Schema: public; Owner: autotuanlinh_user
--

ALTER TABLE ONLY public.admin_roles
    ADD CONSTRAINT admin_roles_updated_by_id_fk FOREIGN KEY (updated_by_id) REFERENCES public.admin_users(id) ON DELETE SET NULL;


--
-- Name: admin_users admin_users_created_by_id_fk; Type: FK CONSTRAINT; Schema: public; Owner: autotuanlinh_user
--

ALTER TABLE ONLY public.admin_users
    ADD CONSTRAINT admin_users_created_by_id_fk FOREIGN KEY (created_by_id) REFERENCES public.admin_users(id) ON DELETE SET NULL;


--
-- Name: admin_users_roles_lnk admin_users_roles_lnk_fk; Type: FK CONSTRAINT; Schema: public; Owner: autotuanlinh_user
--

ALTER TABLE ONLY public.admin_users_roles_lnk
    ADD CONSTRAINT admin_users_roles_lnk_fk FOREIGN KEY (user_id) REFERENCES public.admin_users(id) ON DELETE CASCADE;


--
-- Name: admin_users_roles_lnk admin_users_roles_lnk_ifk; Type: FK CONSTRAINT; Schema: public; Owner: autotuanlinh_user
--

ALTER TABLE ONLY public.admin_users_roles_lnk
    ADD CONSTRAINT admin_users_roles_lnk_ifk FOREIGN KEY (role_id) REFERENCES public.admin_roles(id) ON DELETE CASCADE;


--
-- Name: admin_users admin_users_updated_by_id_fk; Type: FK CONSTRAINT; Schema: public; Owner: autotuanlinh_user
--

ALTER TABLE ONLY public.admin_users
    ADD CONSTRAINT admin_users_updated_by_id_fk FOREIGN KEY (updated_by_id) REFERENCES public.admin_users(id) ON DELETE SET NULL;


--
-- Name: blogs blogs_created_by_id_fk; Type: FK CONSTRAINT; Schema: public; Owner: autotuanlinh_user
--

ALTER TABLE ONLY public.blogs
    ADD CONSTRAINT blogs_created_by_id_fk FOREIGN KEY (created_by_id) REFERENCES public.admin_users(id) ON DELETE SET NULL;


--
-- Name: blogs_cmps blogs_entity_fk; Type: FK CONSTRAINT; Schema: public; Owner: autotuanlinh_user
--

ALTER TABLE ONLY public.blogs_cmps
    ADD CONSTRAINT blogs_entity_fk FOREIGN KEY (entity_id) REFERENCES public.blogs(id) ON DELETE CASCADE;


--
-- Name: blogs_topic_blog_lnk blogs_topic_blog_lnk_fk; Type: FK CONSTRAINT; Schema: public; Owner: autotuanlinh_user
--

ALTER TABLE ONLY public.blogs_topic_blog_lnk
    ADD CONSTRAINT blogs_topic_blog_lnk_fk FOREIGN KEY (blog_id) REFERENCES public.blogs(id) ON DELETE CASCADE;


--
-- Name: blogs_topic_blog_lnk blogs_topic_blog_lnk_ifk; Type: FK CONSTRAINT; Schema: public; Owner: autotuanlinh_user
--

ALTER TABLE ONLY public.blogs_topic_blog_lnk
    ADD CONSTRAINT blogs_topic_blog_lnk_ifk FOREIGN KEY (topic_blog_id) REFERENCES public.topic_blogs(id) ON DELETE CASCADE;


--
-- Name: blogs blogs_updated_by_id_fk; Type: FK CONSTRAINT; Schema: public; Owner: autotuanlinh_user
--

ALTER TABLE ONLY public.blogs
    ADD CONSTRAINT blogs_updated_by_id_fk FOREIGN KEY (updated_by_id) REFERENCES public.admin_users(id) ON DELETE SET NULL;


--
-- Name: components_about_before_after_sections_cmps components_about_before_after_sections_entity_fk; Type: FK CONSTRAINT; Schema: public; Owner: autotuanlinh_user
--

ALTER TABLE ONLY public.components_about_before_after_sections_cmps
    ADD CONSTRAINT components_about_before_after_sections_entity_fk FOREIGN KEY (entity_id) REFERENCES public.components_about_before_after_sections(id) ON DELETE CASCADE;


--
-- Name: components_about_certifications_sections_cmps components_about_certifications_sections_entity_fk; Type: FK CONSTRAINT; Schema: public; Owner: autotuanlinh_user
--

ALTER TABLE ONLY public.components_about_certifications_sections_cmps
    ADD CONSTRAINT components_about_certifications_sections_entity_fk FOREIGN KEY (entity_id) REFERENCES public.components_about_certifications_sections(id) ON DELETE CASCADE;


--
-- Name: components_about_commitments_sections_cmps components_about_commitments_sections_entity_fk; Type: FK CONSTRAINT; Schema: public; Owner: autotuanlinh_user
--

ALTER TABLE ONLY public.components_about_commitments_sections_cmps
    ADD CONSTRAINT components_about_commitments_sections_entity_fk FOREIGN KEY (entity_id) REFERENCES public.components_about_commitments_sections(id) ON DELETE CASCADE;


--
-- Name: components_about_core_values_sections_cmps components_about_core_values_sections_entity_fk; Type: FK CONSTRAINT; Schema: public; Owner: autotuanlinh_user
--

ALTER TABLE ONLY public.components_about_core_values_sections_cmps
    ADD CONSTRAINT components_about_core_values_sections_entity_fk FOREIGN KEY (entity_id) REFERENCES public.components_about_core_values_sections(id) ON DELETE CASCADE;


--
-- Name: components_about_cta_sections_cmps components_about_cta_sections_entity_fk; Type: FK CONSTRAINT; Schema: public; Owner: autotuanlinh_user
--

ALTER TABLE ONLY public.components_about_cta_sections_cmps
    ADD CONSTRAINT components_about_cta_sections_entity_fk FOREIGN KEY (entity_id) REFERENCES public.components_about_cta_sections(id) ON DELETE CASCADE;


--
-- Name: components_about_history_timeline_sections_cmps components_about_history_timeline_sections_entity_fk; Type: FK CONSTRAINT; Schema: public; Owner: autotuanlinh_user
--

ALTER TABLE ONLY public.components_about_history_timeline_sections_cmps
    ADD CONSTRAINT components_about_history_timeline_sections_entity_fk FOREIGN KEY (entity_id) REFERENCES public.components_about_history_timeline_sections(id) ON DELETE CASCADE;


--
-- Name: components_about_introduction_sections_cmps components_about_introduction_sections_entity_fk; Type: FK CONSTRAINT; Schema: public; Owner: autotuanlinh_user
--

ALTER TABLE ONLY public.components_about_introduction_sections_cmps
    ADD CONSTRAINT components_about_introduction_sections_entity_fk FOREIGN KEY (entity_id) REFERENCES public.components_about_introduction_sections(id) ON DELETE CASCADE;


--
-- Name: components_about_showroom_sections_cmps components_about_showroom_sections_entity_fk; Type: FK CONSTRAINT; Schema: public; Owner: autotuanlinh_user
--

ALTER TABLE ONLY public.components_about_showroom_sections_cmps
    ADD CONSTRAINT components_about_showroom_sections_entity_fk FOREIGN KEY (entity_id) REFERENCES public.components_about_showroom_sections(id) ON DELETE CASCADE;


--
-- Name: components_about_store_locations_sections_cmps components_about_store_locations_sections_entity_fk; Type: FK CONSTRAINT; Schema: public; Owner: autotuanlinh_user
--

ALTER TABLE ONLY public.components_about_store_locations_sections_cmps
    ADD CONSTRAINT components_about_store_locations_sections_entity_fk FOREIGN KEY (entity_id) REFERENCES public.components_about_store_locations_sections(id) ON DELETE CASCADE;


--
-- Name: components_about_team_sections_cmps components_about_team_sections_entity_fk; Type: FK CONSTRAINT; Schema: public; Owner: autotuanlinh_user
--

ALTER TABLE ONLY public.components_about_team_sections_cmps
    ADD CONSTRAINT components_about_team_sections_entity_fk FOREIGN KEY (entity_id) REFERENCES public.components_about_team_sections(id) ON DELETE CASCADE;


--
-- Name: components_about_workshop_sections_cmps components_about_workshop_sections_entity_fk; Type: FK CONSTRAINT; Schema: public; Owner: autotuanlinh_user
--

ALTER TABLE ONLY public.components_about_workshop_sections_cmps
    ADD CONSTRAINT components_about_workshop_sections_entity_fk FOREIGN KEY (entity_id) REFERENCES public.components_about_workshop_sections(id) ON DELETE CASCADE;


--
-- Name: components_danhmuc_baiviet_danh_muc_01fc4_bai_viets_lnk components_danhmuc_baiviet_danh_muc_01fc4_bai_55204_ifk; Type: FK CONSTRAINT; Schema: public; Owner: autotuanlinh_user
--

ALTER TABLE ONLY public.components_danhmuc_baiviet_danh_muc_01fc4_bai_viets_lnk
    ADD CONSTRAINT components_danhmuc_baiviet_danh_muc_01fc4_bai_55204_ifk FOREIGN KEY (blog_id) REFERENCES public.blogs(id) ON DELETE CASCADE;


--
-- Name: components_danhmuc_baiviet_danh_muc_01fc4_bai_viets_lnk components_danhmuc_baiviet_danh_muc_01fc4_bai_v55204_fk; Type: FK CONSTRAINT; Schema: public; Owner: autotuanlinh_user
--

ALTER TABLE ONLY public.components_danhmuc_baiviet_danh_muc_01fc4_bai_viets_lnk
    ADD CONSTRAINT components_danhmuc_baiviet_danh_muc_01fc4_bai_v55204_fk FOREIGN KEY (danh_muc_bai_viet_cap_3_id) REFERENCES public.components_danhmuc_baiviet_danh_muc_bai_viet_cap_3s(id) ON DELETE CASCADE;


--
-- Name: components_danhmuc_baiviet_danh_muc_bai_viet_18708_cmps components_danhmuc_baiviet_danh_muc_bai_18708_entity_fk; Type: FK CONSTRAINT; Schema: public; Owner: autotuanlinh_user
--

ALTER TABLE ONLY public.components_danhmuc_baiviet_danh_muc_bai_viet_18708_cmps
    ADD CONSTRAINT components_danhmuc_baiviet_danh_muc_bai_18708_entity_fk FOREIGN KEY (entity_id) REFERENCES public.components_danhmuc_baiviet_danh_muc_bai_viet_cap_2s(id) ON DELETE CASCADE;


--
-- Name: components_danhmuc_baiviet_danh_muc_bai_viet_800e8_cmps components_danhmuc_baiviet_danh_muc_bai_800e8_entity_fk; Type: FK CONSTRAINT; Schema: public; Owner: autotuanlinh_user
--

ALTER TABLE ONLY public.components_danhmuc_baiviet_danh_muc_bai_viet_800e8_cmps
    ADD CONSTRAINT components_danhmuc_baiviet_danh_muc_bai_800e8_entity_fk FOREIGN KEY (entity_id) REFERENCES public.components_danhmuc_baiviet_danh_muc_bai_viet_cap_3s(id) ON DELETE CASCADE;


--
-- Name: components_danhmuc_baiviet_danh_muc_e8c55_bai_viets_lnk components_danhmuc_baiviet_danh_muc_e8c55_bai_3805d_ifk; Type: FK CONSTRAINT; Schema: public; Owner: autotuanlinh_user
--

ALTER TABLE ONLY public.components_danhmuc_baiviet_danh_muc_e8c55_bai_viets_lnk
    ADD CONSTRAINT components_danhmuc_baiviet_danh_muc_e8c55_bai_3805d_ifk FOREIGN KEY (blog_id) REFERENCES public.blogs(id) ON DELETE CASCADE;


--
-- Name: components_danhmuc_baiviet_danh_muc_e8c55_bai_viets_lnk components_danhmuc_baiviet_danh_muc_e8c55_bai_v3805d_fk; Type: FK CONSTRAINT; Schema: public; Owner: autotuanlinh_user
--

ALTER TABLE ONLY public.components_danhmuc_baiviet_danh_muc_e8c55_bai_viets_lnk
    ADD CONSTRAINT components_danhmuc_baiviet_danh_muc_e8c55_bai_v3805d_fk FOREIGN KEY (danh_muc_bai_viet_cap_2_id) REFERENCES public.components_danhmuc_baiviet_danh_muc_bai_viet_cap_2s(id) ON DELETE CASCADE;


--
-- Name: components_danhmuc_danh_muc_cap_2s_cmps components_danhmuc_danh_muc_cap_2s_entity_fk; Type: FK CONSTRAINT; Schema: public; Owner: autotuanlinh_user
--

ALTER TABLE ONLY public.components_danhmuc_danh_muc_cap_2s_cmps
    ADD CONSTRAINT components_danhmuc_danh_muc_cap_2s_entity_fk FOREIGN KEY (entity_id) REFERENCES public.components_danhmuc_danh_muc_cap_2s(id) ON DELETE CASCADE;


--
-- Name: components_danhmuc_danh_muc_cap_3_s_san_phams_lnk components_danhmuc_danh_muc_cap_3_s_san_phams_lnk_fk; Type: FK CONSTRAINT; Schema: public; Owner: autotuanlinh_user
--

ALTER TABLE ONLY public.components_danhmuc_danh_muc_cap_3_s_san_phams_lnk
    ADD CONSTRAINT components_danhmuc_danh_muc_cap_3_s_san_phams_lnk_fk FOREIGN KEY (danh_muc_cap_3_id) REFERENCES public.components_danhmuc_danh_muc_cap_3s(id) ON DELETE CASCADE;


--
-- Name: components_danhmuc_danh_muc_cap_3_s_san_phams_lnk components_danhmuc_danh_muc_cap_3_s_san_phams_lnk_ifk; Type: FK CONSTRAINT; Schema: public; Owner: autotuanlinh_user
--

ALTER TABLE ONLY public.components_danhmuc_danh_muc_cap_3_s_san_phams_lnk
    ADD CONSTRAINT components_danhmuc_danh_muc_cap_3_s_san_phams_lnk_ifk FOREIGN KEY (san_pham_id) REFERENCES public.san_phams(id) ON DELETE CASCADE;


--
-- Name: components_danhmuc_danh_muc_cap_3s_cmps components_danhmuc_danh_muc_cap_3s_entity_fk; Type: FK CONSTRAINT; Schema: public; Owner: autotuanlinh_user
--

ALTER TABLE ONLY public.components_danhmuc_danh_muc_cap_3s_cmps
    ADD CONSTRAINT components_danhmuc_danh_muc_cap_3s_entity_fk FOREIGN KEY (entity_id) REFERENCES public.components_danhmuc_danh_muc_cap_3s(id) ON DELETE CASCADE;


--
-- Name: components_home_blog_cards_blog_lnk components_home_blog_cards_blog_lnk_fk; Type: FK CONSTRAINT; Schema: public; Owner: autotuanlinh_user
--

ALTER TABLE ONLY public.components_home_blog_cards_blog_lnk
    ADD CONSTRAINT components_home_blog_cards_blog_lnk_fk FOREIGN KEY (blog_card_id) REFERENCES public.components_home_blog_cards(id) ON DELETE CASCADE;


--
-- Name: components_home_blog_cards_blog_lnk components_home_blog_cards_blog_lnk_ifk; Type: FK CONSTRAINT; Schema: public; Owner: autotuanlinh_user
--

ALTER TABLE ONLY public.components_home_blog_cards_blog_lnk
    ADD CONSTRAINT components_home_blog_cards_blog_lnk_ifk FOREIGN KEY (blog_id) REFERENCES public.blogs(id) ON DELETE CASCADE;


--
-- Name: components_home_contact_sections_cmps components_home_contact_sections_entity_fk; Type: FK CONSTRAINT; Schema: public; Owner: autotuanlinh_user
--

ALTER TABLE ONLY public.components_home_contact_sections_cmps
    ADD CONSTRAINT components_home_contact_sections_entity_fk FOREIGN KEY (entity_id) REFERENCES public.components_home_contact_sections(id) ON DELETE CASCADE;


--
-- Name: components_home_cta_sections_cmps components_home_cta_sections_entity_fk; Type: FK CONSTRAINT; Schema: public; Owner: autotuanlinh_user
--

ALTER TABLE ONLY public.components_home_cta_sections_cmps
    ADD CONSTRAINT components_home_cta_sections_entity_fk FOREIGN KEY (entity_id) REFERENCES public.components_home_cta_sections(id) ON DELETE CASCADE;


--
-- Name: components_home_faq_sections_cmps components_home_faq_sections_entity_fk; Type: FK CONSTRAINT; Schema: public; Owner: autotuanlinh_user
--

ALTER TABLE ONLY public.components_home_faq_sections_cmps
    ADD CONSTRAINT components_home_faq_sections_entity_fk FOREIGN KEY (entity_id) REFERENCES public.components_home_faq_sections(id) ON DELETE CASCADE;


--
-- Name: components_home_featured_product_cards_cmps components_home_featured_product_cards_entity_fk; Type: FK CONSTRAINT; Schema: public; Owner: autotuanlinh_user
--

ALTER TABLE ONLY public.components_home_featured_product_cards_cmps
    ADD CONSTRAINT components_home_featured_product_cards_entity_fk FOREIGN KEY (entity_id) REFERENCES public.components_home_featured_product_cards(id) ON DELETE CASCADE;


--
-- Name: components_home_featured_product_cards_san_pham_lnk components_home_featured_product_cards_san_pham_lnk_fk; Type: FK CONSTRAINT; Schema: public; Owner: autotuanlinh_user
--

ALTER TABLE ONLY public.components_home_featured_product_cards_san_pham_lnk
    ADD CONSTRAINT components_home_featured_product_cards_san_pham_lnk_fk FOREIGN KEY (featured_product_card_id) REFERENCES public.components_home_featured_product_cards(id) ON DELETE CASCADE;


--
-- Name: components_home_featured_product_cards_san_pham_lnk components_home_featured_product_cards_san_pham_lnk_ifk; Type: FK CONSTRAINT; Schema: public; Owner: autotuanlinh_user
--

ALTER TABLE ONLY public.components_home_featured_product_cards_san_pham_lnk
    ADD CONSTRAINT components_home_featured_product_cards_san_pham_lnk_ifk FOREIGN KEY (san_pham_id) REFERENCES public.san_phams(id) ON DELETE CASCADE;


--
-- Name: components_home_featured_products_sections_products_lnk components_home_featured_products_sections_pro8f886_ifk; Type: FK CONSTRAINT; Schema: public; Owner: autotuanlinh_user
--

ALTER TABLE ONLY public.components_home_featured_products_sections_products_lnk
    ADD CONSTRAINT components_home_featured_products_sections_pro8f886_ifk FOREIGN KEY (san_pham_id) REFERENCES public.san_phams(id) ON DELETE CASCADE;


--
-- Name: components_home_featured_products_sections_products_lnk components_home_featured_products_sections_prod8f886_fk; Type: FK CONSTRAINT; Schema: public; Owner: autotuanlinh_user
--

ALTER TABLE ONLY public.components_home_featured_products_sections_products_lnk
    ADD CONSTRAINT components_home_featured_products_sections_prod8f886_fk FOREIGN KEY (featured_products_section_id) REFERENCES public.components_home_featured_products_sections(id) ON DELETE CASCADE;


--
-- Name: components_home_gallery_sections_cmps components_home_gallery_sections_entity_fk; Type: FK CONSTRAINT; Schema: public; Owner: autotuanlinh_user
--

ALTER TABLE ONLY public.components_home_gallery_sections_cmps
    ADD CONSTRAINT components_home_gallery_sections_entity_fk FOREIGN KEY (entity_id) REFERENCES public.components_home_gallery_sections(id) ON DELETE CASCADE;


--
-- Name: components_home_latest_news_sections_blogs_lnk components_home_latest_news_sections_blogs_lnk_fk; Type: FK CONSTRAINT; Schema: public; Owner: autotuanlinh_user
--

ALTER TABLE ONLY public.components_home_latest_news_sections_blogs_lnk
    ADD CONSTRAINT components_home_latest_news_sections_blogs_lnk_fk FOREIGN KEY (latest_news_section_id) REFERENCES public.components_home_latest_news_sections(id) ON DELETE CASCADE;


--
-- Name: components_home_latest_news_sections_blogs_lnk components_home_latest_news_sections_blogs_lnk_ifk; Type: FK CONSTRAINT; Schema: public; Owner: autotuanlinh_user
--

ALTER TABLE ONLY public.components_home_latest_news_sections_blogs_lnk
    ADD CONSTRAINT components_home_latest_news_sections_blogs_lnk_ifk FOREIGN KEY (blog_id) REFERENCES public.blogs(id) ON DELETE CASCADE;


--
-- Name: components_home_latest_news_sections_cmps components_home_latest_news_sections_entity_fk; Type: FK CONSTRAINT; Schema: public; Owner: autotuanlinh_user
--

ALTER TABLE ONLY public.components_home_latest_news_sections_cmps
    ADD CONSTRAINT components_home_latest_news_sections_entity_fk FOREIGN KEY (entity_id) REFERENCES public.components_home_latest_news_sections(id) ON DELETE CASCADE;


--
-- Name: components_home_partner_brands_sections_cmps components_home_partner_brands_sections_entity_fk; Type: FK CONSTRAINT; Schema: public; Owner: autotuanlinh_user
--

ALTER TABLE ONLY public.components_home_partner_brands_sections_cmps
    ADD CONSTRAINT components_home_partner_brands_sections_entity_fk FOREIGN KEY (entity_id) REFERENCES public.components_home_partner_brands_sections(id) ON DELETE CASCADE;


--
-- Name: components_home_process_sections_cmps components_home_process_sections_entity_fk; Type: FK CONSTRAINT; Schema: public; Owner: autotuanlinh_user
--

ALTER TABLE ONLY public.components_home_process_sections_cmps
    ADD CONSTRAINT components_home_process_sections_entity_fk FOREIGN KEY (entity_id) REFERENCES public.components_home_process_sections(id) ON DELETE CASCADE;


--
-- Name: components_home_product_cat2dfe5_danh_muc_san_phams_lnk components_home_product_cat2dfe5_danh_muc_san_47d99_ifk; Type: FK CONSTRAINT; Schema: public; Owner: autotuanlinh_user
--

ALTER TABLE ONLY public.components_home_product_cat2dfe5_danh_muc_san_phams_lnk
    ADD CONSTRAINT components_home_product_cat2dfe5_danh_muc_san_47d99_ifk FOREIGN KEY (danh_muc_san_pham_id) REFERENCES public.danh_muc_san_phams(id) ON DELETE CASCADE;


--
-- Name: components_home_product_cat2dfe5_danh_muc_san_phams_lnk components_home_product_cat2dfe5_danh_muc_san_p47d99_fk; Type: FK CONSTRAINT; Schema: public; Owner: autotuanlinh_user
--

ALTER TABLE ONLY public.components_home_product_cat2dfe5_danh_muc_san_phams_lnk
    ADD CONSTRAINT components_home_product_cat2dfe5_danh_muc_san_p47d99_fk FOREIGN KEY (product_categories_section_id) REFERENCES public.components_home_product_categories_sections(id) ON DELETE CASCADE;


--
-- Name: components_home_product_cate2013c_danh_muc_san_pham_lnk components_home_product_cate2013c_danh_muc_san_f7c28_fk; Type: FK CONSTRAINT; Schema: public; Owner: autotuanlinh_user
--

ALTER TABLE ONLY public.components_home_product_cate2013c_danh_muc_san_pham_lnk
    ADD CONSTRAINT components_home_product_cate2013c_danh_muc_san_f7c28_fk FOREIGN KEY (product_category_card_id) REFERENCES public.components_home_product_category_cards(id) ON DELETE CASCADE;


--
-- Name: components_home_product_cate2013c_danh_muc_san_pham_lnk components_home_product_cate2013c_danh_muc_sanf7c28_ifk; Type: FK CONSTRAINT; Schema: public; Owner: autotuanlinh_user
--

ALTER TABLE ONLY public.components_home_product_cate2013c_danh_muc_san_pham_lnk
    ADD CONSTRAINT components_home_product_cate2013c_danh_muc_sanf7c28_ifk FOREIGN KEY (danh_muc_san_pham_id) REFERENCES public.danh_muc_san_phams(id) ON DELETE CASCADE;


--
-- Name: components_home_professional_services_sections_cmps components_home_professional_services_sec2f25_entity_fk; Type: FK CONSTRAINT; Schema: public; Owner: autotuanlinh_user
--

ALTER TABLE ONLY public.components_home_professional_services_sections_cmps
    ADD CONSTRAINT components_home_professional_services_sec2f25_entity_fk FOREIGN KEY (entity_id) REFERENCES public.components_home_professional_services_sections(id) ON DELETE CASCADE;


--
-- Name: components_home_service_cards_cmps components_home_service_cards_entity_fk; Type: FK CONSTRAINT; Schema: public; Owner: autotuanlinh_user
--

ALTER TABLE ONLY public.components_home_service_cards_cmps
    ADD CONSTRAINT components_home_service_cards_entity_fk FOREIGN KEY (entity_id) REFERENCES public.components_home_service_cards(id) ON DELETE CASCADE;


--
-- Name: components_home_special_promotions_sections_cmps components_home_special_promotions_sections_entity_fk; Type: FK CONSTRAINT; Schema: public; Owner: autotuanlinh_user
--

ALTER TABLE ONLY public.components_home_special_promotions_sections_cmps
    ADD CONSTRAINT components_home_special_promotions_sections_entity_fk FOREIGN KEY (entity_id) REFERENCES public.components_home_special_promotions_sections(id) ON DELETE CASCADE;


--
-- Name: components_home_stats_sections_cmps components_home_stats_sections_entity_fk; Type: FK CONSTRAINT; Schema: public; Owner: autotuanlinh_user
--

ALTER TABLE ONLY public.components_home_stats_sections_cmps
    ADD CONSTRAINT components_home_stats_sections_entity_fk FOREIGN KEY (entity_id) REFERENCES public.components_home_stats_sections(id) ON DELETE CASCADE;


--
-- Name: components_home_testimonials_sections_cmps components_home_testimonials_sections_entity_fk; Type: FK CONSTRAINT; Schema: public; Owner: autotuanlinh_user
--

ALTER TABLE ONLY public.components_home_testimonials_sections_cmps
    ADD CONSTRAINT components_home_testimonials_sections_entity_fk FOREIGN KEY (entity_id) REFERENCES public.components_home_testimonials_sections(id) ON DELETE CASCADE;


--
-- Name: components_home_why_choose_uss_cmps components_home_why_choose_uss_entity_fk; Type: FK CONSTRAINT; Schema: public; Owner: autotuanlinh_user
--

ALTER TABLE ONLY public.components_home_why_choose_uss_cmps
    ADD CONSTRAINT components_home_why_choose_uss_entity_fk FOREIGN KEY (entity_id) REFERENCES public.components_home_why_choose_uss(id) ON DELETE CASCADE;


--
-- Name: components_shared_footer_columns_cmps components_shared_footer_columns_entity_fk; Type: FK CONSTRAINT; Schema: public; Owner: autotuanlinh_user
--

ALTER TABLE ONLY public.components_shared_footer_columns_cmps
    ADD CONSTRAINT components_shared_footer_columns_entity_fk FOREIGN KEY (entity_id) REFERENCES public.components_shared_footer_columns(id) ON DELETE CASCADE;


--
-- Name: components_shared_order_items_san_pham_lnk components_shared_order_items_san_pham_lnk_fk; Type: FK CONSTRAINT; Schema: public; Owner: autotuanlinh_user
--

ALTER TABLE ONLY public.components_shared_order_items_san_pham_lnk
    ADD CONSTRAINT components_shared_order_items_san_pham_lnk_fk FOREIGN KEY (order_item_id) REFERENCES public.components_shared_order_items(id) ON DELETE CASCADE;


--
-- Name: components_shared_order_items_san_pham_lnk components_shared_order_items_san_pham_lnk_ifk; Type: FK CONSTRAINT; Schema: public; Owner: autotuanlinh_user
--

ALTER TABLE ONLY public.components_shared_order_items_san_pham_lnk
    ADD CONSTRAINT components_shared_order_items_san_pham_lnk_ifk FOREIGN KEY (san_pham_id) REFERENCES public.san_phams(id) ON DELETE CASCADE;


--
-- Name: danh_muc_bai_viet_dich_vus danh_muc_bai_viet_dich_vus_created_by_id_fk; Type: FK CONSTRAINT; Schema: public; Owner: autotuanlinh_user
--

ALTER TABLE ONLY public.danh_muc_bai_viet_dich_vus
    ADD CONSTRAINT danh_muc_bai_viet_dich_vus_created_by_id_fk FOREIGN KEY (created_by_id) REFERENCES public.admin_users(id) ON DELETE SET NULL;


--
-- Name: danh_muc_bai_viet_dich_vus_cmps danh_muc_bai_viet_dich_vus_entity_fk; Type: FK CONSTRAINT; Schema: public; Owner: autotuanlinh_user
--

ALTER TABLE ONLY public.danh_muc_bai_viet_dich_vus_cmps
    ADD CONSTRAINT danh_muc_bai_viet_dich_vus_entity_fk FOREIGN KEY (entity_id) REFERENCES public.danh_muc_bai_viet_dich_vus(id) ON DELETE CASCADE;


--
-- Name: danh_muc_bai_viet_dich_vus danh_muc_bai_viet_dich_vus_updated_by_id_fk; Type: FK CONSTRAINT; Schema: public; Owner: autotuanlinh_user
--

ALTER TABLE ONLY public.danh_muc_bai_viet_dich_vus
    ADD CONSTRAINT danh_muc_bai_viet_dich_vus_updated_by_id_fk FOREIGN KEY (updated_by_id) REFERENCES public.admin_users(id) ON DELETE SET NULL;


--
-- Name: danh_muc_bai_viets danh_muc_bai_viets_created_by_id_fk; Type: FK CONSTRAINT; Schema: public; Owner: autotuanlinh_user
--

ALTER TABLE ONLY public.danh_muc_bai_viets
    ADD CONSTRAINT danh_muc_bai_viets_created_by_id_fk FOREIGN KEY (created_by_id) REFERENCES public.admin_users(id) ON DELETE SET NULL;


--
-- Name: danh_muc_bai_viets_cmps danh_muc_bai_viets_entity_fk; Type: FK CONSTRAINT; Schema: public; Owner: autotuanlinh_user
--

ALTER TABLE ONLY public.danh_muc_bai_viets_cmps
    ADD CONSTRAINT danh_muc_bai_viets_entity_fk FOREIGN KEY (entity_id) REFERENCES public.danh_muc_bai_viets(id) ON DELETE CASCADE;


--
-- Name: danh_muc_bai_viets danh_muc_bai_viets_updated_by_id_fk; Type: FK CONSTRAINT; Schema: public; Owner: autotuanlinh_user
--

ALTER TABLE ONLY public.danh_muc_bai_viets
    ADD CONSTRAINT danh_muc_bai_viets_updated_by_id_fk FOREIGN KEY (updated_by_id) REFERENCES public.admin_users(id) ON DELETE SET NULL;


--
-- Name: danh_muc_san_phams danh_muc_san_phams_created_by_id_fk; Type: FK CONSTRAINT; Schema: public; Owner: autotuanlinh_user
--

ALTER TABLE ONLY public.danh_muc_san_phams
    ADD CONSTRAINT danh_muc_san_phams_created_by_id_fk FOREIGN KEY (created_by_id) REFERENCES public.admin_users(id) ON DELETE SET NULL;


--
-- Name: danh_muc_san_phams_cmps danh_muc_san_phams_entity_fk; Type: FK CONSTRAINT; Schema: public; Owner: autotuanlinh_user
--

ALTER TABLE ONLY public.danh_muc_san_phams_cmps
    ADD CONSTRAINT danh_muc_san_phams_entity_fk FOREIGN KEY (entity_id) REFERENCES public.danh_muc_san_phams(id) ON DELETE CASCADE;


--
-- Name: danh_muc_san_phams danh_muc_san_phams_updated_by_id_fk; Type: FK CONSTRAINT; Schema: public; Owner: autotuanlinh_user
--

ALTER TABLE ONLY public.danh_muc_san_phams
    ADD CONSTRAINT danh_muc_san_phams_updated_by_id_fk FOREIGN KEY (updated_by_id) REFERENCES public.admin_users(id) ON DELETE SET NULL;


--
-- Name: don_hangs don_hangs_created_by_id_fk; Type: FK CONSTRAINT; Schema: public; Owner: autotuanlinh_user
--

ALTER TABLE ONLY public.don_hangs
    ADD CONSTRAINT don_hangs_created_by_id_fk FOREIGN KEY (created_by_id) REFERENCES public.admin_users(id) ON DELETE SET NULL;


--
-- Name: don_hangs_cmps don_hangs_entity_fk; Type: FK CONSTRAINT; Schema: public; Owner: autotuanlinh_user
--

ALTER TABLE ONLY public.don_hangs_cmps
    ADD CONSTRAINT don_hangs_entity_fk FOREIGN KEY (entity_id) REFERENCES public.don_hangs(id) ON DELETE CASCADE;


--
-- Name: don_hangs don_hangs_updated_by_id_fk; Type: FK CONSTRAINT; Schema: public; Owner: autotuanlinh_user
--

ALTER TABLE ONLY public.don_hangs
    ADD CONSTRAINT don_hangs_updated_by_id_fk FOREIGN KEY (updated_by_id) REFERENCES public.admin_users(id) ON DELETE SET NULL;


--
-- Name: files files_created_by_id_fk; Type: FK CONSTRAINT; Schema: public; Owner: autotuanlinh_user
--

ALTER TABLE ONLY public.files
    ADD CONSTRAINT files_created_by_id_fk FOREIGN KEY (created_by_id) REFERENCES public.admin_users(id) ON DELETE SET NULL;


--
-- Name: files_folder_lnk files_folder_lnk_fk; Type: FK CONSTRAINT; Schema: public; Owner: autotuanlinh_user
--

ALTER TABLE ONLY public.files_folder_lnk
    ADD CONSTRAINT files_folder_lnk_fk FOREIGN KEY (file_id) REFERENCES public.files(id) ON DELETE CASCADE;


--
-- Name: files_folder_lnk files_folder_lnk_ifk; Type: FK CONSTRAINT; Schema: public; Owner: autotuanlinh_user
--

ALTER TABLE ONLY public.files_folder_lnk
    ADD CONSTRAINT files_folder_lnk_ifk FOREIGN KEY (folder_id) REFERENCES public.upload_folders(id) ON DELETE CASCADE;


--
-- Name: files_related_mph files_related_mph_fk; Type: FK CONSTRAINT; Schema: public; Owner: autotuanlinh_user
--

ALTER TABLE ONLY public.files_related_mph
    ADD CONSTRAINT files_related_mph_fk FOREIGN KEY (file_id) REFERENCES public.files(id) ON DELETE CASCADE;


--
-- Name: files files_updated_by_id_fk; Type: FK CONSTRAINT; Schema: public; Owner: autotuanlinh_user
--

ALTER TABLE ONLY public.files
    ADD CONSTRAINT files_updated_by_id_fk FOREIGN KEY (updated_by_id) REFERENCES public.admin_users(id) ON DELETE SET NULL;


--
-- Name: footer_contacts footer_contacts_created_by_id_fk; Type: FK CONSTRAINT; Schema: public; Owner: autotuanlinh_user
--

ALTER TABLE ONLY public.footer_contacts
    ADD CONSTRAINT footer_contacts_created_by_id_fk FOREIGN KEY (created_by_id) REFERENCES public.admin_users(id) ON DELETE SET NULL;


--
-- Name: footer_contacts_cmps footer_contacts_entity_fk; Type: FK CONSTRAINT; Schema: public; Owner: autotuanlinh_user
--

ALTER TABLE ONLY public.footer_contacts_cmps
    ADD CONSTRAINT footer_contacts_entity_fk FOREIGN KEY (entity_id) REFERENCES public.footer_contacts(id) ON DELETE CASCADE;


--
-- Name: footer_contacts footer_contacts_updated_by_id_fk; Type: FK CONSTRAINT; Schema: public; Owner: autotuanlinh_user
--

ALTER TABLE ONLY public.footer_contacts
    ADD CONSTRAINT footer_contacts_updated_by_id_fk FOREIGN KEY (updated_by_id) REFERENCES public.admin_users(id) ON DELETE SET NULL;


--
-- Name: footers footers_created_by_id_fk; Type: FK CONSTRAINT; Schema: public; Owner: autotuanlinh_user
--

ALTER TABLE ONLY public.footers
    ADD CONSTRAINT footers_created_by_id_fk FOREIGN KEY (created_by_id) REFERENCES public.admin_users(id) ON DELETE SET NULL;


--
-- Name: footers_cmps footers_entity_fk; Type: FK CONSTRAINT; Schema: public; Owner: autotuanlinh_user
--

ALTER TABLE ONLY public.footers_cmps
    ADD CONSTRAINT footers_entity_fk FOREIGN KEY (entity_id) REFERENCES public.footers(id) ON DELETE CASCADE;


--
-- Name: footers footers_updated_by_id_fk; Type: FK CONSTRAINT; Schema: public; Owner: autotuanlinh_user
--

ALTER TABLE ONLY public.footers
    ADD CONSTRAINT footers_updated_by_id_fk FOREIGN KEY (updated_by_id) REFERENCES public.admin_users(id) ON DELETE SET NULL;


--
-- Name: homes homes_created_by_id_fk; Type: FK CONSTRAINT; Schema: public; Owner: autotuanlinh_user
--

ALTER TABLE ONLY public.homes
    ADD CONSTRAINT homes_created_by_id_fk FOREIGN KEY (created_by_id) REFERENCES public.admin_users(id) ON DELETE SET NULL;


--
-- Name: homes_cmps homes_entity_fk; Type: FK CONSTRAINT; Schema: public; Owner: autotuanlinh_user
--

ALTER TABLE ONLY public.homes_cmps
    ADD CONSTRAINT homes_entity_fk FOREIGN KEY (entity_id) REFERENCES public.homes(id) ON DELETE CASCADE;


--
-- Name: homes homes_updated_by_id_fk; Type: FK CONSTRAINT; Schema: public; Owner: autotuanlinh_user
--

ALTER TABLE ONLY public.homes
    ADD CONSTRAINT homes_updated_by_id_fk FOREIGN KEY (updated_by_id) REFERENCES public.admin_users(id) ON DELETE SET NULL;


--
-- Name: i18n_locale i18n_locale_created_by_id_fk; Type: FK CONSTRAINT; Schema: public; Owner: autotuanlinh_user
--

ALTER TABLE ONLY public.i18n_locale
    ADD CONSTRAINT i18n_locale_created_by_id_fk FOREIGN KEY (created_by_id) REFERENCES public.admin_users(id) ON DELETE SET NULL;


--
-- Name: i18n_locale i18n_locale_updated_by_id_fk; Type: FK CONSTRAINT; Schema: public; Owner: autotuanlinh_user
--

ALTER TABLE ONLY public.i18n_locale
    ADD CONSTRAINT i18n_locale_updated_by_id_fk FOREIGN KEY (updated_by_id) REFERENCES public.admin_users(id) ON DELETE SET NULL;


--
-- Name: newsletter_subscriptions newsletter_subscriptions_created_by_id_fk; Type: FK CONSTRAINT; Schema: public; Owner: autotuanlinh_user
--

ALTER TABLE ONLY public.newsletter_subscriptions
    ADD CONSTRAINT newsletter_subscriptions_created_by_id_fk FOREIGN KEY (created_by_id) REFERENCES public.admin_users(id) ON DELETE SET NULL;


--
-- Name: newsletter_subscriptions newsletter_subscriptions_updated_by_id_fk; Type: FK CONSTRAINT; Schema: public; Owner: autotuanlinh_user
--

ALTER TABLE ONLY public.newsletter_subscriptions
    ADD CONSTRAINT newsletter_subscriptions_updated_by_id_fk FOREIGN KEY (updated_by_id) REFERENCES public.admin_users(id) ON DELETE SET NULL;


--
-- Name: san_phams san_phams_created_by_id_fk; Type: FK CONSTRAINT; Schema: public; Owner: autotuanlinh_user
--

ALTER TABLE ONLY public.san_phams
    ADD CONSTRAINT san_phams_created_by_id_fk FOREIGN KEY (created_by_id) REFERENCES public.admin_users(id) ON DELETE SET NULL;


--
-- Name: san_phams_cmps san_phams_entity_fk; Type: FK CONSTRAINT; Schema: public; Owner: autotuanlinh_user
--

ALTER TABLE ONLY public.san_phams_cmps
    ADD CONSTRAINT san_phams_entity_fk FOREIGN KEY (entity_id) REFERENCES public.san_phams(id) ON DELETE CASCADE;


--
-- Name: san_phams san_phams_updated_by_id_fk; Type: FK CONSTRAINT; Schema: public; Owner: autotuanlinh_user
--

ALTER TABLE ONLY public.san_phams
    ADD CONSTRAINT san_phams_updated_by_id_fk FOREIGN KEY (updated_by_id) REFERENCES public.admin_users(id) ON DELETE SET NULL;


--
-- Name: strapi_api_token_permissions strapi_api_token_permissions_created_by_id_fk; Type: FK CONSTRAINT; Schema: public; Owner: autotuanlinh_user
--

ALTER TABLE ONLY public.strapi_api_token_permissions
    ADD CONSTRAINT strapi_api_token_permissions_created_by_id_fk FOREIGN KEY (created_by_id) REFERENCES public.admin_users(id) ON DELETE SET NULL;


--
-- Name: strapi_api_token_permissions_token_lnk strapi_api_token_permissions_token_lnk_fk; Type: FK CONSTRAINT; Schema: public; Owner: autotuanlinh_user
--

ALTER TABLE ONLY public.strapi_api_token_permissions_token_lnk
    ADD CONSTRAINT strapi_api_token_permissions_token_lnk_fk FOREIGN KEY (api_token_permission_id) REFERENCES public.strapi_api_token_permissions(id) ON DELETE CASCADE;


--
-- Name: strapi_api_token_permissions_token_lnk strapi_api_token_permissions_token_lnk_ifk; Type: FK CONSTRAINT; Schema: public; Owner: autotuanlinh_user
--

ALTER TABLE ONLY public.strapi_api_token_permissions_token_lnk
    ADD CONSTRAINT strapi_api_token_permissions_token_lnk_ifk FOREIGN KEY (api_token_id) REFERENCES public.strapi_api_tokens(id) ON DELETE CASCADE;


--
-- Name: strapi_api_token_permissions strapi_api_token_permissions_updated_by_id_fk; Type: FK CONSTRAINT; Schema: public; Owner: autotuanlinh_user
--

ALTER TABLE ONLY public.strapi_api_token_permissions
    ADD CONSTRAINT strapi_api_token_permissions_updated_by_id_fk FOREIGN KEY (updated_by_id) REFERENCES public.admin_users(id) ON DELETE SET NULL;


--
-- Name: strapi_api_tokens strapi_api_tokens_created_by_id_fk; Type: FK CONSTRAINT; Schema: public; Owner: autotuanlinh_user
--

ALTER TABLE ONLY public.strapi_api_tokens
    ADD CONSTRAINT strapi_api_tokens_created_by_id_fk FOREIGN KEY (created_by_id) REFERENCES public.admin_users(id) ON DELETE SET NULL;


--
-- Name: strapi_api_tokens strapi_api_tokens_updated_by_id_fk; Type: FK CONSTRAINT; Schema: public; Owner: autotuanlinh_user
--

ALTER TABLE ONLY public.strapi_api_tokens
    ADD CONSTRAINT strapi_api_tokens_updated_by_id_fk FOREIGN KEY (updated_by_id) REFERENCES public.admin_users(id) ON DELETE SET NULL;


--
-- Name: strapi_history_versions strapi_history_versions_created_by_id_fk; Type: FK CONSTRAINT; Schema: public; Owner: autotuanlinh_user
--

ALTER TABLE ONLY public.strapi_history_versions
    ADD CONSTRAINT strapi_history_versions_created_by_id_fk FOREIGN KEY (created_by_id) REFERENCES public.admin_users(id) ON DELETE SET NULL;


--
-- Name: strapi_release_actions strapi_release_actions_created_by_id_fk; Type: FK CONSTRAINT; Schema: public; Owner: autotuanlinh_user
--

ALTER TABLE ONLY public.strapi_release_actions
    ADD CONSTRAINT strapi_release_actions_created_by_id_fk FOREIGN KEY (created_by_id) REFERENCES public.admin_users(id) ON DELETE SET NULL;


--
-- Name: strapi_release_actions_release_lnk strapi_release_actions_release_lnk_fk; Type: FK CONSTRAINT; Schema: public; Owner: autotuanlinh_user
--

ALTER TABLE ONLY public.strapi_release_actions_release_lnk
    ADD CONSTRAINT strapi_release_actions_release_lnk_fk FOREIGN KEY (release_action_id) REFERENCES public.strapi_release_actions(id) ON DELETE CASCADE;


--
-- Name: strapi_release_actions_release_lnk strapi_release_actions_release_lnk_ifk; Type: FK CONSTRAINT; Schema: public; Owner: autotuanlinh_user
--

ALTER TABLE ONLY public.strapi_release_actions_release_lnk
    ADD CONSTRAINT strapi_release_actions_release_lnk_ifk FOREIGN KEY (release_id) REFERENCES public.strapi_releases(id) ON DELETE CASCADE;


--
-- Name: strapi_release_actions strapi_release_actions_updated_by_id_fk; Type: FK CONSTRAINT; Schema: public; Owner: autotuanlinh_user
--

ALTER TABLE ONLY public.strapi_release_actions
    ADD CONSTRAINT strapi_release_actions_updated_by_id_fk FOREIGN KEY (updated_by_id) REFERENCES public.admin_users(id) ON DELETE SET NULL;


--
-- Name: strapi_releases strapi_releases_created_by_id_fk; Type: FK CONSTRAINT; Schema: public; Owner: autotuanlinh_user
--

ALTER TABLE ONLY public.strapi_releases
    ADD CONSTRAINT strapi_releases_created_by_id_fk FOREIGN KEY (created_by_id) REFERENCES public.admin_users(id) ON DELETE SET NULL;


--
-- Name: strapi_releases strapi_releases_updated_by_id_fk; Type: FK CONSTRAINT; Schema: public; Owner: autotuanlinh_user
--

ALTER TABLE ONLY public.strapi_releases
    ADD CONSTRAINT strapi_releases_updated_by_id_fk FOREIGN KEY (updated_by_id) REFERENCES public.admin_users(id) ON DELETE SET NULL;


--
-- Name: strapi_sessions strapi_sessions_created_by_id_fk; Type: FK CONSTRAINT; Schema: public; Owner: autotuanlinh_user
--

ALTER TABLE ONLY public.strapi_sessions
    ADD CONSTRAINT strapi_sessions_created_by_id_fk FOREIGN KEY (created_by_id) REFERENCES public.admin_users(id) ON DELETE SET NULL;


--
-- Name: strapi_sessions strapi_sessions_updated_by_id_fk; Type: FK CONSTRAINT; Schema: public; Owner: autotuanlinh_user
--

ALTER TABLE ONLY public.strapi_sessions
    ADD CONSTRAINT strapi_sessions_updated_by_id_fk FOREIGN KEY (updated_by_id) REFERENCES public.admin_users(id) ON DELETE SET NULL;


--
-- Name: strapi_transfer_token_permissions strapi_transfer_token_permissions_created_by_id_fk; Type: FK CONSTRAINT; Schema: public; Owner: autotuanlinh_user
--

ALTER TABLE ONLY public.strapi_transfer_token_permissions
    ADD CONSTRAINT strapi_transfer_token_permissions_created_by_id_fk FOREIGN KEY (created_by_id) REFERENCES public.admin_users(id) ON DELETE SET NULL;


--
-- Name: strapi_transfer_token_permissions_token_lnk strapi_transfer_token_permissions_token_lnk_fk; Type: FK CONSTRAINT; Schema: public; Owner: autotuanlinh_user
--

ALTER TABLE ONLY public.strapi_transfer_token_permissions_token_lnk
    ADD CONSTRAINT strapi_transfer_token_permissions_token_lnk_fk FOREIGN KEY (transfer_token_permission_id) REFERENCES public.strapi_transfer_token_permissions(id) ON DELETE CASCADE;


--
-- Name: strapi_transfer_token_permissions_token_lnk strapi_transfer_token_permissions_token_lnk_ifk; Type: FK CONSTRAINT; Schema: public; Owner: autotuanlinh_user
--

ALTER TABLE ONLY public.strapi_transfer_token_permissions_token_lnk
    ADD CONSTRAINT strapi_transfer_token_permissions_token_lnk_ifk FOREIGN KEY (transfer_token_id) REFERENCES public.strapi_transfer_tokens(id) ON DELETE CASCADE;


--
-- Name: strapi_transfer_token_permissions strapi_transfer_token_permissions_updated_by_id_fk; Type: FK CONSTRAINT; Schema: public; Owner: autotuanlinh_user
--

ALTER TABLE ONLY public.strapi_transfer_token_permissions
    ADD CONSTRAINT strapi_transfer_token_permissions_updated_by_id_fk FOREIGN KEY (updated_by_id) REFERENCES public.admin_users(id) ON DELETE SET NULL;


--
-- Name: strapi_transfer_tokens strapi_transfer_tokens_created_by_id_fk; Type: FK CONSTRAINT; Schema: public; Owner: autotuanlinh_user
--

ALTER TABLE ONLY public.strapi_transfer_tokens
    ADD CONSTRAINT strapi_transfer_tokens_created_by_id_fk FOREIGN KEY (created_by_id) REFERENCES public.admin_users(id) ON DELETE SET NULL;


--
-- Name: strapi_transfer_tokens strapi_transfer_tokens_updated_by_id_fk; Type: FK CONSTRAINT; Schema: public; Owner: autotuanlinh_user
--

ALTER TABLE ONLY public.strapi_transfer_tokens
    ADD CONSTRAINT strapi_transfer_tokens_updated_by_id_fk FOREIGN KEY (updated_by_id) REFERENCES public.admin_users(id) ON DELETE SET NULL;


--
-- Name: strapi_workflows strapi_workflows_created_by_id_fk; Type: FK CONSTRAINT; Schema: public; Owner: autotuanlinh_user
--

ALTER TABLE ONLY public.strapi_workflows
    ADD CONSTRAINT strapi_workflows_created_by_id_fk FOREIGN KEY (created_by_id) REFERENCES public.admin_users(id) ON DELETE SET NULL;


--
-- Name: strapi_workflows_stage_required_to_publish_lnk strapi_workflows_stage_required_to_publish_lnk_fk; Type: FK CONSTRAINT; Schema: public; Owner: autotuanlinh_user
--

ALTER TABLE ONLY public.strapi_workflows_stage_required_to_publish_lnk
    ADD CONSTRAINT strapi_workflows_stage_required_to_publish_lnk_fk FOREIGN KEY (workflow_id) REFERENCES public.strapi_workflows(id) ON DELETE CASCADE;


--
-- Name: strapi_workflows_stage_required_to_publish_lnk strapi_workflows_stage_required_to_publish_lnk_ifk; Type: FK CONSTRAINT; Schema: public; Owner: autotuanlinh_user
--

ALTER TABLE ONLY public.strapi_workflows_stage_required_to_publish_lnk
    ADD CONSTRAINT strapi_workflows_stage_required_to_publish_lnk_ifk FOREIGN KEY (workflow_stage_id) REFERENCES public.strapi_workflows_stages(id) ON DELETE CASCADE;


--
-- Name: strapi_workflows_stages strapi_workflows_stages_created_by_id_fk; Type: FK CONSTRAINT; Schema: public; Owner: autotuanlinh_user
--

ALTER TABLE ONLY public.strapi_workflows_stages
    ADD CONSTRAINT strapi_workflows_stages_created_by_id_fk FOREIGN KEY (created_by_id) REFERENCES public.admin_users(id) ON DELETE SET NULL;


--
-- Name: strapi_workflows_stages_permissions_lnk strapi_workflows_stages_permissions_lnk_fk; Type: FK CONSTRAINT; Schema: public; Owner: autotuanlinh_user
--

ALTER TABLE ONLY public.strapi_workflows_stages_permissions_lnk
    ADD CONSTRAINT strapi_workflows_stages_permissions_lnk_fk FOREIGN KEY (workflow_stage_id) REFERENCES public.strapi_workflows_stages(id) ON DELETE CASCADE;


--
-- Name: strapi_workflows_stages_permissions_lnk strapi_workflows_stages_permissions_lnk_ifk; Type: FK CONSTRAINT; Schema: public; Owner: autotuanlinh_user
--

ALTER TABLE ONLY public.strapi_workflows_stages_permissions_lnk
    ADD CONSTRAINT strapi_workflows_stages_permissions_lnk_ifk FOREIGN KEY (permission_id) REFERENCES public.admin_permissions(id) ON DELETE CASCADE;


--
-- Name: strapi_workflows_stages strapi_workflows_stages_updated_by_id_fk; Type: FK CONSTRAINT; Schema: public; Owner: autotuanlinh_user
--

ALTER TABLE ONLY public.strapi_workflows_stages
    ADD CONSTRAINT strapi_workflows_stages_updated_by_id_fk FOREIGN KEY (updated_by_id) REFERENCES public.admin_users(id) ON DELETE SET NULL;


--
-- Name: strapi_workflows_stages_workflow_lnk strapi_workflows_stages_workflow_lnk_fk; Type: FK CONSTRAINT; Schema: public; Owner: autotuanlinh_user
--

ALTER TABLE ONLY public.strapi_workflows_stages_workflow_lnk
    ADD CONSTRAINT strapi_workflows_stages_workflow_lnk_fk FOREIGN KEY (workflow_stage_id) REFERENCES public.strapi_workflows_stages(id) ON DELETE CASCADE;


--
-- Name: strapi_workflows_stages_workflow_lnk strapi_workflows_stages_workflow_lnk_ifk; Type: FK CONSTRAINT; Schema: public; Owner: autotuanlinh_user
--

ALTER TABLE ONLY public.strapi_workflows_stages_workflow_lnk
    ADD CONSTRAINT strapi_workflows_stages_workflow_lnk_ifk FOREIGN KEY (workflow_id) REFERENCES public.strapi_workflows(id) ON DELETE CASCADE;


--
-- Name: strapi_workflows strapi_workflows_updated_by_id_fk; Type: FK CONSTRAINT; Schema: public; Owner: autotuanlinh_user
--

ALTER TABLE ONLY public.strapi_workflows
    ADD CONSTRAINT strapi_workflows_updated_by_id_fk FOREIGN KEY (updated_by_id) REFERENCES public.admin_users(id) ON DELETE SET NULL;


--
-- Name: topic_blogs topic_blogs_created_by_id_fk; Type: FK CONSTRAINT; Schema: public; Owner: autotuanlinh_user
--

ALTER TABLE ONLY public.topic_blogs
    ADD CONSTRAINT topic_blogs_created_by_id_fk FOREIGN KEY (created_by_id) REFERENCES public.admin_users(id) ON DELETE SET NULL;


--
-- Name: topic_blogs topic_blogs_updated_by_id_fk; Type: FK CONSTRAINT; Schema: public; Owner: autotuanlinh_user
--

ALTER TABLE ONLY public.topic_blogs
    ADD CONSTRAINT topic_blogs_updated_by_id_fk FOREIGN KEY (updated_by_id) REFERENCES public.admin_users(id) ON DELETE SET NULL;


--
-- Name: up_permissions up_permissions_created_by_id_fk; Type: FK CONSTRAINT; Schema: public; Owner: autotuanlinh_user
--

ALTER TABLE ONLY public.up_permissions
    ADD CONSTRAINT up_permissions_created_by_id_fk FOREIGN KEY (created_by_id) REFERENCES public.admin_users(id) ON DELETE SET NULL;


--
-- Name: up_permissions_role_lnk up_permissions_role_lnk_fk; Type: FK CONSTRAINT; Schema: public; Owner: autotuanlinh_user
--

ALTER TABLE ONLY public.up_permissions_role_lnk
    ADD CONSTRAINT up_permissions_role_lnk_fk FOREIGN KEY (permission_id) REFERENCES public.up_permissions(id) ON DELETE CASCADE;


--
-- Name: up_permissions_role_lnk up_permissions_role_lnk_ifk; Type: FK CONSTRAINT; Schema: public; Owner: autotuanlinh_user
--

ALTER TABLE ONLY public.up_permissions_role_lnk
    ADD CONSTRAINT up_permissions_role_lnk_ifk FOREIGN KEY (role_id) REFERENCES public.up_roles(id) ON DELETE CASCADE;


--
-- Name: up_permissions up_permissions_updated_by_id_fk; Type: FK CONSTRAINT; Schema: public; Owner: autotuanlinh_user
--

ALTER TABLE ONLY public.up_permissions
    ADD CONSTRAINT up_permissions_updated_by_id_fk FOREIGN KEY (updated_by_id) REFERENCES public.admin_users(id) ON DELETE SET NULL;


--
-- Name: up_roles up_roles_created_by_id_fk; Type: FK CONSTRAINT; Schema: public; Owner: autotuanlinh_user
--

ALTER TABLE ONLY public.up_roles
    ADD CONSTRAINT up_roles_created_by_id_fk FOREIGN KEY (created_by_id) REFERENCES public.admin_users(id) ON DELETE SET NULL;


--
-- Name: up_roles up_roles_updated_by_id_fk; Type: FK CONSTRAINT; Schema: public; Owner: autotuanlinh_user
--

ALTER TABLE ONLY public.up_roles
    ADD CONSTRAINT up_roles_updated_by_id_fk FOREIGN KEY (updated_by_id) REFERENCES public.admin_users(id) ON DELETE SET NULL;


--
-- Name: up_users up_users_created_by_id_fk; Type: FK CONSTRAINT; Schema: public; Owner: autotuanlinh_user
--

ALTER TABLE ONLY public.up_users
    ADD CONSTRAINT up_users_created_by_id_fk FOREIGN KEY (created_by_id) REFERENCES public.admin_users(id) ON DELETE SET NULL;


--
-- Name: up_users_role_lnk up_users_role_lnk_fk; Type: FK CONSTRAINT; Schema: public; Owner: autotuanlinh_user
--

ALTER TABLE ONLY public.up_users_role_lnk
    ADD CONSTRAINT up_users_role_lnk_fk FOREIGN KEY (user_id) REFERENCES public.up_users(id) ON DELETE CASCADE;


--
-- Name: up_users_role_lnk up_users_role_lnk_ifk; Type: FK CONSTRAINT; Schema: public; Owner: autotuanlinh_user
--

ALTER TABLE ONLY public.up_users_role_lnk
    ADD CONSTRAINT up_users_role_lnk_ifk FOREIGN KEY (role_id) REFERENCES public.up_roles(id) ON DELETE CASCADE;


--
-- Name: up_users up_users_updated_by_id_fk; Type: FK CONSTRAINT; Schema: public; Owner: autotuanlinh_user
--

ALTER TABLE ONLY public.up_users
    ADD CONSTRAINT up_users_updated_by_id_fk FOREIGN KEY (updated_by_id) REFERENCES public.admin_users(id) ON DELETE SET NULL;


--
-- Name: upload_folders upload_folders_created_by_id_fk; Type: FK CONSTRAINT; Schema: public; Owner: autotuanlinh_user
--

ALTER TABLE ONLY public.upload_folders
    ADD CONSTRAINT upload_folders_created_by_id_fk FOREIGN KEY (created_by_id) REFERENCES public.admin_users(id) ON DELETE SET NULL;


--
-- Name: upload_folders_parent_lnk upload_folders_parent_lnk_fk; Type: FK CONSTRAINT; Schema: public; Owner: autotuanlinh_user
--

ALTER TABLE ONLY public.upload_folders_parent_lnk
    ADD CONSTRAINT upload_folders_parent_lnk_fk FOREIGN KEY (folder_id) REFERENCES public.upload_folders(id) ON DELETE CASCADE;


--
-- Name: upload_folders_parent_lnk upload_folders_parent_lnk_ifk; Type: FK CONSTRAINT; Schema: public; Owner: autotuanlinh_user
--

ALTER TABLE ONLY public.upload_folders_parent_lnk
    ADD CONSTRAINT upload_folders_parent_lnk_ifk FOREIGN KEY (inv_folder_id) REFERENCES public.upload_folders(id) ON DELETE CASCADE;


--
-- Name: upload_folders upload_folders_updated_by_id_fk; Type: FK CONSTRAINT; Schema: public; Owner: autotuanlinh_user
--

ALTER TABLE ONLY public.upload_folders
    ADD CONSTRAINT upload_folders_updated_by_id_fk FOREIGN KEY (updated_by_id) REFERENCES public.admin_users(id) ON DELETE SET NULL;


--
-- Name: ve_chung_tois ve_chung_tois_created_by_id_fk; Type: FK CONSTRAINT; Schema: public; Owner: autotuanlinh_user
--

ALTER TABLE ONLY public.ve_chung_tois
    ADD CONSTRAINT ve_chung_tois_created_by_id_fk FOREIGN KEY (created_by_id) REFERENCES public.admin_users(id) ON DELETE SET NULL;


--
-- Name: ve_chung_tois_cmps ve_chung_tois_entity_fk; Type: FK CONSTRAINT; Schema: public; Owner: autotuanlinh_user
--

ALTER TABLE ONLY public.ve_chung_tois_cmps
    ADD CONSTRAINT ve_chung_tois_entity_fk FOREIGN KEY (entity_id) REFERENCES public.ve_chung_tois(id) ON DELETE CASCADE;


--
-- Name: ve_chung_tois ve_chung_tois_updated_by_id_fk; Type: FK CONSTRAINT; Schema: public; Owner: autotuanlinh_user
--

ALTER TABLE ONLY public.ve_chung_tois
    ADD CONSTRAINT ve_chung_tois_updated_by_id_fk FOREIGN KEY (updated_by_id) REFERENCES public.admin_users(id) ON DELETE SET NULL;


--
-- Name: SCHEMA public; Type: ACL; Schema: -; Owner: rowan
--

GRANT ALL ON SCHEMA public TO autotuanlinh_user;


--
-- Name: DEFAULT PRIVILEGES FOR TABLES; Type: DEFAULT ACL; Schema: public; Owner: rowan
--

ALTER DEFAULT PRIVILEGES FOR ROLE rowan IN SCHEMA public GRANT ALL ON TABLES  TO autotuanlinh_user;


--
-- PostgreSQL database dump complete
--

\unrestrict edNnZqm7AeTpaeMoJozAch2VENIDog5EjJnWWNBFPYcRLsMhRRAsjwmYS6ClMWF

